experiment,window,grid_limit_kw,seed,scenario_mode,execution_rule,forecast_lead_hours,population,sample_count,mae_kw,bias_forecast_minus_actual_kw,rmse_kw,p10_p90_coverage,ensemble_range_coverage,below_ensemble_min_fraction,mean_p10_p90_width_kw,p10_p90_strict_coverage,ensemble_range_strict_coverage,above_ensemble_max_fraction,below_p10_fraction,above_p90_fraction,equal_ensemble_min_fraction,equal_ensemble_max_fraction,equal_p10_fraction,equal_p90_fraction,mean_scenario_member_count,mean_scenario_unique_member_count,mean_observation_tied_member_count,mean_observation_rank_lower,mean_observation_rank_upper,mean_observation_rank_midpoint,mean_observation_pit_lower,mean_observation_pit_upper,mean_observation_pit_midpoint,ideal_below_ensemble_min_fraction,ideal_p10_p90_coverage,ideal_ensemble_range_coverage,tie_tolerance_kw,observation_tie_fraction,any_member_ties_fraction,mean_rank_interval_width,mean_pit_interval_width
sampled_28d,winter,2.5,42,sampled,planned,0,all_hours,168,0.1621970455662734,0.1491839350486288,0.3336207135666682,0.8869047619047619,0.9702380952380952,0.023809523809523808,0.3540155319940476,0.20238095238095238,0.2619047619047619,0.005952380952380952,0.08928571428571429,0.023809523809523808,0.7083333333333334,0.625,0.6845238095238095,0.625,12.0,3.9226190476190474,7.714285714285714,2.4642857142857144,10.178571428571429,6.321428571428571,0.11263736263736264,0.7829670329670331,0.44780219780219777,0.07692307692307689,0.6923076923076924,0.846153846153846,1e-09,0.7083333333333334,0.9940476190476191,7.714285714285714,0.6703296703296703
sampled_28d,winter,2.5,42,sampled,planned,0,daylight_proxy,84,0.3243940911325468,0.29836787009725774,0.4718109378145718,0.7738095238095238,0.9404761904761905,0.047619047619047616,0.7080310639880952,0.40476190476190477,0.5238095238095238,0.011904761904761904,0.17857142857142858,0.047619047619047616,0.4166666666666667,0.25,0.36904761904761907,0.25,12.0,6.845238095238095,3.4285714285714284,3.9285714285714284,7.357142857142857,5.642857142857143,0.22527472527472528,0.565934065934066,0.39560439560439553,0.07692307692307687,0.6923076923076925,0.8461538461538457,1e-09,0.4166666666666667,0.9880952380952381,3.4285714285714284,0.34065934065934067
sampled_28d,winter,2.5,42,sampled,planned,1,all_hours,168,0.1621970455662734,0.1491839350486288,0.33362071356666817,0.9047619047619048,0.9523809523809523,0.03571428571428571,0.3582066127232143,0.22023809523809523,0.25,0.011904761904761904,0.07738095238095238,0.017857142857142856,0.7023809523809523,0.625,0.6845238095238095,0.625,12.0,3.9642857142857144,7.666666666666667,2.4523809523809526,10.119047619047619,6.285714285714286,0.1117216117216117,0.7783882783882784,0.4450549450549451,0.07692307692307689,0.6923076923076924,0.846153846153846,1e-09,0.7023809523809523,0.9880952380952381,7.666666666666667,0.6666666666666666
sampled_28d,winter,2.5,42,sampled,planned,1,daylight_proxy,84,0.3243940911325468,0.29836787009725774,0.4718109378145718,0.8095238095238095,0.9047619047619048,0.07142857142857142,0.7164132254464286,0.44047619047619047,0.5,0.023809523809523808,0.15476190476190477,0.03571428571428571,0.40476190476190477,0.25,0.36904761904761907,0.25,12.0,6.928571428571429,3.3333333333333335,3.9047619047619047,7.238095238095238,5.571428571428571,0.2234432234432234,0.5567765567765568,0.39010989010989006,0.07692307692307687,0.6923076923076925,0.8461538461538457,1e-09,0.40476190476190477,0.9761904761904762,3.3333333333333335,0.3333333333333333
sampled_28d,winter,2.5,42,sampled,planned,2,all_hours,168,0.16219704556627337,0.1491839350486288,0.3336207135666682,0.9047619047619048,0.9583333333333334,0.03571428571428571,0.3674283189838435,0.23214285714285715,0.2619047619047619,0.005952380952380952,0.08333333333333333,0.011904761904761904,0.6964285714285714,0.625,0.6726190476190477,0.625,12.0,4.017857142857143,7.666666666666667,2.4345238095238093,10.101190476190476,6.267857142857143,0.11034798534798533,0.777014652014652,0.44368131868131866,0.07692307692307689,0.6923076923076924,0.846153846153846,1e-09,0.6964285714285714,0.9821428571428571,7.666666666666667,0.6666666666666666
sampled_28d,winter,2.5,42,sampled,planned,2,daylight_proxy,84,0.3243940911325468,0.29836787009725774,0.4718109378145718,0.8095238095238095,0.9166666666666666,0.07142857142857142,0.7348566379676871,0.4642857142857143,0.5238095238095238,0.011904761904761904,0.16666666666666666,0.023809523809523808,0.39285714285714285,0.25,0.34523809523809523,0.25,12.0,7.035714285714286,3.3333333333333335,3.869047619047619,7.2023809523809526,5.535714285714286,0.22069597069597066,0.5540293040293041,0.3873626373626374,0.07692307692307687,0.6923076923076925,0.8461538461538457,1e-09,0.39285714285714285,0.9642857142857143,3.3333333333333335,0.3333333333333333
sampled_28d,winter,2.5,42,sampled,planned,3,all_hours,168,0.1621970455662734,0.1491839350486288,0.3336207135666682,0.8928571428571429,0.9642857142857143,0.02976190476190476,0.3581800395939626,0.2261904761904762,0.2619047619047619,0.005952380952380952,0.09523809523809523,0.011904761904761904,0.7023809523809523,0.625,0.6666666666666666,0.625,12.0,3.9583333333333335,7.684523809523809,2.482142857142857,10.166666666666666,6.324404761904762,0.11401098901098901,0.782051282051282,0.4480311355311355,0.07692307692307689,0.6923076923076924,0.846153846153846,1e-09,0.7023809523809523,0.9821428571428571,7.684523809523809,0.668040293040293
sampled_28d,winter,2.5,42,sampled,planned,3,daylight_proxy,84,0.3243940911325468,0.29836787009725774,0.4718109378145718,0.7857142857142857,0.9285714285714286,0.05952380952380952,0.7163600791879252,0.4523809523809524,0.5238095238095238,0.011904761904761904,0.19047619047619047,0.023809523809523808,0.40476190476190477,0.25,0.3333333333333333,0.25,12.0,6.916666666666667,3.369047619047619,3.9642857142857144,7.333333333333333,5.648809523809524,0.22802197802197804,0.5641025641025641,0.3960622710622711,0.07692307692307687,0.6923076923076925,0.8461538461538457,1e-09,0.40476190476190477,0.9642857142857143,3.369047619047619,0.33608058608058605
sampled_28d,winter,2.5,42,sampled,planned,4,all_hours,168,0.1621970455662734,0.1491839350486288,0.3336207135666682,0.9107142857142857,0.9642857142857143,0.02976190476190476,0.37159822425063777,0.24404761904761904,0.25595238095238093,0.005952380952380952,0.07738095238095238,0.011904761904761904,0.7083333333333334,0.625,0.6666666666666666,0.625,12.0,3.9404761904761907,7.666666666666667,2.4345238095238093,10.101190476190476,6.267857142857143,0.11034798534798533,0.777014652014652,0.4436813186813187,0.07692307692307689,0.6923076923076924,0.846153846153846,1e-09,0.7083333333333334,0.9880952380952381,7.666666666666667,0.6666666666666666
sampled_28d,winter,2.5,42,sampled,planned,4,daylight_proxy,84,0.3243940911325468,0.29836787009725774,0.4718109378145718,0.8214285714285714,0.9285714285714286,0.05952380952380952,0.7431964485012755,0.4880952380952381,0.5119047619047619,0.011904761904761904,0.15476190476190477,0.023809523809523808,0.4166666666666667,0.25,0.3333333333333333,0.25,12.0,6.880952380952381,3.3333333333333335,3.869047619047619,7.2023809523809526,5.535714285714286,0.22069597069597066,0.5540293040293041,0.3873626373626374,0.07692307692307687,0.6923076923076925,0.8461538461538457,1e-09,0.4166666666666667,0.9761904761904762,3.3333333333333335,0.3333333333333333
sampled_28d,winter,2.5,42,sampled,planned,5,all_hours,168,0.1621970455662734,0.1491839350486288,0.3336207135666682,0.8988095238095238,0.9523809523809523,0.03571428571428571,0.38003394717261907,0.2261904761904762,0.25,0.011904761904761904,0.08928571428571429,0.011904761904761904,0.7023809523809523,0.625,0.6726190476190477,0.625,12.0,3.9761904761904763,7.7023809523809526,2.357142857142857,10.05952380952381,6.208333333333333,0.1043956043956044,0.7738095238095238,0.43910256410256415,0.07692307692307689,0.6923076923076924,0.846153846153846,1e-09,0.7023809523809523,0.9880952380952381,7.7023809523809526,0.6694139194139194
sampled_28d,winter,2.5,42,sampled,planned,5,daylight_proxy,84,0.3243940911325468,0.29836787009725774,0.4718109378145718,0.7976190476190477,0.9047619047619048,0.07142857142857142,0.7600678943452381,0.4523809523809524,0.5,0.023809523809523808,0.17857142857142858,0.023809523809523808,0.40476190476190477,0.25,0.34523809523809523,0.25,12.0,6.9523809523809526,3.4047619047619047,3.7142857142857144,7.119047619047619,5.416666666666667,0.20879120879120877,0.5476190476190477,0.3782051282051282,0.07692307692307687,0.6923076923076925,0.8461538461538457,1e-09,0.40476190476190477,0.9761904761904762,3.4047619047619047,0.3388278388278388
sampled_28d,winter,2.5,42,sampled,planned,6,all_hours,168,0.16219704556627337,0.1491839350486288,0.3336207135666682,0.8988095238095238,0.9642857142857143,0.02976190476190476,0.3566657864317602,0.22023809523809523,0.25595238095238093,0.005952380952380952,0.08928571428571429,0.011904761904761904,0.7083333333333334,0.625,0.6785714285714286,0.625,12.0,3.988095238095238,7.7023809523809526,2.3988095238095237,10.101190476190476,6.25,0.1076007326007326,0.7770146520146519,0.4423076923076923,0.07692307692307689,0.6923076923076924,0.846153846153846,1e-09,0.7083333333333334,0.9702380952380952,7.7023809523809526,0.6694139194139194
sampled_28d,winter,2.5,42,sampled,planned,6,daylight_proxy,84,0.3243940911325468,0.2983678700972577,0.47181093781457184,0.7976190476190477,0.9285714285714286,0.05952380952380952,0.7133315728635206,0.44047619047619047,0.5119047619047619,0.011904761904761904,0.17857142857142858,0.023809523809523808,0.4166666666666667,0.25,0.35714285714285715,0.25,12.0,6.976190476190476,3.4047619047619047,3.7976190476190474,7.2023809523809526,5.5,0.2152014652014652,0.5540293040293041,0.3846153846153846,0.07692307692307687,0.6923076923076925,0.8461538461538457,1e-09,0.4166666666666667,0.9404761904761905,3.4047619047619047,0.3388278388278388
sampled_28d,winter,2.5,42,sampled,planned,7,all_hours,168,0.16219704556627337,0.1491839350486288,0.3336207135666682,0.8809523809523809,0.9464285714285714,0.03571428571428571,0.366656037414966,0.21428571428571427,0.23809523809523808,0.017857142857142856,0.10119047619047619,0.017857142857142856,0.7083333333333334,0.625,0.6666666666666666,0.625,12.0,3.9702380952380953,7.696428571428571,2.3511904761904763,10.047619047619047,6.199404761904762,0.10393772893772893,0.772893772893773,0.43841575091575086,0.07692307692307689,0.6923076923076924,0.846153846153846,1e-09,0.7083333333333334,0.9761904761904762,7.696428571428571,0.6689560439560439
sampled_28d,winter,2.5,42,sampled,planned,7,daylight_proxy,84,0.3243940911325468,0.2983678700972576,0.47181093781457184,0.7619047619047619,0.8928571428571429,0.07142857142857142,0.733312074829932,0.42857142857142855,0.47619047619047616,0.03571428571428571,0.20238095238095238,0.03571428571428571,0.4166666666666667,0.25,0.3333333333333333,0.25,12.0,6.940476190476191,3.392857142857143,3.7023809523809526,7.095238095238095,5.398809523809524,0.20787545787545786,0.5457875457875458,0.3768315018315018,0.07692307692307687,0.6923076923076925,0.8461538461538457,1e-09,0.4166666666666667,0.9523809523809523,3.392857142857143,0.3379120879120879
sampled_28d,winter,2.5,42,sampled,planned,8,all_hours,168,0.1621355952048788,0.14912248468723424,0.3336025221125435,0.9047619047619048,0.9583333333333334,0.02976190476190476,0.368077699829932,0.22023809523809523,0.24404761904761904,0.011904761904761904,0.07738095238095238,0.017857142857142856,0.7142857142857143,0.625,0.6845238095238095,0.625,12.0,3.9166666666666665,7.732142857142857,2.375,10.107142857142858,6.241071428571429,0.10576923076923075,0.7774725274725276,0.44162087912087905,0.07692307692307689,0.6923076923076924,0.846153846153846,1e-09,0.7142857142857143,0.9821428571428571,7.732142857142857,0.6717032967032966
sampled_28d,winter,2.5,42,sampled,planned,8,daylight_proxy,84,0.3242711904097576,0.2982449693744685,0.4717852112134294,0.8095238095238095,0.9166666666666666,0.05952380952380952,0.736155399659864,0.44047619047619047,0.4880952380952381,0.023809523809523808,0.15476190476190477,0.03571428571428571,0.42857142857142855,0.25,0.36904761904761907,0.25,12.0,6.833333333333333,3.4642857142857144,3.75,7.214285714285714,5.482142857142857,0.21153846153846154,0.554945054945055,0.38324175824175827,0.07692307692307687,0.6923076923076925,0.8461538461538457,1e-09,0.42857142857142855,0.9642857142857143,3.4642857142857144,0.3434065934065934
sampled_28d,winter,2.5,42,sampled,planned,9,all_hours,168,0.16202307461070364,0.1490099640930591,0.33350994407806706,0.9107142857142857,0.9464285714285714,0.041666666666666664,0.3815888904389881,0.23214285714285715,0.25,0.011904761904761904,0.07738095238095238,0.011904761904761904,0.6964285714285714,0.625,0.6785714285714286,0.625,12.0,3.9166666666666665,7.7023809523809526,2.4107142857142856,10.113095238095237,6.261904761904762,0.1085164835164835,0.7779304029304028,0.44322344322344315,0.07692307692307689,0.6923076923076924,0.846153846153846,1e-09,0.6964285714285714,0.9880952380952381,7.7023809523809526,0.6694139194139194
sampled_28d,winter,2.5,42,sampled,planned,9,daylight_proxy,84,0.3240461492214073,0.29801992818611817,0.47165428610149496,0.8214285714285714,0.8928571428571429,0.08333333333333333,0.7631777808779762,0.4642857142857143,0.5,0.023809523809523808,0.15476190476190477,0.023809523809523808,0.39285714285714285,0.25,0.35714285714285715,0.25,12.0,6.833333333333333,3.4047619047619047,3.8214285714285716,7.226190476190476,5.523809523809524,0.217032967032967,0.5558608058608058,0.3864468864468864,0.07692307692307687,0.6923076923076925,0.8461538461538457,1e-09,0.39285714285714285,0.9761904761904762,3.4047619047619047,0.3388278388278388
sampled_28d,winter,2.5,42,sampled,planned,10,all_hours,168,0.16190474114450465,0.14889163062686012,0.33334880573146375,0.9047619047619048,0.9464285714285714,0.047619047619047616,0.3582842560852466,0.20833333333333334,0.24404761904761904,0.005952380952380952,0.07142857142857142,0.023809523809523808,0.7023809523809523,0.625,0.6964285714285714,0.6309523809523809,12.0,3.7738095238095237,7.839285714285714,2.3392857142857144,10.178571428571429,6.258928571428571,0.10302197802197802,0.7829670329670331,0.4429945054945056,0.07692307692307689,0.6923076923076924,0.846153846153846,1e-09,0.7023809523809523,0.9940476190476191,7.839285714285714,0.679945054945055
sampled_28d,winter,2.5,42,sampled,planned,10,daylight_proxy,84,0.3238094822890093,0.29778326125372023,0.47142640206631015,0.8095238095238095,0.8928571428571429,0.09523809523809523,0.7165685121704933,0.4166666666666667,0.4880952380952381,0.011904761904761904,0.14285714285714285,0.047619047619047616,0.40476190476190477,0.25,0.39285714285714285,0.2619047619047619,12.0,6.5476190476190474,3.6785714285714284,3.6785714285714284,7.357142857142857,5.517857142857143,0.20604395604395603,0.5659340659340659,0.38598901098901095,0.07692307692307687,0.6923076923076925,0.8461538461538457,1e-09,0.40476190476190477,0.9880952380952381,3.6785714285714284,0.3598901098901099
sampled_28d,winter,2.5,42,sampled,planned,11,all_hours,168,0.1613628984308567,0.14834978791321213,0.33218722012987595,0.8869047619047619,0.9464285714285714,0.041666666666666664,0.34883418699511054,0.20238095238095238,0.23809523809523808,0.011904761904761904,0.08333333333333333,0.02976190476190476,0.7083333333333334,0.625,0.6845238095238095,0.625,12.0,3.738095238095238,7.815476190476191,2.357142857142857,10.172619047619047,6.2648809523809526,0.10439560439560439,0.7825091575091575,0.44345238095238093,0.07692307692307689,0.6923076923076924,0.846153846153846,1e-09,0.7083333333333334,1.0,7.815476190476191,0.678113553113553
sampled_28d,winter,2.5,42,sampled,planned,11,daylight_proxy,84,0.3227257968617134,0.2966995758264243,0.4697836719546874,0.7738095238095238,0.8928571428571429,0.08333333333333333,0.6976683739902212,0.40476190476190477,0.47619047619047616,0.023809523809523808,0.16666666666666666,0.05952380952380952,0.4166666666666667,0.25,0.36904761904761907,0.25,12.0,6.476190476190476,3.630952380952381,3.7142857142857144,7.345238095238095,5.529761904761905,0.20879120879120877,0.5650183150183149,0.3869047619047618,0.07692307692307687,0.6923076923076925,0.8461538461538457,1e-09,0.4166666666666667,1.0,3.630952380952381,0.3562271062271063
sampled_28d,winter,2.5,42,sampled,planned,12,all_hours,168,0.1609298394650829,0.14791672894743832,0.33108180362725537,0.9047619047619048,0.9523809523809523,0.041666666666666664,0.35608989689625853,0.20833333333333334,0.24404761904761904,0.005952380952380952,0.07142857142857142,0.023809523809523808,0.7083333333333334,0.625,0.6964285714285714,0.625,12.0,3.6904761904761907,7.875,2.3333333333333335,10.208333333333334,6.270833333333333,0.10256410256410256,0.7852564102564101,0.44391025641025644,0.07692307692307689,0.6923076923076924,0.846153846153846,1e-09,0.7083333333333334,1.0,7.875,0.6826923076923076
sampled_28d,winter,2.5,42,sampled,planned,12,daylight_proxy,84,0.3218596789301658,0.2958334578948767,0.46822037694461033,0.8095238095238095,0.9047619047619048,0.08333333333333333,0.712179793792517,0.4166666666666667,0.4880952380952381,0.011904761904761904,0.14285714285714285,0.047619047619047616,0.4166666666666667,0.25,0.39285714285714285,0.25,12.0,6.380952380952381,3.75,3.6666666666666665,7.416666666666667,5.541666666666667,0.20512820512820507,0.5705128205128205,0.38782051282051266,0.07692307692307687,0.6923076923076925,0.8461538461538457,1e-09,0.4166666666666667,1.0,3.75,0.36538461538461536
sampled_28d,winter,2.5,42,sampled,planned,13,all_hours,168,0.16459236404522745,0.1515792535275829,0.33822235309293885,0.9047619047619048,0.9523809523809523,0.041666666666666664,0.36093077367665816,0.20833333333333334,0.24404761904761904,0.005952380952380952,0.07738095238095238,0.017857142857142856,0.7083333333333334,0.625,0.6964285714285714,0.625,12.0,3.6666666666666665,7.892857142857143,2.363095238095238,10.255952380952381,6.309523809523809,0.10485347985347984,0.788919413919414,0.4468864468864468,0.07692307692307689,0.6923076923076924,0.846153846153846,1e-09,0.7083333333333334,1.0,7.892857142857143,0.684065934065934
sampled_28d,winter,2.5,42,sampled,planned,13,daylight_proxy,84,0.3291847280904549,0.30315850705516584,0.4783186388417758,0.8095238095238095,0.9047619047619048,0.08333333333333333,0.7218615473533163,0.4166666666666667,0.4880952380952381,0.011904761904761904,0.15476190476190477,0.03571428571428571,0.4166666666666667,0.25,0.39285714285714285,0.25,12.0,6.333333333333333,3.7857142857142856,3.7261904761904763,7.511904761904762,5.619047619047619,0.2097069597069596,0.5778388278388279,0.3937728937728937,0.07692307692307687,0.6923076923076925,0.8461538461538457,1e-09,0.4166666666666667,1.0,3.7857142857142856,0.3681318681318681
sampled_28d,winter,2.5,42,sampled,planned,14,all_hours,168,0.1667211346615469,0.1582578282777955,0.3417350464192472,0.9107142857142857,0.9464285714285714,0.041666666666666664,0.34218550701530615,0.21428571428571427,0.23214285714285715,0.011904761904761904,0.07142857142857142,0.017857142857142856,0.7142857142857143,0.625,0.6964285714285714,0.625,12.0,3.6666666666666665,7.851190476190476,2.488095238095238,10.339285714285714,6.413690476190476,0.11446886446886448,0.7953296703296703,0.4548992673992674,0.07692307692307689,0.6923076923076924,0.846153846153846,1e-09,0.7142857142857143,1.0,7.851190476190476,0.6808608058608058
sampled_28d,winter,2.5,42,sampled,planned,14,daylight_proxy,84,0.33344226932309384,0.316515656555591,0.48328633738429855,0.8214285714285714,0.8928571428571429,0.08333333333333333,0.6843710140306122,0.42857142857142855,0.4642857142857143,0.023809523809523808,0.14285714285714285,0.03571428571428571,0.42857142857142855,0.25,0.39285714285714285,0.25,12.0,6.333333333333333,3.7023809523809526,3.9761904761904763,7.678571428571429,5.8273809523809526,0.22893772893772893,0.5906593406593407,0.4097985347985348,0.07692307692307687,0.6923076923076925,0.8461538461538457,1e-09,0.42857142857142855,1.0,3.7023809523809526,0.3617216117216117
sampled_28d,winter,2.5,42,sampled,planned,15,all_hours,168,0.1691064882170316,0.16064318183328016,0.3436439665760083,0.9226190476190477,0.9583333333333334,0.02976190476190476,0.32394969706632654,0.21428571428571427,0.24404761904761904,0.011904761904761904,0.05357142857142857,0.023809523809523808,0.7142857142857143,0.625,0.7083333333333334,0.625,12.0,3.5535714285714284,7.851190476190476,2.5952380952380953,10.446428571428571,6.520833333333333,0.12271062271062269,0.8035714285714286,0.46314102564102566,0.07692307692307689,0.6923076923076924,0.846153846153846,1e-09,0.7142857142857143,1.0,7.851190476190476,0.6808608058608058
sampled_28d,winter,2.5,42,sampled,planned,15,daylight_proxy,84,0.3382129764340632,0.3212863636665604,0.4859859581594776,0.8452380952380952,0.9166666666666666,0.05952380952380952,0.6478993941326531,0.42857142857142855,0.4880952380952381,0.023809523809523808,0.10714285714285714,0.047619047619047616,0.42857142857142855,0.25,0.4166666666666667,0.25,12.0,6.107142857142857,3.7023809523809526,4.190476190476191,7.892857142857143,6.041666666666667,0.24542124542124535,0.6071428571428573,0.42628205128205127,0.07692307692307687,0.6923076923076925,0.8461538461538457,1e-09,0.42857142857142855,1.0,3.7023809523809526,0.36172161172161177
sampled_28d,winter,2.5,42,sampled,planned,16,all_hours,168,0.1691646169372697,0.16070131055351827,0.3436618789291798,0.9107142857142857,0.9523809523809523,0.03571428571428571,0.3001659159757653,0.21428571428571427,0.23214285714285715,0.011904761904761904,0.06547619047619048,0.023809523809523808,0.7202380952380952,0.625,0.6964285714285714,0.625,12.0,3.5833333333333335,7.839285714285714,2.607142857142857,10.446428571428571,6.526785714285714,0.1236263736263736,0.8035714285714286,0.4635989010989011,0.07692307692307689,0.6923076923076924,0.846153846153846,1e-09,0.7202380952380952,1.0,7.839285714285714,0.6799450549450549
sampled_28d,winter,2.5,42,sampled,planned,16,daylight_proxy,84,0.33832923387453945,0.3214026211070366,0.4860112900522666,0.8214285714285714,0.9047619047619048,0.07142857142857142,0.6003318319515307,0.42857142857142855,0.4642857142857143,0.023809523809523808,0.13095238095238096,0.047619047619047616,0.44047619047619047,0.25,0.39285714285714285,0.25,12.0,6.166666666666667,3.6785714285714284,4.214285714285714,7.892857142857143,6.053571428571429,0.24725274725274732,0.6071428571428571,0.4271978021978021,0.07692307692307687,0.6923076923076925,0.8461538461538457,1e-09,0.44047619047619047,1.0,3.6785714285714284,0.3598901098901099
sampled_28d,winter,2.5,42,sampled,planned,17,all_hours,168,0.1691646169372697,0.1607013105535183,0.3436618789291799,0.8928571428571429,0.9702380952380952,0.023809523809523808,0.298763352997449,0.19047619047619047,0.24404761904761904,0.005952380952380952,0.07142857142857142,0.03571428571428571,0.7261904761904762,0.625,0.7023809523809523,0.625,12.0,3.630952380952381,7.791666666666667,2.482142857142857,10.273809523809524,6.377976190476191,0.11401098901098901,0.7902930402930404,0.4521520146520147,0.07692307692307689,0.6923076923076924,0.846153846153846,1e-09,0.7261904761904762,1.0,7.791666666666667,0.6762820512820513
sampled_28d,winter,2.5,42,sampled,planned,17,daylight_proxy,84,0.3383292338745394,0.3214026211070366,0.4860112900522667,0.7857142857142857,0.9404761904761905,0.047619047619047616,0.5975267059948979,0.38095238095238093,0.4880952380952381,0.011904761904761904,0.14285714285714285,0.07142857142857142,0.4523809523809524,0.25,0.40476190476190477,0.25,12.0,6.261904761904762,3.5833333333333335,3.9642857142857144,7.5476190476190474,5.755952380952381,0.22802197802197802,0.5805860805860805,0.4043040293040293,0.07692307692307687,0.6923076923076925,0.8461538461538457,1e-09,0.4523809523809524,1.0,3.5833333333333335,0.35256410256410253
sampled_28d,winter,2.5,42,sampled,planned,18,all_hours,168,0.1691646169372697,0.16070131055351827,0.34366187892917976,0.9047619047619048,0.9583333333333334,0.03571428571428571,0.32332896537521255,0.20833333333333334,0.23809523809523808,0.005952380952380952,0.07142857142857142,0.023809523809523808,0.7202380952380952,0.625,0.6964285714285714,0.625,12.0,3.6904761904761907,7.815476190476191,2.4166666666666665,10.232142857142858,6.324404761904762,0.10897435897435896,0.7870879120879121,0.44803113553113555,0.07692307692307689,0.6923076923076924,0.846153846153846,1e-09,0.7202380952380952,1.0,7.815476190476191,0.678113553113553
sampled_28d,winter,2.5,42,sampled,planned,18,daylight_proxy,84,0.3383292338745394,0.3214026211070366,0.4860112900522667,0.8095238095238095,0.9166666666666666,0.07142857142857142,0.6466579307504252,0.4166666666666667,0.47619047619047616,0.011904761904761904,0.14285714285714285,0.047619047619047616,0.44047619047619047,0.25,0.39285714285714285,0.25,12.0,6.380952380952381,3.630952380952381,3.8333333333333335,7.464285714285714,5.648809523809524,0.21794871794871792,0.5741758241758242,0.39606227106227104,0.07692307692307687,0.6923076923076925,0.8461538461538457,1e-09,0.44047619047619047,1.0,3.630952380952381,0.3562271062271063
sampled_28d,winter,2.5,42,sampled,planned,19,all_hours,168,0.1691646169372697,0.1607013105535183,0.34366187892917976,0.9047619047619048,0.9642857142857143,0.023809523809523808,0.3381679820365647,0.20238095238095238,0.23809523809523808,0.011904761904761904,0.06547619047619048,0.02976190476190476,0.7261904761904762,0.625,0.7023809523809523,0.625,12.0,3.7023809523809526,7.845238095238095,2.4285714285714284,10.273809523809524,6.351190476190476,0.10989010989010987,0.7902930402930404,0.4500915750915751,0.07692307692307689,0.6923076923076924,0.846153846153846,1e-09,0.7261904761904762,1.0,7.845238095238095,0.6804029304029303
sampled_28d,winter,2.5,42,sampled,planned,19,daylight_proxy,84,0.3383292338745394,0.3214026211070366,0.4860112900522667,0.8095238095238095,0.9285714285714286,0.047619047619047616,0.6763359640731292,0.40476190476190477,0.47619047619047616,0.023809523809523808,0.13095238095238096,0.05952380952380952,0.4523809523809524,0.25,0.40476190476190477,0.25,12.0,6.404761904761905,3.6904761904761907,3.857142857142857,7.5476190476190474,5.7023809523809526,0.21978021978021975,0.5805860805860805,0.40018315018315015,0.07692307692307687,0.6923076923076925,0.8461538461538457,1e-09,0.4523809523809524,1.0,3.6904761904761907,0.36080586080586086
sampled_28d,winter,2.5,42,sampled,planned,20,all_hours,168,0.1691646169372697,0.16070131055351827,0.3436618789291798,0.9107142857142857,0.9404761904761905,0.047619047619047616,0.35069347563244047,0.21428571428571427,0.22023809523809523,0.011904761904761904,0.07738095238095238,0.011904761904761904,0.7202380952380952,0.625,0.6964285714285714,0.625,12.0,3.744047619047619,7.815476190476191,2.3392857142857144,10.154761904761905,6.247023809523809,0.10302197802197802,0.7811355311355311,0.4420787545787546,0.07692307692307689,0.6923076923076924,0.846153846153846,1e-09,0.7202380952380952,1.0,7.815476190476191,0.678113553113553
sampled_28d,winter,2.5,42,sampled,planned,20,daylight_proxy,84,0.3383292338745394,0.3214026211070366,0.4860112900522667,0.8214285714285714,0.8809523809523809,0.09523809523809523,0.7013869512648809,0.42857142857142855,0.44047619047619047,0.023809523809523808,0.15476190476190477,0.023809523809523808,0.44047619047619047,0.25,0.39285714285714285,0.25,12.0,6.488095238095238,3.630952380952381,3.6785714285714284,7.309523809523809,5.494047619047619,0.20604395604395603,0.5622710622710624,0.38415750915750924,0.07692307692307687,0.6923076923076925,0.8461538461538457,1e-09,0.44047619047619047,1.0,3.630952380952381,0.35622710622710624
sampled_28d,winter,2.5,42,sampled,planned,21,all_hours,168,0.1691646169372697,0.1607013105535183,0.3436618789291799,0.9107142857142857,0.9464285714285714,0.03571428571428571,0.34088300847682823,0.20833333333333334,0.23214285714285715,0.017857142857142856,0.07142857142857142,0.017857142857142856,0.7142857142857143,0.625,0.7023809523809523,0.625,12.0,3.7797619047619047,7.851190476190476,2.363095238095238,10.214285714285714,6.288690476190476,0.10485347985347986,0.7857142857142857,0.44528388278388287,0.07692307692307689,0.6923076923076924,0.846153846153846,1e-09,0.7142857142857143,0.9880952380952381,7.851190476190476,0.6808608058608058
sampled_28d,winter,2.5,42,sampled,planned,21,daylight_proxy,84,0.3383292338745394,0.3214026211070366,0.4860112900522667,0.8214285714285714,0.8928571428571429,0.07142857142857142,0.6817660169536565,0.4166666666666667,0.4642857142857143,0.03571428571428571,0.14285714285714285,0.03571428571428571,0.42857142857142855,0.25,0.40476190476190477,0.25,12.0,6.559523809523809,3.7023809523809526,3.7261904761904763,7.428571428571429,5.5773809523809526,0.2097069597069597,0.5714285714285715,0.39056776556776557,0.07692307692307687,0.6923076923076925,0.8461538461538457,1e-09,0.42857142857142855,0.9761904761904762,3.7023809523809526,0.3617216117216117
sampled_28d,winter,2.5,42,sampled,planned,22,all_hours,168,0.1691646169372697,0.16070131055351827,0.3436618789291798,0.9107142857142857,0.9523809523809523,0.03571428571428571,0.3258143833705357,0.20833333333333334,0.2261904761904762,0.011904761904761904,0.07142857142857142,0.017857142857142856,0.7261904761904762,0.625,0.7023809523809523,0.625,12.0,3.8452380952380953,7.875,2.2976190476190474,10.172619047619047,6.2351190476190474,0.09981684981684982,0.7825091575091575,0.44116300366300365,0.07692307692307689,0.6923076923076924,0.846153846153846,1e-09,0.7261904761904762,0.9880952380952381,7.875,0.6826923076923076
sampled_28d,winter,2.5,42,sampled,planned,22,daylight_proxy,84,0.3383292338745394,0.3214026211070366,0.4860112900522667,0.8214285714285714,0.9047619047619048,0.07142857142857142,0.6516287667410714,0.4166666666666667,0.4523809523809524,0.023809523809523808,0.14285714285714285,0.03571428571428571,0.4523809523809524,0.25,0.40476190476190477,0.25,12.0,6.690476190476191,3.75,3.5952380952380953,7.345238095238095,5.470238095238095,0.1996336996336996,0.565018315018315,0.3823260073260073,0.07692307692307687,0.6923076923076925,0.8461538461538457,1e-09,0.4523809523809524,0.9761904761904762,3.75,0.3653846153846153
sampled_28d,winter,2.5,42,sampled,planned,23,all_hours,168,0.17352164132254466,0.1654021247984871,0.35469047510495666,0.9047619047619048,0.9583333333333334,0.03571428571428571,0.3189934624565972,0.20833333333333334,0.23809523809523808,0.005952380952380952,0.07738095238095238,0.017857142857142856,0.7202380952380952,0.625,0.6964285714285714,0.625,12.0,3.8095238095238093,7.839285714285714,2.369047619047619,10.208333333333334,6.288690476190476,0.1053113553113553,0.7852564102564104,0.44528388278388276,0.07692307692307689,0.6923076923076924,0.846153846153846,1e-09,0.7202380952380952,0.9940476190476191,7.839285714285714,0.6799450549450549
sampled_28d,winter,2.5,42,sampled,planned,23,daylight_proxy,84,0.34704328264508927,0.3308042495969742,0.5016080803379863,0.8095238095238095,0.9166666666666666,0.07142857142857142,0.6379869249131944,0.4166666666666667,0.47619047619047616,0.011904761904761904,0.15476190476190477,0.03571428571428571,0.44047619047619047,0.25,0.39285714285714285,0.25,12.0,6.619047619047619,3.6785714285714284,3.738095238095238,7.416666666666667,5.5773809523809526,0.21062271062271062,0.5705128205128206,0.3905677655677656,0.07692307692307687,0.6923076923076925,0.8461538461538457,1e-09,0.44047619047619047,0.9880952380952381,3.6785714285714284,0.3598901098901099
sampled_28d,spring,2.5,42,sampled,planned,0,all_hours,168,0.34640055892148525,-0.21399447555714998,0.6398998857480053,0.7619047619047619,0.8511904761904762,0.08928571428571429,0.7918020235437927,0.30357142857142855,0.39285714285714285,0.05952380952380952,0.13095238095238096,0.10714285714285714,0.4583333333333333,0.4583333333333333,0.4583333333333333,0.4583333333333333,12.0,5.589285714285714,5.5,4.0773809523809526,9.577380952380953,6.8273809523809526,0.23672161172161174,0.7367216117216118,0.48672161172161166,0.07692307692307689,0.6923076923076924,0.846153846153846,1e-09,0.4583333333333333,0.9583333333333334,5.5,0.5
sampled_28d,spring,2.5,42,sampled,planned,0,daylight_proxy,91,0.6395087241627421,-0.39506672410550764,0.8694527337410607,0.5604395604395604,0.7252747252747253,0.16483516483516483,1.4617883511577705,0.5604395604395604,0.7252747252747253,0.10989010989010989,0.24175824175824176,0.1978021978021978,0.0,0.0,0.0,0.0,12.0,9.472527472527473,0.0,6.681318681318682,6.681318681318682,6.681318681318682,0.43702451394759084,0.5139475908706678,0.4754860524091294,0.07692307692307687,0.6923076923076925,0.8461538461538458,1e-09,0.0,0.9230769230769231,0.0,0.0769230769230769
sampled_28d,spring,2.5,42,sampled,planned,1,all_hours,168,0.34640055892148525,-0.21399447555714993,0.6398998857480053,0.75,0.8333333333333334,0.07738095238095238,0.7953026181175595,0.2916666666666667,0.375,0.08928571428571429,0.13095238095238096,0.11904761904761904,0.4583333333333333,0.4583333333333333,0.4583333333333333,0.4583333333333333,12.0,5.535714285714286,5.5,4.178571428571429,9.678571428571429,6.928571428571429,0.24450549450549453,0.7445054945054946,0.4945054945054945,0.07692307692307689,0.6923076923076924,0.846153846153846,1e-09,0.4583333333333333,0.9642857142857143,5.5,0.5
sampled_28d,spring,2.5,42,sampled,planned,1,daylight_proxy,91,0.6395087241627421,-0.39506672410550764,0.8694527337410607,0.5384615384615384,0.6923076923076923,0.14285714285714285,1.468250987293956,0.5384615384615384,0.6923076923076923,0.16483516483516483,0.24175824175824176,0.21978021978021978,0.0,0.0,0.0,0.0,12.0,9.373626373626374,0.0,6.868131868131868,6.868131868131868,6.868131868131868,0.4513947590870667,0.5283178360101437,0.4898562975486052,0.07692307692307687,0.6923076923076925,0.8461538461538458,1e-09,0.0,0.9340659340659341,0.0,0.07692307692307689
sampled_28d,spring,2.5,42,sampled,planned,2,all_hours,168,0.34640055892148525,-0.21399447555714993,0.6398998857480053,0.7738095238095238,0.8511904761904762,0.07738095238095238,0.8205441844706632,0.31547619047619047,0.39285714285714285,0.07142857142857142,0.11904761904761904,0.10714285714285714,0.4583333333333333,0.4583333333333333,0.4583333333333333,0.4583333333333333,12.0,5.5476190476190474,5.5,4.267857142857143,9.767857142857142,7.017857142857143,0.25137362637362637,0.7513736263736264,0.5013736263736264,0.07692307692307689,0.6923076923076924,0.846153846153846,1e-09,0.4583333333333333,0.9642857142857143,5.5,0.5
sampled_28d,spring,2.5,42,sampled,planned,2,daylight_proxy,91,0.6395087241627421,-0.39506672410550764,0.8694527337410607,0.5824175824175825,0.7252747252747253,0.14285714285714285,1.5148508020996858,0.5824175824175825,0.7252747252747253,0.13186813186813187,0.21978021978021978,0.1978021978021978,0.0,0.0,0.0,0.0,12.0,9.395604395604396,0.0,7.032967032967033,7.032967032967033,7.032967032967033,0.4640743871513101,0.5409974640743871,0.5025359256128487,0.07692307692307687,0.6923076923076925,0.8461538461538458,1e-09,0.0,0.9340659340659341,0.0,0.07692307692307689
sampled_28d,spring,2.5,42,sampled,planned,3,all_hours,168,0.34640055892148525,-0.21399447555714998,0.6398998857480053,0.7738095238095238,0.8571428571428571,0.07142857142857142,0.8448934749681121,0.31547619047619047,0.39880952380952384,0.07142857142857142,0.1130952380952381,0.1130952380952381,0.4583333333333333,0.4583333333333333,0.4583333333333333,0.4583333333333333,12.0,5.565476190476191,5.5,4.220238095238095,9.720238095238095,6.970238095238095,0.2477106227106227,0.7477106227106227,0.4977106227106227,0.07692307692307689,0.6923076923076924,0.846153846153846,1e-09,0.4583333333333333,0.9583333333333334,5.5,0.4999999999999999
sampled_28d,spring,2.5,42,sampled,planned,3,daylight_proxy,91,0.6395087241627421,-0.39506672410550764,0.8694527337410607,0.5824175824175825,0.7362637362637363,0.13186813186813187,1.5598033384026688,0.5824175824175825,0.7362637362637363,0.13186813186813187,0.2087912087912088,0.2087912087912088,0.0,0.0,0.0,0.0,12.0,9.428571428571429,0.0,6.945054945054945,6.945054945054945,6.945054945054945,0.4573119188503803,0.5342349957734573,0.49577345731191885,0.07692307692307687,0.6923076923076925,0.8461538461538458,1e-09,0.0,0.9230769230769231,0.0,0.0769230769230769
sampled_28d,spring,2.5,42,sampled,planned,4,all_hours,168,0.34640055892148525,-0.21399447555714993,0.6398998857480053,0.7380952380952381,0.8392857142857143,0.09523809523809523,0.8277226662149236,0.27976190476190477,0.38095238095238093,0.06547619047619048,0.14285714285714285,0.11904761904761904,0.4583333333333333,0.4583333333333333,0.4583333333333333,0.4583333333333333,12.0,5.607142857142857,5.5,4.190476190476191,9.69047619047619,6.940476190476191,0.24542124542124538,0.7454212454212454,0.4954212454212454,0.07692307692307689,0.6923076923076924,0.846153846153846,1e-09,0.4583333333333333,0.9523809523809523,5.5,0.4999999999999999
sampled_28d,spring,2.5,42,sampled,planned,4,daylight_proxy,91,0.6395087241627421,-0.39506672410550764,0.8694527337410607,0.5164835164835165,0.7032967032967034,0.17582417582417584,1.528103383781397,0.5164835164835165,0.7032967032967034,0.12087912087912088,0.26373626373626374,0.21978021978021978,0.0,0.0,0.0,0.0,12.0,9.505494505494505,0.0,6.8901098901098905,6.8901098901098905,6.8901098901098905,0.45308537616229927,0.5300084530853761,0.4915469146238377,0.07692307692307687,0.6923076923076925,0.8461538461538458,1e-09,0.0,0.9120879120879121,0.0,0.07692307692307689
sampled_28d,spring,2.5,42,sampled,planned,5,all_hours,168,0.34640055892148525,-0.21399447555714993,0.6398998857480053,0.7619047619047619,0.8333333333333334,0.08928571428571429,0.8369422964498299,0.30357142857142855,0.375,0.07738095238095238,0.13095238095238096,0.10714285714285714,0.4583333333333333,0.4583333333333333,0.4583333333333333,0.4583333333333333,12.0,5.565476190476191,5.5,4.238095238095238,9.738095238095237,6.988095238095238,0.2490842490842491,0.7490842490842491,0.49908424908424903,0.07692307692307689,0.6923076923076924,0.846153846153846,1e-09,0.4583333333333333,0.9523809523809523,5.5,0.5
sampled_28d,spring,2.5,42,sampled,planned,5,daylight_proxy,91,0.6395087241627421,-0.39506672410550764,0.8694527337410607,0.5604395604395604,0.6923076923076923,0.16483516483516483,1.5451242395996858,0.5604395604395604,0.6923076923076923,0.14285714285714285,0.24175824175824176,0.1978021978021978,0.0,0.0,0.0,0.0,12.0,9.428571428571429,0.0,6.978021978021978,6.978021978021978,6.978021978021978,0.459847844463229,0.536770921386306,0.49830938292476745,0.07692307692307687,0.6923076923076925,0.8461538461538458,1e-09,0.0,0.9120879120879121,0.0,0.0769230769230769
sampled_28d,spring,2.5,42,sampled,planned,6,all_hours,168,0.34661563518636623,-0.21420955182203089,0.6399085369388211,0.7440476190476191,0.8392857142857143,0.07142857142857142,0.8173109820099915,0.2857142857142857,0.38095238095238093,0.08928571428571429,0.125,0.13095238095238096,0.4583333333333333,0.4583333333333333,0.4583333333333333,0.4583333333333333,12.0,5.601190476190476,5.5,4.303571428571429,9.803571428571429,7.053571428571429,0.2541208791208791,0.7541208791208791,0.5041208791208791,0.07692307692307689,0.6923076923076924,0.846153846153846,1e-09,0.4583333333333333,0.9523809523809523,5.5,0.5
sampled_28d,spring,2.5,42,sampled,planned,6,daylight_proxy,91,0.6399057880363684,-0.395463787979134,0.869464488394675,0.5274725274725275,0.7032967032967034,0.13186813186813187,1.5088818129415227,0.5274725274725275,0.7032967032967034,0.16483516483516483,0.23076923076923078,0.24175824175824176,0.0,0.0,0.0,0.0,12.0,9.494505494505495,0.0,7.0989010989010985,7.0989010989010985,7.0989010989010985,0.4691462383770075,0.5460693153000845,0.507607776838546,0.07692307692307687,0.6923076923076925,0.8461538461538458,1e-09,0.0,0.9120879120879121,0.0,0.0769230769230769
sampled_28d,spring,2.5,42,sampled,planned,7,all_hours,168,0.34712426148844955,-0.21471817812411423,0.6399681926013631,0.7619047619047619,0.8630952380952381,0.047619047619047616,0.8240015977093962,0.30357142857142855,0.40476190476190477,0.08928571428571429,0.1130952380952381,0.125,0.4583333333333333,0.4583333333333333,0.4583333333333333,0.4583333333333333,12.0,5.559523809523809,5.5,4.369047619047619,9.869047619047619,7.119047619047619,0.2591575091575092,0.7591575091575091,0.5091575091575091,0.07692307692307689,0.6923076923076924,0.846153846153846,1e-09,0.4583333333333333,0.9642857142857143,5.5,0.5
sampled_28d,spring,2.5,42,sampled,planned,7,daylight_proxy,91,0.6408447904402146,-0.3964027903829801,0.8695455444786585,0.5604395604395604,0.7472527472527473,0.08791208791208792,1.5212337188481158,0.5604395604395604,0.7472527472527473,0.16483516483516483,0.2087912087912088,0.23076923076923078,0.0,0.0,0.0,0.0,12.0,9.417582417582418,0.0,7.21978021978022,7.21978021978022,7.21978021978022,0.478444632290786,0.555367709213863,0.5169061707523246,0.07692307692307687,0.6923076923076925,0.8461538461538458,1e-09,0.0,0.9340659340659341,0.0,0.0769230769230769
sampled_28d,spring,2.5,42,sampled,planned,8,all_hours,168,0.34959109213346795,-0.21869667381926727,0.6412550863412865,0.7738095238095238,0.8333333333333334,0.07142857142857142,0.8356518388605443,0.31547619047619047,0.375,0.09523809523809523,0.10714285714285714,0.11904761904761904,0.4583333333333333,0.4583333333333333,0.4583333333333333,0.4583333333333333,12.0,5.553571428571429,5.5,4.440476190476191,9.94047619047619,7.190476190476191,0.2646520146520147,0.7646520146520146,0.5146520146520146,0.07692307692307689,0.6923076923076924,0.846153846153846,1e-09,0.4583333333333333,0.9702380952380952,5.5,0.5
sampled_28d,spring,2.5,42,sampled,planned,8,daylight_proxy,91,0.6453989393233255,-0.40374770551249345,0.8712940887511782,0.5824175824175825,0.6923076923076923,0.13186813186813187,1.542741856357928,0.5824175824175825,0.6923076923076923,0.17582417582417584,0.1978021978021978,0.21978021978021978,0.0,0.0,0.0,0.0,12.0,9.406593406593407,0.0,7.351648351648351,7.351648351648351,7.351648351648351,0.4885883347421809,0.5655114116652578,0.5270498732037193,0.07692307692307687,0.6923076923076925,0.8461538461538458,1e-09,0.0,0.945054945054945,0.0,0.07692307692307689
sampled_28d,spring,2.5,42,sampled,planned,9,all_hours,168,0.35350179866868625,-0.22770413422530472,0.6458529054799345,0.7440476190476191,0.8809523809523809,0.05952380952380952,0.8075038364955357,0.2857142857142857,0.4226190476190476,0.05952380952380952,0.125,0.13095238095238096,0.4583333333333333,0.4583333333333333,0.4583333333333333,0.4583333333333333,12.0,5.654761904761905,5.5,4.470238095238095,9.970238095238095,7.220238095238095,0.2669413919413919,0.7669413919413919,0.5169413919413919,0.07692307692307689,0.6923076923076924,0.846153846153846,1e-09,0.4583333333333333,0.9642857142857143,5.5,0.5
sampled_28d,spring,2.5,42,sampled,planned,9,daylight_proxy,91,0.6526187052344977,-0.4203768631851779,0.8775412947725882,0.5274725274725275,0.7802197802197802,0.10989010989010989,1.4907763135302199,0.5274725274725275,0.7802197802197802,0.10989010989010989,0.23076923076923078,0.24175824175824176,0.0,0.0,0.0,0.0,12.0,9.593406593406593,0.0,7.406593406593407,7.406593406593407,7.406593406593407,0.49281487743026203,0.5697379543533388,0.5312764158918005,0.07692307692307687,0.6923076923076925,0.8461538461538458,1e-09,0.0,0.9340659340659341,0.0,0.0769230769230769
sampled_28d,spring,2.5,42,sampled,planned,10,all_hours,168,0.3584887584591128,-0.2406880143007724,0.6542201390032,0.8035714285714286,0.8809523809523809,0.05357142857142857,0.7999570677880525,0.34523809523809523,0.4226190476190476,0.06547619047619048,0.08333333333333333,0.1130952380952381,0.4583333333333333,0.4583333333333333,0.4583333333333333,0.4583333333333333,12.0,5.678571428571429,5.5,4.529761904761905,10.029761904761905,7.279761904761905,0.2715201465201465,0.7715201465201466,0.5215201465201466,0.07692307692307689,0.6923076923076924,0.846153846153846,1e-09,0.4583333333333333,0.9583333333333334,5.5,0.5
sampled_28d,spring,2.5,42,sampled,planned,10,daylight_proxy,91,0.6618254002322083,-0.4443471033245029,0.8889101264018503,0.6373626373626373,0.7802197802197802,0.0989010989010989,1.4768438174548666,0.6373626373626373,0.7802197802197802,0.12087912087912088,0.15384615384615385,0.2087912087912088,0.0,0.0,0.0,0.0,12.0,9.637362637362637,0.0,7.516483516483516,7.516483516483516,7.516483516483516,0.5012679628064243,0.5781910397295013,0.5397295012679628,0.07692307692307687,0.6923076923076925,0.8461538461538458,1e-09,0.0,0.9230769230769231,0.0,0.0769230769230769
sampled_28d,spring,2.5,42,sampled,planned,11,all_hours,168,0.3655967522099986,-0.2559438969272605,0.6679982746714881,0.7857142857142857,0.8809523809523809,0.047619047619047616,0.8058181036086309,0.3273809523809524,0.4226190476190476,0.07142857142857142,0.08928571428571429,0.125,0.4583333333333333,0.4583333333333333,0.4583333333333333,0.4583333333333333,12.0,5.636904761904762,5.5,4.529761904761905,10.029761904761905,7.279761904761905,0.2715201465201465,0.7715201465201466,0.5215201465201466,0.07692307692307689,0.6923076923076924,0.846153846153846,1e-09,0.4583333333333333,0.9642857142857143,5.5,0.4999999999999999
sampled_28d,spring,2.5,42,sampled,planned,11,daylight_proxy,91,0.6749478502338436,-0.47251180971186557,0.9076309263104874,0.6043956043956044,0.7802197802197802,0.08791208791208792,1.4876641912774726,0.6043956043956044,0.7802197802197802,0.13186813186813187,0.16483516483516483,0.23076923076923078,0.0,0.0,0.0,0.0,12.0,9.56043956043956,0.0,7.516483516483516,7.516483516483516,7.516483516483516,0.5012679628064243,0.5781910397295011,0.5397295012679628,0.07692307692307687,0.6923076923076925,0.8461538461538458,1e-09,0.0,0.9340659340659341,0.0,0.0769230769230769
sampled_28d,spring,2.5,42,sampled,planned,12,all_hours,168,0.37530708572491495,-0.26982752655098496,0.6847412359449856,0.7738095238095238,0.8809523809523809,0.05952380952380952,0.8099406754889455,0.31547619047619047,0.4226190476190476,0.05952380952380952,0.09523809523809523,0.13095238095238096,0.4583333333333333,0.4583333333333333,0.4583333333333333,0.4583333333333333,12.0,5.630952380952381,5.5,4.601190476190476,10.101190476190476,7.351190476190476,0.27701465201465203,0.777014652014652,0.527014652014652,0.07692307692307689,0.6923076923076924,0.846153846153846,1e-09,0.4583333333333333,0.9583333333333334,5.5,0.5
sampled_28d,spring,2.5,42,sampled,planned,12,daylight_proxy,91,0.692874619799843,-0.49814312594028,0.9303801309507517,0.5824175824175825,0.7802197802197802,0.10989010989010989,1.4952750932103611,0.5824175824175825,0.7802197802197802,0.10989010989010989,0.17582417582417584,0.24175824175824176,0.0,0.0,0.0,0.0,12.0,9.54945054945055,0.0,7.648351648351649,7.648351648351649,7.648351648351649,0.5114116652578191,0.588334742180896,0.5498732037193577,0.07692307692307687,0.6923076923076925,0.8461538461538458,1e-09,0.0,0.9230769230769231,0.0,0.07692307692307693
sampled_28d,spring,2.5,42,sampled,planned,13,all_hours,168,0.3771111520780187,-0.2716315929040887,0.6889525252327504,0.8035714285714286,0.875,0.06547619047619048,0.8306913829985119,0.34523809523809523,0.4166666666666667,0.05952380952380952,0.10119047619047619,0.09523809523809523,0.4583333333333333,0.4583333333333333,0.4583333333333333,0.4583333333333333,12.0,5.6726190476190474,5.5,4.488095238095238,9.988095238095237,7.238095238095238,0.26831501831501836,0.7683150183150185,0.5183150183150182,0.07692307692307689,0.6923076923076924,0.846153846153846,1e-09,0.4583333333333333,0.9642857142857143,5.5,0.5
sampled_28d,spring,2.5,42,sampled,planned,13,daylight_proxy,91,0.6962052038363423,-0.5014737099767792,0.9361021463243621,0.6373626373626373,0.7692307692307693,0.12087912087912088,1.5335840916895604,0.6373626373626373,0.7692307692307693,0.10989010989010989,0.18681318681318682,0.17582417582417584,0.0,0.0,0.0,0.0,12.0,9.626373626373626,0.0,7.43956043956044,7.43956043956044,7.43956043956044,0.4953508030431107,0.5722738799661876,0.5338123415046492,0.07692307692307687,0.6923076923076925,0.8461538461538458,1e-09,0.0,0.9340659340659341,0.0,0.0769230769230769
sampled_28d,spring,2.5,42,sampled,planned,14,all_hours,168,0.3867970576902636,-0.2813174985163336,0.704491865079289,0.8095238095238095,0.8690476190476191,0.05952380952380952,0.8232243336787839,0.35119047619047616,0.4107142857142857,0.07142857142857142,0.08928571428571429,0.10119047619047619,0.4583333333333333,0.4583333333333333,0.4583333333333333,0.4583333333333333,12.0,5.684523809523809,5.5,4.5476190476190474,10.047619047619047,7.2976190476190474,0.2728937728937729,0.772893772893773,0.5228937728937728,0.07692307692307689,0.6923076923076924,0.846153846153846,1e-09,0.4583333333333333,0.9642857142857143,5.5,0.5
sampled_28d,spring,2.5,42,sampled,planned,14,daylight_proxy,91,0.7140868757358713,-0.5193553818763084,0.9572159514851664,0.6483516483516484,0.7582417582417582,0.10989010989010989,1.5197987698685247,0.6483516483516484,0.7582417582417582,0.13186813186813187,0.16483516483516483,0.18681318681318682,0.0,0.0,0.0,0.0,12.0,9.648351648351648,0.0,7.549450549450549,7.549450549450549,7.549450549450549,0.5038038884192729,0.5807269653423499,0.5422654268808115,0.07692307692307687,0.6923076923076925,0.8461538461538458,1e-09,0.0,0.9340659340659341,0.0,0.0769230769230769
sampled_28d,spring,2.5,42,sampled,planned,15,all_hours,168,0.3938798346487032,-0.2957795089064272,0.716601164211161,0.8095238095238095,0.8630952380952381,0.06547619047619048,0.8186716092687075,0.35119047619047616,0.40476190476190477,0.07142857142857142,0.08333333333333333,0.10714285714285714,0.4583333333333333,0.4583333333333333,0.4583333333333333,0.4583333333333333,12.0,5.654761904761905,5.5,4.529761904761905,10.029761904761905,7.279761904761905,0.27152014652014655,0.7715201465201466,0.5215201465201466,0.07692307692307689,0.6923076923076924,0.846153846153846,1e-09,0.4583333333333333,0.9642857142857143,5.5,0.4999999999999999
sampled_28d,spring,2.5,42,sampled,planned,15,daylight_proxy,91,0.7271627716591444,-0.5460544779810963,0.9736692490530935,0.6483516483516484,0.7472527472527473,0.12087912087912088,1.511393740188383,0.6483516483516484,0.7472527472527473,0.13186813186813187,0.15384615384615385,0.1978021978021978,0.0,0.0,0.0,0.0,12.0,9.593406593406593,0.0,7.516483516483516,7.516483516483516,7.516483516483516,0.5012679628064244,0.5781910397295011,0.5397295012679628,0.07692307692307687,0.6923076923076925,0.8461538461538458,1e-09,0.0,0.9340659340659341,0.0,0.0769230769230769
sampled_28d,spring,2.5,42,sampled,planned,16,all_hours,168,0.40046763171414396,-0.30854540628100197,0.7263923762545953,0.7857142857142857,0.8452380952380952,0.07142857142857142,0.8057790743250425,0.3273809523809524,0.3869047619047619,0.08333333333333333,0.08333333333333333,0.13095238095238096,0.4583333333333333,0.4583333333333333,0.4583333333333333,0.4583333333333333,12.0,5.678571428571429,5.5,4.678571428571429,10.178571428571429,7.428571428571429,0.28296703296703296,0.7829670329670331,0.532967032967033,0.07692307692307689,0.6923076923076924,0.846153846153846,1e-09,0.4583333333333333,0.9642857142857143,5.5,0.5
sampled_28d,spring,2.5,42,sampled,planned,16,daylight_proxy,91,0.7393248585491888,-0.569622288518773,0.9869728864929583,0.6043956043956044,0.7142857142857143,0.13186813186813187,1.4875921372154628,0.6043956043956044,0.7142857142857143,0.15384615384615385,0.15384615384615385,0.24175824175824176,0.0,0.0,0.0,0.0,12.0,9.637362637362637,0.0,7.791208791208791,7.791208791208791,7.791208791208791,0.5224006762468301,0.5993237531699069,0.5608622147083686,0.07692307692307687,0.6923076923076925,0.8461538461538458,1e-09,0.0,0.9340659340659341,0.0,0.0769230769230769
sampled_28d,spring,2.5,42,sampled,planned,17,all_hours,168,0.4041943746899801,-0.31521982897976897,0.7292631160354563,0.7619047619047619,0.8333333333333334,0.05952380952380952,0.8033011300223214,0.30357142857142855,0.375,0.10714285714285714,0.09523809523809523,0.14285714285714285,0.4583333333333333,0.4583333333333333,0.4583333333333333,0.4583333333333333,12.0,5.690476190476191,5.5,4.7976190476190474,10.297619047619047,7.5476190476190474,0.2921245421245421,0.7921245421245422,0.5421245421245422,0.07692307692307689,0.6923076923076924,0.846153846153846,1e-09,0.4583333333333333,0.9642857142857143,5.5,0.5
sampled_28d,spring,2.5,42,sampled,planned,17,daylight_proxy,91,0.7462049994276557,-0.5819442996549581,0.9908734537628072,0.5604395604395604,0.6923076923076923,0.10989010989010989,1.4830174708104393,0.5604395604395604,0.6923076923076923,0.1978021978021978,0.17582417582417584,0.26373626373626374,0.0,0.0,0.0,0.0,12.0,9.659340659340659,0.0,8.010989010989011,8.010989010989011,8.010989010989011,0.5393068469991548,0.6162299239222315,0.5777683854606931,0.07692307692307687,0.6923076923076925,0.8461538461538458,1e-09,0.0,0.9340659340659341,0.0,0.07692307692307689
sampled_28d,spring,2.5,42,sampled,planned,18,all_hours,168,0.4045996149110686,-0.3159838064457554,0.7292987757212245,0.7440476190476191,0.8511904761904762,0.05357142857142857,0.7970165849542943,0.2857142857142857,0.39285714285714285,0.09523809523809523,0.08333333333333333,0.17261904761904762,0.4583333333333333,0.4583333333333333,0.4583333333333333,0.4583333333333333,12.0,5.660714285714286,5.5,4.815476190476191,10.31547619047619,7.565476190476191,0.2934981684981685,0.7934981684981686,0.5434981684981685,0.07692307692307689,0.6923076923076924,0.846153846153846,1e-09,0.4583333333333333,0.9702380952380952,5.5,0.5
sampled_28d,spring,2.5,42,sampled,planned,18,daylight_proxy,91,0.7469531352204344,-0.5833547195921639,0.9909219057346953,0.5274725274725275,0.7252747252747253,0.0989010989010989,1.471415233761774,0.5274725274725275,0.7252747252747253,0.17582417582417584,0.15384615384615385,0.31868131868131866,0.0,0.0,0.0,0.0,12.0,9.604395604395604,0.0,8.043956043956044,8.043956043956044,8.043956043956044,0.5418427726120032,0.6187658495350803,0.5803043110735417,0.07692307692307687,0.6923076923076925,0.8461538461538458,1e-09,0.0,0.945054945054945,0.0,0.07692307692307691
sampled_28d,spring,2.5,42,sampled,planned,19,all_hours,168,0.4045996149110686,-0.3159838064457554,0.7292987757212245,0.7380952380952381,0.8392857142857143,0.047619047619047616,0.7581168453709609,0.27976190476190477,0.38095238095238093,0.1130952380952381,0.08333333333333333,0.17857142857142858,0.4583333333333333,0.4583333333333333,0.4583333333333333,0.4583333333333333,12.0,5.690476190476191,5.5,4.863095238095238,10.363095238095237,7.613095238095238,0.29716117216117216,0.7971611721611722,0.5471611721611721,0.07692307692307689,0.6923076923076924,0.846153846153846,1e-09,0.4583333333333333,0.9702380952380952,5.5,0.5
sampled_28d,spring,2.5,42,sampled,planned,19,daylight_proxy,91,0.7469531352204344,-0.5833547195921639,0.9909219057346953,0.5164835164835165,0.7032967032967034,0.08791208791208792,1.39960032991562,0.5164835164835165,0.7032967032967034,0.2087912087912088,0.15384615384615385,0.32967032967032966,0.0,0.0,0.0,0.0,12.0,9.659340659340659,0.0,8.131868131868131,8.131868131868131,8.131868131868131,0.5486052409129332,0.6255283178360102,0.5870667793744716,0.07692307692307687,0.6923076923076925,0.8461538461538458,1e-09,0.0,0.945054945054945,0.0,0.0769230769230769
sampled_28d,spring,2.5,42,sampled,planned,20,all_hours,168,0.4045996149110686,-0.3159838064457554,0.7292987757212245,0.7083333333333334,0.8392857142857143,0.041666666666666664,0.7651799000850341,0.25,0.38095238095238093,0.11904761904761904,0.10119047619047619,0.19047619047619047,0.4583333333333333,0.4583333333333333,0.4583333333333333,0.4583333333333333,12.0,5.636904761904762,5.5,4.875,10.375,7.625,0.2980769230769231,0.7980769230769231,0.548076923076923,0.07692307692307689,0.6923076923076924,0.846153846153846,1e-09,0.4583333333333333,0.9583333333333334,5.5,0.5
sampled_28d,spring,2.5,42,sampled,planned,20,daylight_proxy,91,0.7469531352204344,-0.5833547195921639,0.9909219057346953,0.46153846153846156,0.7032967032967034,0.07692307692307693,1.4126398155416013,0.46153846153846156,0.7032967032967034,0.21978021978021978,0.18681318681318682,0.3516483516483517,0.0,0.0,0.0,0.0,12.0,9.56043956043956,0.0,8.153846153846153,8.153846153846153,8.153846153846153,0.5502958579881656,0.6272189349112426,0.5887573964497042,0.07692307692307687,0.6923076923076925,0.8461538461538458,1e-09,0.0,0.9230769230769231,0.0,0.0769230769230769
sampled_28d,spring,2.5,42,sampled,planned,21,all_hours,168,0.4045996149110686,-0.3159838064457554,0.7292987757212245,0.7380952380952381,0.8333333333333334,0.047619047619047616,0.7596796775350766,0.27976190476190477,0.375,0.11904761904761904,0.09523809523809523,0.16666666666666666,0.4583333333333333,0.4583333333333333,0.4583333333333333,0.4583333333333333,12.0,5.630952380952381,5.5,4.863095238095238,10.363095238095237,7.613095238095238,0.29716117216117216,0.7971611721611722,0.5471611721611721,0.07692307692307689,0.6923076923076924,0.846153846153846,1e-09,0.4583333333333333,0.9523809523809523,5.5,0.5
sampled_28d,spring,2.5,42,sampled,planned,21,daylight_proxy,91,0.7469531352204344,-0.5833547195921639,0.9909219057346953,0.5164835164835165,0.6923076923076923,0.08791208791208792,1.402485558526295,0.5164835164835165,0.6923076923076923,0.21978021978021978,0.17582417582417584,0.3076923076923077,0.0,0.0,0.0,0.0,12.0,9.54945054945055,0.0,8.131868131868131,8.131868131868131,8.131868131868131,0.5486052409129331,0.6255283178360102,0.5870667793744716,0.07692307692307687,0.6923076923076925,0.8461538461538458,1e-09,0.0,0.9120879120879121,0.0,0.07692307692307689
sampled_28d,spring,2.5,42,sampled,planned,22,all_hours,168,0.4045996149110686,-0.31598380644575536,0.7292987757212245,0.7380952380952381,0.8392857142857143,0.05952380952380952,0.7751377650669643,0.27976190476190477,0.38095238095238093,0.10119047619047619,0.08333333333333333,0.17857142857142858,0.4583333333333333,0.4583333333333333,0.4583333333333333,0.4583333333333333,12.0,5.654761904761905,5.5,4.857142857142857,10.357142857142858,7.607142857142857,0.2967032967032967,0.7967032967032966,0.5467032967032966,0.07692307692307689,0.6923076923076924,0.846153846153846,1e-09,0.4583333333333333,0.9583333333333334,5.5,0.5
sampled_28d,spring,2.5,42,sampled,planned,22,daylight_proxy,91,0.7469531352204344,-0.5833547195921639,0.9909219057346953,0.5164835164835165,0.7032967032967034,0.10989010989010989,1.4310235662774726,0.5164835164835165,0.7032967032967034,0.18681318681318682,0.15384615384615385,0.32967032967032966,0.0,0.0,0.0,0.0,12.0,9.593406593406593,0.0,8.12087912087912,8.12087912087912,8.12087912087912,0.547759932375317,0.6246830092983939,0.5862214708368555,0.07692307692307687,0.6923076923076925,0.8461538461538458,1e-09,0.0,0.9230769230769231,0.0,0.0769230769230769
sampled_28d,spring,2.5,42,sampled,planned,23,all_hours,168,0.40310494559151777,-0.31011245969742063,0.7296554102254829,0.7678571428571429,0.8511904761904762,0.041666666666666664,0.785525851779514,0.30952380952380953,0.39285714285714285,0.10714285714285714,0.08928571428571429,0.14285714285714285,0.4583333333333333,0.4583333333333333,0.4583333333333333,0.4583333333333333,12.0,5.625,5.5,4.690476190476191,10.19047619047619,7.440476190476191,0.2838827838827839,0.7838827838827838,0.5338827838827838,0.07692307692307689,0.6923076923076924,0.846153846153846,1e-09,0.4583333333333333,0.9642857142857143,5.5,0.5
sampled_28d,spring,2.5,42,sampled,planned,23,daylight_proxy,91,0.7441937457074177,-0.5725153102106226,0.9914064766052016,0.5714285714285714,0.7252747252747253,0.07692307692307693,1.4502015725160258,0.5714285714285714,0.7252747252747253,0.1978021978021978,0.16483516483516483,0.26373626373626374,0.0,0.0,0.0,0.0,12.0,9.538461538461538,0.0,7.813186813186813,7.813186813186813,7.813186813186813,0.5240912933220625,0.6010143702451395,0.562552831783601,0.07692307692307687,0.6923076923076925,0.8461538461538458,1e-09,0.0,0.9340659340659341,0.0,0.07692307692307689
sampled_28d,summer,2.5,42,sampled,planned,0,all_hours,168,0.3107198494632228,-0.12403704238857001,0.5469551453719805,0.7559523809523809,0.8154761904761905,0.041666666666666664,0.8103023191698555,0.3869047619047619,0.44642857142857145,0.14285714285714285,0.05357142857142857,0.19047619047619047,0.36904761904761907,0.30357142857142855,0.36904761904761907,0.3392857142857143,12.0,6.613095238095238,4.303571428571429,5.773809523809524,10.077380952380953,7.925595238095238,0.36721611721611724,0.7751831501831502,0.5711996336996338,0.07692307692307689,0.6923076923076924,0.846153846153846,1e-09,0.36904761904761907,0.9583333333333334,4.303571428571429,0.407967032967033
sampled_28d,summer,2.5,42,sampled,planned,0,daylight_proxy,106,0.4924616482058624,-0.19658701057811095,0.6885784400324172,0.6132075471698113,0.7075471698113207,0.0660377358490566,1.2838526311910377,0.6132075471698113,0.7075471698113207,0.22641509433962265,0.08490566037735849,0.3018867924528302,0.0,0.0,0.0,0.0,12.0,9.754716981132075,0.0,8.566037735849056,8.566037735849056,8.566037735849056,0.5820029027576198,0.6589259796806965,0.6204644412191582,0.07692307692307689,0.6923076923076923,0.846153846153846,1.0000000000000003e-09,0.0,0.9339622641509434,0.0,0.0769230769230769
sampled_28d,summer,2.5,42,sampled,planned,1,all_hours,168,0.3107198494632228,-0.12403704238856998,0.5469551453719806,0.75,0.8452380952380952,0.03571428571428571,0.8036129490858842,0.38095238095238093,0.47619047619047616,0.11904761904761904,0.05952380952380952,0.19047619047619047,0.36904761904761907,0.31547619047619047,0.36904761904761907,0.34523809523809523,12.0,6.642857142857143,4.345238095238095,5.607142857142857,9.952380952380953,7.779761904761905,0.3543956043956044,0.7655677655677655,0.559981684981685,0.07692307692307689,0.6923076923076924,0.846153846153846,1e-09,0.36904761904761907,0.9523809523809523,4.345238095238095,0.4111721611721612
sampled_28d,summer,2.5,42,sampled,planned,1,daylight_proxy,106,0.4924616482058624,-0.19658701057811095,0.6885784400324172,0.6037735849056604,0.7547169811320755,0.05660377358490566,1.2734664546832883,0.6037735849056604,0.7547169811320755,0.18867924528301888,0.09433962264150944,0.3018867924528302,0.0,0.0,0.0,0.0,12.0,9.849056603773585,0.0,8.30188679245283,8.30188679245283,8.30188679245283,0.5616835994194485,0.6386066763425254,0.600145137880987,0.07692307692307689,0.6923076923076923,0.846153846153846,1.0000000000000003e-09,0.0,0.9245283018867925,0.0,0.07692307692307691
sampled_28d,summer,2.5,42,sampled,planned,2,all_hours,168,0.3107198494632228,-0.12403704238857001,0.5469551453719806,0.7797619047619048,0.8571428571428571,0.023809523809523808,0.8178270820046769,0.4107142857142857,0.4880952380952381,0.11904761904761904,0.047619047619047616,0.17261904761904762,0.36904761904761907,0.32142857142857145,0.36904761904761907,0.35119047619047616,12.0,6.654761904761905,4.351190476190476,5.595238095238095,9.946428571428571,7.770833333333333,0.3534798534798535,0.7651098901098902,0.5592948717948717,0.07692307692307689,0.6923076923076924,0.846153846153846,1e-09,0.36904761904761907,0.9523809523809523,4.351190476190476,0.41163003663003667
sampled_28d,summer,2.5,42,sampled,planned,2,daylight_proxy,106,0.4924616482058624,-0.19658701057811095,0.6885784400324172,0.6509433962264151,0.7735849056603774,0.03773584905660377,1.2958707989386793,0.6509433962264151,0.7735849056603774,0.18867924528301888,0.07547169811320754,0.27358490566037735,0.0,0.0,0.0,0.0,12.0,9.867924528301886,0.0,8.283018867924529,8.283018867924529,8.283018867924529,0.560232220609579,0.6371552975326561,0.5986937590711175,0.07692307692307689,0.6923076923076923,0.846153846153846,1.0000000000000003e-09,0.0,0.9245283018867925,0.0,0.07692307692307691
sampled_28d,summer,2.5,42,sampled,planned,3,all_hours,168,0.3107198494632228,-0.12403704238857001,0.5469551453719806,0.7678571428571429,0.875,0.011904761904761904,0.8013459289965985,0.39880952380952384,0.5059523809523809,0.1130952380952381,0.06547619047619048,0.16666666666666666,0.36904761904761907,0.31547619047619047,0.36904761904761907,0.3392857142857143,12.0,6.726190476190476,4.2976190476190474,5.684523809523809,9.982142857142858,7.833333333333333,0.36034798534798534,0.7678571428571429,0.5641025641025641,0.07692307692307689,0.6923076923076924,0.846153846153846,1e-09,0.36904761904761907,0.9464285714285714,4.2976190476190474,0.40750915750915745
sampled_28d,summer,2.5,42,sampled,planned,3,daylight_proxy,106,0.4924616482058624,-0.19658701057811095,0.6885784400324172,0.6320754716981132,0.8018867924528302,0.018867924528301886,1.269847777333221,0.6320754716981132,0.8018867924528302,0.1792452830188679,0.10377358490566038,0.2641509433962264,0.0,0.0,0.0,0.0,12.0,9.933962264150944,0.0,8.424528301886792,8.424528301886792,8.424528301886792,0.5711175616835994,0.6480406386066764,0.6095791001451378,0.07692307692307689,0.6923076923076923,0.846153846153846,1.0000000000000003e-09,0.0,0.9150943396226415,0.0,0.0769230769230769
sampled_28d,summer,2.5,42,sampled,planned,4,all_hours,168,0.3107198494632228,-0.12403704238857001,0.5469551453719806,0.7619047619047619,0.8809523809523809,0.023809523809523808,0.7880743117559523,0.39285714285714285,0.5119047619047619,0.09523809523809523,0.05952380952380952,0.17857142857142858,0.36904761904761907,0.31547619047619047,0.36904761904761907,0.3630952380952381,12.0,6.666666666666667,4.363095238095238,5.732142857142857,10.095238095238095,7.913690476190476,0.364010989010989,0.7765567765567767,0.5702838827838828,0.07692307692307689,0.6923076923076924,0.846153846153846,1e-09,0.36904761904761907,0.9523809523809523,4.363095238095238,0.4125457875457875
sampled_28d,summer,2.5,42,sampled,planned,4,daylight_proxy,106,0.4924616482058624,-0.19658701057811095,0.6885784400324172,0.6226415094339622,0.8113207547169812,0.03773584905660377,1.248977373231132,0.6226415094339622,0.8113207547169812,0.1509433962264151,0.09433962264150944,0.2830188679245283,0.0,0.0,0.0,0.0,12.0,9.88679245283019,0.0,8.5,8.5,8.5,0.5769230769230769,0.6538461538461539,0.6153846153846155,0.07692307692307689,0.6923076923076923,0.846153846153846,1.0000000000000003e-09,0.0,0.9245283018867925,0.0,0.07692307692307691
sampled_28d,summer,2.5,42,sampled,planned,5,all_hours,168,0.31047114158163264,-0.12378833450697987,0.5469267155246621,0.7678571428571429,0.9047619047619048,0.005952380952380952,0.784376909943665,0.39880952380952384,0.5357142857142857,0.08928571428571429,0.05357142857142857,0.17857142857142858,0.36904761904761907,0.3273809523809524,0.36904761904761907,0.35119047619047616,12.0,6.684523809523809,4.369047619047619,5.738095238095238,10.107142857142858,7.9226190476190474,0.36446886446886445,0.7774725274725275,0.5709706959706959,0.07692307692307689,0.6923076923076924,0.846153846153846,1e-09,0.36904761904761907,0.9523809523809523,4.369047619047619,0.41300366300366304
sampled_28d,summer,2.5,42,sampled,planned,5,daylight_proxy,106,0.4920674696765498,-0.19619283204879825,0.6885426488343956,0.6320754716981132,0.8490566037735849,0.009433962264150943,1.2428554318985852,0.6320754716981132,0.8490566037735849,0.14150943396226415,0.08490566037735849,0.2830188679245283,0.0,0.0,0.0,0.0,12.0,9.933962264150944,0.0,8.50943396226415,8.50943396226415,8.50943396226415,0.5776487663280115,0.6545718432510885,0.6161103047895501,0.07692307692307689,0.6923076923076923,0.846153846153846,1.0000000000000003e-09,0.0,0.9245283018867925,0.0,0.07692307692307691
sampled_28d,summer,2.5,42,sampled,planned,6,all_hours,168,0.3096996904230442,-0.12301688334839143,0.546814867365841,0.7797619047619048,0.9226190476190477,0.011904761904761904,0.8149783595078658,0.4107142857142857,0.5535714285714286,0.06547619047619048,0.05952380952380952,0.16071428571428573,0.36904761904761907,0.3392857142857143,0.36904761904761907,0.35714285714285715,12.0,6.684523809523809,4.375,5.714285714285714,10.089285714285714,7.901785714285714,0.3626373626373626,0.7760989010989011,0.569368131868132,0.07692307692307689,0.6923076923076924,0.846153846153846,1e-09,0.36904761904761907,0.9464285714285714,4.375,0.41346153846153844
sampled_28d,summer,2.5,42,sampled,planned,6,daylight_proxy,106,0.49084479236859835,-0.19497015474084675,0.6884018397911437,0.6509433962264151,0.8773584905660378,0.018867924528301886,1.2913847972119274,0.6509433962264151,0.8773584905660378,0.10377358490566038,0.09433962264150944,0.25471698113207547,0.0,0.0,0.0,0.0,12.0,9.943396226415095,0.0,8.471698113207546,8.471698113207546,8.471698113207546,0.5747460087082729,0.6516690856313498,0.6132075471698113,0.07692307692307689,0.6923076923076923,0.846153846153846,1.0000000000000003e-09,0.0,0.9150943396226415,0.0,0.07692307692307691
sampled_28d,summer,2.5,42,sampled,planned,7,all_hours,168,0.3091921436543367,-0.12213913967279619,0.5467464273774302,0.75,0.8630952380952381,0.023809523809523808,0.7880730661405186,0.38095238095238093,0.49404761904761907,0.1130952380952381,0.06547619047619048,0.18452380952380953,0.36904761904761907,0.30952380952380953,0.36904761904761907,0.3392857142857143,12.0,6.726190476190476,4.309523809523809,5.7023809523809526,10.011904761904763,7.857142857142857,0.36172161172161177,0.77014652014652,0.5659340659340659,0.07692307692307689,0.6923076923076924,0.846153846153846,1e-09,0.36904761904761907,0.9464285714285714,4.309523809523809,0.4084249084249084
sampled_28d,summer,2.5,42,sampled,planned,7,daylight_proxy,106,0.49004037862196764,-0.19357901382103548,0.6883156786116494,0.6037735849056604,0.7830188679245284,0.03773584905660377,1.2486213622388813,0.6037735849056604,0.7830188679245284,0.1792452830188679,0.10377358490566038,0.29245283018867924,0.0,0.0,0.0,0.0,12.0,9.933962264150944,0.0,8.452830188679245,8.452830188679245,8.452830188679245,0.5732946298984034,0.6502177068214805,0.6117561683599418,0.07692307692307689,0.6923076923076923,0.846153846153846,1.0000000000000003e-09,0.0,0.9150943396226415,0.0,0.0769230769230769
sampled_28d,summer,2.5,42,sampled,planned,8,all_hours,168,0.307244416321216,-0.12019141233967545,0.5460491793399002,0.8214285714285714,0.8869047619047619,0.017857142857142856,0.8099797047725341,0.4523809523809524,0.5178571428571429,0.09523809523809523,0.03571428571428571,0.14285714285714285,0.36904761904761907,0.3273809523809524,0.36904761904761907,0.3392857142857143,12.0,6.708333333333333,4.345238095238095,5.5,9.845238095238095,7.6726190476190474,0.3461538461538462,0.7573260073260073,0.5517399267399267,0.07692307692307689,0.6923076923076924,0.846153846153846,1e-09,0.36904761904761907,0.9404761904761905,4.345238095238095,0.4111721611721612
sampled_28d,summer,2.5,42,sampled,planned,8,daylight_proxy,106,0.4869534145468329,-0.19049204974590073,0.6874378918862469,0.7169811320754716,0.8207547169811321,0.02830188679245283,1.2831373189016173,0.7169811320754716,0.8207547169811321,0.1509433962264151,0.05660377358490566,0.22641509433962265,0.0,0.0,0.0,0.0,12.0,9.981132075471699,0.0,8.132075471698114,8.132075471698114,8.132075471698114,0.548621190130624,0.625544267053701,0.5870827285921625,0.07692307692307689,0.6923076923076923,0.846153846153846,1.0000000000000003e-09,0.0,0.9056603773584906,0.0,0.0769230769230769
sampled_28d,summer,2.5,42,sampled,planned,9,all_hours,168,0.30834014269770404,-0.12128713871616355,0.5463623803771465,0.7916666666666666,0.8869047619047619,0.023809523809523808,0.7939224762170493,0.4226190476190476,0.5178571428571429,0.08928571428571429,0.05357142857142857,0.15476190476190477,0.36904761904761907,0.32142857142857145,0.36904761904761907,0.35119047619047616,12.0,6.708333333333333,4.357142857142857,5.607142857142857,9.964285714285714,7.785714285714286,0.3543956043956044,0.7664835164835165,0.5604395604395604,0.07692307692307689,0.6923076923076924,0.846153846153846,1e-09,0.36904761904761907,0.9404761904761905,4.357142857142857,0.41208791208791207
sampled_28d,summer,2.5,42,sampled,planned,9,daylight_proxy,106,0.4886900374831536,-0.19222867268222144,0.6878321901819453,0.6698113207547169,0.8207547169811321,0.03773584905660377,1.2581540336506067,0.6698113207547169,0.8207547169811321,0.14150943396226415,0.08490566037735849,0.24528301886792453,0.0,0.0,0.0,0.0,12.0,9.943396226415095,0.0,8.30188679245283,8.30188679245283,8.30188679245283,0.5616835994194485,0.6386066763425254,0.6001451378809869,0.07692307692307689,0.6923076923076923,0.846153846153846,1.0000000000000003e-09,0.0,0.9056603773584906,0.0,0.07692307692307691
sampled_28d,summer,2.5,42,sampled,planned,10,all_hours,168,0.3065468716783588,-0.11949386769681831,0.5445883228903314,0.7976190476190477,0.8571428571428571,0.023809523809523808,0.8184606850552721,0.42857142857142855,0.4880952380952381,0.11904761904761904,0.041666666666666664,0.16071428571428573,0.36904761904761907,0.3273809523809524,0.36904761904761907,0.35119047619047616,12.0,6.684523809523809,4.351190476190476,5.738095238095238,10.089285714285714,7.913690476190476,0.3644688644688645,0.7760989010989011,0.5702838827838829,0.07692307692307689,0.6923076923076924,0.846153846153846,1e-09,0.36904761904761907,0.9404761904761905,4.351190476190476,0.41163003663003667
sampled_28d,summer,2.5,42,sampled,planned,10,daylight_proxy,106,0.48584787209400265,-0.1893865072930705,0.6855987753450337,0.6792452830188679,0.7735849056603774,0.03773584905660377,1.2968888192806605,0.6792452830188679,0.7735849056603774,0.18867924528301888,0.0660377358490566,0.25471698113207547,0.0,0.0,0.0,0.0,12.0,9.915094339622641,0.0,8.50943396226415,8.50943396226415,8.50943396226415,0.5776487663280117,0.6545718432510885,0.6161103047895502,0.07692307692307689,0.6923076923076923,0.846153846153846,1.0000000000000003e-09,0.0,0.9056603773584906,0.0,0.0769230769230769
sampled_28d,summer,2.5,42,sampled,planned,11,all_hours,168,0.3102791507227891,-0.12322614674124857,0.5473170681045127,0.75,0.875,0.041666666666666664,0.8180097722682822,0.38095238095238093,0.5059523809523809,0.08333333333333333,0.05952380952380952,0.19047619047619047,0.36904761904761907,0.32142857142857145,0.36904761904761907,0.35119047619047616,12.0,6.642857142857143,4.357142857142857,5.690476190476191,10.047619047619047,7.869047619047619,0.36080586080586086,0.7728937728937728,0.5668498168498168,0.07692307692307689,0.6923076923076924,0.846153846153846,1e-09,0.36904761904761907,0.9523809523809523,4.357142857142857,0.41208791208791207
sampled_28d,summer,2.5,42,sampled,planned,11,daylight_proxy,106,0.49176318227762805,-0.1953018174766959,0.6890340755496767,0.6037735849056604,0.8018867924528302,0.0660377358490566,1.2961432361859837,0.6037735849056604,0.8018867924528302,0.1320754716981132,0.09433962264150944,0.3018867924528302,0.0,0.0,0.0,0.0,12.0,9.858490566037736,0.0,8.433962264150944,8.433962264150944,8.433962264150944,0.5718432510885342,0.648766328011611,0.6103047895500727,0.07692307692307689,0.6923076923076923,0.846153846153846,1.0000000000000003e-09,0.0,0.9245283018867925,0.0,0.07692307692307691
sampled_28d,summer,2.5,42,sampled,planned,12,all_hours,168,0.31190841571003397,-0.12485541172849347,0.5481177489839573,0.7916666666666666,0.8928571428571429,0.03571428571428571,0.8354857568027212,0.4226190476190476,0.5238095238095238,0.07142857142857142,0.05357142857142857,0.15476190476190477,0.36904761904761907,0.30952380952380953,0.36904761904761907,0.34523809523809523,12.0,6.678571428571429,4.333333333333333,5.5,9.833333333333334,7.666666666666667,0.3461538461538462,0.7564102564102564,0.5512820512820513,0.07692307692307689,0.6923076923076924,0.846153846153846,1e-09,0.36904761904761907,0.9464285714285714,4.333333333333333,0.41025641025641024
sampled_28d,summer,2.5,42,sampled,planned,12,daylight_proxy,106,0.4943454135781671,-0.19788404877723492,0.6900420770203579,0.6698113207547169,0.8301886792452831,0.05660377358490566,1.3238153586169137,0.6698113207547169,0.8301886792452831,0.11320754716981132,0.08490566037735849,0.24528301886792453,0.0,0.0,0.0,0.0,12.0,9.867924528301886,0.0,8.132075471698114,8.132075471698114,8.132075471698114,0.5486211901306242,0.625544267053701,0.5870827285921626,0.07692307692307689,0.6923076923076923,0.846153846153846,1.0000000000000003e-09,0.0,0.9150943396226415,0.0,0.07692307692307691
sampled_28d,summer,2.5,42,sampled,planned,13,all_hours,168,0.30650825759991496,-0.11945525361837445,0.5409552156996263,0.8035714285714286,0.8988095238095238,0.017857142857142856,0.841810991974915,0.43452380952380953,0.5297619047619048,0.08333333333333333,0.02976190476190476,0.16666666666666666,0.36904761904761907,0.30952380952380953,0.36904761904761907,0.3630952380952381,12.0,6.630952380952381,4.363095238095238,5.654761904761905,10.017857142857142,7.836309523809524,0.35805860805860806,0.7706043956043955,0.5643315018315018,0.07692307692307689,0.6923076923076924,0.846153846153846,1e-09,0.36904761904761907,0.9642857142857143,4.363095238095238,0.4125457875457875
sampled_28d,summer,2.5,42,sampled,planned,13,daylight_proxy,106,0.4857866724225068,-0.18932530762157457,0.6810249463884656,0.6886792452830188,0.839622641509434,0.02830188679245283,1.3339547622557277,0.6886792452830188,0.839622641509434,0.1320754716981132,0.04716981132075472,0.2641509433962264,0.0,0.0,0.0,0.0,12.0,9.830188679245284,0.0,8.377358490566039,8.377358490566039,8.377358490566039,0.567489114658926,0.644412191582003,0.6059506531204644,0.07692307692307689,0.6923076923076923,0.846153846153846,1.0000000000000003e-09,0.0,0.9433962264150944,0.0,0.07692307692307691
sampled_28d,summer,2.5,42,sampled,planned,14,all_hours,168,0.30364458771789965,-0.11659158373635913,0.5380909235874072,0.7797619047619048,0.8988095238095238,0.017857142857142856,0.815032336176658,0.4107142857142857,0.5297619047619048,0.08333333333333333,0.06547619047619048,0.15476190476190477,0.36904761904761907,0.32142857142857145,0.36904761904761907,0.35119047619047616,12.0,6.648809523809524,4.351190476190476,5.523809523809524,9.875,7.699404761904762,0.347985347985348,0.7596153846153846,0.5538003663003663,0.07692307692307689,0.6923076923076924,0.846153846153846,1e-09,0.36904761904761907,0.9464285714285714,4.351190476190476,0.4116300366300366
sampled_28d,summer,2.5,42,sampled,planned,14,daylight_proxy,106,0.4812480258170485,-0.18478666101611632,0.6774190020781918,0.6509433962264151,0.839622641509434,0.02830188679245283,1.2916282797759437,0.6509433962264151,0.839622641509434,0.1320754716981132,0.10377358490566038,0.24528301886792453,0.0,0.0,0.0,0.0,12.0,9.849056603773585,0.0,8.169811320754716,8.169811320754716,8.169811320754716,0.5515239477503628,0.6284470246734399,0.5899854862119013,0.07692307692307689,0.6923076923076923,0.846153846153846,1.0000000000000003e-09,0.0,0.9150943396226415,0.0,0.0769230769230769
sampled_28d,summer,2.5,42,sampled,planned,15,all_hours,168,0.3042881556919643,-0.11594801576229449,0.5381843990934876,0.7678571428571429,0.8869047619047619,0.017857142857142856,0.7936173004357993,0.39880952380952384,0.5178571428571429,0.09523809523809523,0.06547619047619048,0.16666666666666666,0.36904761904761907,0.32142857142857145,0.36904761904761907,0.34523809523809523,12.0,6.630952380952381,4.351190476190476,5.446428571428571,9.797619047619047,7.622023809523809,0.34203296703296704,0.7536630036630036,0.5478479853479853,0.07692307692307689,0.6923076923076924,0.846153846153846,1e-09,0.36904761904761907,0.9464285714285714,4.351190476190476,0.41163003663003667
sampled_28d,summer,2.5,42,sampled,planned,15,daylight_proxy,106,0.4822680203419812,-0.18376666649118373,0.6775366812310488,0.6320754716981132,0.8207547169811321,0.02830188679245283,1.257647984754043,0.6320754716981132,0.8207547169811321,0.1509433962264151,0.10377358490566038,0.2641509433962264,0.0,0.0,0.0,0.0,12.0,9.820754716981131,0.0,8.047169811320755,8.047169811320755,8.047169811320755,0.5420899854862119,0.6190130624092888,0.5805515239477503,0.07692307692307689,0.6923076923076923,0.846153846153846,1.0000000000000003e-09,0.0,0.9150943396226415,0.0,0.07692307692307691
sampled_28d,summer,2.5,42,sampled,planned,16,all_hours,168,0.3125303930165816,-0.10770577843767715,0.5512773036908454,0.7916666666666666,0.8988095238095238,0.041666666666666664,0.8058807995854591,0.4226190476190476,0.5297619047619048,0.05952380952380952,0.07738095238095238,0.13095238095238096,0.36904761904761907,0.30357142857142855,0.36904761904761907,0.35119047619047616,12.0,6.589285714285714,4.345238095238095,5.386904761904762,9.732142857142858,7.559523809523809,0.3374542124542125,0.7486263736263736,0.5430402930402931,0.07692307692307689,0.6923076923076924,0.846153846153846,1e-09,0.36904761904761907,0.9523809523809523,4.345238095238095,0.4111721611721612
sampled_28d,summer,2.5,42,sampled,planned,16,daylight_proxy,106,0.4953311889319406,-0.17070349790122416,0.6940197363762938,0.6698113207547169,0.839622641509434,0.0660377358490566,1.2771305382412401,0.6698113207547169,0.839622641509434,0.09433962264150944,0.12264150943396226,0.20754716981132076,0.0,0.0,0.0,0.0,12.0,9.745283018867925,0.0,7.952830188679245,7.952830188679245,7.952830188679245,0.5348330914368651,0.6117561683599421,0.5732946298984035,0.07692307692307689,0.6923076923076923,0.846153846153846,1.0000000000000003e-09,0.0,0.9245283018867925,0.0,0.07692307692307691
sampled_28d,summer,2.5,42,sampled,planned,17,all_hours,168,0.3186173696366567,-0.10149721591110403,0.5570059394253896,0.8035714285714286,0.8928571428571429,0.02976190476190476,0.7869378952752977,0.43452380952380953,0.5238095238095238,0.07738095238095238,0.07142857142857142,0.125,0.36904761904761907,0.32142857142857145,0.36904761904761907,0.35119047619047616,12.0,6.583333333333333,4.357142857142857,5.511904761904762,9.869047619047619,7.690476190476191,0.34706959706959706,0.7591575091575092,0.5531135531135531,0.07692307692307689,0.6923076923076924,0.846153846153846,1e-09,0.36904761904761907,0.9523809523809523,4.357142857142857,0.41208791208791207
sampled_28d,summer,2.5,42,sampled,planned,17,daylight_proxy,106,0.5049784726316823,-0.1608635120100516,0.7012316898444776,0.6886792452830188,0.8301886792452831,0.04716981132075472,1.2471045316711593,0.6886792452830188,0.8301886792452831,0.12264150943396226,0.11320754716981132,0.19811320754716982,0.0,0.0,0.0,0.0,12.0,9.745283018867925,0.0,8.150943396226415,8.150943396226415,8.150943396226415,0.5500725689404935,0.6269956458635705,0.5885341074020319,0.07692307692307689,0.6923076923076923,0.846153846153846,1.0000000000000003e-09,0.0,0.9245283018867925,0.0,0.07692307692307691
sampled_28d,summer,2.5,42,sampled,planned,18,all_hours,168,0.31960591772516295,-0.09739789551888463,0.5576167282389657,0.7797619047619048,0.8928571428571429,0.03571428571428571,0.8115558235012754,0.4107142857142857,0.5238095238095238,0.07142857142857142,0.08333333333333333,0.13690476190476192,0.36904761904761907,0.32142857142857145,0.36904761904761907,0.3273809523809524,12.0,6.601190476190476,4.321428571428571,5.416666666666667,9.738095238095237,7.5773809523809526,0.33974358974358976,0.7490842490842491,0.5444139194139194,0.07692307692307689,0.6923076923076924,0.846153846153846,1e-09,0.36904761904761907,0.9642857142857143,4.321428571428571,0.4093406593406594
sampled_28d,summer,2.5,42,sampled,planned,18,daylight_proxy,106,0.506545228092711,-0.1543664759167228,0.7020006304276317,0.6509433962264151,0.8301886792452831,0.05660377358490566,1.285750479068396,0.6509433962264151,0.8301886792452831,0.11320754716981132,0.1320754716981132,0.2169811320754717,0.0,0.0,0.0,0.0,12.0,9.745283018867925,0.0,8.0,8.0,8.0,0.5384615384615385,0.6153846153846155,0.5769230769230769,0.07692307692307689,0.6923076923076923,0.846153846153846,1.0000000000000003e-09,0.0,0.9433962264150944,0.0,0.07692307692307691
sampled_28d,summer,2.5,42,sampled,planned,19,all_hours,168,0.3197953343121102,-0.09679709367470946,0.5576338712095665,0.7678571428571429,0.9047619047619048,0.041666666666666664,0.8124373040231718,0.39880952380952384,0.5357142857142857,0.05357142857142857,0.08928571428571429,0.14285714285714285,0.36904761904761907,0.31547619047619047,0.36904761904761907,0.3392857142857143,12.0,6.613095238095238,4.345238095238095,5.303571428571429,9.648809523809524,7.476190476190476,0.33104395604395603,0.7422161172161172,0.5366300366300366,0.07692307692307689,0.6923076923076924,0.846153846153846,1e-09,0.36904761904761907,0.9642857142857143,4.345238095238095,0.4111721611721612
sampled_28d,summer,2.5,42,sampled,planned,19,daylight_proxy,106,0.5068454355135331,-0.1534142616731244,0.7020222122338432,0.6320754716981132,0.8490566037735849,0.0660377358490566,1.2874469602847036,0.6320754716981132,0.8490566037735849,0.08490566037735849,0.14150943396226415,0.22641509433962265,0.0,0.0,0.0,0.0,12.0,9.773584905660377,0.0,7.820754716981132,7.820754716981132,7.820754716981132,0.5246734397677794,0.6015965166908563,0.5631349782293179,0.07692307692307689,0.6923076923076923,0.846153846153846,1.0000000000000003e-09,0.0,0.9433962264150944,0.0,0.07692307692307691
sampled_28d,summer,2.5,42,sampled,planned,20,all_hours,168,0.3197994863635558,-0.09679294162326389,0.5576338738064687,0.7916666666666666,0.8809523809523809,0.05357142857142857,0.8116600399925595,0.42857142857142855,0.5178571428571429,0.06547619047619048,0.08928571428571429,0.11904761904761904,0.3630952380952381,0.3333333333333333,0.3630952380952381,0.3630952380952381,12.0,6.565476190476191,4.3273809523809526,5.339285714285714,9.666666666666666,7.502976190476191,0.33379120879120877,0.7435897435897436,0.5386904761904762,0.07692307692307689,0.6923076923076924,0.846153846153846,1e-09,0.3630952380952381,0.9642857142857143,4.3273809523809526,0.4097985347985348
sampled_28d,summer,2.5,42,sampled,planned,20,daylight_proxy,107,0.5021150813932465,-0.15197396441783487,0.6987340371664471,0.6728971962616822,0.8130841121495327,0.08411214953271028,1.2743821188668227,0.6728971962616822,0.8130841121495327,0.102803738317757,0.14018691588785046,0.18691588785046728,0.0,0.0,0.0,0.0,12.0,9.69158878504673,0.0,7.813084112149533,7.813084112149533,7.813084112149533,0.5240833932422718,0.6010064701653488,0.5625449317038103,0.07692307692307689,0.6923076923076923,0.8461538461538459,1.0000000000000003e-09,0.0,0.9439252336448598,0.0,0.07692307692307691
sampled_28d,summer,2.5,42,sampled,planned,21,all_hours,168,0.3197994863635558,-0.09679294162326386,0.5576338738064687,0.7440476190476191,0.875,0.047619047619047616,0.8132801704666242,0.375,0.5059523809523809,0.07738095238095238,0.08333333333333333,0.17261904761904762,0.36904761904761907,0.30952380952380953,0.36904761904761907,0.34523809523809523,12.0,6.601190476190476,4.285714285714286,5.416666666666667,9.702380952380953,7.559523809523809,0.33974358974358976,0.7463369963369964,0.543040293040293,0.07692307692307689,0.6923076923076924,0.846153846153846,1e-09,0.36904761904761907,0.9642857142857143,4.285714285714286,0.4065934065934066
sampled_28d,summer,2.5,42,sampled,planned,21,daylight_proxy,107,0.5021150813932465,-0.15197396441783487,0.6987340371664471,0.5981308411214953,0.8037383177570093,0.07476635514018691,1.276617521278371,0.5887850467289719,0.794392523364486,0.12149532710280374,0.1308411214953271,0.27102803738317754,0.009345794392523364,0.0,0.009345794392523364,0.0,12.0,9.69158878504673,0.018691588785046728,7.934579439252336,7.953271028037383,7.94392523364486,0.5334291876347952,0.6117900790797988,0.5726096333572969,0.07692307692307689,0.6923076923076923,0.8461538461538459,1.0000000000000003e-09,0.009345794392523364,0.9439252336448598,0.018691588785046728,0.07836089144500358
sampled_28d,summer,2.5,42,sampled,planned,22,all_hours,168,0.3197994863635558,-0.09679294162326389,0.5576338738064687,0.7619047619047619,0.8809523809523809,0.047619047619047616,0.7915450115593112,0.39285714285714285,0.5119047619047619,0.07142857142857142,0.09523809523809523,0.14285714285714285,0.36904761904761907,0.3333333333333333,0.36904761904761907,0.34523809523809523,12.0,6.595238095238095,4.315476190476191,5.511904761904762,9.827380952380953,7.669642857142857,0.34706959706959706,0.7559523809523809,0.5515109890109889,0.07692307692307689,0.6923076923076924,0.846153846153846,1e-09,0.36904761904761907,0.9523809523809523,4.315476190476191,0.408882783882784
sampled_28d,summer,2.5,42,sampled,planned,22,daylight_proxy,107,0.5021150813932465,-0.15197396441783487,0.6987340371664471,0.6261682242990654,0.8130841121495327,0.07476635514018691,1.2426692621411881,0.616822429906542,0.8037383177570093,0.11214953271028037,0.14953271028037382,0.22429906542056074,0.009345794392523364,0.0,0.009345794392523364,0.0,12.0,9.719626168224298,0.018691588785046728,8.08411214953271,8.102803738317757,8.093457943925234,0.5449317038102085,0.6232925952552121,0.5841121495327103,0.07692307692307689,0.6923076923076923,0.8461538461538459,1.0000000000000003e-09,0.009345794392523364,0.9252336448598131,0.018691588785046728,0.07836089144500358
sampled_28d,summer,2.5,42,sampled,planned,23,all_hours,168,0.32594895135788693,-0.10515572684151785,0.5631147376595758,0.7619047619047619,0.8809523809523809,0.041666666666666664,0.8239251999627977,0.39285714285714285,0.5119047619047619,0.07738095238095238,0.09523809523809523,0.14285714285714285,0.36904761904761907,0.31547619047619047,0.36904761904761907,0.34523809523809523,12.0,6.583333333333333,4.339285714285714,5.464285714285714,9.803571428571429,7.633928571428571,0.3434065934065934,0.7541208791208791,0.5487637362637362,0.07692307692307689,0.6923076923076924,0.846153846153846,1e-09,0.36904761904761907,0.9583333333333334,4.339285714285714,0.4107142857142857
sampled_28d,summer,2.5,42,sampled,planned,23,daylight_proxy,106,0.5165983380011792,-0.16666190669221695,0.7089222414265601,0.6226415094339622,0.8113207547169812,0.0660377358490566,1.3057032171285377,0.6226415094339622,0.8113207547169812,0.12264150943396226,0.1509433962264151,0.22641509433962265,0.0,0.0,0.0,0.0,12.0,9.726415094339623,0.0,8.075471698113208,8.075471698113208,8.075471698113208,0.544267053701016,0.621190130624093,0.5827285921625545,0.07692307692307689,0.6923076923076923,0.846153846153846,1.0000000000000003e-09,0.0,0.9339622641509434,0.0,0.07692307692307691
sampled_28d,autumn,2.5,42,sampled,planned,0,all_hours,168,0.3131801890678146,0.16235647742169781,0.5753671545732298,0.8333333333333334,0.9166666666666666,0.041666666666666664,0.7018577938988095,0.30952380952380953,0.39285714285714285,0.041666666666666664,0.08333333333333333,0.08333333333333333,0.5238095238095238,0.4642857142857143,0.5238095238095238,0.4642857142857143,12.0,5.25,6.023809523809524,3.5833333333333335,9.607142857142858,6.595238095238095,0.19871794871794873,0.739010989010989,0.4688644688644688,0.07692307692307689,0.6923076923076924,0.846153846153846,1e-09,0.5238095238095238,0.9880952380952381,6.023809523809524,0.5402930402930403
sampled_28d,autumn,2.5,42,sampled,planned,0,daylight_proxy,112,0.46977028360172196,0.24353471613254676,0.7046779717307349,0.75,0.875,0.0625,1.0527866908482142,0.4642857142857143,0.5892857142857143,0.0625,0.125,0.125,0.2857142857142857,0.19642857142857142,0.2857142857142857,0.19642857142857142,12.0,7.375,3.0357142857142856,4.875,7.910714285714286,6.392857142857143,0.2980769230769231,0.6085164835164836,0.4532967032967033,0.07692307692307689,0.6923076923076923,0.8461538461538461,1.0000000000000003e-09,0.2857142857142857,0.9821428571428571,3.0357142857142856,0.3104395604395604
sampled_28d,autumn,2.5,42,sampled,planned,1,all_hours,168,0.31318018906781464,0.16235647742169784,0.5753671545732298,0.8452380952380952,0.9523809523809523,0.017857142857142856,0.6807998345822704,0.32142857142857145,0.42857142857142855,0.02976190476190476,0.08928571428571429,0.06547619047619048,0.5238095238095238,0.4583333333333333,0.5238095238095238,0.47023809523809523,12.0,5.220238095238095,6.053571428571429,3.5773809523809526,9.630952380952381,6.604166666666667,0.19826007326007325,0.7408424908424908,0.46955128205128205,0.07692307692307689,0.6923076923076924,0.846153846153846,1e-09,0.5238095238095238,0.9880952380952381,6.053571428571429,0.5425824175824175
sampled_28d,autumn,2.5,42,sampled,planned,1,daylight_proxy,112,0.46977028360172196,0.24353471613254676,0.7046779717307349,0.7678571428571429,0.9285714285714286,0.026785714285714284,1.0211997518734057,0.48214285714285715,0.6428571428571429,0.044642857142857144,0.13392857142857142,0.09821428571428571,0.2857142857142857,0.1875,0.2857142857142857,0.20535714285714285,12.0,7.330357142857143,3.080357142857143,4.866071428571429,7.946428571428571,6.40625,0.2973901098901099,0.6112637362637363,0.4543269230769231,0.07692307692307689,0.6923076923076923,0.8461538461538461,1.0000000000000003e-09,0.2857142857142857,0.9821428571428571,3.080357142857143,0.31387362637362637
sampled_28d,autumn,2.5,42,sampled,planned,2,all_hours,168,0.31318018906781464,0.16235647742169781,0.5753671545732298,0.8690476190476191,0.9285714285714286,0.03571428571428571,0.7200097324085886,0.34523809523809523,0.40476190476190477,0.03571428571428571,0.06547619047619048,0.06547619047619048,0.5238095238095238,0.4583333333333333,0.5238095238095238,0.4642857142857143,12.0,5.166666666666667,6.0476190476190474,3.755952380952381,9.803571428571429,6.779761904761905,0.21199633699633702,0.754120879120879,0.4830586080586081,0.07692307692307689,0.6923076923076924,0.846153846153846,1e-09,0.5238095238095238,0.9880952380952381,6.0476190476190474,0.5421245421245421
sampled_28d,autumn,2.5,42,sampled,planned,2,daylight_proxy,112,0.46977028360172196,0.24353471613254676,0.7046779717307349,0.8035714285714286,0.8928571428571429,0.05357142857142857,1.0800145986128826,0.5178571428571429,0.6071428571428571,0.05357142857142857,0.09821428571428571,0.09821428571428571,0.2857142857142857,0.1875,0.2857142857142857,0.19642857142857142,12.0,7.25,3.0714285714285716,5.133928571428571,8.205357142857142,6.669642857142857,0.3179945054945055,0.6311813186813187,0.47458791208791207,0.07692307692307689,0.6923076923076923,0.8461538461538461,1.0000000000000003e-09,0.2857142857142857,0.9821428571428571,3.0714285714285716,0.31318681318681324
sampled_28d,autumn,2.5,42,sampled,planned,3,all_hours,168,0.3131801890678146,0.16235647742169781,0.5753671545732298,0.8452380952380952,0.8988095238095238,0.05952380952380952,0.7138377079347364,0.32142857142857145,0.375,0.041666666666666664,0.08333333333333333,0.07142857142857142,0.5238095238095238,0.4583333333333333,0.5238095238095238,0.4583333333333333,12.0,5.208333333333333,6.023809523809524,3.636904761904762,9.660714285714286,6.648809523809524,0.20283882783882787,0.743131868131868,0.4729853479853479,0.07692307692307689,0.6923076923076924,0.846153846153846,1e-09,0.5238095238095238,0.9821428571428571,6.023809523809524,0.5402930402930404
sampled_28d,autumn,2.5,42,sampled,planned,3,daylight_proxy,112,0.46977028360172196,0.24353471613254676,0.7046779717307349,0.7678571428571429,0.8482142857142857,0.08928571428571429,1.0707565619021047,0.48214285714285715,0.5625,0.0625,0.125,0.10714285714285714,0.2857142857142857,0.1875,0.2857142857142857,0.1875,12.0,7.3125,3.0357142857142856,4.955357142857143,7.991071428571429,6.473214285714286,0.3042582417582418,0.6146978021978021,0.45947802197802196,0.07692307692307689,0.6923076923076923,0.8461538461538461,1.0000000000000003e-09,0.2857142857142857,0.9732142857142857,3.0357142857142856,0.3104395604395605
sampled_28d,autumn,2.5,42,sampled,planned,4,all_hours,168,0.3131801890678146,0.16235647742169781,0.5753671545732298,0.8392857142857143,0.9464285714285714,0.03571428571428571,0.7083868947969814,0.31547619047619047,0.4226190476190476,0.017857142857142856,0.08333333333333333,0.07738095238095238,0.5238095238095238,0.4583333333333333,0.5238095238095238,0.4642857142857143,12.0,5.196428571428571,6.053571428571429,3.744047619047619,9.797619047619047,6.770833333333333,0.2110805860805861,0.7536630036630036,0.4823717948717948,0.07692307692307689,0.6923076923076924,0.846153846153846,1e-09,0.5238095238095238,0.9821428571428571,6.053571428571429,0.5425824175824175
sampled_28d,autumn,2.5,42,sampled,planned,4,daylight_proxy,112,0.46977028360172196,0.24353471613254676,0.7046779717307349,0.7589285714285714,0.9196428571428571,0.05357142857142857,1.062580342195472,0.4732142857142857,0.6339285714285714,0.026785714285714284,0.125,0.11607142857142858,0.2857142857142857,0.1875,0.2857142857142857,0.19642857142857142,12.0,7.294642857142857,3.080357142857143,5.116071428571429,8.196428571428571,6.65625,0.3166208791208791,0.6304945054945055,0.47355769230769224,0.07692307692307689,0.6923076923076923,0.8461538461538461,1.0000000000000003e-09,0.2857142857142857,0.9732142857142857,3.080357142857143,0.3138736263736264
sampled_28d,autumn,2.5,42,sampled,planned,5,all_hours,168,0.31318018906781464,0.16235647742169781,0.5753671545732298,0.8690476190476191,0.9583333333333334,0.023809523809523808,0.7146353170174319,0.34523809523809523,0.43452380952380953,0.017857142857142856,0.05952380952380952,0.07142857142857142,0.5238095238095238,0.4583333333333333,0.5238095238095238,0.4583333333333333,12.0,5.214285714285714,6.035714285714286,3.6547619047619047,9.69047619047619,6.6726190476190474,0.2042124542124542,0.7454212454212454,0.47481684981684985,0.07692307692307689,0.6923076923076924,0.846153846153846,1e-09,0.5238095238095238,0.9821428571428571,6.035714285714286,0.5412087912087912
sampled_28d,autumn,2.5,42,sampled,planned,5,daylight_proxy,112,0.46977028360172185,0.24353471613254676,0.704677971730735,0.8035714285714286,0.9375,0.03571428571428571,1.071952975526148,0.5178571428571429,0.6517857142857143,0.026785714285714284,0.08928571428571429,0.10714285714285714,0.2857142857142857,0.1875,0.2857142857142857,0.1875,12.0,7.321428571428571,3.0535714285714284,4.982142857142857,8.035714285714286,6.508928571428571,0.3063186813186813,0.618131868131868,0.4622252747252747,0.07692307692307689,0.6923076923076923,0.8461538461538461,1.0000000000000003e-09,0.2857142857142857,0.9732142857142857,3.0535714285714284,0.31181318681318676
sampled_28d,autumn,2.5,42,sampled,planned,6,all_hours,168,0.3131884931707058,0.16236478152458897,0.5753679719156988,0.8452380952380952,0.9345238095238095,0.02976190476190476,0.6993732063137755,0.32142857142857145,0.4107142857142857,0.03571428571428571,0.08333333333333333,0.07142857142857142,0.5238095238095238,0.4642857142857143,0.5238095238095238,0.47619047619047616,12.0,5.160714285714286,6.089285714285714,3.6011904761904763,9.69047619047619,6.645833333333333,0.20009157509157507,0.7454212454212454,0.47275641025641024,0.07692307692307689,0.6923076923076924,0.846153846153846,1e-09,0.5238095238095238,0.9880952380952381,6.089285714285714,0.5453296703296703
sampled_28d,autumn,2.5,42,sampled,planned,6,daylight_proxy,112,0.46978273975605866,0.24354717228688352,0.704678972766732,0.7678571428571429,0.9017857142857143,0.044642857142857144,1.0490598094706631,0.48214285714285715,0.6160714285714286,0.05357142857142857,0.125,0.10714285714285714,0.2857142857142857,0.19642857142857142,0.2857142857142857,0.21428571428571427,12.0,7.241071428571429,3.1339285714285716,4.901785714285714,8.035714285714286,6.46875,0.3001373626373626,0.618131868131868,0.45913461538461536,0.07692307692307689,0.6923076923076923,0.8461538461538461,1.0000000000000003e-09,0.2857142857142857,0.9821428571428571,3.1339285714285716,0.3179945054945055
sampled_28d,autumn,2.5,42,sampled,planned,7,all_hours,168,0.31373947039753397,0.16291575875141723,0.5755097042436936,0.8690476190476191,0.9523809523809523,0.011904761904761904,0.7123458758503401,0.34523809523809523,0.42857142857142855,0.03571428571428571,0.07142857142857142,0.05952380952380952,0.5238095238095238,0.4642857142857143,0.5238095238095238,0.4642857142857143,12.0,5.303571428571429,6.017857142857143,3.613095238095238,9.630952380952381,6.622023809523809,0.20100732600732604,0.7408424908424908,0.4709249084249084,0.07692307692307689,0.6923076923076924,0.846153846153846,1e-09,0.5238095238095238,0.9761904761904762,6.017857142857143,0.5398351648351648
sampled_28d,autumn,2.5,42,sampled,planned,7,daylight_proxy,112,0.470609205596301,0.24437363812712584,0.704852558708554,0.8035714285714286,0.9285714285714286,0.017857142857142856,1.0685188137755104,0.5178571428571429,0.6428571428571429,0.05357142857142857,0.10714285714285714,0.08928571428571429,0.2857142857142857,0.19642857142857142,0.2857142857142857,0.19642857142857142,12.0,7.455357142857143,3.0267857142857144,4.919642857142857,7.946428571428571,6.433035714285714,0.301510989010989,0.6112637362637362,0.4563873626373626,0.07692307692307689,0.6923076923076923,0.8461538461538461,1.0000000000000003e-09,0.2857142857142857,0.9642857142857143,3.0267857142857144,0.30975274725274726
sampled_28d,autumn,2.5,42,sampled,planned,8,all_hours,168,0.31604468936011904,0.16522097771400224,0.576467749114298,0.8511904761904762,0.9226190476190477,0.03571428571428571,0.7383879577221514,0.3273809523809524,0.39880952380952384,0.041666666666666664,0.07142857142857142,0.07738095238095238,0.5238095238095238,0.4583333333333333,0.5238095238095238,0.4583333333333333,12.0,5.321428571428571,6.023809523809524,3.482142857142857,9.505952380952381,6.494047619047619,0.19093406593406595,0.7312271062271062,0.4610805860805861,0.07692307692307689,0.6923076923076924,0.846153846153846,1e-09,0.5238095238095238,0.9821428571428571,6.023809523809524,0.5402930402930404
sampled_28d,autumn,2.5,42,sampled,planned,8,daylight_proxy,112,0.4740670340401785,0.24783146657100336,0.7060259192503898,0.7767857142857143,0.8839285714285714,0.05357142857142857,1.107581936583227,0.49107142857142855,0.5982142857142857,0.0625,0.10714285714285714,0.11607142857142858,0.2857142857142857,0.1875,0.2857142857142857,0.1875,12.0,7.482142857142857,3.0357142857142856,4.723214285714286,7.758928571428571,6.241071428571429,0.28640109890109894,0.5968406593406593,0.4416208791208791,0.07692307692307689,0.6923076923076923,0.8461538461538461,1.0000000000000003e-09,0.2857142857142857,0.9732142857142857,3.0357142857142856,0.3104395604395604
sampled_28d,autumn,2.5,42,sampled,planned,9,all_hours,168,0.3159562506643282,0.16513253901821143,0.5763808736737362,0.8511904761904762,0.9107142857142857,0.05357142857142857,0.7396576550542091,0.3273809523809524,0.3869047619047619,0.03571428571428571,0.08333333333333333,0.06547619047619048,0.5238095238095238,0.4583333333333333,0.5238095238095238,0.4583333333333333,12.0,5.291666666666667,6.029761904761905,3.5535714285714284,9.583333333333334,6.568452380952381,0.19642857142857142,0.7371794871794871,0.4668040293040293,0.07692307692307689,0.6923076923076924,0.846153846153846,1e-09,0.5238095238095238,0.9821428571428571,6.029761904761905,0.5407509157509157
sampled_28d,autumn,2.5,42,sampled,planned,9,daylight_proxy,112,0.47393437599649235,0.24769880852731715,0.7059195190001119,0.7767857142857143,0.8660714285714286,0.08035714285714286,1.109486482581314,0.49107142857142855,0.5803571428571429,0.05357142857142857,0.125,0.09821428571428571,0.2857142857142857,0.1875,0.2857142857142857,0.1875,12.0,7.4375,3.044642857142857,4.830357142857143,7.875,6.352678571428571,0.29464285714285715,0.6057692307692307,0.4502060439560439,0.07692307692307689,0.6923076923076923,0.8461538461538461,1.0000000000000003e-09,0.2857142857142857,0.9732142857142857,3.044642857142857,0.31112637362637363
sampled_28d,autumn,2.5,42,sampled,planned,10,all_hours,168,0.31248970291241496,0.16166599126629816,0.5696242782722727,0.8630952380952381,0.9523809523809523,0.02976190476190476,0.7065873957004678,0.3392857142857143,0.42857142857142855,0.017857142857142856,0.07738095238095238,0.05952380952380952,0.5238095238095238,0.4583333333333333,0.5238095238095238,0.47619047619047616,12.0,5.267857142857143,6.095238095238095,3.6011904761904763,9.696428571428571,6.648809523809524,0.20009157509157507,0.745879120879121,0.472985347985348,0.07692307692307689,0.6923076923076924,0.846153846153846,1e-09,0.5238095238095238,0.9761904761904762,6.095238095238095,0.5457875457875458
sampled_28d,autumn,2.5,42,sampled,planned,10,daylight_proxy,112,0.46873455436862244,0.24249898689944724,0.6976444134341014,0.7946428571428571,0.9285714285714286,0.044642857142857144,1.0598810935507017,0.5089285714285714,0.6428571428571429,0.026785714285714284,0.11607142857142858,0.08928571428571429,0.2857142857142857,0.1875,0.2857142857142857,0.21428571428571427,12.0,7.401785714285714,3.142857142857143,4.901785714285714,8.044642857142858,6.473214285714286,0.3001373626373626,0.6188186813186813,0.45947802197802196,0.07692307692307689,0.6923076923076923,0.8461538461538461,1.0000000000000003e-09,0.2857142857142857,0.9642857142857143,3.142857142857143,0.3186813186813187
sampled_28d,autumn,2.5,42,sampled,planned,11,all_hours,168,0.31272512422937926,0.16190141258326246,0.5701186417456013,0.8392857142857143,0.9166666666666666,0.047619047619047616,0.7014097875478316,0.31547619047619047,0.39285714285714285,0.03571428571428571,0.09523809523809523,0.06547619047619048,0.5238095238095238,0.4583333333333333,0.5238095238095238,0.4583333333333333,12.0,5.25,6.029761904761905,3.4583333333333335,9.488095238095237,6.473214285714286,0.1891025641025641,0.7298534798534799,0.4594780219780219,0.07692307692307689,0.6923076923076924,0.846153846153846,1e-09,0.5238095238095238,0.9761904761904762,6.029761904761905,0.5407509157509157
sampled_28d,autumn,2.5,42,sampled,planned,11,daylight_proxy,112,0.46908768634406883,0.2428521188748937,0.6982498825626638,0.7589285714285714,0.875,0.07142857142857142,1.0521146813217475,0.4732142857142857,0.5892857142857143,0.05357142857142857,0.14285714285714285,0.09821428571428571,0.2857142857142857,0.1875,0.2857142857142857,0.1875,12.0,7.375,3.044642857142857,4.6875,7.732142857142857,6.209821428571429,0.28365384615384615,0.5947802197802198,0.43921703296703296,0.07692307692307689,0.6923076923076923,0.8461538461538461,1.0000000000000003e-09,0.2857142857142857,0.9642857142857143,3.044642857142857,0.31112637362637363
sampled_28d,autumn,2.5,42,sampled,planned,12,all_hours,168,0.31614018654336734,0.16531647489725054,0.5772885462728199,0.8154761904761905,0.9166666666666666,0.041666666666666664,0.6718737543845663,0.2916666666666667,0.39285714285714285,0.041666666666666664,0.1130952380952381,0.07142857142857142,0.5238095238095238,0.47023809523809523,0.5238095238095238,0.47619047619047616,12.0,5.279761904761905,6.029761904761905,3.4583333333333335,9.488095238095237,6.473214285714286,0.1891025641025641,0.7298534798534797,0.4594780219780219,0.07692307692307689,0.6923076923076924,0.846153846153846,1e-09,0.5238095238095238,0.9821428571428571,6.029761904761905,0.5407509157509157
sampled_28d,autumn,2.5,42,sampled,planned,12,daylight_proxy,112,0.474210279815051,0.24797471234587581,0.7070311863607421,0.7232142857142857,0.875,0.0625,1.0078106315768496,0.4375,0.5892857142857143,0.0625,0.16964285714285715,0.10714285714285714,0.2857142857142857,0.20535714285714285,0.2857142857142857,0.21428571428571427,12.0,7.419642857142857,3.044642857142857,4.6875,7.732142857142857,6.209821428571429,0.28365384615384615,0.5947802197802198,0.43921703296703296,0.07692307692307689,0.6923076923076923,0.8461538461538461,1.0000000000000003e-09,0.2857142857142857,0.9732142857142857,3.044642857142857,0.3111263736263736
sampled_28d,autumn,2.5,42,sampled,planned,13,all_hours,168,0.31797871492346935,0.16715500327735258,0.5800519956102307,0.8392857142857143,0.9107142857142857,0.05357142857142857,0.675812390385842,0.31547619047619047,0.3869047619047619,0.03571428571428571,0.09523809523809523,0.06547619047619048,0.5238095238095238,0.4583333333333333,0.5238095238095238,0.4583333333333333,12.0,5.3273809523809526,6.0,3.4583333333333335,9.458333333333334,6.458333333333333,0.1891025641025641,0.7275641025641025,0.4583333333333333,0.07692307692307689,0.6923076923076924,0.846153846153846,1e-09,0.5238095238095238,0.9821428571428571,6.0,0.5384615384615384
sampled_28d,autumn,2.5,42,sampled,planned,13,daylight_proxy,112,0.476968072385204,0.2507325049160289,0.7104157067640866,0.7589285714285714,0.8660714285714286,0.08035714285714286,1.013718585578763,0.4732142857142857,0.5803571428571429,0.05357142857142857,0.14285714285714285,0.09821428571428571,0.2857142857142857,0.1875,0.2857142857142857,0.1875,12.0,7.491071428571429,3.0,4.6875,7.6875,6.1875,0.28365384615384615,0.5913461538461539,0.4375,0.07692307692307689,0.6923076923076923,0.8461538461538461,1.0000000000000003e-09,0.2857142857142857,0.9732142857142857,3.0,0.30769230769230765
sampled_28d,autumn,2.5,42,sampled,planned,14,all_hours,168,0.3213887947757228,0.170565083129606,0.5850727182877342,0.875,0.9047619047619048,0.05357142857142857,0.6879853748139881,0.35119047619047616,0.38095238095238093,0.041666666666666664,0.07738095238095238,0.047619047619047616,0.5238095238095238,0.4583333333333333,0.5238095238095238,0.47023809523809523,12.0,5.309523809523809,6.0476190476190474,3.4642857142857144,9.511904761904763,6.488095238095238,0.18956043956043955,0.7316849816849816,0.46062271062271065,0.07692307692307689,0.6923076923076924,0.846153846153846,1e-09,0.5238095238095238,0.9821428571428571,6.0476190476190474,0.5421245421245421
sampled_28d,autumn,2.5,42,sampled,planned,14,daylight_proxy,112,0.4820831921635841,0.25584762469440897,0.7165648111140386,0.8125,0.8571428571428571,0.08035714285714286,1.0319780622209822,0.5267857142857143,0.5714285714285714,0.0625,0.11607142857142858,0.07142857142857142,0.2857142857142857,0.1875,0.2857142857142857,0.20535714285714285,12.0,7.464285714285714,3.0714285714285716,4.696428571428571,7.767857142857143,6.232142857142857,0.28434065934065933,0.5975274725274725,0.440934065934066,0.07692307692307689,0.6923076923076923,0.8461538461538461,1.0000000000000003e-09,0.2857142857142857,0.9732142857142857,3.0714285714285716,0.31318681318681313
sampled_28d,autumn,2.5,42,sampled,planned,15,all_hours,168,0.3282975315777352,0.18115945759814342,0.5954885681593668,0.8273809523809523,0.9345238095238095,0.02976190476190476,0.7234700520833334,0.30357142857142855,0.4107142857142857,0.03571428571428571,0.10714285714285714,0.06547619047619048,0.5238095238095238,0.4642857142857143,0.5238095238095238,0.47023809523809523,12.0,5.285714285714286,6.053571428571429,3.5595238095238093,9.613095238095237,6.586309523809524,0.19688644688644685,0.7394688644688644,0.46817765567765574,0.07692307692307689,0.6923076923076924,0.846153846153846,1e-09,0.5238095238095238,0.9821428571428571,6.053571428571429,0.5425824175824175
sampled_28d,autumn,2.5,42,sampled,planned,15,daylight_proxy,112,0.4924462973666029,0.2717391863972151,0.7293215698255052,0.7410714285714286,0.9017857142857143,0.044642857142857144,1.085205078125,0.45535714285714285,0.6160714285714286,0.05357142857142857,0.16071428571428573,0.09821428571428571,0.2857142857142857,0.19642857142857142,0.2857142857142857,0.20535714285714285,12.0,7.428571428571429,3.080357142857143,4.839285714285714,7.919642857142857,6.379464285714286,0.29532967032967034,0.6092032967032966,0.45226648351648346,0.07692307692307689,0.6923076923076923,0.8461538461538461,1.0000000000000003e-09,0.2857142857142857,0.9732142857142857,3.080357142857143,0.3138736263736263
sampled_28d,autumn,2.5,42,sampled,planned,16,all_hours,168,0.33403234503436785,0.18689427105477605,0.6003301193645597,0.8452380952380952,0.9285714285714286,0.03571428571428571,0.7443291281356293,0.32142857142857145,0.40476190476190477,0.03571428571428571,0.10119047619047619,0.05357142857142857,0.5238095238095238,0.4583333333333333,0.5238095238095238,0.4583333333333333,12.0,5.321428571428571,6.023809523809524,3.5,9.523809523809524,6.511904761904762,0.1923076923076923,0.7326007326007326,0.4624542124542125,0.07692307692307689,0.6923076923076924,0.846153846153846,1e-09,0.5238095238095238,0.9761904761904762,6.023809523809524,0.5402930402930404
sampled_28d,autumn,2.5,42,sampled,planned,16,daylight_proxy,112,0.5010485175515518,0.2803414065821641,0.7352512348336451,0.7678571428571429,0.8928571428571429,0.05357142857142857,1.1164936922034439,0.48214285714285715,0.6071428571428571,0.05357142857142857,0.15178571428571427,0.08035714285714286,0.2857142857142857,0.1875,0.2857142857142857,0.1875,12.0,7.482142857142857,3.0357142857142856,4.75,7.785714285714286,6.267857142857143,0.28846153846153844,0.5989010989010989,0.4436813186813187,0.07692307692307689,0.6923076923076923,0.8461538461538461,1.0000000000000003e-09,0.2857142857142857,0.9642857142857143,3.0357142857142856,0.3104395604395604
sampled_28d,autumn,2.5,42,sampled,planned,17,all_hours,168,0.33403732749610254,0.18689925351651077,0.6003338571258345,0.8392857142857143,0.9226190476190477,0.041666666666666664,0.7381093550701531,0.31547619047619047,0.39880952380952384,0.03571428571428571,0.08928571428571429,0.07142857142857142,0.5238095238095238,0.4583333333333333,0.5238095238095238,0.4642857142857143,12.0,5.321428571428571,5.976190476190476,3.5952380952380953,9.571428571428571,6.583333333333333,0.19963369963369965,0.7362637362637362,0.46794871794871795,0.07692307692307689,0.6923076923076924,0.846153846153846,1e-09,0.5238095238095238,0.9761904761904762,5.976190476190476,0.5366300366300367
sampled_28d,autumn,2.5,42,sampled,planned,17,daylight_proxy,112,0.5010559912441538,0.2803488802747661,0.7352558126375969,0.7589285714285714,0.8839285714285714,0.0625,1.1071640326052297,0.4732142857142857,0.5982142857142857,0.05357142857142857,0.13392857142857142,0.10714285714285714,0.2857142857142857,0.1875,0.2857142857142857,0.19642857142857142,12.0,7.482142857142857,2.9642857142857144,4.892857142857143,7.857142857142857,6.375,0.29945054945054955,0.6043956043956044,0.4519230769230769,0.07692307692307689,0.6923076923076923,0.8461538461538461,1.0000000000000003e-09,0.2857142857142857,0.9642857142857143,2.9642857142857144,0.30494505494505486
sampled_28d,autumn,2.5,42,sampled,planned,18,all_hours,168,0.3340373274961026,0.18689925351651077,0.6003338571258345,0.8511904761904762,0.8988095238095238,0.05357142857142857,0.7165294828869048,0.3273809523809524,0.375,0.047619047619047616,0.07738095238095238,0.07142857142857142,0.5238095238095238,0.4583333333333333,0.5238095238095238,0.4583333333333333,12.0,5.226190476190476,6.017857142857143,3.4464285714285716,9.464285714285714,6.455357142857143,0.18818681318681318,0.728021978021978,0.45810439560439553,0.07692307692307689,0.6923076923076924,0.846153846153846,1e-09,0.5238095238095238,0.9821428571428571,6.017857142857143,0.5398351648351648
sampled_28d,autumn,2.5,42,sampled,planned,18,daylight_proxy,112,0.5010559912441538,0.2803488802747661,0.7352558126375969,0.7767857142857143,0.8482142857142857,0.08035714285714286,1.0747942243303572,0.49107142857142855,0.5625,0.07142857142857142,0.11607142857142858,0.10714285714285714,0.2857142857142857,0.1875,0.2857142857142857,0.1875,12.0,7.339285714285714,3.0267857142857144,4.669642857142857,7.696428571428571,6.183035714285714,0.2822802197802198,0.5920329670329669,0.43715659340659346,0.07692307692307689,0.6923076923076923,0.8461538461538461,1.0000000000000003e-09,0.2857142857142857,0.9732142857142857,3.0267857142857144,0.3097527472527472
sampled_28d,autumn,2.5,42,sampled,planned,19,all_hours,168,0.33403732749610254,0.18689925351651077,0.6003338571258346,0.8095238095238095,0.8988095238095238,0.05357142857142857,0.698145444701318,0.2857142857142857,0.375,0.047619047619047616,0.1130952380952381,0.07738095238095238,0.5238095238095238,0.4583333333333333,0.5238095238095238,0.48214285714285715,12.0,5.238095238095238,6.059523809523809,3.4226190476190474,9.482142857142858,6.4523809523809526,0.18635531135531136,0.7293956043956044,0.45787545787545786,0.07692307692307689,0.6923076923076924,0.846153846153846,1e-09,0.5238095238095238,0.9821428571428571,6.059523809523809,0.543040293040293
sampled_28d,autumn,2.5,42,sampled,planned,19,daylight_proxy,112,0.5010559912441538,0.2803488802747662,0.7352558126375969,0.7142857142857143,0.8482142857142857,0.08035714285714286,1.0472181670519771,0.42857142857142855,0.5625,0.07142857142857142,0.16964285714285715,0.11607142857142858,0.2857142857142857,0.1875,0.2857142857142857,0.22321428571428573,12.0,7.357142857142857,3.0892857142857144,4.633928571428571,7.723214285714286,6.178571428571429,0.27953296703296704,0.5940934065934067,0.43681318681318676,0.07692307692307689,0.6923076923076923,0.8461538461538461,1.0000000000000003e-09,0.2857142857142857,0.9732142857142857,3.0892857142857144,0.3145604395604395
sampled_28d,autumn,2.5,42,sampled,planned,20,all_hours,168,0.33403732749610254,0.18689925351651074,0.6003338571258345,0.8333333333333334,0.9166666666666666,0.05357142857142857,0.7131484673947703,0.30952380952380953,0.39285714285714285,0.02976190476190476,0.10119047619047619,0.06547619047619048,0.5238095238095238,0.4583333333333333,0.5238095238095238,0.4642857142857143,12.0,5.244047619047619,6.101190476190476,3.4523809523809526,9.553571428571429,6.502976190476191,0.18864468864468864,0.7348901098901099,0.4617673992673992,0.07692307692307689,0.6923076923076924,0.846153846153846,1e-09,0.5238095238095238,0.9821428571428571,6.101190476190476,0.5462454212454212
sampled_28d,autumn,2.5,42,sampled,planned,20,daylight_proxy,112,0.5010559912441538,0.2803488802747661,0.7352558126375969,0.75,0.875,0.08035714285714286,1.0697227010921557,0.4642857142857143,0.5892857142857143,0.044642857142857144,0.15178571428571427,0.09821428571428571,0.2857142857142857,0.1875,0.2857142857142857,0.19642857142857142,12.0,7.366071428571429,3.1517857142857144,4.678571428571429,7.830357142857143,6.254464285714286,0.28296703296703296,0.6023351648351649,0.4426510989010989,0.07692307692307689,0.6923076923076923,0.8461538461538461,1.0000000000000003e-09,0.2857142857142857,0.9732142857142857,3.1517857142857144,0.31936813186813184
sampled_28d,autumn,2.5,42,sampled,planned,21,all_hours,168,0.33403732749610254,0.18689925351651077,0.6003338571258345,0.8214285714285714,0.8869047619047619,0.06547619047619048,0.692584602200255,0.2976190476190476,0.3630952380952381,0.047619047619047616,0.10119047619047619,0.07738095238095238,0.5238095238095238,0.4583333333333333,0.5238095238095238,0.4583333333333333,12.0,5.321428571428571,6.0,3.4702380952380953,9.470238095238095,6.470238095238095,0.190018315018315,0.7284798534798534,0.4592490842490842,0.07692307692307689,0.6923076923076924,0.846153846153846,1e-09,0.5238095238095238,0.9821428571428571,6.0,0.5384615384615384
sampled_28d,autumn,2.5,42,sampled,planned,21,daylight_proxy,112,0.5010559912441538,0.2803488802747661,0.7352558126375969,0.7321428571428571,0.8303571428571429,0.09821428571428571,1.0388769033003826,0.44642857142857145,0.5446428571428571,0.07142857142857142,0.15178571428571427,0.11607142857142858,0.2857142857142857,0.1875,0.2857142857142857,0.1875,12.0,7.482142857142857,3.0,4.705357142857143,7.705357142857143,6.205357142857143,0.2850274725274725,0.5927197802197802,0.4388736263736263,0.07692307692307689,0.6923076923076923,0.8461538461538461,1.0000000000000003e-09,0.2857142857142857,0.9732142857142857,3.0,0.30769230769230765
sampled_28d,autumn,2.5,42,sampled,planned,22,all_hours,168,0.3340373274961026,0.18689925351651077,0.6003338571258346,0.8333333333333334,0.9107142857142857,0.05357142857142857,0.681593706818665,0.30952380952380953,0.3869047619047619,0.03571428571428571,0.10714285714285714,0.05952380952380952,0.5238095238095238,0.4583333333333333,0.5238095238095238,0.4583333333333333,12.0,5.261904761904762,6.017857142857143,3.4107142857142856,9.428571428571429,6.419642857142857,0.18543956043956045,0.7252747252747253,0.45535714285714285,0.07692307692307689,0.6923076923076924,0.846153846153846,1e-09,0.5238095238095238,0.9880952380952381,6.017857142857143,0.5398351648351648
sampled_28d,autumn,2.5,42,sampled,planned,22,daylight_proxy,112,0.5010559912441538,0.2803488802747661,0.7352558126375969,0.75,0.8660714285714286,0.08035714285714286,1.0223905602279975,0.4642857142857143,0.5803571428571429,0.05357142857142857,0.16071428571428573,0.08928571428571429,0.2857142857142857,0.1875,0.2857142857142857,0.1875,12.0,7.392857142857143,3.0267857142857144,4.616071428571429,7.642857142857143,6.129464285714286,0.27815934065934067,0.5879120879120878,0.4330357142857143,0.07692307692307689,0.6923076923076923,0.8461538461538461,1.0000000000000003e-09,0.2857142857142857,0.9821428571428571,3.0267857142857144,0.3097527472527472
sampled_28d,autumn,2.5,42,sampled,planned,23,all_hours,168,0.32660667782738095,0.18885023328993056,0.5911550457461107,0.8214285714285714,0.9166666666666666,0.05357142857142857,0.6757521856398809,0.2976190476190476,0.39285714285714285,0.02976190476190476,0.125,0.05357142857142857,0.5238095238095238,0.4642857142857143,0.5238095238095238,0.47619047619047616,12.0,5.184523809523809,6.095238095238095,3.3333333333333335,9.428571428571429,6.380952380952381,0.1794871794871795,0.7252747252747254,0.4523809523809524,0.07692307692307689,0.6923076923076924,0.846153846153846,1e-09,0.5238095238095238,0.9940476190476191,6.095238095238095,0.5457875457875458
sampled_28d,autumn,2.5,42,sampled,planned,23,daylight_proxy,112,0.4899100167410714,0.28327534993489584,0.7240141104748093,0.7321428571428571,0.875,0.08035714285714286,1.0136282784598214,0.44642857142857145,0.5892857142857143,0.044642857142857144,0.1875,0.08035714285714286,0.2857142857142857,0.19642857142857142,0.2857142857142857,0.21428571428571427,12.0,7.276785714285714,3.142857142857143,4.5,7.642857142857143,6.071428571428571,0.2692307692307692,0.5879120879120878,0.42857142857142855,0.07692307692307689,0.6923076923076923,0.8461538461538461,1.0000000000000003e-09,0.2857142857142857,0.9910714285714286,3.142857142857143,0.3186813186813187
all_matching_28d,winter,2.5,42,all_matching,planned,0,all_hours,168,0.1621970455662734,0.1491839350486288,0.3336207135666682,0.9464285714285714,0.9821428571428571,0.011904761904761904,0.42428609627444724,0.24404761904761904,0.26785714285714285,0.005952380952380952,0.041666666666666664,0.011904761904761904,0.7142857142857143,0.625,0.7023809523809523,0.625,29.0,9.44047619047619,18.672619047619047,4.4523809523809526,23.125,13.788690476190476,0.11507936507936509,0.7708333333333334,0.44295634920634913,0.033333333333333305,0.7999999999999998,0.9333333333333333,1e-09,0.7142857142857143,0.9226190476190477,18.672619047619047,0.6557539682539681
all_matching_28d,winter,2.5,42,all_matching,planned,0,daylight_proxy,84,0.3243940911325468,0.29836787009725774,0.4718109378145718,0.8928571428571429,0.9642857142857143,0.023809523809523808,0.8485721925488947,0.4880952380952381,0.5357142857142857,0.011904761904761904,0.08333333333333333,0.023809523809523808,0.42857142857142855,0.25,0.40476190476190477,0.25,29.0,17.88095238095238,8.345238095238095,7.904761904761905,16.25,12.077380952380953,0.23015873015873015,0.5416666666666666,0.3859126984126985,0.0333333333333333,0.7999999999999998,0.9333333333333336,1e-09,0.42857142857142855,0.8452380952380952,8.345238095238095,0.31150793650793646
all_matching_28d,winter,2.5,42,all_matching,planned,1,all_hours,168,0.1621970455662734,0.1491839350486288,0.33362071356666817,0.9464285714285714,0.9821428571428571,0.011904761904761904,0.42428609627444724,0.24404761904761904,0.26785714285714285,0.005952380952380952,0.041666666666666664,0.011904761904761904,0.7142857142857143,0.625,0.7023809523809523,0.625,29.0,9.44047619047619,18.672619047619047,4.4523809523809526,23.125,13.788690476190476,0.11507936507936509,0.7708333333333334,0.44295634920634924,0.033333333333333305,0.7999999999999998,0.9333333333333333,1e-09,0.7142857142857143,0.9226190476190477,18.672619047619047,0.6557539682539681
all_matching_28d,winter,2.5,42,all_matching,planned,1,daylight_proxy,84,0.3243940911325468,0.29836787009725774,0.4718109378145718,0.8928571428571429,0.9642857142857143,0.023809523809523808,0.8485721925488947,0.4880952380952381,0.5357142857142857,0.011904761904761904,0.08333333333333333,0.023809523809523808,0.42857142857142855,0.25,0.40476190476190477,0.25,29.0,17.88095238095238,8.345238095238095,7.904761904761905,16.25,12.077380952380953,0.23015873015873015,0.5416666666666666,0.3859126984126985,0.0333333333333333,0.7999999999999998,0.9333333333333336,1e-09,0.42857142857142855,0.8452380952380952,8.345238095238095,0.31150793650793646
all_matching_28d,winter,2.5,42,all_matching,planned,2,all_hours,168,0.16219704556627337,0.1491839350486288,0.3336207135666682,0.9464285714285714,0.9821428571428571,0.011904761904761904,0.42428609627444724,0.24404761904761904,0.26785714285714285,0.005952380952380952,0.041666666666666664,0.011904761904761904,0.7142857142857143,0.625,0.7023809523809523,0.625,29.0,9.44047619047619,18.672619047619047,4.4523809523809526,23.125,13.788690476190476,0.11507936507936507,0.7708333333333334,0.44295634920634913,0.033333333333333305,0.7999999999999998,0.9333333333333333,1e-09,0.7142857142857143,0.9226190476190477,18.672619047619047,0.6557539682539681
all_matching_28d,winter,2.5,42,all_matching,planned,2,daylight_proxy,84,0.3243940911325468,0.29836787009725774,0.4718109378145718,0.8928571428571429,0.9642857142857143,0.023809523809523808,0.8485721925488947,0.4880952380952381,0.5357142857142857,0.011904761904761904,0.08333333333333333,0.023809523809523808,0.42857142857142855,0.25,0.40476190476190477,0.25,29.0,17.88095238095238,8.345238095238095,7.904761904761905,16.25,12.077380952380953,0.23015873015873015,0.5416666666666666,0.3859126984126985,0.0333333333333333,0.7999999999999998,0.9333333333333336,1e-09,0.42857142857142855,0.8452380952380952,8.345238095238095,0.31150793650793646
all_matching_28d,winter,2.5,42,all_matching,planned,3,all_hours,168,0.1621970455662734,0.1491839350486288,0.3336207135666682,0.9464285714285714,0.9821428571428571,0.011904761904761904,0.42428609627444724,0.24404761904761904,0.26785714285714285,0.005952380952380952,0.041666666666666664,0.011904761904761904,0.7142857142857143,0.625,0.7023809523809523,0.625,29.0,9.44047619047619,18.672619047619047,4.4523809523809526,23.125,13.788690476190476,0.11507936507936507,0.7708333333333334,0.44295634920634913,0.033333333333333305,0.7999999999999998,0.9333333333333333,1e-09,0.7142857142857143,0.9226190476190477,18.672619047619047,0.6557539682539681
all_matching_28d,winter,2.5,42,all_matching,planned,3,daylight_proxy,84,0.3243940911325468,0.29836787009725774,0.4718109378145718,0.8928571428571429,0.9642857142857143,0.023809523809523808,0.8485721925488947,0.4880952380952381,0.5357142857142857,0.011904761904761904,0.08333333333333333,0.023809523809523808,0.42857142857142855,0.25,0.40476190476190477,0.25,29.0,17.88095238095238,8.345238095238095,7.904761904761905,16.25,12.077380952380953,0.23015873015873015,0.5416666666666666,0.3859126984126985,0.0333333333333333,0.7999999999999998,0.9333333333333336,1e-09,0.42857142857142855,0.8452380952380952,8.345238095238095,0.31150793650793646
all_matching_28d,winter,2.5,42,all_matching,planned,4,all_hours,168,0.1621970455662734,0.1491839350486288,0.3336207135666682,0.9464285714285714,0.9821428571428571,0.011904761904761904,0.42428609627444724,0.24404761904761904,0.26785714285714285,0.005952380952380952,0.041666666666666664,0.011904761904761904,0.7142857142857143,0.625,0.7023809523809523,0.625,29.0,9.44047619047619,18.672619047619047,4.4523809523809526,23.125,13.788690476190476,0.11507936507936509,0.7708333333333334,0.44295634920634913,0.033333333333333305,0.7999999999999998,0.9333333333333333,1e-09,0.7142857142857143,0.9226190476190477,18.672619047619047,0.6557539682539681
all_matching_28d,winter,2.5,42,all_matching,planned,4,daylight_proxy,84,0.3243940911325468,0.29836787009725774,0.4718109378145718,0.8928571428571429,0.9642857142857143,0.023809523809523808,0.8485721925488947,0.4880952380952381,0.5357142857142857,0.011904761904761904,0.08333333333333333,0.023809523809523808,0.42857142857142855,0.25,0.40476190476190477,0.25,29.0,17.88095238095238,8.345238095238095,7.904761904761905,16.25,12.077380952380953,0.23015873015873015,0.5416666666666666,0.3859126984126985,0.0333333333333333,0.7999999999999998,0.9333333333333336,1e-09,0.42857142857142855,0.8452380952380952,8.345238095238095,0.31150793650793646
all_matching_28d,winter,2.5,42,all_matching,planned,5,all_hours,168,0.1621970455662734,0.1491839350486288,0.3336207135666682,0.9464285714285714,0.9821428571428571,0.011904761904761904,0.42428609627444724,0.24404761904761904,0.26785714285714285,0.005952380952380952,0.041666666666666664,0.011904761904761904,0.7142857142857143,0.625,0.7023809523809523,0.625,29.0,9.44047619047619,18.672619047619047,4.4523809523809526,23.125,13.788690476190476,0.11507936507936509,0.7708333333333334,0.44295634920634924,0.033333333333333305,0.7999999999999998,0.9333333333333333,1e-09,0.7142857142857143,0.9226190476190477,18.672619047619047,0.6557539682539681
all_matching_28d,winter,2.5,42,all_matching,planned,5,daylight_proxy,84,0.3243940911325468,0.29836787009725774,0.4718109378145718,0.8928571428571429,0.9642857142857143,0.023809523809523808,0.8485721925488947,0.4880952380952381,0.5357142857142857,0.011904761904761904,0.08333333333333333,0.023809523809523808,0.42857142857142855,0.25,0.40476190476190477,0.25,29.0,17.88095238095238,8.345238095238095,7.904761904761905,16.25,12.077380952380953,0.23015873015873015,0.5416666666666666,0.3859126984126985,0.0333333333333333,0.7999999999999998,0.9333333333333336,1e-09,0.42857142857142855,0.8452380952380952,8.345238095238095,0.31150793650793646
all_matching_28d,winter,2.5,42,all_matching,planned,6,all_hours,168,0.16219704556627337,0.1491839350486288,0.3336207135666682,0.9464285714285714,0.9821428571428571,0.011904761904761904,0.42428609627444724,0.24404761904761904,0.26785714285714285,0.005952380952380952,0.041666666666666664,0.011904761904761904,0.7142857142857143,0.625,0.7023809523809523,0.625,29.0,9.44047619047619,18.672619047619047,4.4523809523809526,23.125,13.788690476190476,0.11507936507936507,0.7708333333333334,0.44295634920634924,0.033333333333333305,0.7999999999999998,0.9333333333333333,1e-09,0.7142857142857143,0.9226190476190477,18.672619047619047,0.6557539682539681
all_matching_28d,winter,2.5,42,all_matching,planned,6,daylight_proxy,84,0.3243940911325468,0.2983678700972577,0.47181093781457184,0.8928571428571429,0.9642857142857143,0.023809523809523808,0.8485721925488948,0.4880952380952381,0.5357142857142857,0.011904761904761904,0.08333333333333333,0.023809523809523808,0.42857142857142855,0.25,0.40476190476190477,0.25,29.0,17.88095238095238,8.345238095238095,7.904761904761905,16.25,12.077380952380953,0.23015873015873017,0.5416666666666666,0.3859126984126984,0.0333333333333333,0.7999999999999998,0.9333333333333336,1e-09,0.42857142857142855,0.8452380952380952,8.345238095238095,0.31150793650793646
all_matching_28d,winter,2.5,42,all_matching,planned,7,all_hours,168,0.16219704556627337,0.1491839350486288,0.3336207135666682,0.9464285714285714,0.9821428571428571,0.011904761904761904,0.42428609627444724,0.24404761904761904,0.26785714285714285,0.005952380952380952,0.041666666666666664,0.011904761904761904,0.7142857142857143,0.625,0.7023809523809523,0.625,29.0,9.44047619047619,18.672619047619047,4.4523809523809526,23.125,13.788690476190476,0.11507936507936509,0.7708333333333334,0.44295634920634913,0.033333333333333305,0.7999999999999998,0.9333333333333333,1e-09,0.7142857142857143,0.9226190476190477,18.672619047619047,0.6557539682539681
all_matching_28d,winter,2.5,42,all_matching,planned,7,daylight_proxy,84,0.3243940911325468,0.2983678700972576,0.47181093781457184,0.8928571428571429,0.9642857142857143,0.023809523809523808,0.8485721925488945,0.4880952380952381,0.5357142857142857,0.011904761904761904,0.08333333333333333,0.023809523809523808,0.42857142857142855,0.25,0.40476190476190477,0.25,29.0,17.88095238095238,8.345238095238095,7.904761904761905,16.25,12.077380952380953,0.23015873015873015,0.5416666666666666,0.3859126984126985,0.0333333333333333,0.7999999999999998,0.9333333333333336,1e-09,0.42857142857142855,0.8452380952380952,8.345238095238095,0.31150793650793646
all_matching_28d,winter,2.5,42,all_matching,planned,8,all_hours,168,0.1621355952048788,0.14912248468723424,0.3336025221125435,0.9464285714285714,0.9821428571428571,0.011904761904761904,0.4236695166347789,0.24404761904761904,0.26785714285714285,0.005952380952380952,0.041666666666666664,0.011904761904761904,0.7142857142857143,0.625,0.7023809523809523,0.625,29.0,9.363095238095237,18.761904761904763,4.458333333333333,23.220238095238095,13.839285714285714,0.11527777777777778,0.7740079365079365,0.44464285714285706,0.033333333333333305,0.7999999999999998,0.9333333333333333,1e-09,0.7142857142857143,0.9226190476190477,18.761904761904763,0.6587301587301587
all_matching_28d,winter,2.5,42,all_matching,planned,8,daylight_proxy,84,0.3242711904097576,0.2982449693744685,0.4717852112134294,0.8928571428571429,0.9642857142857143,0.023809523809523808,0.8473390332695577,0.4880952380952381,0.5357142857142857,0.011904761904761904,0.08333333333333333,0.023809523809523808,0.42857142857142855,0.25,0.40476190476190477,0.25,29.0,17.726190476190474,8.523809523809524,7.916666666666667,16.44047619047619,12.178571428571429,0.23055555555555557,0.5480158730158731,0.38928571428571423,0.0333333333333333,0.7999999999999998,0.9333333333333336,1e-09,0.42857142857142855,0.8452380952380952,8.523809523809524,0.31746031746031744
all_matching_28d,winter,2.5,42,all_matching,planned,9,all_hours,168,0.16202307461070364,0.1490099640930591,0.33350994407806706,0.9464285714285714,0.9821428571428571,0.011904761904761904,0.4212202214870323,0.23809523809523808,0.2619047619047619,0.005952380952380952,0.041666666666666664,0.011904761904761904,0.7202380952380952,0.625,0.7083333333333334,0.625,29.0,9.279761904761905,18.857142857142858,4.416666666666667,23.273809523809526,13.845238095238095,0.11388888888888889,0.7757936507936507,0.44484126984126987,0.033333333333333305,0.7999999999999998,0.9333333333333333,1e-09,0.7202380952380952,0.9226190476190477,18.857142857142858,0.6619047619047619
all_matching_28d,winter,2.5,42,all_matching,planned,9,daylight_proxy,84,0.3240461492214073,0.29801992818611817,0.47165428610149496,0.8928571428571429,0.9642857142857143,0.023809523809523808,0.8424404429740646,0.47619047619047616,0.5238095238095238,0.011904761904761904,0.08333333333333333,0.023809523809523808,0.44047619047619047,0.25,0.4166666666666667,0.25,29.0,17.55952380952381,8.714285714285714,7.833333333333333,16.547619047619047,12.19047619047619,0.22777777777777777,0.5515873015873016,0.38968253968253963,0.0333333333333333,0.7999999999999998,0.9333333333333336,1e-09,0.44047619047619047,0.8452380952380952,8.714285714285714,0.32380952380952377
all_matching_28d,winter,2.5,42,all_matching,planned,10,all_hours,168,0.16190474114450465,0.14889163062686012,0.33334880573146375,0.9464285714285714,0.9821428571428571,0.011904761904761904,0.41618004623724486,0.23809523809523808,0.2619047619047619,0.005952380952380952,0.041666666666666664,0.011904761904761904,0.7202380952380952,0.625,0.7083333333333334,0.625,29.0,9.208333333333334,18.863095238095237,4.446428571428571,23.30952380952381,13.87797619047619,0.11488095238095236,0.776984126984127,0.44593253968253965,0.033333333333333305,0.7999999999999998,0.9333333333333333,1e-09,0.7202380952380952,0.9226190476190477,18.863095238095237,0.6621031746031746
all_matching_28d,winter,2.5,42,all_matching,planned,10,daylight_proxy,84,0.3238094822890093,0.29778326125372023,0.47142640206631015,0.8928571428571429,0.9642857142857143,0.023809523809523808,0.8323600924744897,0.47619047619047616,0.5238095238095238,0.011904761904761904,0.08333333333333333,0.023809523809523808,0.44047619047619047,0.25,0.4166666666666667,0.25,29.0,17.416666666666668,8.726190476190476,7.892857142857143,16.61904761904762,12.255952380952381,0.22976190476190478,0.553968253968254,0.39186507936507936,0.0333333333333333,0.7999999999999998,0.9333333333333336,1e-09,0.44047619047619047,0.8452380952380952,8.726190476190476,0.32420634920634916
all_matching_28d,winter,2.5,42,all_matching,planned,11,all_hours,168,0.1613628984308567,0.14834978791321213,0.33218722012987595,0.9464285714285714,0.9821428571428571,0.011904761904761904,0.40823052853954084,0.23809523809523808,0.2619047619047619,0.005952380952380952,0.041666666666666664,0.011904761904761904,0.7202380952380952,0.625,0.7083333333333334,0.625,29.0,9.136904761904763,18.863095238095237,4.488095238095238,23.351190476190474,13.919642857142858,0.11626984126984126,0.7783730158730158,0.4473214285714286,0.033333333333333305,0.7999999999999998,0.9333333333333333,1e-09,0.7202380952380952,0.9285714285714286,18.863095238095237,0.6621031746031746
all_matching_28d,winter,2.5,42,all_matching,planned,11,daylight_proxy,84,0.3227257968617134,0.2966995758264243,0.4697836719546874,0.8928571428571429,0.9642857142857143,0.023809523809523808,0.8164610570790817,0.47619047619047616,0.5238095238095238,0.011904761904761904,0.08333333333333333,0.023809523809523808,0.44047619047619047,0.25,0.4166666666666667,0.25,29.0,17.273809523809526,8.726190476190476,7.976190476190476,16.702380952380953,12.339285714285714,0.23253968253968252,0.5567460317460318,0.3946428571428572,0.0333333333333333,0.7999999999999998,0.9333333333333336,1e-09,0.44047619047619047,0.8571428571428571,8.726190476190476,0.32420634920634916
all_matching_28d,winter,2.5,42,all_matching,planned,12,all_hours,168,0.1609298394650829,0.14791672894743832,0.33108180362725537,0.9464285714285714,0.9821428571428571,0.011904761904761904,0.406486666932398,0.23809523809523808,0.2619047619047619,0.005952380952380952,0.041666666666666664,0.011904761904761904,0.7202380952380952,0.625,0.7083333333333334,0.625,29.0,9.06547619047619,18.863095238095237,4.535714285714286,23.398809523809526,13.967261904761905,0.11785714285714285,0.7799603174603175,0.4489087301587302,0.033333333333333305,0.7999999999999998,0.9333333333333333,1e-09,0.7202380952380952,0.9345238095238095,18.863095238095237,0.6621031746031745
all_matching_28d,winter,2.5,42,all_matching,planned,12,daylight_proxy,84,0.3218596789301658,0.2958334578948767,0.46822037694461033,0.8928571428571429,0.9642857142857143,0.023809523809523808,0.812973333864796,0.47619047619047616,0.5238095238095238,0.011904761904761904,0.08333333333333333,0.023809523809523808,0.44047619047619047,0.25,0.4166666666666667,0.25,29.0,17.13095238095238,8.726190476190476,8.071428571428571,16.797619047619047,12.43452380952381,0.23571428571428568,0.5599206349206349,0.39781746031746035,0.0333333333333333,0.7999999999999998,0.9333333333333336,1e-09,0.44047619047619047,0.8690476190476191,8.726190476190476,0.3242063492063492
all_matching_28d,winter,2.5,42,all_matching,planned,13,all_hours,168,0.16459236404522745,0.1515792535275829,0.33822235309293885,0.9464285714285714,0.9821428571428571,0.011904761904761904,0.40452274659863946,0.23809523809523808,0.2619047619047619,0.005952380952380952,0.041666666666666664,0.011904761904761904,0.7202380952380952,0.625,0.7083333333333334,0.625,29.0,8.994047619047619,18.863095238095237,4.523809523809524,23.386904761904763,13.955357142857142,0.11746031746031745,0.7795634920634921,0.4485119047619047,0.033333333333333305,0.7999999999999998,0.9333333333333333,1e-09,0.7202380952380952,0.9404761904761905,18.863095238095237,0.6621031746031745
all_matching_28d,winter,2.5,42,all_matching,planned,13,daylight_proxy,84,0.3291847280904549,0.30315850705516584,0.4783186388417758,0.8928571428571429,0.9642857142857143,0.023809523809523808,0.8090454931972789,0.47619047619047616,0.5238095238095238,0.011904761904761904,0.08333333333333333,0.023809523809523808,0.44047619047619047,0.25,0.4166666666666667,0.25,29.0,16.988095238095237,8.726190476190476,8.047619047619047,16.773809523809526,12.410714285714286,0.2349206349206349,0.5591269841269841,0.39702380952380956,0.0333333333333333,0.7999999999999998,0.9333333333333336,1e-09,0.44047619047619047,0.8809523809523809,8.726190476190476,0.3242063492063493
all_matching_28d,winter,2.5,42,all_matching,planned,14,all_hours,168,0.1667211346615469,0.1582578282777955,0.3417350464192472,0.9464285714285714,0.9821428571428571,0.011904761904761904,0.4034913770195579,0.23809523809523808,0.2619047619047619,0.005952380952380952,0.041666666666666664,0.011904761904761904,0.7202380952380952,0.625,0.7083333333333334,0.625,29.0,8.93452380952381,18.863095238095237,4.488095238095238,23.351190476190474,13.919642857142858,0.11626984126984127,0.778373015873016,0.4473214285714286,0.033333333333333305,0.7999999999999998,0.9333333333333333,1e-09,0.7202380952380952,0.9464285714285714,18.863095238095237,0.6621031746031745
all_matching_28d,winter,2.5,42,all_matching,planned,14,daylight_proxy,84,0.33344226932309384,0.316515656555591,0.48328633738429855,0.8928571428571429,0.9642857142857143,0.023809523809523808,0.8069827540391158,0.47619047619047616,0.5238095238095238,0.011904761904761904,0.08333333333333333,0.023809523809523808,0.44047619047619047,0.25,0.4166666666666667,0.25,29.0,16.86904761904762,8.726190476190476,7.976190476190476,16.702380952380953,12.339285714285714,0.23253968253968252,0.5567460317460318,0.3946428571428573,0.0333333333333333,0.7999999999999998,0.9333333333333336,1e-09,0.44047619047619047,0.8928571428571429,8.726190476190476,0.3242063492063492
all_matching_28d,winter,2.5,42,all_matching,planned,15,all_hours,168,0.1691064882170316,0.16064318183328016,0.3436439665760083,0.9464285714285714,0.9821428571428571,0.011904761904761904,0.4031492479804421,0.23214285714285715,0.25595238095238093,0.005952380952380952,0.041666666666666664,0.011904761904761904,0.7261904761904762,0.625,0.7142857142857143,0.625,29.0,8.904761904761905,18.898809523809526,4.369047619047619,23.267857142857142,13.818452380952381,0.1123015873015873,0.7755952380952381,0.44394841269841273,0.033333333333333305,0.7999999999999998,0.9333333333333333,1e-09,0.7261904761904762,0.9523809523809523,18.898809523809526,0.6632936507936508
all_matching_28d,winter,2.5,42,all_matching,planned,15,daylight_proxy,84,0.3382129764340632,0.3212863636665604,0.4859859581594776,0.8928571428571429,0.9642857142857143,0.023809523809523808,0.8062984959608844,0.4642857142857143,0.5119047619047619,0.011904761904761904,0.08333333333333333,0.023809523809523808,0.4523809523809524,0.25,0.42857142857142855,0.25,29.0,16.80952380952381,8.797619047619047,7.738095238095238,16.535714285714285,12.136904761904763,0.22460317460317455,0.5511904761904762,0.3878968253968255,0.0333333333333333,0.7999999999999998,0.9333333333333336,1e-09,0.4523809523809524,0.9047619047619048,8.797619047619047,0.3265873015873016
all_matching_28d,winter,2.5,42,all_matching,planned,16,all_hours,168,0.1691646169372697,0.16070131055351827,0.3436618789291798,0.9404761904761905,0.9821428571428571,0.011904761904761904,0.4031575520833333,0.2261904761904762,0.25,0.005952380952380952,0.047619047619047616,0.011904761904761904,0.7321428571428571,0.625,0.7142857142857143,0.625,29.0,8.875,18.922619047619047,4.315476190476191,23.238095238095237,13.776785714285714,0.11051587301587301,0.7746031746031745,0.4425595238095238,0.033333333333333305,0.7999999999999998,0.9333333333333333,1e-09,0.7321428571428571,0.9523809523809523,18.922619047619047,0.6640873015873016
all_matching_28d,winter,2.5,42,all_matching,planned,16,daylight_proxy,84,0.33832923387453945,0.3214026211070366,0.4860112900522666,0.8809523809523809,0.9642857142857143,0.023809523809523808,0.8063151041666666,0.4523809523809524,0.5,0.011904761904761904,0.09523809523809523,0.023809523809523808,0.4642857142857143,0.25,0.42857142857142855,0.25,29.0,16.75,8.845238095238095,7.630952380952381,16.476190476190474,12.053571428571429,0.22103174603174602,0.5492063492063493,0.38511904761904764,0.0333333333333333,0.7999999999999998,0.9333333333333336,1e-09,0.4642857142857143,0.9047619047619048,8.845238095238095,0.32817460317460323
all_matching_28d,winter,2.5,42,all_matching,planned,17,all_hours,168,0.1691646169372697,0.1607013105535183,0.3436618789291799,0.9404761904761905,0.9821428571428571,0.011904761904761904,0.4031575520833333,0.2261904761904762,0.25,0.005952380952380952,0.047619047619047616,0.011904761904761904,0.7321428571428571,0.625,0.7142857142857143,0.625,29.0,8.875,18.922619047619047,4.315476190476191,23.238095238095237,13.776785714285714,0.11051587301587301,0.7746031746031745,0.4425595238095238,0.033333333333333305,0.7999999999999998,0.9333333333333333,1e-09,0.7321428571428571,0.9523809523809523,18.922619047619047,0.6640873015873016
all_matching_28d,winter,2.5,42,all_matching,planned,17,daylight_proxy,84,0.3383292338745394,0.3214026211070366,0.4860112900522667,0.8809523809523809,0.9642857142857143,0.023809523809523808,0.8063151041666669,0.4523809523809524,0.5,0.011904761904761904,0.09523809523809523,0.023809523809523808,0.4642857142857143,0.25,0.42857142857142855,0.25,29.0,16.75,8.845238095238095,7.630952380952381,16.476190476190474,12.053571428571429,0.22103174603174602,0.5492063492063493,0.38511904761904764,0.0333333333333333,0.7999999999999998,0.9333333333333336,1e-09,0.4642857142857143,0.9047619047619048,8.845238095238095,0.3281746031746032
all_matching_28d,winter,2.5,42,all_matching,planned,18,all_hours,168,0.1691646169372697,0.16070131055351827,0.34366187892917976,0.9404761904761905,0.9821428571428571,0.011904761904761904,0.4031575520833333,0.2261904761904762,0.25,0.005952380952380952,0.047619047619047616,0.011904761904761904,0.7321428571428571,0.625,0.7142857142857143,0.625,29.0,8.875,18.922619047619047,4.315476190476191,23.238095238095237,13.776785714285714,0.11051587301587301,0.7746031746031745,0.4425595238095238,0.033333333333333305,0.7999999999999998,0.9333333333333333,1e-09,0.7321428571428571,0.9523809523809523,18.922619047619047,0.6640873015873016
all_matching_28d,winter,2.5,42,all_matching,planned,18,daylight_proxy,84,0.3383292338745394,0.3214026211070366,0.4860112900522667,0.8809523809523809,0.9642857142857143,0.023809523809523808,0.8063151041666669,0.4523809523809524,0.5,0.011904761904761904,0.09523809523809523,0.023809523809523808,0.4642857142857143,0.25,0.42857142857142855,0.25,29.0,16.75,8.845238095238095,7.630952380952381,16.476190476190474,12.053571428571429,0.22103174603174602,0.5492063492063493,0.38511904761904764,0.0333333333333333,0.7999999999999998,0.9333333333333336,1e-09,0.4642857142857143,0.9047619047619048,8.845238095238095,0.3281746031746032
all_matching_28d,winter,2.5,42,all_matching,planned,19,all_hours,168,0.1691646169372697,0.1607013105535183,0.34366187892917976,0.9404761904761905,0.9821428571428571,0.011904761904761904,0.4031575520833333,0.2261904761904762,0.25,0.005952380952380952,0.047619047619047616,0.011904761904761904,0.7321428571428571,0.625,0.7142857142857143,0.625,29.0,8.875,18.922619047619047,4.315476190476191,23.238095238095237,13.776785714285714,0.11051587301587301,0.7746031746031745,0.4425595238095238,0.033333333333333305,0.7999999999999998,0.9333333333333333,1e-09,0.7321428571428571,0.9523809523809523,18.922619047619047,0.6640873015873016
all_matching_28d,winter,2.5,42,all_matching,planned,19,daylight_proxy,84,0.3383292338745394,0.3214026211070366,0.4860112900522667,0.8809523809523809,0.9642857142857143,0.023809523809523808,0.8063151041666669,0.4523809523809524,0.5,0.011904761904761904,0.09523809523809523,0.023809523809523808,0.4642857142857143,0.25,0.42857142857142855,0.25,29.0,16.75,8.845238095238095,7.630952380952381,16.476190476190474,12.053571428571429,0.22103174603174602,0.5492063492063493,0.38511904761904764,0.0333333333333333,0.7999999999999998,0.9333333333333336,1e-09,0.4642857142857143,0.9047619047619048,8.845238095238095,0.3281746031746032
all_matching_28d,winter,2.5,42,all_matching,planned,20,all_hours,168,0.1691646169372697,0.16070131055351827,0.3436618789291798,0.9404761904761905,0.9821428571428571,0.011904761904761904,0.4031575520833333,0.2261904761904762,0.25,0.005952380952380952,0.047619047619047616,0.011904761904761904,0.7321428571428571,0.625,0.7142857142857143,0.625,29.0,8.875,18.922619047619047,4.315476190476191,23.238095238095237,13.776785714285714,0.11051587301587301,0.7746031746031745,0.4425595238095238,0.033333333333333305,0.7999999999999998,0.9333333333333333,1e-09,0.7321428571428571,0.9523809523809523,18.922619047619047,0.6640873015873016
all_matching_28d,winter,2.5,42,all_matching,planned,20,daylight_proxy,84,0.3383292338745394,0.3214026211070366,0.4860112900522667,0.8809523809523809,0.9642857142857143,0.023809523809523808,0.8063151041666669,0.4523809523809524,0.5,0.011904761904761904,0.09523809523809523,0.023809523809523808,0.4642857142857143,0.25,0.42857142857142855,0.25,29.0,16.75,8.845238095238095,7.630952380952381,16.476190476190474,12.053571428571429,0.22103174603174602,0.5492063492063493,0.38511904761904764,0.0333333333333333,0.7999999999999998,0.9333333333333336,1e-09,0.4642857142857143,0.9047619047619048,8.845238095238095,0.3281746031746032
all_matching_28d,winter,2.5,42,all_matching,planned,21,all_hours,168,0.1691646169372697,0.1607013105535183,0.3436618789291799,0.9404761904761905,0.9821428571428571,0.011904761904761904,0.4031575520833333,0.2261904761904762,0.25,0.005952380952380952,0.047619047619047616,0.011904761904761904,0.7321428571428571,0.625,0.7142857142857143,0.625,29.0,8.875,18.922619047619047,4.315476190476191,23.238095238095237,13.776785714285714,0.11051587301587301,0.7746031746031745,0.4425595238095238,0.033333333333333305,0.7999999999999998,0.9333333333333333,1e-09,0.7321428571428571,0.9523809523809523,18.922619047619047,0.6640873015873016
all_matching_28d,winter,2.5,42,all_matching,planned,21,daylight_proxy,84,0.3383292338745394,0.3214026211070366,0.4860112900522667,0.8809523809523809,0.9642857142857143,0.023809523809523808,0.8063151041666669,0.4523809523809524,0.5,0.011904761904761904,0.09523809523809523,0.023809523809523808,0.4642857142857143,0.25,0.42857142857142855,0.25,29.0,16.75,8.845238095238095,7.630952380952381,16.476190476190474,12.053571428571429,0.22103174603174602,0.5492063492063493,0.38511904761904764,0.0333333333333333,0.7999999999999998,0.9333333333333336,1e-09,0.4642857142857143,0.9047619047619048,8.845238095238095,0.3281746031746032
all_matching_28d,winter,2.5,42,all_matching,planned,22,all_hours,168,0.1691646169372697,0.16070131055351827,0.3436618789291798,0.9404761904761905,0.9821428571428571,0.011904761904761904,0.4031575520833333,0.2261904761904762,0.25,0.005952380952380952,0.047619047619047616,0.011904761904761904,0.7321428571428571,0.625,0.7142857142857143,0.625,29.0,8.875,18.922619047619047,4.315476190476191,23.238095238095237,13.776785714285714,0.11051587301587301,0.7746031746031745,0.4425595238095238,0.033333333333333305,0.7999999999999998,0.9333333333333333,1e-09,0.7321428571428571,0.9523809523809523,18.922619047619047,0.6640873015873016
all_matching_28d,winter,2.5,42,all_matching,planned,22,daylight_proxy,84,0.3383292338745394,0.3214026211070366,0.4860112900522667,0.8809523809523809,0.9642857142857143,0.023809523809523808,0.8063151041666669,0.4523809523809524,0.5,0.011904761904761904,0.09523809523809523,0.023809523809523808,0.4642857142857143,0.25,0.42857142857142855,0.25,29.0,16.75,8.845238095238095,7.630952380952381,16.476190476190474,12.053571428571429,0.22103174603174602,0.5492063492063493,0.38511904761904764,0.0333333333333333,0.7999999999999998,0.9333333333333336,1e-09,0.4642857142857143,0.9047619047619048,8.845238095238095,0.3281746031746032
all_matching_28d,winter,2.5,42,all_matching,planned,23,all_hours,168,0.17352164132254466,0.1654021247984871,0.35469047510495666,0.9583333333333334,0.9940476190476191,0.0,0.4243285164000496,0.23809523809523808,0.25595238095238093,0.005952380952380952,0.03571428571428571,0.005952380952380952,0.7380952380952381,0.625,0.7202380952380952,0.625,29.0,8.779761904761905,18.922619047619047,4.279761904761905,23.202380952380953,13.741071428571429,0.10932539682539683,0.7734126984126984,0.44136904761904755,0.033333333333333305,0.7999999999999998,0.9333333333333333,1e-09,0.7380952380952381,0.9702380952380952,18.922619047619047,0.6640873015873016
all_matching_28d,winter,2.5,42,all_matching,planned,23,daylight_proxy,84,0.34704328264508927,0.3308042495969742,0.5016080803379863,0.9166666666666666,0.9880952380952381,0.0,0.8486570328000992,0.47619047619047616,0.5119047619047619,0.011904761904761904,0.07142857142857142,0.011904761904761904,0.47619047619047616,0.25,0.44047619047619047,0.25,29.0,16.55952380952381,8.845238095238095,7.559523809523809,16.404761904761905,11.982142857142858,0.21865079365079365,0.5468253968253969,0.3827380952380952,0.0333333333333333,0.7999999999999998,0.9333333333333336,1e-09,0.47619047619047616,0.9404761904761905,8.845238095238095,0.3281746031746032
all_matching_28d,spring,2.5,42,all_matching,planned,0,all_hours,168,0.34640055892148525,-0.21399447555714998,0.6398998857480053,0.8392857142857143,0.9107142857142857,0.047619047619047616,0.9746471586681548,0.38095238095238093,0.4523809523809524,0.041666666666666664,0.08928571428571429,0.07142857142857142,0.4583333333333333,0.4583333333333333,0.4583333333333333,0.4583333333333333,29.0,15.154761904761905,13.291666666666666,8.744047619047619,22.035714285714285,15.389880952380953,0.2581349206349206,0.7345238095238096,0.49632936507936504,0.033333333333333305,0.7999999999999998,0.9333333333333333,1e-09,0.4583333333333333,0.5535714285714286,13.291666666666666,0.4763888888888888
all_matching_28d,spring,2.5,42,all_matching,planned,0,daylight_proxy,91,0.6395087241627421,-0.39506672410550764,0.8694527337410607,0.7032967032967034,0.8351648351648352,0.08791208791208792,1.7993486006181318,0.7032967032967034,0.8351648351648352,0.07692307692307693,0.16483516483516483,0.13186813186813187,0.0,0.0,0.0,0.0,29.0,27.13186813186813,0.0,15.296703296703297,15.296703296703297,15.296703296703297,0.4765567765567765,0.5098901098901099,0.4932234432234432,0.033333333333333305,0.7999999999999998,0.9333333333333336,1e-09,0.0,0.17582417582417584,0.0,0.03333333333333335
all_matching_28d,spring,2.5,42,all_matching,planned,1,all_hours,168,0.34640055892148525,-0.21399447555714993,0.6398998857480053,0.8392857142857143,0.9107142857142857,0.047619047619047616,0.9746471586681548,0.38095238095238093,0.4523809523809524,0.041666666666666664,0.08928571428571429,0.07142857142857142,0.4583333333333333,0.4583333333333333,0.4583333333333333,0.4583333333333333,29.0,15.154761904761905,13.291666666666666,8.744047619047619,22.035714285714285,15.389880952380953,0.25813492063492066,0.7345238095238095,0.49632936507936504,0.033333333333333305,0.7999999999999998,0.9333333333333333,1e-09,0.4583333333333333,0.5535714285714286,13.291666666666666,0.47638888888888886
all_matching_28d,spring,2.5,42,all_matching,planned,1,daylight_proxy,91,0.6395087241627421,-0.39506672410550764,0.8694527337410607,0.7032967032967034,0.8351648351648352,0.08791208791208792,1.7993486006181318,0.7032967032967034,0.8351648351648352,0.07692307692307693,0.16483516483516483,0.13186813186813187,0.0,0.0,0.0,0.0,29.0,27.13186813186813,0.0,15.296703296703297,15.296703296703297,15.296703296703297,0.4765567765567765,0.5098901098901099,0.4932234432234432,0.033333333333333305,0.7999999999999998,0.9333333333333336,1e-09,0.0,0.17582417582417584,0.0,0.03333333333333335
all_matching_28d,spring,2.5,42,all_matching,planned,2,all_hours,168,0.34640055892148525,-0.21399447555714993,0.6398998857480053,0.8392857142857143,0.9107142857142857,0.047619047619047616,0.9746471586681548,0.38095238095238093,0.4523809523809524,0.041666666666666664,0.08928571428571429,0.07142857142857142,0.4583333333333333,0.4583333333333333,0.4583333333333333,0.4583333333333333,29.0,15.154761904761905,13.291666666666666,8.744047619047619,22.035714285714285,15.389880952380953,0.2581349206349206,0.7345238095238095,0.49632936507936504,0.033333333333333305,0.7999999999999998,0.9333333333333333,1e-09,0.4583333333333333,0.5535714285714286,13.291666666666666,0.47638888888888886
all_matching_28d,spring,2.5,42,all_matching,planned,2,daylight_proxy,91,0.6395087241627421,-0.39506672410550764,0.8694527337410607,0.7032967032967034,0.8351648351648352,0.08791208791208792,1.7993486006181318,0.7032967032967034,0.8351648351648352,0.07692307692307693,0.16483516483516483,0.13186813186813187,0.0,0.0,0.0,0.0,29.0,27.13186813186813,0.0,15.296703296703297,15.296703296703297,15.296703296703297,0.4765567765567765,0.5098901098901099,0.4932234432234432,0.033333333333333305,0.7999999999999998,0.9333333333333336,1e-09,0.0,0.17582417582417584,0.0,0.03333333333333335
all_matching_28d,spring,2.5,42,all_matching,planned,3,all_hours,168,0.34640055892148525,-0.21399447555714998,0.6398998857480053,0.8392857142857143,0.9107142857142857,0.047619047619047616,0.9746471586681548,0.38095238095238093,0.4523809523809524,0.041666666666666664,0.08928571428571429,0.07142857142857142,0.4583333333333333,0.4583333333333333,0.4583333333333333,0.4583333333333333,29.0,15.154761904761905,13.291666666666666,8.744047619047619,22.035714285714285,15.389880952380953,0.25813492063492066,0.7345238095238096,0.4963293650793651,0.033333333333333305,0.7999999999999998,0.9333333333333333,1e-09,0.4583333333333333,0.5535714285714286,13.291666666666666,0.47638888888888886
all_matching_28d,spring,2.5,42,all_matching,planned,3,daylight_proxy,91,0.6395087241627421,-0.39506672410550764,0.8694527337410607,0.7032967032967034,0.8351648351648352,0.08791208791208792,1.7993486006181318,0.7032967032967034,0.8351648351648352,0.07692307692307693,0.16483516483516483,0.13186813186813187,0.0,0.0,0.0,0.0,29.0,27.13186813186813,0.0,15.296703296703297,15.296703296703297,15.296703296703297,0.4765567765567765,0.5098901098901099,0.4932234432234432,0.033333333333333305,0.7999999999999998,0.9333333333333336,1e-09,0.0,0.17582417582417584,0.0,0.03333333333333335
all_matching_28d,spring,2.5,42,all_matching,planned,4,all_hours,168,0.34640055892148525,-0.21399447555714993,0.6398998857480053,0.8392857142857143,0.9107142857142857,0.047619047619047616,0.9746471586681548,0.38095238095238093,0.4523809523809524,0.041666666666666664,0.08928571428571429,0.07142857142857142,0.4583333333333333,0.4583333333333333,0.4583333333333333,0.4583333333333333,29.0,15.154761904761905,13.291666666666666,8.744047619047619,22.035714285714285,15.389880952380953,0.2581349206349206,0.7345238095238096,0.4963293650793651,0.033333333333333305,0.7999999999999998,0.9333333333333333,1e-09,0.4583333333333333,0.5535714285714286,13.291666666666666,0.47638888888888886
all_matching_28d,spring,2.5,42,all_matching,planned,4,daylight_proxy,91,0.6395087241627421,-0.39506672410550764,0.8694527337410607,0.7032967032967034,0.8351648351648352,0.08791208791208792,1.7993486006181318,0.7032967032967034,0.8351648351648352,0.07692307692307693,0.16483516483516483,0.13186813186813187,0.0,0.0,0.0,0.0,29.0,27.13186813186813,0.0,15.296703296703297,15.296703296703297,15.296703296703297,0.4765567765567765,0.5098901098901099,0.4932234432234432,0.033333333333333305,0.7999999999999998,0.9333333333333336,1e-09,0.0,0.17582417582417584,0.0,0.03333333333333335
all_matching_28d,spring,2.5,42,all_matching,planned,5,all_hours,168,0.34640055892148525,-0.21399447555714993,0.6398998857480053,0.8392857142857143,0.9107142857142857,0.047619047619047616,0.9746471586681548,0.38095238095238093,0.4523809523809524,0.041666666666666664,0.08928571428571429,0.07142857142857142,0.4583333333333333,0.4583333333333333,0.4583333333333333,0.4583333333333333,29.0,15.154761904761905,13.291666666666666,8.744047619047619,22.035714285714285,15.389880952380953,0.25813492063492066,0.7345238095238096,0.49632936507936504,0.033333333333333305,0.7999999999999998,0.9333333333333333,1e-09,0.4583333333333333,0.5535714285714286,13.291666666666666,0.47638888888888886
all_matching_28d,spring,2.5,42,all_matching,planned,5,daylight_proxy,91,0.6395087241627421,-0.39506672410550764,0.8694527337410607,0.7032967032967034,0.8351648351648352,0.08791208791208792,1.7993486006181318,0.7032967032967034,0.8351648351648352,0.07692307692307693,0.16483516483516483,0.13186813186813187,0.0,0.0,0.0,0.0,29.0,27.13186813186813,0.0,15.296703296703297,15.296703296703297,15.296703296703297,0.4765567765567765,0.5098901098901099,0.4932234432234432,0.033333333333333305,0.7999999999999998,0.9333333333333336,1e-09,0.0,0.17582417582417584,0.0,0.03333333333333335
all_matching_28d,spring,2.5,42,all_matching,planned,6,all_hours,168,0.34661563518636623,-0.21420955182203089,0.6399085369388211,0.8333333333333334,0.9047619047619048,0.047619047619047616,0.9746471586681548,0.375,0.44642857142857145,0.047619047619047616,0.08928571428571429,0.07738095238095238,0.4583333333333333,0.4583333333333333,0.4583333333333333,0.4583333333333333,29.0,15.196428571428571,13.291666666666666,8.773809523809524,22.06547619047619,15.419642857142858,0.2591269841269841,0.735515873015873,0.49732142857142864,0.033333333333333305,0.7999999999999998,0.9333333333333333,1e-09,0.4583333333333333,0.5535714285714286,13.291666666666666,0.47638888888888886
all_matching_28d,spring,2.5,42,all_matching,planned,6,daylight_proxy,91,0.6399057880363684,-0.395463787979134,0.869464488394675,0.6923076923076923,0.8241758241758241,0.08791208791208792,1.7993486006181318,0.6923076923076923,0.8241758241758241,0.08791208791208792,0.16483516483516483,0.14285714285714285,0.0,0.0,0.0,0.0,29.0,27.208791208791208,0.0,15.351648351648352,15.351648351648352,15.351648351648352,0.47838827838827835,0.5117216117216117,0.495054945054945,0.033333333333333305,0.7999999999999998,0.9333333333333336,1e-09,0.0,0.17582417582417584,0.0,0.03333333333333334
all_matching_28d,spring,2.5,42,all_matching,planned,7,all_hours,168,0.34712426148844955,-0.21471817812411423,0.6399681926013631,0.8333333333333334,0.9047619047619048,0.047619047619047616,0.9746471586681548,0.375,0.44642857142857145,0.047619047619047616,0.08928571428571429,0.07738095238095238,0.4583333333333333,0.4583333333333333,0.4583333333333333,0.4583333333333333,29.0,15.196428571428571,13.291666666666666,8.857142857142858,22.148809523809526,15.50297619047619,0.2619047619047619,0.7382936507936508,0.5000992063492065,0.033333333333333305,0.7999999999999998,0.9333333333333333,1e-09,0.4583333333333333,0.5535714285714286,13.291666666666666,0.47638888888888886
all_matching_28d,spring,2.5,42,all_matching,planned,7,daylight_proxy,91,0.6408447904402146,-0.3964027903829801,0.8695455444786585,0.6923076923076923,0.8241758241758241,0.08791208791208792,1.7993486006181316,0.6923076923076923,0.8241758241758241,0.08791208791208792,0.16483516483516483,0.14285714285714285,0.0,0.0,0.0,0.0,29.0,27.208791208791208,0.0,15.505494505494505,15.505494505494505,15.505494505494505,0.4835164835164835,0.5168498168498168,0.5001831501831502,0.033333333333333305,0.7999999999999998,0.9333333333333336,1e-09,0.0,0.17582417582417584,0.0,0.03333333333333334
all_matching_28d,spring,2.5,42,all_matching,planned,8,all_hours,168,0.34959109213346795,-0.21869667381926727,0.6412550863412865,0.8333333333333334,0.9047619047619048,0.047619047619047616,0.9746471586681548,0.375,0.44642857142857145,0.047619047619047616,0.08333333333333333,0.08333333333333333,0.4583333333333333,0.4583333333333333,0.4583333333333333,0.4583333333333333,29.0,15.196428571428571,13.291666666666666,8.988095238095237,22.279761904761905,15.633928571428571,0.26626984126984127,0.7426587301587301,0.5044642857142857,0.033333333333333305,0.7999999999999998,0.9333333333333333,1e-09,0.4583333333333333,0.5535714285714286,13.291666666666666,0.47638888888888886
all_matching_28d,spring,2.5,42,all_matching,planned,8,daylight_proxy,91,0.6453989393233255,-0.40374770551249345,0.8712940887511782,0.6923076923076923,0.8241758241758241,0.08791208791208792,1.7993486006181318,0.6923076923076923,0.8241758241758241,0.08791208791208792,0.15384615384615385,0.15384615384615385,0.0,0.0,0.0,0.0,29.0,27.208791208791208,0.0,15.747252747252746,15.747252747252746,15.747252747252746,0.4915750915750916,0.5249084249084249,0.5082417582417583,0.033333333333333305,0.7999999999999998,0.9333333333333336,1e-09,0.0,0.17582417582417584,0.0,0.03333333333333334
all_matching_28d,spring,2.5,42,all_matching,planned,9,all_hours,168,0.35350179866868625,-0.22770413422530472,0.6458529054799345,0.8392857142857143,0.9047619047619048,0.047619047619047616,0.9746471586681548,0.38095238095238093,0.44642857142857145,0.047619047619047616,0.07738095238095238,0.08333333333333333,0.4583333333333333,0.4583333333333333,0.4583333333333333,0.4583333333333333,29.0,15.196428571428571,13.291666666666666,9.089285714285714,22.38095238095238,15.735119047619047,0.26964285714285713,0.746031746031746,0.5078373015873017,0.033333333333333305,0.7999999999999998,0.9333333333333333,1e-09,0.4583333333333333,0.5535714285714286,13.291666666666666,0.47638888888888886
all_matching_28d,spring,2.5,42,all_matching,planned,9,daylight_proxy,91,0.6526187052344977,-0.4203768631851779,0.8775412947725882,0.7032967032967034,0.8241758241758241,0.08791208791208792,1.7993486006181318,0.7032967032967034,0.8241758241758241,0.08791208791208792,0.14285714285714285,0.15384615384615385,0.0,0.0,0.0,0.0,29.0,27.208791208791208,0.0,15.934065934065934,15.934065934065934,15.934065934065934,0.49780219780219775,0.5311355311355311,0.5144688644688645,0.033333333333333305,0.7999999999999998,0.9333333333333336,1e-09,0.0,0.17582417582417584,0.0,0.03333333333333334
all_matching_28d,spring,2.5,42,all_matching,planned,10,all_hours,168,0.3584887584591128,-0.2406880143007724,0.6542201390032,0.8452380952380952,0.9047619047619048,0.047619047619047616,0.9746471586681548,0.3869047619047619,0.44642857142857145,0.047619047619047616,0.07142857142857142,0.08333333333333333,0.4583333333333333,0.4583333333333333,0.4583333333333333,0.4583333333333333,29.0,15.196428571428571,13.291666666666666,9.202380952380953,22.49404761904762,15.848214285714286,0.2734126984126984,0.7498015873015873,0.5116071428571428,0.033333333333333305,0.7999999999999998,0.9333333333333333,1e-09,0.4583333333333333,0.5535714285714286,13.291666666666666,0.47638888888888886
all_matching_28d,spring,2.5,42,all_matching,planned,10,daylight_proxy,91,0.6618254002322083,-0.4443471033245029,0.8889101264018503,0.7142857142857143,0.8241758241758241,0.08791208791208792,1.7993486006181323,0.7142857142857143,0.8241758241758241,0.08791208791208792,0.13186813186813187,0.15384615384615385,0.0,0.0,0.0,0.0,29.0,27.208791208791208,0.0,16.142857142857142,16.142857142857142,16.142857142857142,0.5047619047619046,0.5380952380952381,0.5214285714285715,0.033333333333333305,0.7999999999999998,0.9333333333333336,1e-09,0.0,0.17582417582417584,0.0,0.03333333333333334
all_matching_28d,spring,2.5,42,all_matching,planned,11,all_hours,168,0.3655967522099986,-0.2559438969272605,0.6679982746714881,0.8452380952380952,0.9047619047619048,0.047619047619047616,0.97186279296875,0.3869047619047619,0.44642857142857145,0.047619047619047616,0.07142857142857142,0.08333333333333333,0.4583333333333333,0.4583333333333333,0.4583333333333333,0.4583333333333333,29.0,15.196428571428571,13.291666666666666,9.333333333333334,22.625,15.979166666666666,0.2777777777777778,0.7541666666666667,0.5159722222222223,0.033333333333333305,0.7999999999999998,0.9333333333333333,1e-09,0.4583333333333333,0.5535714285714286,13.291666666666666,0.47638888888888886
all_matching_28d,spring,2.5,42,all_matching,planned,11,daylight_proxy,91,0.6749478502338436,-0.47251180971186557,0.9076309263104874,0.7142857142857143,0.8241758241758241,0.08791208791208792,1.7942082331730769,0.7142857142857143,0.8241758241758241,0.08791208791208792,0.13186813186813187,0.15384615384615385,0.0,0.0,0.0,0.0,29.0,27.208791208791208,0.0,16.384615384615383,16.384615384615383,16.384615384615383,0.5128205128205128,0.5461538461538461,0.5294871794871795,0.033333333333333305,0.7999999999999998,0.9333333333333336,1e-09,0.0,0.17582417582417584,0.0,0.03333333333333334
all_matching_28d,spring,2.5,42,all_matching,planned,12,all_hours,168,0.37530708572491495,-0.26982752655098496,0.6847412359449856,0.8452380952380952,0.9047619047619048,0.047619047619047616,0.9694097609747023,0.3869047619047619,0.44642857142857145,0.047619047619047616,0.07142857142857142,0.08333333333333333,0.4583333333333333,0.4583333333333333,0.4583333333333333,0.4583333333333333,29.0,15.196428571428571,13.291666666666666,9.458333333333334,22.75,16.104166666666668,0.28194444444444444,0.7583333333333333,0.5201388888888888,0.033333333333333305,0.7999999999999998,0.9333333333333333,1e-09,0.4583333333333333,0.5535714285714286,13.291666666666666,0.47638888888888886
all_matching_28d,spring,2.5,42,all_matching,planned,12,daylight_proxy,91,0.692874619799843,-0.49814312594028,0.9303801309507517,0.7142857142857143,0.8241758241758241,0.08791208791208792,1.7896795587225274,0.7142857142857143,0.8241758241758241,0.08791208791208792,0.13186813186813187,0.15384615384615385,0.0,0.0,0.0,0.0,29.0,27.208791208791208,0.0,16.615384615384617,16.615384615384617,16.615384615384617,0.5205128205128204,0.5538461538461539,0.5371794871794872,0.033333333333333305,0.7999999999999998,0.9333333333333336,1e-09,0.0,0.17582417582417584,0.0,0.03333333333333334
all_matching_28d,spring,2.5,42,all_matching,planned,13,all_hours,168,0.3771111520780187,-0.2716315929040887,0.6889525252327504,0.8452380952380952,0.9047619047619048,0.047619047619047616,0.9694097609747023,0.3869047619047619,0.44642857142857145,0.047619047619047616,0.07142857142857142,0.08333333333333333,0.4583333333333333,0.4583333333333333,0.4583333333333333,0.4583333333333333,29.0,15.196428571428571,13.291666666666666,9.5,22.791666666666668,16.145833333333332,0.2833333333333333,0.7597222222222222,0.5215277777777778,0.033333333333333305,0.7999999999999998,0.9333333333333333,1e-09,0.4583333333333333,0.5535714285714286,13.291666666666666,0.47638888888888886
all_matching_28d,spring,2.5,42,all_matching,planned,13,daylight_proxy,91,0.6962052038363423,-0.5014737099767792,0.9361021463243621,0.7142857142857143,0.8241758241758241,0.08791208791208792,1.7896795587225278,0.7142857142857143,0.8241758241758241,0.08791208791208792,0.13186813186813187,0.15384615384615385,0.0,0.0,0.0,0.0,29.0,27.208791208791208,0.0,16.692307692307693,16.692307692307693,16.692307692307693,0.523076923076923,0.5564102564102564,0.5397435897435897,0.033333333333333305,0.7999999999999998,0.9333333333333336,1e-09,0.0,0.17582417582417584,0.0,0.03333333333333333
all_matching_28d,spring,2.5,42,all_matching,planned,14,all_hours,168,0.3867970576902636,-0.2813174985163336,0.704491865079289,0.8452380952380952,0.9047619047619048,0.047619047619047616,0.9694097609747023,0.3869047619047619,0.44642857142857145,0.047619047619047616,0.07142857142857142,0.08333333333333333,0.4583333333333333,0.4583333333333333,0.4583333333333333,0.4583333333333333,29.0,15.196428571428571,13.291666666666666,9.577380952380953,22.86904761904762,16.223214285714285,0.2859126984126984,0.7623015873015873,0.5241071428571429,0.033333333333333305,0.7999999999999998,0.9333333333333333,1e-09,0.4583333333333333,0.5535714285714286,13.291666666666666,0.47638888888888886
all_matching_28d,spring,2.5,42,all_matching,planned,14,daylight_proxy,91,0.7140868757358713,-0.5193553818763084,0.9572159514851664,0.7142857142857143,0.8241758241758241,0.08791208791208792,1.7896795587225272,0.7142857142857143,0.8241758241758241,0.08791208791208792,0.13186813186813187,0.15384615384615385,0.0,0.0,0.0,0.0,29.0,27.208791208791208,0.0,16.835164835164836,16.835164835164836,16.835164835164836,0.5278388278388279,0.5611721611721612,0.5445054945054946,0.033333333333333305,0.7999999999999998,0.9333333333333336,1e-09,0.0,0.17582417582417584,0.0,0.03333333333333333
all_matching_28d,spring,2.5,42,all_matching,planned,15,all_hours,168,0.3938798346487032,-0.2957795089064272,0.716601164211161,0.8452380952380952,0.9047619047619048,0.047619047619047616,0.9694097609747023,0.3869047619047619,0.44642857142857145,0.047619047619047616,0.07142857142857142,0.08333333333333333,0.4583333333333333,0.4583333333333333,0.4583333333333333,0.4583333333333333,29.0,15.196428571428571,13.291666666666666,9.714285714285714,23.00595238095238,16.360119047619047,0.29047619047619044,0.7668650793650793,0.5286706349206349,0.033333333333333305,0.7999999999999998,0.9333333333333333,1e-09,0.4583333333333333,0.5535714285714286,13.291666666666666,0.4763888888888888
all_matching_28d,spring,2.5,42,all_matching,planned,15,daylight_proxy,91,0.7271627716591444,-0.5460544779810963,0.9736692490530935,0.7142857142857143,0.8241758241758241,0.08791208791208792,1.7896795587225272,0.7142857142857143,0.8241758241758241,0.08791208791208792,0.13186813186813187,0.15384615384615385,0.0,0.0,0.0,0.0,29.0,27.208791208791208,0.0,17.087912087912088,17.087912087912088,17.087912087912088,0.5362637362637362,0.5695970695970696,0.552930402930403,0.033333333333333305,0.7999999999999998,0.9333333333333336,1e-09,0.0,0.17582417582417584,0.0,0.03333333333333333
all_matching_28d,spring,2.5,42,all_matching,planned,16,all_hours,168,0.40046763171414396,-0.30854540628100197,0.7263923762545953,0.8452380952380952,0.9047619047619048,0.047619047619047616,0.9694097609747023,0.3869047619047619,0.44642857142857145,0.047619047619047616,0.06547619047619048,0.08928571428571429,0.4583333333333333,0.4583333333333333,0.4583333333333333,0.4583333333333333,29.0,15.196428571428571,13.291666666666666,9.886904761904763,23.178571428571427,16.532738095238095,0.29623015873015873,0.7726190476190475,0.5344246031746032,0.033333333333333305,0.7999999999999998,0.9333333333333333,1e-09,0.4583333333333333,0.5535714285714286,13.291666666666666,0.4763888888888888
all_matching_28d,spring,2.5,42,all_matching,planned,16,daylight_proxy,91,0.7393248585491888,-0.569622288518773,0.9869728864929583,0.7142857142857143,0.8241758241758241,0.08791208791208792,1.7896795587225274,0.7142857142857143,0.8241758241758241,0.08791208791208792,0.12087912087912088,0.16483516483516483,0.0,0.0,0.0,0.0,29.0,27.208791208791208,0.0,17.406593406593405,17.406593406593405,17.406593406593405,0.5468864468864468,0.5802197802197802,0.5635531135531135,0.033333333333333305,0.7999999999999998,0.9333333333333336,1e-09,0.0,0.17582417582417584,0.0,0.03333333333333334
all_matching_28d,spring,2.5,42,all_matching,planned,17,all_hours,168,0.4041943746899801,-0.31521982897976897,0.7292631160354563,0.8452380952380952,0.9047619047619048,0.041666666666666664,0.9709850492931548,0.3869047619047619,0.44642857142857145,0.05357142857142857,0.05952380952380952,0.09523809523809523,0.4583333333333333,0.4583333333333333,0.4583333333333333,0.4583333333333333,29.0,15.196428571428571,13.291666666666666,10.05952380952381,23.351190476190474,16.705357142857142,0.30198412698412697,0.7783730158730158,0.5401785714285714,0.033333333333333305,0.7999999999999998,0.9333333333333333,1e-09,0.4583333333333333,0.5535714285714286,13.291666666666666,0.47638888888888886
all_matching_28d,spring,2.5,42,all_matching,planned,17,daylight_proxy,91,0.7462049994276557,-0.5819442996549581,0.9908734537628072,0.7142857142857143,0.8241758241758241,0.07692307692307693,1.7925877833104393,0.7142857142857143,0.8241758241758241,0.0989010989010989,0.10989010989010989,0.17582417582417584,0.0,0.0,0.0,0.0,29.0,27.208791208791208,0.0,17.725274725274726,17.725274725274726,17.725274725274726,0.5575091575091574,0.5908424908424909,0.5741758241758241,0.033333333333333305,0.7999999999999998,0.9333333333333336,1e-09,0.0,0.17582417582417584,0.0,0.03333333333333334
all_matching_28d,spring,2.5,42,all_matching,planned,18,all_hours,168,0.4045996149110686,-0.3159838064457554,0.7292987757212245,0.8452380952380952,0.9047619047619048,0.03571428571428571,0.9709850492931548,0.3869047619047619,0.44642857142857145,0.05952380952380952,0.05357142857142857,0.10119047619047619,0.4583333333333333,0.4583333333333333,0.4583333333333333,0.4583333333333333,29.0,15.238095238095237,13.291666666666666,10.238095238095237,23.529761904761905,16.883928571428573,0.30793650793650795,0.7843253968253967,0.5461309523809523,0.033333333333333305,0.7999999999999998,0.9333333333333333,1e-09,0.4583333333333333,0.5535714285714286,13.291666666666666,0.47638888888888886
all_matching_28d,spring,2.5,42,all_matching,planned,18,daylight_proxy,91,0.7469531352204344,-0.5833547195921639,0.9909219057346953,0.7142857142857143,0.8241758241758241,0.06593406593406594,1.7925877833104393,0.7142857142857143,0.8241758241758241,0.10989010989010989,0.0989010989010989,0.18681318681318682,0.0,0.0,0.0,0.0,29.0,27.285714285714285,0.0,18.054945054945055,18.054945054945055,18.054945054945055,0.5684981684981685,0.6018315018315018,0.5851648351648352,0.033333333333333305,0.7999999999999998,0.9333333333333336,1e-09,0.0,0.17582417582417584,0.0,0.03333333333333334
all_matching_28d,spring,2.5,42,all_matching,planned,19,all_hours,168,0.4045996149110686,-0.3159838064457554,0.7292987757212245,0.8452380952380952,0.9047619047619048,0.03571428571428571,0.9709850492931548,0.3869047619047619,0.44642857142857145,0.05952380952380952,0.05357142857142857,0.10119047619047619,0.4583333333333333,0.4583333333333333,0.4583333333333333,0.4583333333333333,29.0,15.238095238095237,13.291666666666666,10.238095238095237,23.529761904761905,16.883928571428573,0.307936507936508,0.7843253968253967,0.5461309523809523,0.033333333333333305,0.7999999999999998,0.9333333333333333,1e-09,0.4583333333333333,0.5535714285714286,13.291666666666666,0.47638888888888886
all_matching_28d,spring,2.5,42,all_matching,planned,19,daylight_proxy,91,0.7469531352204344,-0.5833547195921639,0.9909219057346953,0.7142857142857143,0.8241758241758241,0.06593406593406594,1.7925877833104393,0.7142857142857143,0.8241758241758241,0.10989010989010989,0.0989010989010989,0.18681318681318682,0.0,0.0,0.0,0.0,29.0,27.285714285714285,0.0,18.054945054945055,18.054945054945055,18.054945054945055,0.5684981684981685,0.6018315018315018,0.5851648351648352,0.033333333333333305,0.7999999999999998,0.9333333333333336,1e-09,0.0,0.17582417582417584,0.0,0.03333333333333334
all_matching_28d,spring,2.5,42,all_matching,planned,20,all_hours,168,0.4045996149110686,-0.3159838064457554,0.7292987757212245,0.8452380952380952,0.9047619047619048,0.03571428571428571,0.9709850492931548,0.3869047619047619,0.44642857142857145,0.05952380952380952,0.05357142857142857,0.10119047619047619,0.4583333333333333,0.4583333333333333,0.4583333333333333,0.4583333333333333,29.0,15.238095238095237,13.291666666666666,10.238095238095237,23.529761904761905,16.883928571428573,0.30793650793650795,0.7843253968253967,0.5461309523809523,0.033333333333333305,0.7999999999999998,0.9333333333333333,1e-09,0.4583333333333333,0.5535714285714286,13.291666666666666,0.47638888888888886
all_matching_28d,spring,2.5,42,all_matching,planned,20,daylight_proxy,91,0.7469531352204344,-0.5833547195921639,0.9909219057346953,0.7142857142857143,0.8241758241758241,0.06593406593406594,1.7925877833104393,0.7142857142857143,0.8241758241758241,0.10989010989010989,0.0989010989010989,0.18681318681318682,0.0,0.0,0.0,0.0,29.0,27.285714285714285,0.0,18.054945054945055,18.054945054945055,18.054945054945055,0.5684981684981685,0.6018315018315018,0.5851648351648352,0.033333333333333305,0.7999999999999998,0.9333333333333336,1e-09,0.0,0.17582417582417584,0.0,0.03333333333333334
all_matching_28d,spring,2.5,42,all_matching,planned,21,all_hours,168,0.4045996149110686,-0.3159838064457554,0.7292987757212245,0.8452380952380952,0.9047619047619048,0.03571428571428571,0.9709850492931548,0.3869047619047619,0.44642857142857145,0.05952380952380952,0.05357142857142857,0.10119047619047619,0.4583333333333333,0.4583333333333333,0.4583333333333333,0.4583333333333333,29.0,15.238095238095237,13.291666666666666,10.238095238095237,23.529761904761905,16.883928571428573,0.307936507936508,0.7843253968253967,0.5461309523809523,0.033333333333333305,0.7999999999999998,0.9333333333333333,1e-09,0.4583333333333333,0.5535714285714286,13.291666666666666,0.47638888888888886
all_matching_28d,spring,2.5,42,all_matching,planned,21,daylight_proxy,91,0.7469531352204344,-0.5833547195921639,0.9909219057346953,0.7142857142857143,0.8241758241758241,0.06593406593406594,1.7925877833104393,0.7142857142857143,0.8241758241758241,0.10989010989010989,0.0989010989010989,0.18681318681318682,0.0,0.0,0.0,0.0,29.0,27.285714285714285,0.0,18.054945054945055,18.054945054945055,18.054945054945055,0.5684981684981685,0.6018315018315018,0.5851648351648352,0.033333333333333305,0.7999999999999998,0.9333333333333336,1e-09,0.0,0.17582417582417584,0.0,0.03333333333333334
all_matching_28d,spring,2.5,42,all_matching,planned,22,all_hours,168,0.4045996149110686,-0.31598380644575536,0.7292987757212245,0.8452380952380952,0.9047619047619048,0.03571428571428571,0.9709850492931548,0.3869047619047619,0.44642857142857145,0.05952380952380952,0.05357142857142857,0.10119047619047619,0.4583333333333333,0.4583333333333333,0.4583333333333333,0.4583333333333333,29.0,15.238095238095237,13.291666666666666,10.238095238095237,23.529761904761905,16.883928571428573,0.30793650793650795,0.7843253968253967,0.5461309523809523,0.033333333333333305,0.7999999999999998,0.9333333333333333,1e-09,0.4583333333333333,0.5535714285714286,13.291666666666666,0.47638888888888886
all_matching_28d,spring,2.5,42,all_matching,planned,22,daylight_proxy,91,0.7469531352204344,-0.5833547195921639,0.9909219057346953,0.7142857142857143,0.8241758241758241,0.06593406593406594,1.7925877833104393,0.7142857142857143,0.8241758241758241,0.10989010989010989,0.0989010989010989,0.18681318681318682,0.0,0.0,0.0,0.0,29.0,27.285714285714285,0.0,18.054945054945055,18.054945054945055,18.054945054945055,0.5684981684981685,0.6018315018315018,0.5851648351648352,0.033333333333333305,0.7999999999999998,0.9333333333333336,1e-09,0.0,0.17582417582417584,0.0,0.03333333333333334
all_matching_28d,spring,2.5,42,all_matching,planned,23,all_hours,168,0.40310494559151777,-0.31011245969742063,0.7296554102254829,0.8214285714285714,0.9107142857142857,0.02976190476190476,0.9968174525669643,0.3630952380952381,0.4523809523809524,0.05952380952380952,0.06547619047619048,0.1130952380952381,0.4583333333333333,0.4583333333333333,0.4583333333333333,0.4583333333333333,29.0,15.125,13.291666666666666,9.976190476190476,23.267857142857142,16.62202380952381,0.2992063492063492,0.7755952380952381,0.5374007936507936,0.033333333333333305,0.7999999999999998,0.9333333333333333,1e-09,0.4583333333333333,0.6130952380952381,13.291666666666666,0.47638888888888886
all_matching_28d,spring,2.5,42,all_matching,planned,23,daylight_proxy,91,0.7441937457074177,-0.5725153102106226,0.9914064766052016,0.6703296703296703,0.8351648351648352,0.054945054945054944,1.8402783739697801,0.6703296703296703,0.8351648351648352,0.10989010989010989,0.12087912087912088,0.2087912087912088,0.0,0.0,0.0,0.0,29.0,27.076923076923077,0.0,17.571428571428573,17.571428571428573,17.571428571428573,0.5523809523809524,0.5857142857142856,0.569047619047619,0.033333333333333305,0.7999999999999998,0.9333333333333336,1e-09,0.0,0.2857142857142857,0.0,0.03333333333333335
all_matching_28d,summer,2.5,42,all_matching,planned,0,all_hours,168,0.3107198494632228,-0.12403704238857001,0.5469551453719805,0.8392857142857143,0.9761904761904762,0.0,0.9261246246545493,0.47023809523809523,0.6071428571428571,0.023809523809523808,0.041666666666666664,0.11904761904761904,0.36904761904761907,0.2916666666666667,0.36904761904761907,0.3333333333333333,29.0,18.636904761904763,10.511904761904763,12.386904761904763,22.898809523809526,17.642857142857142,0.37956349206349205,0.7632936507936509,0.5714285714285714,0.033333333333333305,0.7999999999999998,0.9333333333333333,1e-09,0.36904761904761907,0.44047619047619047,10.511904761904763,0.38373015873015875
all_matching_28d,summer,2.5,42,all_matching,planned,0,daylight_proxy,106,0.4924616482058624,-0.19658701057811095,0.6885784400324172,0.7452830188679245,0.9622641509433962,0.0,1.4676464317301214,0.7452830188679245,0.9622641509433962,0.03773584905660377,0.0660377358490566,0.18867924528301888,0.0,0.0,0.0,0.0,29.0,28.650943396226417,0.0,19.047169811320753,19.047169811320753,19.047169811320753,0.601572327044025,0.6349056603773586,0.6182389937106919,0.033333333333333305,0.7999999999999999,0.9333333333333335,1.0000000000000003e-09,0.0,0.11320754716981132,0.0,0.03333333333333336
all_matching_28d,summer,2.5,42,all_matching,planned,1,all_hours,168,0.3107198494632228,-0.12403704238856998,0.5469551453719806,0.8392857142857143,0.9761904761904762,0.0,0.9261246246545493,0.47023809523809523,0.6071428571428571,0.023809523809523808,0.041666666666666664,0.11904761904761904,0.36904761904761907,0.2916666666666667,0.36904761904761907,0.3333333333333333,29.0,18.636904761904763,10.511904761904763,12.386904761904763,22.898809523809526,17.642857142857142,0.37956349206349205,0.7632936507936509,0.5714285714285714,0.033333333333333305,0.7999999999999998,0.9333333333333333,1e-09,0.36904761904761907,0.44047619047619047,10.511904761904763,0.38373015873015875
all_matching_28d,summer,2.5,42,all_matching,planned,1,daylight_proxy,106,0.4924616482058624,-0.19658701057811095,0.6885784400324172,0.7452830188679245,0.9622641509433962,0.0,1.4676464317301214,0.7452830188679245,0.9622641509433962,0.03773584905660377,0.0660377358490566,0.18867924528301888,0.0,0.0,0.0,0.0,29.0,28.650943396226417,0.0,19.047169811320753,19.047169811320753,19.047169811320753,0.601572327044025,0.6349056603773586,0.6182389937106919,0.033333333333333305,0.7999999999999999,0.9333333333333335,1.0000000000000003e-09,0.0,0.11320754716981132,0.0,0.03333333333333336
all_matching_28d,summer,2.5,42,all_matching,planned,2,all_hours,168,0.3107198494632228,-0.12403704238857001,0.5469551453719806,0.8392857142857143,0.9761904761904762,0.0,0.9261246246545493,0.47023809523809523,0.6071428571428571,0.023809523809523808,0.041666666666666664,0.11904761904761904,0.36904761904761907,0.2916666666666667,0.36904761904761907,0.3333333333333333,29.0,18.636904761904763,10.511904761904763,12.386904761904763,22.898809523809526,17.642857142857142,0.37956349206349205,0.7632936507936509,0.5714285714285714,0.033333333333333305,0.7999999999999998,0.9333333333333333,1e-09,0.36904761904761907,0.44047619047619047,10.511904761904763,0.38373015873015875
all_matching_28d,summer,2.5,42,all_matching,planned,2,daylight_proxy,106,0.4924616482058624,-0.19658701057811095,0.6885784400324172,0.7452830188679245,0.9622641509433962,0.0,1.4676464317301214,0.7452830188679245,0.9622641509433962,0.03773584905660377,0.0660377358490566,0.18867924528301888,0.0,0.0,0.0,0.0,29.0,28.650943396226417,0.0,19.047169811320753,19.047169811320753,19.047169811320753,0.601572327044025,0.6349056603773586,0.6182389937106919,0.033333333333333305,0.7999999999999999,0.9333333333333335,1.0000000000000003e-09,0.0,0.11320754716981132,0.0,0.03333333333333336
all_matching_28d,summer,2.5,42,all_matching,planned,3,all_hours,168,0.3107198494632228,-0.12403704238857001,0.5469551453719806,0.8392857142857143,0.9761904761904762,0.0,0.9261246246545493,0.47023809523809523,0.6071428571428571,0.023809523809523808,0.041666666666666664,0.11904761904761904,0.36904761904761907,0.2916666666666667,0.36904761904761907,0.3333333333333333,29.0,18.636904761904763,10.511904761904763,12.386904761904763,22.898809523809526,17.642857142857142,0.37956349206349205,0.7632936507936509,0.5714285714285714,0.033333333333333305,0.7999999999999998,0.9333333333333333,1e-09,0.36904761904761907,0.44047619047619047,10.511904761904763,0.38373015873015875
all_matching_28d,summer,2.5,42,all_matching,planned,3,daylight_proxy,106,0.4924616482058624,-0.19658701057811095,0.6885784400324172,0.7452830188679245,0.9622641509433962,0.0,1.4676464317301214,0.7452830188679245,0.9622641509433962,0.03773584905660377,0.0660377358490566,0.18867924528301888,0.0,0.0,0.0,0.0,29.0,28.650943396226417,0.0,19.047169811320753,19.047169811320753,19.047169811320753,0.601572327044025,0.6349056603773586,0.6182389937106919,0.033333333333333305,0.7999999999999999,0.9333333333333335,1.0000000000000003e-09,0.0,0.11320754716981132,0.0,0.03333333333333336
all_matching_28d,summer,2.5,42,all_matching,planned,4,all_hours,168,0.3107198494632228,-0.12403704238857001,0.5469551453719806,0.8392857142857143,0.9761904761904762,0.0,0.9261246246545495,0.47023809523809523,0.6071428571428571,0.023809523809523808,0.041666666666666664,0.11904761904761904,0.36904761904761907,0.2916666666666667,0.36904761904761907,0.3333333333333333,29.0,18.636904761904763,10.511904761904763,12.386904761904763,22.898809523809526,17.642857142857142,0.37956349206349205,0.7632936507936509,0.5714285714285714,0.033333333333333305,0.7999999999999998,0.9333333333333333,1e-09,0.36904761904761907,0.44047619047619047,10.511904761904763,0.38373015873015875
all_matching_28d,summer,2.5,42,all_matching,planned,4,daylight_proxy,106,0.4924616482058624,-0.19658701057811095,0.6885784400324172,0.7452830188679245,0.9622641509433962,0.0,1.4676464317301214,0.7452830188679245,0.9622641509433962,0.03773584905660377,0.0660377358490566,0.18867924528301888,0.0,0.0,0.0,0.0,29.0,28.650943396226417,0.0,19.047169811320753,19.047169811320753,19.047169811320753,0.601572327044025,0.6349056603773586,0.6182389937106919,0.033333333333333305,0.7999999999999999,0.9333333333333335,1.0000000000000003e-09,0.0,0.11320754716981132,0.0,0.03333333333333336
all_matching_28d,summer,2.5,42,all_matching,planned,5,all_hours,168,0.31047114158163264,-0.12378833450697987,0.5469267155246621,0.8452380952380952,0.9761904761904762,0.0,0.9259207589285714,0.47619047619047616,0.6071428571428571,0.023809523809523808,0.041666666666666664,0.1130952380952381,0.36904761904761907,0.2916666666666667,0.36904761904761907,0.3333333333333333,29.0,18.648809523809526,10.511904761904763,12.321428571428571,22.833333333333332,17.577380952380953,0.3773809523809524,0.7611111111111112,0.5692460317460318,0.033333333333333305,0.7999999999999998,0.9333333333333333,1e-09,0.36904761904761907,0.43452380952380953,10.511904761904763,0.38373015873015875
all_matching_28d,summer,2.5,42,all_matching,planned,5,daylight_proxy,106,0.4920674696765498,-0.19619283204879825,0.6885426488343956,0.7547169811320755,0.9622641509433962,0.0,1.4673233237870622,0.7547169811320755,0.9622641509433962,0.03773584905660377,0.0660377358490566,0.1792452830188679,0.0,0.0,0.0,0.0,29.0,28.669811320754718,0.0,18.943396226415093,18.943396226415093,18.943396226415093,0.5981132075471698,0.6314465408805032,0.6147798742138365,0.033333333333333305,0.7999999999999999,0.9333333333333335,1.0000000000000003e-09,0.0,0.10377358490566038,0.0,0.03333333333333336
all_matching_28d,summer,2.5,42,all_matching,planned,6,all_hours,168,0.3096996904230442,-0.12301688334839143,0.546814867365841,0.8511904761904762,0.9761904761904762,0.0,0.9259207589285714,0.48214285714285715,0.6071428571428571,0.023809523809523808,0.041666666666666664,0.10714285714285714,0.36904761904761907,0.2916666666666667,0.36904761904761907,0.3333333333333333,29.0,18.648809523809526,10.511904761904763,12.267857142857142,22.779761904761905,17.523809523809526,0.3755952380952381,0.7593253968253969,0.5674603174603176,0.033333333333333305,0.7999999999999998,0.9333333333333333,1e-09,0.36904761904761907,0.43452380952380953,10.511904761904763,0.38373015873015875
all_matching_28d,summer,2.5,42,all_matching,planned,6,daylight_proxy,106,0.49084479236859835,-0.19497015474084675,0.6884018397911437,0.7641509433962265,0.9622641509433962,0.0,1.4673233237870624,0.7641509433962265,0.9622641509433962,0.03773584905660377,0.0660377358490566,0.16981132075471697,0.0,0.0,0.0,0.0,29.0,28.669811320754718,0.0,18.858490566037737,18.858490566037737,18.858490566037737,0.5952830188679246,0.6286163522012579,0.6119496855345913,0.033333333333333305,0.7999999999999999,0.9333333333333335,1.0000000000000003e-09,0.0,0.10377358490566038,0.0,0.03333333333333335
all_matching_28d,summer,2.5,42,all_matching,planned,7,all_hours,168,0.3091921436543367,-0.12213913967279619,0.5467464273774302,0.8511904761904762,0.9761904761904762,0.0,0.9259207589285714,0.48214285714285715,0.6071428571428571,0.023809523809523808,0.041666666666666664,0.10714285714285714,0.36904761904761907,0.2916666666666667,0.36904761904761907,0.3333333333333333,29.0,18.648809523809526,10.511904761904763,12.232142857142858,22.74404761904762,17.488095238095237,0.37440476190476196,0.7581349206349206,0.5662698412698413,0.033333333333333305,0.7999999999999998,0.9333333333333333,1e-09,0.36904761904761907,0.43452380952380953,10.511904761904763,0.38373015873015875
all_matching_28d,summer,2.5,42,all_matching,planned,7,daylight_proxy,106,0.49004037862196764,-0.19357901382103548,0.6883156786116494,0.7641509433962265,0.9622641509433962,0.0,1.4673233237870622,0.7641509433962265,0.9622641509433962,0.03773584905660377,0.0660377358490566,0.16981132075471697,0.0,0.0,0.0,0.0,29.0,28.669811320754718,0.0,18.80188679245283,18.80188679245283,18.80188679245283,0.5933962264150945,0.6267295597484277,0.6100628930817611,0.033333333333333305,0.7999999999999999,0.9333333333333335,1.0000000000000003e-09,0.0,0.10377358490566038,0.0,0.03333333333333335
all_matching_28d,summer,2.5,42,all_matching,planned,8,all_hours,168,0.307244416321216,-0.12019141233967545,0.5460491793399002,0.8571428571428571,0.9761904761904762,0.0,0.9259207589285714,0.4880952380952381,0.6071428571428571,0.023809523809523808,0.041666666666666664,0.10119047619047619,0.36904761904761907,0.2916666666666667,0.36904761904761907,0.3333333333333333,29.0,18.648809523809526,10.511904761904763,12.113095238095237,22.625,17.36904761904762,0.37043650793650795,0.7541666666666667,0.5623015873015873,0.033333333333333305,0.7999999999999998,0.9333333333333333,1e-09,0.36904761904761907,0.43452380952380953,10.511904761904763,0.38373015873015864
all_matching_28d,summer,2.5,42,all_matching,planned,8,daylight_proxy,106,0.4869534145468329,-0.19049204974590073,0.6874378918862469,0.7735849056603774,0.9622641509433962,0.0,1.4673233237870622,0.7735849056603774,0.9622641509433962,0.03773584905660377,0.0660377358490566,0.16037735849056603,0.0,0.0,0.0,0.0,29.0,28.669811320754718,0.0,18.61320754716981,18.61320754716981,18.61320754716981,0.5871069182389937,0.6204402515723271,0.6037735849056604,0.033333333333333305,0.7999999999999999,0.9333333333333335,1.0000000000000003e-09,0.0,0.10377358490566038,0.0,0.03333333333333335
all_matching_28d,summer,2.5,42,all_matching,planned,9,all_hours,168,0.30834014269770404,-0.12128713871616355,0.5463623803771465,0.8571428571428571,0.9761904761904762,0.0,0.9261910574776786,0.4880952380952381,0.6071428571428571,0.023809523809523808,0.041666666666666664,0.10119047619047619,0.36904761904761907,0.2916666666666667,0.36904761904761907,0.3333333333333333,29.0,18.648809523809526,10.511904761904763,12.101190476190476,22.613095238095237,17.357142857142858,0.37003968253968256,0.7537698412698413,0.5619047619047619,0.033333333333333305,0.7999999999999998,0.9333333333333333,1e-09,0.36904761904761907,0.43452380952380953,10.511904761904763,0.38373015873015864
all_matching_28d,summer,2.5,42,all_matching,planned,9,daylight_proxy,106,0.4886900374831536,-0.19222867268222144,0.6878321901819453,0.7735849056603774,0.9622641509433962,0.0,1.4677517214875335,0.7735849056603774,0.9622641509433962,0.03773584905660377,0.0660377358490566,0.16037735849056603,0.0,0.0,0.0,0.0,29.0,28.669811320754718,0.0,18.59433962264151,18.59433962264151,18.59433962264151,0.5864779874213836,0.619811320754717,0.6031446540880503,0.033333333333333305,0.7999999999999999,0.9333333333333335,1.0000000000000003e-09,0.0,0.10377358490566038,0.0,0.03333333333333335
all_matching_28d,summer,2.5,42,all_matching,planned,10,all_hours,168,0.3065468716783588,-0.11949386769681831,0.5445883228903314,0.8571428571428571,0.9761904761904762,0.0,0.9291178385416666,0.4880952380952381,0.6071428571428571,0.023809523809523808,0.041666666666666664,0.10119047619047619,0.36904761904761907,0.2916666666666667,0.36904761904761907,0.3333333333333333,29.0,18.648809523809526,10.511904761904763,12.041666666666666,22.553571428571427,17.297619047619047,0.3680555555555555,0.7517857142857144,0.5599206349206349,0.033333333333333305,0.7999999999999998,0.9333333333333333,1e-09,0.36904761904761907,0.43452380952380953,10.511904761904763,0.38373015873015864
all_matching_28d,summer,2.5,42,all_matching,planned,10,daylight_proxy,106,0.48584787209400265,-0.1893865072930705,0.6855987753450337,0.7735849056603774,0.9622641509433962,0.0,1.4723903933625335,0.7735849056603774,0.9622641509433962,0.03773584905660377,0.0660377358490566,0.16037735849056603,0.0,0.0,0.0,0.0,29.0,28.669811320754718,0.0,18.5,18.5,18.5,0.5833333333333334,0.6166666666666666,0.6,0.033333333333333305,0.7999999999999999,0.9333333333333335,1.0000000000000003e-09,0.0,0.10377358490566038,0.0,0.03333333333333335
all_matching_28d,summer,2.5,42,all_matching,planned,11,all_hours,168,0.3102791507227891,-0.12322614674124857,0.5473170681045127,0.8571428571428571,0.9761904761904762,0.0,0.9291178385416666,0.4880952380952381,0.6071428571428571,0.023809523809523808,0.041666666666666664,0.10119047619047619,0.36904761904761907,0.2916666666666667,0.36904761904761907,0.3333333333333333,29.0,18.648809523809526,10.511904761904763,12.095238095238095,22.607142857142858,17.351190476190474,0.3698412698412698,0.7535714285714287,0.5617063492063492,0.033333333333333305,0.7999999999999998,0.9333333333333333,1e-09,0.36904761904761907,0.43452380952380953,10.511904761904763,0.38373015873015875
all_matching_28d,summer,2.5,42,all_matching,planned,11,daylight_proxy,106,0.49176318227762805,-0.1953018174766959,0.6890340755496767,0.7735849056603774,0.9622641509433962,0.0,1.4723903933625335,0.7735849056603774,0.9622641509433962,0.03773584905660377,0.0660377358490566,0.16037735849056603,0.0,0.0,0.0,0.0,29.0,28.669811320754718,0.0,18.58490566037736,18.58490566037736,18.58490566037736,0.5861635220125786,0.619496855345912,0.6028301886792453,0.033333333333333305,0.7999999999999999,0.9333333333333335,1.0000000000000003e-09,0.0,0.10377358490566038,0.0,0.03333333333333336
all_matching_28d,summer,2.5,42,all_matching,planned,12,all_hours,168,0.31190841571003397,-0.12485541172849347,0.5481177489839573,0.8571428571428571,0.9761904761904762,0.0,0.9291178385416666,0.4880952380952381,0.6071428571428571,0.023809523809523808,0.041666666666666664,0.10119047619047619,0.36904761904761907,0.2916666666666667,0.36904761904761907,0.3333333333333333,29.0,18.648809523809526,10.511904761904763,12.071428571428571,22.583333333333332,17.327380952380953,0.36904761904761907,0.7527777777777779,0.5609126984126985,0.033333333333333305,0.7999999999999998,0.9333333333333333,1e-09,0.36904761904761907,0.43452380952380953,10.511904761904763,0.38373015873015864
all_matching_28d,summer,2.5,42,all_matching,planned,12,daylight_proxy,106,0.4943454135781671,-0.19788404877723492,0.6900420770203579,0.7735849056603774,0.9622641509433962,0.0,1.4723903933625335,0.7735849056603774,0.9622641509433962,0.03773584905660377,0.0660377358490566,0.16037735849056603,0.0,0.0,0.0,0.0,29.0,28.669811320754718,0.0,18.547169811320753,18.547169811320753,18.547169811320753,0.5849056603773585,0.6182389937106919,0.6015723270440252,0.033333333333333305,0.7999999999999999,0.9333333333333335,1.0000000000000003e-09,0.0,0.10377358490566038,0.0,0.03333333333333335
all_matching_28d,summer,2.5,42,all_matching,planned,13,all_hours,168,0.30650825759991496,-0.11945525361837445,0.5409552156996263,0.8571428571428571,0.9761904761904762,0.0,0.9296322777157738,0.4880952380952381,0.6071428571428571,0.023809523809523808,0.041666666666666664,0.10119047619047619,0.36904761904761907,0.2916666666666667,0.36904761904761907,0.3333333333333333,29.0,18.648809523809526,10.511904761904763,11.976190476190476,22.488095238095237,17.232142857142858,0.3658730158730159,0.7496031746031747,0.5577380952380951,0.033333333333333305,0.7999999999999998,0.9333333333333333,1e-09,0.36904761904761907,0.43452380952380953,10.511904761904763,0.38373015873015864
all_matching_28d,summer,2.5,42,all_matching,planned,13,daylight_proxy,106,0.4857866724225068,-0.18932530762157457,0.6810249463884656,0.7735849056603774,0.9622641509433962,0.0,1.473205730921496,0.7735849056603774,0.9622641509433962,0.03773584905660377,0.0660377358490566,0.16037735849056603,0.0,0.0,0.0,0.0,29.0,28.669811320754718,0.0,18.39622641509434,18.39622641509434,18.39622641509434,0.579874213836478,0.6132075471698113,0.5965408805031447,0.033333333333333305,0.7999999999999999,0.9333333333333335,1.0000000000000003e-09,0.0,0.10377358490566038,0.0,0.033333333333333354
all_matching_28d,summer,2.5,42,all_matching,planned,14,all_hours,168,0.30364458771789965,-0.11659158373635913,0.5380909235874072,0.8630952380952381,0.9761904761904762,0.0,0.9365495954241071,0.49404761904761907,0.6071428571428571,0.023809523809523808,0.041666666666666664,0.09523809523809523,0.36904761904761907,0.2916666666666667,0.36904761904761907,0.3333333333333333,29.0,18.648809523809526,10.511904761904763,11.904761904761905,22.416666666666668,17.160714285714285,0.3634920634920635,0.7472222222222222,0.5553571428571429,0.033333333333333305,0.7999999999999998,0.9333333333333333,1e-09,0.36904761904761907,0.43452380952380953,10.511904761904763,0.38373015873015875
all_matching_28d,summer,2.5,42,all_matching,planned,14,daylight_proxy,106,0.4812480258170485,-0.18478666101611632,0.6774190020781918,0.7830188679245284,0.9622641509433962,0.0,1.4841690269120624,0.7830188679245284,0.9622641509433962,0.03773584905660377,0.0660377358490566,0.1509433962264151,0.0,0.0,0.0,0.0,29.0,28.669811320754718,0.0,18.28301886792453,18.28301886792453,18.28301886792453,0.5761006289308176,0.6094339622641509,0.5927672955974842,0.033333333333333305,0.7999999999999999,0.9333333333333335,1.0000000000000003e-09,0.0,0.10377358490566038,0.0,0.033333333333333354
all_matching_28d,summer,2.5,42,all_matching,planned,15,all_hours,168,0.3042881556919643,-0.11594801576229449,0.5381843990934876,0.8630952380952381,0.9761904761904762,0.0,0.9365495954241071,0.49404761904761907,0.6071428571428571,0.023809523809523808,0.041666666666666664,0.09523809523809523,0.36904761904761907,0.2916666666666667,0.36904761904761907,0.3333333333333333,29.0,18.648809523809526,10.511904761904763,11.910714285714286,22.422619047619047,17.166666666666668,0.3636904761904762,0.7474206349206349,0.5555555555555556,0.033333333333333305,0.7999999999999998,0.9333333333333333,1e-09,0.36904761904761907,0.43452380952380953,10.511904761904763,0.38373015873015875
all_matching_28d,summer,2.5,42,all_matching,planned,15,daylight_proxy,106,0.4822680203419812,-0.18376666649118373,0.6775366812310488,0.7830188679245284,0.9622641509433962,0.0,1.4841690269120624,0.7830188679245284,0.9622641509433962,0.03773584905660377,0.0660377358490566,0.1509433962264151,0.0,0.0,0.0,0.0,29.0,28.669811320754718,0.0,18.29245283018868,18.29245283018868,18.29245283018868,0.5764150943396227,0.609748427672956,0.5930817610062893,0.033333333333333305,0.7999999999999999,0.9333333333333335,1.0000000000000003e-09,0.0,0.10377358490566038,0.0,0.033333333333333354
all_matching_28d,summer,2.5,42,all_matching,planned,16,all_hours,168,0.3125303930165816,-0.10770577843767715,0.5512773036908454,0.8571428571428571,0.9702380952380952,0.005952380952380952,0.9365495954241071,0.4880952380952381,0.6011904761904762,0.023809523809523808,0.047619047619047616,0.09523809523809523,0.36904761904761907,0.2916666666666667,0.36904761904761907,0.3333333333333333,29.0,18.648809523809526,10.511904761904763,11.845238095238095,22.357142857142858,17.101190476190474,0.3615079365079365,0.7452380952380953,0.5533730158730159,0.033333333333333305,0.7999999999999998,0.9333333333333333,1e-09,0.36904761904761907,0.43452380952380953,10.511904761904763,0.38373015873015875
all_matching_28d,summer,2.5,42,all_matching,planned,16,daylight_proxy,106,0.4953311889319406,-0.17070349790122416,0.6940197363762938,0.7735849056603774,0.9528301886792453,0.009433962264150943,1.4841690269120622,0.7735849056603774,0.9528301886792453,0.03773584905660377,0.07547169811320754,0.1509433962264151,0.0,0.0,0.0,0.0,29.0,28.669811320754718,0.0,18.18867924528302,18.18867924528302,18.18867924528302,0.5729559748427673,0.6062893081761006,0.589622641509434,0.033333333333333305,0.7999999999999999,0.9333333333333335,1.0000000000000003e-09,0.0,0.10377358490566038,0.0,0.033333333333333354
all_matching_28d,summer,2.5,42,all_matching,planned,17,all_hours,168,0.3186173696366567,-0.10149721591110403,0.5570059394253896,0.8511904761904762,0.9642857142857143,0.011904761904761904,0.9365495954241073,0.48214285714285715,0.5952380952380952,0.023809523809523808,0.05357142857142857,0.09523809523809523,0.36904761904761907,0.2916666666666667,0.36904761904761907,0.3333333333333333,29.0,18.648809523809526,10.511904761904763,11.773809523809524,22.285714285714285,17.029761904761905,0.3591269841269841,0.7428571428571429,0.5509920634920634,0.033333333333333305,0.7999999999999998,0.9333333333333333,1e-09,0.36904761904761907,0.43452380952380953,10.511904761904763,0.38373015873015864
all_matching_28d,summer,2.5,42,all_matching,planned,17,daylight_proxy,106,0.5049784726316823,-0.1608635120100516,0.7012316898444776,0.7641509433962265,0.9433962264150944,0.018867924528301886,1.4841690269120618,0.7641509433962265,0.9433962264150944,0.03773584905660377,0.08490566037735849,0.1509433962264151,0.0,0.0,0.0,0.0,29.0,28.669811320754718,0.0,18.07547169811321,18.07547169811321,18.07547169811321,0.5691823899371069,0.6025157232704402,0.5858490566037735,0.033333333333333305,0.7999999999999999,0.9333333333333335,1.0000000000000003e-09,0.0,0.10377358490566038,0.0,0.03333333333333336
all_matching_28d,summer,2.5,42,all_matching,planned,18,all_hours,168,0.31960591772516295,-0.09739789551888463,0.5576167282389657,0.8452380952380952,0.9583333333333334,0.017857142857142856,0.9365495954241071,0.47619047619047616,0.5892857142857143,0.023809523809523808,0.05952380952380952,0.09523809523809523,0.36904761904761907,0.2916666666666667,0.36904761904761907,0.3333333333333333,29.0,18.654761904761905,10.511904761904763,11.648809523809524,22.160714285714285,16.904761904761905,0.3549603174603175,0.7386904761904761,0.5468253968253969,0.033333333333333305,0.7999999999999998,0.9333333333333333,1e-09,0.36904761904761907,0.42857142857142855,10.511904761904763,0.38373015873015875
all_matching_28d,summer,2.5,42,all_matching,planned,18,daylight_proxy,106,0.506545228092711,-0.1543664759167228,0.7020006304276317,0.7547169811320755,0.9339622641509434,0.02830188679245283,1.4841690269120618,0.7547169811320755,0.9339622641509434,0.03773584905660377,0.09433962264150944,0.1509433962264151,0.0,0.0,0.0,0.0,29.0,28.67924528301887,0.0,17.87735849056604,17.87735849056604,17.87735849056604,0.5625786163522013,0.5959119496855345,0.5792452830188678,0.033333333333333305,0.7999999999999999,0.9333333333333335,1.0000000000000003e-09,0.0,0.09433962264150944,0.0,0.03333333333333336
all_matching_28d,summer,2.5,42,all_matching,planned,19,all_hours,168,0.3197953343121102,-0.09679709367470946,0.5576338712095665,0.8392857142857143,0.9642857142857143,0.023809523809523808,0.9365873790922619,0.47023809523809523,0.5952380952380952,0.011904761904761904,0.06547619047619048,0.09523809523809523,0.36904761904761907,0.2916666666666667,0.36904761904761907,0.3333333333333333,29.0,18.654761904761905,10.511904761904763,11.517857142857142,22.029761904761905,16.773809523809526,0.35059523809523807,0.7343253968253969,0.5424603174603174,0.033333333333333305,0.7999999999999998,0.9333333333333333,1e-09,0.36904761904761907,0.42857142857142855,10.511904761904763,0.38373015873015864
all_matching_28d,summer,2.5,42,all_matching,planned,19,daylight_proxy,106,0.5068454355135331,-0.1534142616731244,0.7020222122338432,0.7452830188679245,0.9433962264150944,0.03773584905660377,1.4842289104615902,0.7452830188679245,0.9433962264150944,0.018867924528301886,0.10377358490566038,0.1509433962264151,0.0,0.0,0.0,0.0,29.0,28.67924528301887,0.0,17.669811320754718,17.669811320754718,17.669811320754718,0.5556603773584905,0.5889937106918239,0.5723270440251571,0.033333333333333305,0.7999999999999999,0.9333333333333335,1.0000000000000003e-09,0.0,0.09433962264150944,0.0,0.03333333333333336
all_matching_28d,summer,2.5,42,all_matching,planned,20,all_hours,168,0.3197994863635558,-0.09679294162326389,0.5576338738064687,0.8392857142857143,0.9642857142857143,0.023809523809523808,0.9365915311437075,0.47023809523809523,0.5952380952380952,0.011904761904761904,0.06547619047619048,0.09523809523809523,0.36904761904761907,0.2916666666666667,0.36904761904761907,0.3333333333333333,29.0,18.666666666666668,10.392857142857142,11.517857142857142,21.910714285714285,16.714285714285715,0.35059523809523807,0.7303571428571429,0.5404761904761904,0.033333333333333305,0.7999999999999998,0.9333333333333333,1e-09,0.36904761904761907,0.42857142857142855,10.392857142857142,0.37976190476190474
all_matching_28d,summer,2.5,42,all_matching,planned,20,daylight_proxy,107,0.5021150813932465,-0.15197396441783487,0.6987340371664471,0.7476635514018691,0.9439252336448598,0.037383177570093455,1.4703928154205606,0.7383177570093458,0.9345794392523364,0.018691588785046728,0.102803738317757,0.14953271028037382,0.009345794392523364,0.0,0.009345794392523364,0.0,29.0,28.46728971962617,0.056074766355140186,17.514018691588785,17.570093457943926,17.542056074766354,0.5504672897196261,0.5856697819314642,0.5680685358255451,0.033333333333333305,0.7999999999999999,0.9333333333333336,1.0000000000000003e-09,0.009345794392523364,0.102803738317757,0.056074766355140186,0.03520249221183803
all_matching_28d,summer,2.5,42,all_matching,planned,21,all_hours,168,0.3197994863635558,-0.09679294162326386,0.5576338738064687,0.8392857142857143,0.9642857142857143,0.023809523809523808,0.9365915311437075,0.47023809523809523,0.5952380952380952,0.011904761904761904,0.06547619047619048,0.09523809523809523,0.36904761904761907,0.2916666666666667,0.36904761904761907,0.3333333333333333,29.0,18.666666666666668,10.392857142857142,11.517857142857142,21.910714285714285,16.714285714285715,0.35059523809523807,0.7303571428571428,0.5404761904761903,0.033333333333333305,0.7999999999999998,0.9333333333333333,1e-09,0.36904761904761907,0.42857142857142855,10.392857142857142,0.37976190476190474
all_matching_28d,summer,2.5,42,all_matching,planned,21,daylight_proxy,107,0.5021150813932465,-0.15197396441783487,0.6987340371664471,0.7476635514018691,0.9439252336448598,0.037383177570093455,1.4703928154205606,0.7383177570093458,0.9345794392523364,0.018691588785046728,0.102803738317757,0.14953271028037382,0.009345794392523364,0.0,0.009345794392523364,0.0,29.0,28.46728971962617,0.056074766355140186,17.514018691588785,17.570093457943926,17.542056074766354,0.5504672897196261,0.5856697819314642,0.5680685358255451,0.033333333333333305,0.7999999999999999,0.9333333333333336,1.0000000000000003e-09,0.009345794392523364,0.102803738317757,0.056074766355140186,0.03520249221183803
all_matching_28d,summer,2.5,42,all_matching,planned,22,all_hours,168,0.3197994863635558,-0.09679294162326389,0.5576338738064687,0.8392857142857143,0.9642857142857143,0.023809523809523808,0.9365915311437075,0.47023809523809523,0.5952380952380952,0.011904761904761904,0.06547619047619048,0.09523809523809523,0.36904761904761907,0.2916666666666667,0.36904761904761907,0.3333333333333333,29.0,18.666666666666668,10.392857142857142,11.517857142857142,21.910714285714285,16.714285714285715,0.35059523809523807,0.7303571428571428,0.5404761904761904,0.033333333333333305,0.7999999999999998,0.9333333333333333,1e-09,0.36904761904761907,0.42857142857142855,10.392857142857142,0.37976190476190474
all_matching_28d,summer,2.5,42,all_matching,planned,22,daylight_proxy,107,0.5021150813932465,-0.15197396441783487,0.6987340371664471,0.7476635514018691,0.9439252336448598,0.037383177570093455,1.4703928154205606,0.7383177570093458,0.9345794392523364,0.018691588785046728,0.102803738317757,0.14953271028037382,0.009345794392523364,0.0,0.009345794392523364,0.0,29.0,28.46728971962617,0.056074766355140186,17.514018691588785,17.570093457943926,17.542056074766354,0.5504672897196261,0.5856697819314642,0.5680685358255451,0.033333333333333305,0.7999999999999999,0.9333333333333336,1.0000000000000003e-09,0.009345794392523364,0.102803738317757,0.056074766355140186,0.03520249221183803
all_matching_28d,summer,2.5,42,all_matching,planned,23,all_hours,168,0.32594895135788693,-0.10515572684151785,0.5631147376595758,0.8511904761904762,0.9523809523809523,0.023809523809523808,0.9585663326202876,0.48214285714285715,0.5833333333333334,0.023809523809523808,0.06547619047619048,0.08333333333333333,0.36904761904761907,0.2916666666666667,0.36904761904761907,0.3333333333333333,29.0,18.625,10.511904761904763,11.601190476190476,22.113095238095237,16.857142857142858,0.35337301587301584,0.7371031746031745,0.5452380952380952,0.033333333333333305,0.7999999999999998,0.9333333333333333,1e-09,0.36904761904761907,0.44642857142857145,10.511904761904763,0.38373015873015875
all_matching_28d,summer,2.5,42,all_matching,planned,23,daylight_proxy,106,0.5165983380011792,-0.16666190669221695,0.7089222414265601,0.7641509433962265,0.9245283018867925,0.03773584905660377,1.5190805879029086,0.7641509433962265,0.9245283018867925,0.03773584905660377,0.10377358490566038,0.1320754716981132,0.0,0.0,0.0,0.0,29.0,28.632075471698112,0.0,17.80188679245283,17.80188679245283,17.80188679245283,0.560062893081761,0.5933962264150944,0.5767295597484277,0.033333333333333305,0.7999999999999999,0.9333333333333335,1.0000000000000003e-09,0.0,0.12264150943396226,0.0,0.033333333333333354
all_matching_28d,autumn,2.5,42,all_matching,planned,0,all_hours,168,0.3131801890678146,0.16235647742169781,0.5753671545732298,0.9166666666666666,0.9940476190476191,0.0,0.8725270381590136,0.39285714285714285,0.47023809523809523,0.005952380952380952,0.03571428571428571,0.047619047619047616,0.5238095238095238,0.4583333333333333,0.5238095238095238,0.4583333333333333,29.0,14.101190476190476,14.583333333333334,7.285714285714286,21.86904761904762,14.577380952380953,0.20952380952380953,0.7289682539682539,0.4692460317460318,0.033333333333333305,0.7999999999999998,0.9333333333333333,1e-09,0.5238095238095238,0.7202380952380952,14.583333333333334,0.5194444444444444
all_matching_28d,autumn,2.5,42,all_matching,planned,0,daylight_proxy,112,0.46977028360172196,0.24353471613254676,0.7046779717307349,0.875,0.9910714285714286,0.0,1.3087905572385203,0.5892857142857143,0.7053571428571429,0.008928571428571428,0.05357142857142857,0.07142857142857142,0.2857142857142857,0.1875,0.2857142857142857,0.1875,29.0,20.651785714285715,7.375,10.428571428571429,17.803571428571427,14.116071428571429,0.31428571428571433,0.593452380952381,0.45386904761904756,0.03333333333333331,0.8,0.9333333333333335,1.0000000000000003e-09,0.2857142857142857,0.5803571428571429,7.375,0.2791666666666666
all_matching_28d,autumn,2.5,42,all_matching,planned,1,all_hours,168,0.31318018906781464,0.16235647742169784,0.5753671545732298,0.9166666666666666,0.9940476190476191,0.0,0.8725270381590136,0.39285714285714285,0.47023809523809523,0.005952380952380952,0.03571428571428571,0.047619047619047616,0.5238095238095238,0.4583333333333333,0.5238095238095238,0.4583333333333333,29.0,14.101190476190476,14.583333333333334,7.285714285714286,21.86904761904762,14.577380952380953,0.20952380952380953,0.7289682539682539,0.46924603174603174,0.033333333333333305,0.7999999999999998,0.9333333333333333,1e-09,0.5238095238095238,0.7202380952380952,14.583333333333334,0.5194444444444445
all_matching_28d,autumn,2.5,42,all_matching,planned,1,daylight_proxy,112,0.46977028360172196,0.24353471613254676,0.7046779717307349,0.875,0.9910714285714286,0.0,1.3087905572385203,0.5892857142857143,0.7053571428571429,0.008928571428571428,0.05357142857142857,0.07142857142857142,0.2857142857142857,0.1875,0.2857142857142857,0.1875,29.0,20.651785714285715,7.375,10.428571428571429,17.803571428571427,14.116071428571429,0.31428571428571433,0.593452380952381,0.45386904761904756,0.03333333333333331,0.8,0.9333333333333335,1.0000000000000003e-09,0.2857142857142857,0.5803571428571429,7.375,0.2791666666666666
all_matching_28d,autumn,2.5,42,all_matching,planned,2,all_hours,168,0.31318018906781464,0.16235647742169781,0.5753671545732298,0.9166666666666666,0.9940476190476191,0.0,0.8725270381590136,0.39285714285714285,0.47023809523809523,0.005952380952380952,0.03571428571428571,0.047619047619047616,0.5238095238095238,0.4583333333333333,0.5238095238095238,0.4583333333333333,29.0,14.101190476190476,14.583333333333334,7.285714285714286,21.86904761904762,14.577380952380953,0.20952380952380953,0.7289682539682539,0.4692460317460318,0.033333333333333305,0.7999999999999998,0.9333333333333333,1e-09,0.5238095238095238,0.7202380952380952,14.583333333333334,0.5194444444444445
all_matching_28d,autumn,2.5,42,all_matching,planned,2,daylight_proxy,112,0.46977028360172196,0.24353471613254676,0.7046779717307349,0.875,0.9910714285714286,0.0,1.3087905572385203,0.5892857142857143,0.7053571428571429,0.008928571428571428,0.05357142857142857,0.07142857142857142,0.2857142857142857,0.1875,0.2857142857142857,0.1875,29.0,20.651785714285715,7.375,10.428571428571429,17.803571428571427,14.116071428571429,0.31428571428571433,0.593452380952381,0.45386904761904756,0.03333333333333331,0.8,0.9333333333333335,1.0000000000000003e-09,0.2857142857142857,0.5803571428571429,7.375,0.2791666666666666
all_matching_28d,autumn,2.5,42,all_matching,planned,3,all_hours,168,0.3131801890678146,0.16235647742169781,0.5753671545732298,0.9166666666666666,0.9940476190476191,0.0,0.8725270381590136,0.39285714285714285,0.47023809523809523,0.005952380952380952,0.03571428571428571,0.047619047619047616,0.5238095238095238,0.4583333333333333,0.5238095238095238,0.4583333333333333,29.0,14.101190476190476,14.583333333333334,7.285714285714286,21.86904761904762,14.577380952380953,0.20952380952380953,0.7289682539682539,0.4692460317460318,0.033333333333333305,0.7999999999999998,0.9333333333333333,1e-09,0.5238095238095238,0.7202380952380952,14.583333333333334,0.5194444444444445
all_matching_28d,autumn,2.5,42,all_matching,planned,3,daylight_proxy,112,0.46977028360172196,0.24353471613254676,0.7046779717307349,0.875,0.9910714285714286,0.0,1.3087905572385203,0.5892857142857143,0.7053571428571429,0.008928571428571428,0.05357142857142857,0.07142857142857142,0.2857142857142857,0.1875,0.2857142857142857,0.1875,29.0,20.651785714285715,7.375,10.428571428571429,17.803571428571427,14.116071428571429,0.31428571428571433,0.593452380952381,0.45386904761904756,0.03333333333333331,0.8,0.9333333333333335,1.0000000000000003e-09,0.2857142857142857,0.5803571428571429,7.375,0.2791666666666666
all_matching_28d,autumn,2.5,42,all_matching,planned,4,all_hours,168,0.3131801890678146,0.16235647742169781,0.5753671545732298,0.9166666666666666,0.9940476190476191,0.0,0.8725270381590136,0.39285714285714285,0.47023809523809523,0.005952380952380952,0.03571428571428571,0.047619047619047616,0.5238095238095238,0.4583333333333333,0.5238095238095238,0.4583333333333333,29.0,14.101190476190476,14.583333333333334,7.285714285714286,21.86904761904762,14.577380952380953,0.20952380952380953,0.7289682539682539,0.46924603174603174,0.033333333333333305,0.7999999999999998,0.9333333333333333,1e-09,0.5238095238095238,0.7202380952380952,14.583333333333334,0.5194444444444444
all_matching_28d,autumn,2.5,42,all_matching,planned,4,daylight_proxy,112,0.46977028360172196,0.24353471613254676,0.7046779717307349,0.875,0.9910714285714286,0.0,1.3087905572385203,0.5892857142857143,0.7053571428571429,0.008928571428571428,0.05357142857142857,0.07142857142857142,0.2857142857142857,0.1875,0.2857142857142857,0.1875,29.0,20.651785714285715,7.375,10.428571428571429,17.803571428571427,14.116071428571429,0.31428571428571433,0.593452380952381,0.45386904761904756,0.03333333333333331,0.8,0.9333333333333335,1.0000000000000003e-09,0.2857142857142857,0.5803571428571429,7.375,0.2791666666666666
all_matching_28d,autumn,2.5,42,all_matching,planned,5,all_hours,168,0.31318018906781464,0.16235647742169781,0.5753671545732298,0.9166666666666666,0.9940476190476191,0.0,0.8725270381590136,0.39285714285714285,0.47023809523809523,0.005952380952380952,0.03571428571428571,0.047619047619047616,0.5238095238095238,0.4583333333333333,0.5238095238095238,0.4583333333333333,29.0,14.101190476190476,14.583333333333334,7.285714285714286,21.86904761904762,14.577380952380953,0.2095238095238095,0.7289682539682539,0.4692460317460318,0.033333333333333305,0.7999999999999998,0.9333333333333333,1e-09,0.5238095238095238,0.7202380952380952,14.583333333333334,0.5194444444444444
all_matching_28d,autumn,2.5,42,all_matching,planned,5,daylight_proxy,112,0.46977028360172185,0.24353471613254676,0.704677971730735,0.875,0.9910714285714286,0.0,1.3087905572385203,0.5892857142857143,0.7053571428571429,0.008928571428571428,0.05357142857142857,0.07142857142857142,0.2857142857142857,0.1875,0.2857142857142857,0.1875,29.0,20.651785714285715,7.375,10.428571428571429,17.803571428571427,14.116071428571429,0.3142857142857142,0.593452380952381,0.45386904761904756,0.03333333333333331,0.8,0.9333333333333335,1.0000000000000003e-09,0.2857142857142857,0.5803571428571429,7.375,0.2791666666666666
all_matching_28d,autumn,2.5,42,all_matching,planned,6,all_hours,168,0.3131884931707058,0.16236478152458897,0.5753679719156988,0.9166666666666666,0.9940476190476191,0.0,0.8725353422619048,0.39285714285714285,0.47023809523809523,0.005952380952380952,0.03571428571428571,0.047619047619047616,0.5238095238095238,0.4583333333333333,0.5238095238095238,0.4583333333333333,29.0,14.107142857142858,14.577380952380953,7.285714285714286,21.863095238095237,14.574404761904763,0.20952380952380953,0.7287698412698413,0.4691468253968254,0.033333333333333305,0.7999999999999998,0.9333333333333333,1e-09,0.5238095238095238,0.7202380952380952,14.577380952380953,0.5192460317460317
all_matching_28d,autumn,2.5,42,all_matching,planned,6,daylight_proxy,112,0.46978273975605866,0.24354717228688352,0.704678972766732,0.875,0.9910714285714286,0.0,1.3088030133928572,0.5892857142857143,0.7053571428571429,0.008928571428571428,0.05357142857142857,0.07142857142857142,0.2857142857142857,0.1875,0.2857142857142857,0.1875,29.0,20.660714285714285,7.366071428571429,10.428571428571429,17.794642857142858,14.111607142857142,0.31428571428571433,0.5931547619047619,0.45372023809523804,0.03333333333333331,0.8,0.9333333333333335,1.0000000000000003e-09,0.2857142857142857,0.5803571428571429,7.366071428571429,0.27886904761904757
all_matching_28d,autumn,2.5,42,all_matching,planned,7,all_hours,168,0.31373947039753397,0.16291575875141723,0.5755097042436936,0.9166666666666666,0.9940476190476191,0.0,0.8725170732355442,0.39285714285714285,0.47023809523809523,0.005952380952380952,0.03571428571428571,0.047619047619047616,0.5238095238095238,0.4583333333333333,0.5238095238095238,0.4583333333333333,29.0,14.160714285714286,14.577380952380953,7.226190476190476,21.803571428571427,14.514880952380953,0.20753968253968255,0.7267857142857144,0.4671626984126984,0.033333333333333305,0.7999999999999998,0.9333333333333333,1e-09,0.5238095238095238,0.6964285714285714,14.577380952380953,0.5192460317460317
all_matching_28d,autumn,2.5,42,all_matching,planned,7,daylight_proxy,112,0.470609205596301,0.24437363812712584,0.704852558708554,0.875,0.9910714285714286,0.0,1.3087756098533165,0.5892857142857143,0.7053571428571429,0.008928571428571428,0.05357142857142857,0.07142857142857142,0.2857142857142857,0.1875,0.2857142857142857,0.1875,29.0,20.741071428571427,7.366071428571429,10.339285714285714,17.705357142857142,14.022321428571429,0.31130952380952376,0.5901785714285713,0.4507440476190476,0.03333333333333331,0.8,0.9333333333333335,1.0000000000000003e-09,0.2857142857142857,0.5446428571428571,7.366071428571429,0.27886904761904757
all_matching_28d,autumn,2.5,42,all_matching,planned,8,all_hours,168,0.31604468936011904,0.16522097771400224,0.576467749114298,0.9107142857142857,0.9940476190476191,0.0,0.8691198647427721,0.3869047619047619,0.47023809523809523,0.005952380952380952,0.041666666666666664,0.047619047619047616,0.5238095238095238,0.4583333333333333,0.5238095238095238,0.4583333333333333,29.0,14.19047619047619,14.577380952380953,7.113095238095238,21.69047619047619,14.401785714285714,0.20376984126984127,0.7230158730158729,0.4633928571428571,0.033333333333333305,0.7999999999999998,0.9333333333333333,1e-09,0.5238095238095238,0.6845238095238095,14.577380952380953,0.5192460317460317
all_matching_28d,autumn,2.5,42,all_matching,planned,8,daylight_proxy,112,0.4740670340401785,0.24783146657100336,0.7060259192503898,0.8660714285714286,0.9910714285714286,0.0,1.3036797971141583,0.5803571428571429,0.7053571428571429,0.008928571428571428,0.0625,0.07142857142857142,0.2857142857142857,0.1875,0.2857142857142857,0.1875,29.0,20.785714285714285,7.366071428571429,10.169642857142858,17.535714285714285,13.852678571428571,0.30565476190476193,0.5845238095238096,0.44508928571428574,0.03333333333333331,0.8,0.9333333333333335,1.0000000000000003e-09,0.2857142857142857,0.5267857142857143,7.366071428571429,0.27886904761904757
all_matching_28d,autumn,2.5,42,all_matching,planned,9,all_hours,168,0.3159562506643282,0.16513253901821143,0.5763808736737362,0.9047619047619048,0.9940476190476191,0.0,0.8673178744153912,0.38095238095238093,0.47023809523809523,0.005952380952380952,0.047619047619047616,0.047619047619047616,0.5238095238095238,0.4583333333333333,0.5238095238095238,0.4583333333333333,29.0,14.19047619047619,14.577380952380953,7.101190476190476,21.678571428571427,14.389880952380953,0.20337301587301587,0.7226190476190476,0.4629960317460317,0.033333333333333305,0.7999999999999998,0.9333333333333333,1e-09,0.5238095238095238,0.6845238095238095,14.577380952380953,0.5192460317460317
all_matching_28d,autumn,2.5,42,all_matching,planned,9,daylight_proxy,112,0.47393437599649235,0.24769880852731715,0.7059195190001119,0.8571428571428571,0.9910714285714286,0.0,1.3009768116230869,0.5714285714285714,0.7053571428571429,0.008928571428571428,0.07142857142857142,0.07142857142857142,0.2857142857142857,0.1875,0.2857142857142857,0.1875,29.0,20.785714285714285,7.366071428571429,10.151785714285714,17.517857142857142,13.834821428571429,0.3050595238095238,0.5839285714285715,0.4444940476190476,0.03333333333333331,0.8,0.9333333333333335,1.0000000000000003e-09,0.2857142857142857,0.5267857142857143,7.366071428571429,0.27886904761904757
all_matching_28d,autumn,2.5,42,all_matching,planned,10,all_hours,168,0.31248970291241496,0.16166599126629816,0.5696242782722727,0.9107142857142857,0.9940476190476191,0.0,0.8665331366921769,0.3869047619047619,0.47023809523809523,0.005952380952380952,0.041666666666666664,0.047619047619047616,0.5238095238095238,0.4583333333333333,0.5238095238095238,0.4583333333333333,29.0,14.19047619047619,14.577380952380953,7.125,21.702380952380953,14.413690476190476,0.20416666666666666,0.7234126984126984,0.4637896825396825,0.033333333333333305,0.7999999999999998,0.9333333333333333,1e-09,0.5238095238095238,0.6845238095238095,14.577380952380953,0.5192460317460317
all_matching_28d,autumn,2.5,42,all_matching,planned,10,daylight_proxy,112,0.46873455436862244,0.24249898689944724,0.6976444134341014,0.8660714285714286,0.9910714285714286,0.0,1.2997997050382655,0.5803571428571429,0.7053571428571429,0.008928571428571428,0.0625,0.07142857142857142,0.2857142857142857,0.1875,0.2857142857142857,0.1875,29.0,20.785714285714285,7.366071428571429,10.1875,17.553571428571427,13.870535714285714,0.30624999999999997,0.5851190476190476,0.4456845238095238,0.03333333333333331,0.8,0.9333333333333335,1.0000000000000003e-09,0.2857142857142857,0.5267857142857143,7.366071428571429,0.27886904761904757
all_matching_28d,autumn,2.5,42,all_matching,planned,11,all_hours,168,0.31272512422937926,0.16190141258326246,0.5701186417456013,0.9107142857142857,0.9940476190476191,0.0,0.8665331366921769,0.3869047619047619,0.47023809523809523,0.005952380952380952,0.041666666666666664,0.047619047619047616,0.5238095238095238,0.4583333333333333,0.5238095238095238,0.4583333333333333,29.0,14.19047619047619,14.577380952380953,7.113095238095238,21.69047619047619,14.401785714285714,0.20376984126984127,0.723015873015873,0.4633928571428571,0.033333333333333305,0.7999999999999998,0.9333333333333333,1e-09,0.5238095238095238,0.6845238095238095,14.577380952380953,0.5192460317460318
all_matching_28d,autumn,2.5,42,all_matching,planned,11,daylight_proxy,112,0.46908768634406883,0.2428521188748937,0.6982498825626638,0.8660714285714286,0.9910714285714286,0.0,1.2997997050382655,0.5803571428571429,0.7053571428571429,0.008928571428571428,0.0625,0.07142857142857142,0.2857142857142857,0.1875,0.2857142857142857,0.1875,29.0,20.785714285714285,7.366071428571429,10.169642857142858,17.535714285714285,13.852678571428571,0.30565476190476193,0.5845238095238096,0.4450892857142857,0.03333333333333331,0.8,0.9333333333333335,1.0000000000000003e-09,0.2857142857142857,0.5267857142857143,7.366071428571429,0.27886904761904757
all_matching_28d,autumn,2.5,42,all_matching,planned,12,all_hours,168,0.31614018654336734,0.16531647489725054,0.5772885462728199,0.9107142857142857,0.9940476190476191,0.0,0.8665331366921769,0.3869047619047619,0.47023809523809523,0.005952380952380952,0.041666666666666664,0.047619047619047616,0.5238095238095238,0.4583333333333333,0.5238095238095238,0.4583333333333333,29.0,14.19047619047619,14.577380952380953,7.083333333333333,21.660714285714285,14.37202380952381,0.20277777777777775,0.7220238095238096,0.4624007936507937,0.033333333333333305,0.7999999999999998,0.9333333333333333,1e-09,0.5238095238095238,0.6845238095238095,14.577380952380953,0.5192460317460317
all_matching_28d,autumn,2.5,42,all_matching,planned,12,daylight_proxy,112,0.474210279815051,0.24797471234587581,0.7070311863607421,0.8660714285714286,0.9910714285714286,0.0,1.2997997050382655,0.5803571428571429,0.7053571428571429,0.008928571428571428,0.0625,0.07142857142857142,0.2857142857142857,0.1875,0.2857142857142857,0.1875,29.0,20.785714285714285,7.366071428571429,10.125,17.491071428571427,13.808035714285714,0.30416666666666664,0.5830357142857142,0.4436011904761905,0.03333333333333331,0.8,0.9333333333333335,1.0000000000000003e-09,0.2857142857142857,0.5267857142857143,7.366071428571429,0.27886904761904757
all_matching_28d,autumn,2.5,42,all_matching,planned,13,all_hours,168,0.31797871492346935,0.16715500327735258,0.5800519956102307,0.9047619047619048,0.9940476190476191,0.0,0.8617665816326531,0.38095238095238093,0.47023809523809523,0.005952380952380952,0.047619047619047616,0.047619047619047616,0.5238095238095238,0.4583333333333333,0.5238095238095238,0.4583333333333333,29.0,14.19047619047619,14.577380952380953,7.053571428571429,21.63095238095238,14.342261904761905,0.2017857142857143,0.721031746031746,0.46140873015873013,0.033333333333333305,0.7999999999999998,0.9333333333333333,1e-09,0.5238095238095238,0.6845238095238095,14.577380952380953,0.5192460317460317
all_matching_28d,autumn,2.5,42,all_matching,planned,13,daylight_proxy,112,0.476968072385204,0.2507325049160289,0.7104157067640866,0.8571428571428571,0.9910714285714286,0.0,1.2926498724489797,0.5714285714285714,0.7053571428571429,0.008928571428571428,0.07142857142857142,0.07142857142857142,0.2857142857142857,0.1875,0.2857142857142857,0.1875,29.0,20.785714285714285,7.366071428571429,10.080357142857142,17.446428571428573,13.763392857142858,0.30267857142857135,0.581547619047619,0.4421130952380952,0.03333333333333331,0.8,0.9333333333333335,1.0000000000000003e-09,0.2857142857142857,0.5267857142857143,7.366071428571429,0.27886904761904757
all_matching_28d,autumn,2.5,42,all_matching,planned,14,all_hours,168,0.3213887947757228,0.170565083129606,0.5850727182877342,0.8988095238095238,0.9940476190476191,0.0,0.8465962312659437,0.375,0.47023809523809523,0.005952380952380952,0.05357142857142857,0.047619047619047616,0.5238095238095238,0.4583333333333333,0.5238095238095238,0.4583333333333333,29.0,14.214285714285714,14.577380952380953,7.017857142857143,21.595238095238095,14.306547619047619,0.2005952380952381,0.7198412698412698,0.46021825396825394,0.033333333333333305,0.7999999999999998,0.9333333333333333,1e-09,0.5238095238095238,0.6845238095238095,14.577380952380953,0.5192460317460317
all_matching_28d,autumn,2.5,42,all_matching,planned,14,daylight_proxy,112,0.4820831921635841,0.25584762469440897,0.7165648111140386,0.8482142857142857,0.9910714285714286,0.0,1.2698943468989157,0.5625,0.7053571428571429,0.008928571428571428,0.08035714285714286,0.07142857142857142,0.2857142857142857,0.1875,0.2857142857142857,0.1875,29.0,20.821428571428573,7.366071428571429,10.026785714285714,17.392857142857142,13.709821428571429,0.30089285714285713,0.5797619047619048,0.44032738095238094,0.03333333333333331,0.8,0.9333333333333335,1.0000000000000003e-09,0.2857142857142857,0.5267857142857143,7.366071428571429,0.27886904761904757
all_matching_28d,autumn,2.5,42,all_matching,planned,15,all_hours,168,0.3282975315777352,0.18115945759814342,0.5954885681593668,0.8988095238095238,0.9940476190476191,0.0,0.846596231265944,0.375,0.47023809523809523,0.005952380952380952,0.05357142857142857,0.047619047619047616,0.5238095238095238,0.4583333333333333,0.5238095238095238,0.4583333333333333,29.0,14.214285714285714,14.577380952380953,6.928571428571429,21.50595238095238,14.217261904761905,0.19761904761904758,0.7168650793650794,0.4572420634920635,0.033333333333333305,0.7999999999999998,0.9333333333333333,1e-09,0.5238095238095238,0.6845238095238095,14.577380952380953,0.5192460317460317
all_matching_28d,autumn,2.5,42,all_matching,planned,15,daylight_proxy,112,0.4924462973666029,0.2717391863972151,0.7293215698255052,0.8482142857142857,0.9910714285714286,0.0,1.2698943468989157,0.5625,0.7053571428571429,0.008928571428571428,0.08035714285714286,0.07142857142857142,0.2857142857142857,0.1875,0.2857142857142857,0.1875,29.0,20.821428571428573,7.366071428571429,9.892857142857142,17.258928571428573,13.575892857142858,0.29642857142857143,0.5752976190476191,0.4358630952380952,0.03333333333333331,0.8,0.9333333333333335,1.0000000000000003e-09,0.2857142857142857,0.5267857142857143,7.366071428571429,0.27886904761904757
all_matching_28d,autumn,2.5,42,all_matching,planned,16,all_hours,168,0.33403234503436785,0.18689427105477605,0.6003301193645597,0.8988095238095238,0.9940476190476191,0.0,0.8461826869419643,0.375,0.47023809523809523,0.005952380952380952,0.05357142857142857,0.047619047619047616,0.5238095238095238,0.4583333333333333,0.5238095238095238,0.4583333333333333,29.0,14.19047619047619,14.577380952380953,6.880952380952381,21.458333333333332,14.169642857142858,0.19603174603174606,0.7152777777777778,0.45565476190476195,0.033333333333333305,0.7999999999999998,0.9333333333333333,1e-09,0.5238095238095238,0.6845238095238095,14.577380952380953,0.5192460317460317
all_matching_28d,autumn,2.5,42,all_matching,planned,16,daylight_proxy,112,0.5010485175515518,0.2803414065821641,0.7352512348336451,0.8482142857142857,0.9910714285714286,0.0,1.2692740304129464,0.5625,0.7053571428571429,0.008928571428571428,0.08035714285714286,0.07142857142857142,0.2857142857142857,0.1875,0.2857142857142857,0.1875,29.0,20.785714285714285,7.366071428571429,9.821428571428571,17.1875,13.504464285714286,0.29404761904761906,0.5729166666666667,0.4334821428571428,0.03333333333333331,0.8,0.9333333333333335,1.0000000000000003e-09,0.2857142857142857,0.5267857142857143,7.366071428571429,0.27886904761904757
all_matching_28d,autumn,2.5,42,all_matching,planned,17,all_hours,168,0.33403732749610254,0.18689925351651077,0.6003338571258345,0.8988095238095238,0.9940476190476191,0.0,0.8458621485703658,0.375,0.47023809523809523,0.005952380952380952,0.05357142857142857,0.047619047619047616,0.5238095238095238,0.4583333333333333,0.5238095238095238,0.4583333333333333,29.0,14.172619047619047,14.577380952380953,6.880952380952381,21.458333333333332,14.169642857142858,0.196031746031746,0.7152777777777777,0.45565476190476195,0.033333333333333305,0.7999999999999998,0.9333333333333333,1e-09,0.5238095238095238,0.6845238095238095,14.577380952380953,0.5192460317460317
all_matching_28d,autumn,2.5,42,all_matching,planned,17,daylight_proxy,112,0.5010559912441538,0.2803488802747661,0.7352558126375969,0.8482142857142857,0.9910714285714286,0.0,1.2687932228555483,0.5625,0.7053571428571429,0.008928571428571428,0.08035714285714286,0.07142857142857142,0.2857142857142857,0.1875,0.2857142857142857,0.1875,29.0,20.758928571428573,7.366071428571429,9.821428571428571,17.1875,13.504464285714286,0.294047619047619,0.5729166666666667,0.4334821428571428,0.03333333333333331,0.8,0.9333333333333335,1.0000000000000003e-09,0.2857142857142857,0.5267857142857143,7.366071428571429,0.27886904761904757
all_matching_28d,autumn,2.5,42,all_matching,planned,18,all_hours,168,0.3340373274961026,0.18689925351651077,0.6003338571258345,0.8988095238095238,0.9940476190476191,0.0,0.8458621485703658,0.375,0.47023809523809523,0.005952380952380952,0.05357142857142857,0.047619047619047616,0.5238095238095238,0.4583333333333333,0.5238095238095238,0.4583333333333333,29.0,14.172619047619047,14.577380952380953,6.880952380952381,21.458333333333332,14.169642857142858,0.196031746031746,0.7152777777777777,0.45565476190476195,0.033333333333333305,0.7999999999999998,0.9333333333333333,1e-09,0.5238095238095238,0.6845238095238095,14.577380952380953,0.5192460317460317
all_matching_28d,autumn,2.5,42,all_matching,planned,18,daylight_proxy,112,0.5010559912441538,0.2803488802747661,0.7352558126375969,0.8482142857142857,0.9910714285714286,0.0,1.2687932228555485,0.5625,0.7053571428571429,0.008928571428571428,0.08035714285714286,0.07142857142857142,0.2857142857142857,0.1875,0.2857142857142857,0.1875,29.0,20.758928571428573,7.366071428571429,9.821428571428571,17.1875,13.504464285714286,0.294047619047619,0.5729166666666667,0.4334821428571428,0.03333333333333331,0.8,0.9333333333333335,1.0000000000000003e-09,0.2857142857142857,0.5267857142857143,7.366071428571429,0.27886904761904757
all_matching_28d,autumn,2.5,42,all_matching,planned,19,all_hours,168,0.33403732749610254,0.18689925351651077,0.6003338571258346,0.8988095238095238,0.9940476190476191,0.0,0.8458621485703658,0.375,0.47023809523809523,0.005952380952380952,0.05357142857142857,0.047619047619047616,0.5238095238095238,0.4583333333333333,0.5238095238095238,0.4583333333333333,29.0,14.172619047619047,14.577380952380953,6.880952380952381,21.458333333333332,14.169642857142858,0.196031746031746,0.7152777777777777,0.45565476190476195,0.033333333333333305,0.7999999999999998,0.9333333333333333,1e-09,0.5238095238095238,0.6845238095238095,14.577380952380953,0.5192460317460317
all_matching_28d,autumn,2.5,42,all_matching,planned,19,daylight_proxy,112,0.5010559912441538,0.2803488802747662,0.7352558126375969,0.8482142857142857,0.9910714285714286,0.0,1.2687932228555485,0.5625,0.7053571428571429,0.008928571428571428,0.08035714285714286,0.07142857142857142,0.2857142857142857,0.1875,0.2857142857142857,0.1875,29.0,20.758928571428573,7.366071428571429,9.821428571428571,17.1875,13.504464285714286,0.29404761904761906,0.5729166666666667,0.4334821428571428,0.03333333333333331,0.8,0.9333333333333335,1.0000000000000003e-09,0.2857142857142857,0.5267857142857143,7.366071428571429,0.27886904761904757
all_matching_28d,autumn,2.5,42,all_matching,planned,20,all_hours,168,0.33403732749610254,0.18689925351651074,0.6003338571258345,0.8988095238095238,0.9940476190476191,0.0,0.8458621485703658,0.375,0.47023809523809523,0.005952380952380952,0.05357142857142857,0.047619047619047616,0.5238095238095238,0.4583333333333333,0.5238095238095238,0.4583333333333333,29.0,14.172619047619047,14.577380952380953,6.880952380952381,21.458333333333332,14.169642857142858,0.196031746031746,0.7152777777777777,0.45565476190476195,0.033333333333333305,0.7999999999999998,0.9333333333333333,1e-09,0.5238095238095238,0.6845238095238095,14.577380952380953,0.5192460317460317
all_matching_28d,autumn,2.5,42,all_matching,planned,20,daylight_proxy,112,0.5010559912441538,0.2803488802747661,0.7352558126375969,0.8482142857142857,0.9910714285714286,0.0,1.2687932228555483,0.5625,0.7053571428571429,0.008928571428571428,0.08035714285714286,0.07142857142857142,0.2857142857142857,0.1875,0.2857142857142857,0.1875,29.0,20.758928571428573,7.366071428571429,9.821428571428571,17.1875,13.504464285714286,0.29404761904761906,0.5729166666666667,0.4334821428571428,0.03333333333333331,0.8,0.9333333333333335,1.0000000000000003e-09,0.2857142857142857,0.5267857142857143,7.366071428571429,0.27886904761904757
all_matching_28d,autumn,2.5,42,all_matching,planned,21,all_hours,168,0.33403732749610254,0.18689925351651077,0.6003338571258345,0.8988095238095238,0.9940476190476191,0.0,0.8458621485703658,0.375,0.47023809523809523,0.005952380952380952,0.05357142857142857,0.047619047619047616,0.5238095238095238,0.4583333333333333,0.5238095238095238,0.4583333333333333,29.0,14.172619047619047,14.577380952380953,6.880952380952381,21.458333333333332,14.169642857142858,0.196031746031746,0.7152777777777778,0.45565476190476195,0.033333333333333305,0.7999999999999998,0.9333333333333333,1e-09,0.5238095238095238,0.6845238095238095,14.577380952380953,0.5192460317460317
all_matching_28d,autumn,2.5,42,all_matching,planned,21,daylight_proxy,112,0.5010559912441538,0.2803488802747661,0.7352558126375969,0.8482142857142857,0.9910714285714286,0.0,1.2687932228555483,0.5625,0.7053571428571429,0.008928571428571428,0.08035714285714286,0.07142857142857142,0.2857142857142857,0.1875,0.2857142857142857,0.1875,29.0,20.758928571428573,7.366071428571429,9.821428571428571,17.1875,13.504464285714286,0.29404761904761906,0.5729166666666667,0.4334821428571428,0.03333333333333331,0.8,0.9333333333333335,1.0000000000000003e-09,0.2857142857142857,0.5267857142857143,7.366071428571429,0.27886904761904757
all_matching_28d,autumn,2.5,42,all_matching,planned,22,all_hours,168,0.3340373274961026,0.18689925351651077,0.6003338571258346,0.8988095238095238,0.9940476190476191,0.0,0.8458621485703658,0.375,0.47023809523809523,0.005952380952380952,0.05357142857142857,0.047619047619047616,0.5238095238095238,0.4583333333333333,0.5238095238095238,0.4583333333333333,29.0,14.172619047619047,14.577380952380953,6.880952380952381,21.458333333333332,14.169642857142858,0.196031746031746,0.7152777777777778,0.45565476190476195,0.033333333333333305,0.7999999999999998,0.9333333333333333,1e-09,0.5238095238095238,0.6845238095238095,14.577380952380953,0.5192460317460317
all_matching_28d,autumn,2.5,42,all_matching,planned,22,daylight_proxy,112,0.5010559912441538,0.2803488802747661,0.7352558126375969,0.8482142857142857,0.9910714285714286,0.0,1.2687932228555483,0.5625,0.7053571428571429,0.008928571428571428,0.08035714285714286,0.07142857142857142,0.2857142857142857,0.1875,0.2857142857142857,0.1875,29.0,20.758928571428573,7.366071428571429,9.821428571428571,17.1875,13.504464285714286,0.29404761904761906,0.5729166666666667,0.4334821428571428,0.03333333333333331,0.8,0.9333333333333335,1.0000000000000003e-09,0.2857142857142857,0.5267857142857143,7.366071428571429,0.27886904761904757
all_matching_28d,autumn,2.5,42,all_matching,planned,23,all_hours,168,0.32660667782738095,0.18885023328993056,0.5911550457461107,0.9226190476190477,0.9940476190476191,0.0,0.8581039186507937,0.39880952380952384,0.47023809523809523,0.005952380952380952,0.03571428571428571,0.041666666666666664,0.5238095238095238,0.4583333333333333,0.5238095238095238,0.4583333333333333,29.0,14.101190476190476,14.571428571428571,6.875,21.446428571428573,14.160714285714286,0.19583333333333333,0.7148809523809524,0.45535714285714285,0.033333333333333305,0.7999999999999998,0.9333333333333333,1e-09,0.5238095238095238,0.7678571428571429,14.571428571428571,0.519047619047619
all_matching_28d,autumn,2.5,42,all_matching,planned,23,daylight_proxy,112,0.4899100167410714,0.28327534993489584,0.7240141104748093,0.8839285714285714,0.9910714285714286,0.0,1.2871558779761905,0.5982142857142857,0.7053571428571429,0.008928571428571428,0.05357142857142857,0.0625,0.2857142857142857,0.1875,0.2857142857142857,0.1875,29.0,20.651785714285715,7.357142857142857,9.8125,17.169642857142858,13.491071428571429,0.29375,0.5723214285714286,0.4330357142857143,0.03333333333333331,0.8,0.9333333333333335,1.0000000000000003e-09,0.2857142857142857,0.6517857142857143,7.357142857142857,0.2785714285714285
planned_48h,winter,2.5,42,sampled,planned,0,all_hours,48,0.1559964618985615,0.12977454775855654,0.3014470549543092,0.9166666666666666,0.9583333333333334,0.041666666666666664,0.3350583031063988,0.25,0.2916666666666667,0.0,0.0625,0.020833333333333332,0.6666666666666666,0.625,0.6666666666666666,0.625,12.0,4.25,7.604166666666667,2.5,10.104166666666666,6.302083333333333,0.11538461538461538,0.7772435897435898,0.4463141025641025,0.07692307692307689,0.6923076923076924,0.8461538461538461,1e-09,0.6666666666666666,0.9791666666666666,7.604166666666667,0.6618589743589743
planned_48h,winter,2.5,42,sampled,planned,0,daylight_proxy,24,0.311992923797123,0.2595490955171131,0.42631051345381177,0.8333333333333334,0.9166666666666666,0.08333333333333333,0.6701166062127978,0.5,0.5833333333333334,0.0,0.125,0.041666666666666664,0.3333333333333333,0.25,0.3333333333333333,0.25,12.0,7.5,3.2083333333333335,4.0,7.208333333333333,5.604166666666667,0.23076923076923075,0.5544871794871794,0.3926282051282051,0.0769230769230769,0.6923076923076922,0.8461538461538461,1e-09,0.3333333333333333,0.9583333333333334,3.2083333333333335,0.32371794871794873
planned_48h,winter,2.5,42,sampled,planned,1,all_hours,48,0.1559964618985615,0.12977454775855654,0.30144705495430923,0.9583333333333334,0.9583333333333334,0.041666666666666664,0.37012881324404767,0.2916666666666667,0.2916666666666667,0.0,0.041666666666666664,0.0,0.6666666666666666,0.625,0.6666666666666666,0.625,12.0,4.25,7.583333333333333,2.4166666666666665,10.0,6.208333333333333,0.10897435897435896,0.7692307692307692,0.4391025641025641,0.07692307692307689,0.6923076923076924,0.8461538461538461,1e-09,0.6666666666666666,0.9791666666666666,7.583333333333333,0.6602564102564102
planned_48h,winter,2.5,42,sampled,planned,1,daylight_proxy,24,0.311992923797123,0.2595490955171131,0.42631051345381177,0.9166666666666666,0.9166666666666666,0.08333333333333333,0.7402576264880952,0.5833333333333334,0.5833333333333334,0.0,0.08333333333333333,0.0,0.3333333333333333,0.25,0.3333333333333333,0.25,12.0,7.5,3.1666666666666665,3.8333333333333335,7.0,5.416666666666667,0.21794871794871792,0.5384615384615384,0.3782051282051282,0.0769230769230769,0.6923076923076922,0.8461538461538461,1e-09,0.3333333333333333,0.9583333333333334,3.1666666666666665,0.32051282051282054
planned_48h,winter,2.5,42,sampled,planned,2,all_hours,48,0.1559964618985615,0.12977454775855654,0.3014470549543092,0.9375,0.9583333333333334,0.041666666666666664,0.38561721075148814,0.2708333333333333,0.2916666666666667,0.0,0.0625,0.0,0.6666666666666666,0.625,0.6666666666666666,0.625,12.0,4.3125,7.583333333333333,2.2916666666666665,9.875,6.083333333333333,0.09935897435897434,0.7596153846153847,0.42948717948717946,0.07692307692307689,0.6923076923076924,0.8461538461538461,1e-09,0.6666666666666666,0.9791666666666666,7.583333333333333,0.6602564102564102
planned_48h,winter,2.5,42,sampled,planned,2,daylight_proxy,24,0.311992923797123,0.2595490955171131,0.42631051345381177,0.875,0.9166666666666666,0.08333333333333333,0.7712344215029763,0.5416666666666666,0.5833333333333334,0.0,0.125,0.0,0.3333333333333333,0.25,0.3333333333333333,0.25,12.0,7.625,3.1666666666666665,3.5833333333333335,6.75,5.166666666666667,0.19871794871794868,0.5192307692307692,0.358974358974359,0.0769230769230769,0.6923076923076922,0.8461538461538461,1e-09,0.3333333333333333,0.9583333333333334,3.1666666666666665,0.3205128205128205
planned_48h,winter,2.5,42,sampled,planned,3,all_hours,48,0.1559964618985615,0.12977454775855654,0.3014470549543092,0.9166666666666666,0.9583333333333334,0.041666666666666664,0.33959815615699407,0.25,0.2916666666666667,0.0,0.08333333333333333,0.0,0.6666666666666666,0.625,0.6666666666666666,0.625,12.0,4.125,7.645833333333333,2.4791666666666665,10.125,6.302083333333333,0.11378205128205128,0.7788461538461539,0.4463141025641025,0.07692307692307689,0.6923076923076924,0.8461538461538461,1e-09,0.6666666666666666,0.9791666666666666,7.645833333333333,0.6650641025641025
planned_48h,winter,2.5,42,sampled,planned,3,daylight_proxy,24,0.311992923797123,0.2595490955171131,0.42631051345381177,0.8333333333333334,0.9166666666666666,0.08333333333333333,0.6791963123139881,0.5,0.5833333333333334,0.0,0.16666666666666666,0.0,0.3333333333333333,0.25,0.3333333333333333,0.25,12.0,7.25,3.2916666666666665,3.9583333333333335,7.25,5.604166666666667,0.22756410256410256,0.5576923076923076,0.3926282051282051,0.0769230769230769,0.6923076923076922,0.8461538461538461,1e-09,0.3333333333333333,0.9583333333333334,3.2916666666666665,0.3301282051282051
planned_48h,winter,2.5,42,sampled,planned,4,all_hours,48,0.1559964618985615,0.12977454775855654,0.3014470549543092,0.9375,0.9583333333333334,0.041666666666666664,0.374053955078125,0.2916666666666667,0.2916666666666667,0.0,0.0625,0.0,0.6666666666666666,0.625,0.6458333333333334,0.625,12.0,4.166666666666667,7.5625,2.375,9.9375,6.15625,0.10576923076923077,0.764423076923077,0.4350961538461538,0.07692307692307689,0.6923076923076924,0.8461538461538461,1e-09,0.6666666666666666,1.0,7.5625,0.6586538461538461
planned_48h,winter,2.5,42,sampled,planned,4,daylight_proxy,24,0.311992923797123,0.2595490955171131,0.42631051345381177,0.875,0.9166666666666666,0.08333333333333333,0.74810791015625,0.5833333333333334,0.5833333333333334,0.0,0.125,0.0,0.3333333333333333,0.25,0.2916666666666667,0.25,12.0,7.333333333333333,3.125,3.75,6.875,5.3125,0.21153846153846148,0.5288461538461539,0.37019230769230765,0.0769230769230769,0.6923076923076922,0.8461538461538461,1e-09,0.3333333333333333,1.0,3.125,0.3173076923076923
planned_48h,winter,2.5,42,sampled,planned,5,all_hours,48,0.1559964618985615,0.12977454775855654,0.30144705495430923,0.9375,0.9375,0.0625,0.40750412713913686,0.2916666666666667,0.2916666666666667,0.0,0.0625,0.0,0.6458333333333334,0.625,0.6458333333333334,0.625,12.0,4.104166666666667,7.583333333333333,2.2916666666666665,9.875,6.083333333333333,0.09935897435897434,0.7596153846153846,0.42948717948717946,0.07692307692307689,0.6923076923076924,0.8461538461538461,1e-09,0.6458333333333334,1.0,7.583333333333333,0.6602564102564101
planned_48h,winter,2.5,42,sampled,planned,5,daylight_proxy,24,0.311992923797123,0.2595490955171131,0.42631051345381177,0.875,0.875,0.125,0.8150082542782738,0.5833333333333334,0.5833333333333334,0.0,0.125,0.0,0.2916666666666667,0.25,0.2916666666666667,0.25,12.0,7.208333333333333,3.1666666666666665,3.5833333333333335,6.75,5.166666666666667,0.19871794871794868,0.5192307692307693,0.358974358974359,0.0769230769230769,0.6923076923076922,0.8461538461538461,1e-09,0.2916666666666667,1.0,3.1666666666666665,0.3205128205128205
planned_48h,winter,2.5,42,sampled,planned,6,all_hours,48,0.1559964618985615,0.12977454775855654,0.3014470549543092,0.9166666666666666,0.9583333333333334,0.041666666666666664,0.3655628022693453,0.2708333333333333,0.2916666666666667,0.0,0.08333333333333333,0.0,0.6666666666666666,0.625,0.6458333333333334,0.625,12.0,4.145833333333333,7.5625,2.3125,9.875,6.09375,0.10096153846153844,0.7596153846153846,0.4302884615384615,0.07692307692307689,0.6923076923076924,0.8461538461538461,1e-09,0.6666666666666666,1.0,7.5625,0.6586538461538461
planned_48h,winter,2.5,42,sampled,planned,6,daylight_proxy,24,0.311992923797123,0.2595490955171131,0.4263105134538118,0.8333333333333334,0.9166666666666666,0.08333333333333333,0.7311256045386904,0.5416666666666666,0.5833333333333334,0.0,0.16666666666666666,0.0,0.3333333333333333,0.25,0.2916666666666667,0.25,12.0,7.291666666666667,3.125,3.625,6.75,5.1875,0.2019230769230769,0.5192307692307693,0.36057692307692313,0.0769230769230769,0.6923076923076922,0.8461538461538461,1e-09,0.3333333333333333,1.0,3.125,0.3173076923076923
planned_48h,winter,2.5,42,sampled,planned,7,all_hours,48,0.1559964618985615,0.12977454775855654,0.3014470549543092,0.8958333333333334,0.9375,0.0625,0.38790457589285715,0.25,0.2708333333333333,0.0,0.10416666666666667,0.0,0.6666666666666666,0.625,0.6458333333333334,0.625,12.0,4.104166666666667,7.625,2.1666666666666665,9.791666666666666,5.979166666666667,0.08974358974358974,0.7532051282051283,0.42147435897435886,0.07692307692307689,0.6923076923076924,0.8461538461538461,1e-09,0.6666666666666666,1.0,7.625,0.6634615384615384
planned_48h,winter,2.5,42,sampled,planned,7,daylight_proxy,24,0.311992923797123,0.2595490955171131,0.42631051345381177,0.7916666666666666,0.875,0.125,0.7758091517857144,0.5,0.5416666666666666,0.0,0.20833333333333334,0.0,0.3333333333333333,0.25,0.2916666666666667,0.25,12.0,7.208333333333333,3.25,3.3333333333333335,6.583333333333333,4.958333333333333,0.17948717948717943,0.5064102564102564,0.3429487179487179,0.0769230769230769,0.6923076923076922,0.8461538461538461,1e-09,0.3333333333333333,1.0,3.25,0.32692307692307687
planned_48h,winter,2.5,42,sampled,planned,8,all_hours,48,0.1558990962921627,0.12967718215215773,0.3014142415746743,0.9166666666666666,0.9375,0.0625,0.3772030784970238,0.25,0.2708333333333333,0.0,0.08333333333333333,0.0,0.6666666666666666,0.625,0.6666666666666666,0.625,12.0,4.020833333333333,7.645833333333333,2.2708333333333335,9.916666666666666,6.09375,0.09775641025641024,0.7628205128205128,0.4302884615384615,0.07692307692307689,0.6923076923076924,0.8461538461538461,1e-09,0.6666666666666666,1.0,7.645833333333333,0.6650641025641025
planned_48h,winter,2.5,42,sampled,planned,8,daylight_proxy,24,0.3117981925843254,0.25935436430431547,0.42626410832730477,0.8333333333333334,0.875,0.125,0.7544061569940478,0.5,0.5416666666666666,0.0,0.16666666666666666,0.0,0.3333333333333333,0.25,0.3333333333333333,0.25,12.0,7.041666666666667,3.2916666666666665,3.5416666666666665,6.833333333333333,5.1875,0.19551282051282048,0.5256410256410257,0.3605769230769231,0.0769230769230769,0.6923076923076922,0.8461538461538461,1e-09,0.3333333333333333,1.0,3.2916666666666665,0.3301282051282051
planned_48h,winter,2.5,42,sampled,planned,9,all_hours,48,0.1567564949156746,0.13053458077566962,0.30227908548845084,0.9583333333333334,0.9583333333333334,0.041666666666666664,0.4136526925223214,0.2708333333333333,0.2708333333333333,0.0,0.041666666666666664,0.0,0.6875,0.625,0.6875,0.625,12.0,4.020833333333333,7.6875,2.2083333333333335,9.895833333333334,6.052083333333333,0.09294871794871795,0.7612179487179488,0.4270833333333333,0.07692307692307689,0.6923076923076924,0.8461538461538461,1e-09,0.6875,1.0,7.6875,0.6682692307692308
planned_48h,winter,2.5,42,sampled,planned,9,daylight_proxy,24,0.3135129898313492,0.2610691615513393,0.42748718231950344,0.9166666666666666,0.9166666666666666,0.08333333333333333,0.8273053850446428,0.5416666666666666,0.5416666666666666,0.0,0.08333333333333333,0.0,0.375,0.25,0.375,0.25,12.0,7.041666666666667,3.375,3.4166666666666665,6.791666666666667,5.104166666666667,0.1858974358974359,0.5224358974358974,0.3541666666666667,0.0769230769230769,0.6923076923076922,0.8461538461538461,1e-09,0.375,1.0,3.375,0.3365384615384615
planned_48h,winter,2.5,42,sampled,planned,10,all_hours,48,0.15998845176091267,0.1337665376209077,0.30801487885888423,0.9375,0.9583333333333334,0.041666666666666664,0.38137672061011907,0.22916666666666666,0.25,0.0,0.0625,0.0,0.7083333333333334,0.625,0.7083333333333334,0.625,12.0,4.083333333333333,7.666666666666667,2.125,9.791666666666666,5.958333333333333,0.08653846153846152,0.7532051282051282,0.4198717948717949,0.07692307692307689,0.6923076923076924,0.8461538461538461,1e-09,0.7083333333333334,1.0,7.666666666666667,0.6666666666666666
planned_48h,winter,2.5,42,sampled,planned,10,daylight_proxy,24,0.3199769035218254,0.26753307524181547,0.43559881909493997,0.875,0.9166666666666666,0.08333333333333333,0.7627534412202381,0.4583333333333333,0.5,0.0,0.125,0.0,0.4166666666666667,0.25,0.4166666666666667,0.25,12.0,7.166666666666667,3.3333333333333335,3.25,6.583333333333333,4.916666666666667,0.17307692307692304,0.5064102564102564,0.3397435897435897,0.0769230769230769,0.6923076923076922,0.8461538461538461,1e-09,0.4166666666666667,1.0,3.3333333333333335,0.3333333333333333
planned_48h,winter,2.5,42,sampled,planned,11,all_hours,48,0.16364620148189482,0.13742428734188986,0.31791043058551804,0.875,0.9583333333333334,0.041666666666666664,0.3704427083333333,0.20833333333333334,0.22916666666666666,0.0,0.125,0.0,0.7291666666666666,0.625,0.6666666666666666,0.625,12.0,4.104166666666667,7.666666666666667,2.125,9.791666666666666,5.958333333333333,0.08653846153846152,0.7532051282051283,0.4198717948717949,0.07692307692307689,0.6923076923076924,0.8461538461538461,1e-09,0.7291666666666666,1.0,7.666666666666667,0.6666666666666666
planned_48h,winter,2.5,42,sampled,planned,11,daylight_proxy,24,0.32729240296378964,0.27484857468377977,0.44959324255391,0.75,0.9166666666666666,0.08333333333333333,0.7408854166666666,0.4166666666666667,0.4583333333333333,0.0,0.25,0.0,0.4583333333333333,0.25,0.3333333333333333,0.25,12.0,7.208333333333333,3.3333333333333335,3.25,6.583333333333333,4.916666666666667,0.17307692307692304,0.5064102564102564,0.3397435897435897,0.0769230769230769,0.6923076923076922,0.8461538461538461,1e-09,0.4583333333333333,1.0,3.3333333333333335,0.3333333333333333
planned_48h,winter,2.5,42,sampled,planned,12,all_hours,48,0.16944163488963293,0.14321972074962797,0.33602498858179874,0.875,0.9166666666666666,0.08333333333333333,0.4007364908854167,0.1875,0.20833333333333334,0.0,0.125,0.0,0.7083333333333334,0.625,0.6875,0.625,12.0,4.166666666666667,7.708333333333333,2.0208333333333335,9.729166666666666,5.875,0.07852564102564102,0.7483974358974358,0.4134615384615385,0.07692307692307689,0.6923076923076924,0.8461538461538461,1e-09,0.7083333333333334,1.0,7.708333333333333,0.6698717948717947
planned_48h,winter,2.5,42,sampled,planned,12,daylight_proxy,24,0.33888326977926586,0.28643944149925593,0.47521109614864415,0.75,0.8333333333333334,0.16666666666666666,0.8014729817708334,0.375,0.4166666666666667,0.0,0.25,0.0,0.4166666666666667,0.25,0.375,0.25,12.0,7.333333333333333,3.4166666666666665,3.0416666666666665,6.458333333333333,4.75,0.15705128205128205,0.49679487179487175,0.3269230769230769,0.0769230769230769,0.6923076923076922,0.8461538461538461,1e-09,0.4166666666666667,1.0,3.4166666666666665,0.3397435897435897
planned_48h,winter,2.5,42,sampled,planned,13,all_hours,48,0.18907896980406746,0.16285705566406247,0.38074198536663734,0.875,0.9375,0.0625,0.4146190824962798,0.16666666666666666,0.20833333333333334,0.0,0.125,0.0,0.7291666666666666,0.625,0.7083333333333334,0.625,12.0,4.145833333333333,7.791666666666667,1.9166666666666667,9.708333333333334,5.8125,0.0705128205128205,0.7467948717948718,0.4086538461538461,0.07692307692307689,0.6923076923076924,0.8461538461538461,1e-09,0.7291666666666666,1.0,7.791666666666667,0.6762820512820512
planned_48h,winter,2.5,42,sampled,planned,13,daylight_proxy,24,0.37815793960813493,0.325714111328125,0.5384504794703571,0.75,0.875,0.125,0.8292381649925596,0.3333333333333333,0.4166666666666667,0.0,0.25,0.0,0.4583333333333333,0.25,0.4166666666666667,0.25,12.0,7.291666666666667,3.5833333333333335,2.8333333333333335,6.416666666666667,4.625,0.141025641025641,0.4935897435897436,0.31730769230769224,0.0769230769230769,0.6923076923076922,0.8461538461538461,1e-09,0.4583333333333333,1.0,3.5833333333333335,0.3525641025641026
planned_48h,winter,2.5,42,sampled,planned,14,all_hours,48,0.20065971253410217,0.19036211286272317,0.40031718798744137,0.8541666666666666,0.9166666666666666,0.08333333333333333,0.3877592540922619,0.14583333333333334,0.1875,0.0,0.14583333333333334,0.0,0.7291666666666666,0.625,0.7083333333333334,0.625,12.0,4.1875,7.791666666666667,1.8958333333333333,9.6875,5.791666666666667,0.0689102564102564,0.7451923076923076,0.407051282051282,0.07692307692307689,0.6923076923076924,0.8461538461538461,1e-09,0.7291666666666666,1.0,7.791666666666667,0.6762820512820512
planned_48h,winter,2.5,42,sampled,planned,14,daylight_proxy,24,0.4013194250682044,0.38072422572544645,0.5661339965028994,0.7083333333333334,0.8333333333333334,0.16666666666666666,0.7755185081845237,0.2916666666666667,0.375,0.0,0.2916666666666667,0.0,0.4583333333333333,0.25,0.4166666666666667,0.25,12.0,7.375,3.5833333333333335,2.7916666666666665,6.375,4.583333333333333,0.1378205128205128,0.49038461538461536,0.3141025641025641,0.0769230769230769,0.6923076923076922,0.8461538461538461,1e-09,0.4583333333333333,1.0,3.5833333333333335,0.3525641025641025
planned_48h,winter,2.5,42,sampled,planned,15,all_hours,48,0.20861898755270336,0.19832138788132436,0.4055497654752563,0.875,0.9583333333333334,0.041666666666666664,0.3500860305059524,0.16666666666666666,0.22916666666666666,0.0,0.125,0.0,0.7291666666666666,0.625,0.7083333333333334,0.625,12.0,4.229166666666667,7.770833333333333,1.8958333333333333,9.666666666666666,5.78125,0.0689102564102564,0.7435897435897436,0.40625,0.07692307692307689,0.6923076923076924,0.8461538461538461,1e-09,0.7291666666666666,1.0,7.770833333333333,0.6746794871794871
planned_48h,winter,2.5,42,sampled,planned,15,daylight_proxy,24,0.4172379751054067,0.3966427757626488,0.5735339785523355,0.75,0.9166666666666666,0.08333333333333333,0.7001720610119048,0.3333333333333333,0.4583333333333333,0.0,0.25,0.0,0.4583333333333333,0.25,0.4166666666666667,0.25,12.0,7.458333333333333,3.5416666666666665,2.7916666666666665,6.333333333333333,4.5625,0.1378205128205128,0.48717948717948717,0.31249999999999994,0.0769230769230769,0.6923076923076922,0.8461538461538461,1e-09,0.4583333333333333,1.0,3.5416666666666665,0.3493589743589743
planned_48h,winter,2.5,42,sampled,planned,16,all_hours,48,0.20861898755270336,0.19832138788132436,0.4055497654752563,0.8958333333333334,0.9375,0.0625,0.32372320265997023,0.20833333333333334,0.20833333333333334,0.0,0.10416666666666667,0.0,0.7291666666666666,0.625,0.6875,0.625,12.0,4.208333333333333,7.729166666666667,1.9583333333333333,9.6875,5.822916666666667,0.07371794871794872,0.7451923076923078,0.4094551282051282,0.07692307692307689,0.6923076923076924,0.8461538461538461,1e-09,0.7291666666666666,1.0,7.729166666666667,0.6714743589743589
planned_48h,winter,2.5,42,sampled,planned,16,daylight_proxy,24,0.4172379751054067,0.3966427757626489,0.5735339785523353,0.7916666666666666,0.875,0.125,0.6474464053199406,0.4166666666666667,0.4166666666666667,0.0,0.20833333333333334,0.0,0.4583333333333333,0.25,0.375,0.25,12.0,7.416666666666667,3.4583333333333335,2.9166666666666665,6.375,4.645833333333333,0.14743589743589744,0.4903846153846154,0.3189102564102564,0.0769230769230769,0.6923076923076922,0.8461538461538461,1e-09,0.4583333333333333,1.0,3.4583333333333335,0.342948717948718
planned_48h,winter,2.5,42,sampled,planned,17,all_hours,48,0.20861898755270336,0.19832138788132436,0.4055497654752563,0.8333333333333334,0.9375,0.0625,0.32805088588169645,0.125,0.20833333333333334,0.0,0.14583333333333334,0.020833333333333332,0.7291666666666666,0.625,0.7083333333333334,0.625,12.0,4.25,7.729166666666667,1.7291666666666667,9.458333333333334,5.59375,0.056089743589743585,0.7275641025641025,0.3918269230769231,0.07692307692307689,0.6923076923076924,0.8461538461538461,1e-09,0.7291666666666666,1.0,7.729166666666667,0.6714743589743589
planned_48h,winter,2.5,42,sampled,planned,17,daylight_proxy,24,0.4172379751054067,0.3966427757626488,0.5735339785523355,0.6666666666666666,0.875,0.125,0.6561017717633929,0.25,0.4166666666666667,0.0,0.2916666666666667,0.041666666666666664,0.4583333333333333,0.25,0.4166666666666667,0.25,12.0,7.5,3.4583333333333335,2.4583333333333335,5.916666666666667,4.1875,0.11217948717948716,0.4551282051282051,0.2836538461538461,0.0769230769230769,0.6923076923076922,0.8461538461538461,1e-09,0.4583333333333333,1.0,3.4583333333333335,0.3429487179487179
planned_48h,winter,2.5,42,sampled,planned,18,all_hours,48,0.20861898755270336,0.19832138788132436,0.4055497654752563,0.8333333333333334,0.9166666666666666,0.08333333333333333,0.33128138950892855,0.14583333333333334,0.1875,0.0,0.16666666666666666,0.0,0.7291666666666666,0.625,0.6875,0.625,12.0,4.291666666666667,7.75,1.7291666666666667,9.479166666666666,5.604166666666667,0.056089743589743585,0.7291666666666666,0.3926282051282051,0.07692307692307689,0.6923076923076924,0.8461538461538461,1e-09,0.7291666666666666,1.0,7.75,0.673076923076923
planned_48h,winter,2.5,42,sampled,planned,18,daylight_proxy,24,0.4172379751054067,0.3966427757626488,0.5735339785523355,0.6666666666666666,0.8333333333333334,0.16666666666666666,0.6625627790178571,0.2916666666666667,0.375,0.0,0.3333333333333333,0.0,0.4583333333333333,0.25,0.375,0.25,12.0,7.583333333333333,3.5,2.4583333333333335,5.958333333333333,4.208333333333333,0.11217948717948717,0.4583333333333333,0.2852564102564103,0.0769230769230769,0.6923076923076922,0.8461538461538461,1e-09,0.4583333333333333,1.0,3.5,0.3461538461538461
planned_48h,winter,2.5,42,sampled,planned,19,all_hours,48,0.20861898755270336,0.19832138788132436,0.4055497654752563,0.875,0.9583333333333334,0.041666666666666664,0.33659144810267855,0.1875,0.22916666666666666,0.0,0.125,0.0,0.7291666666666666,0.625,0.6875,0.625,12.0,4.208333333333333,7.770833333333333,1.75,9.520833333333334,5.635416666666667,0.05769230769230769,0.732371794871795,0.39503205128205127,0.07692307692307689,0.6923076923076924,0.8461538461538461,1e-09,0.7291666666666666,1.0,7.770833333333333,0.6746794871794871
planned_48h,winter,2.5,42,sampled,planned,19,daylight_proxy,24,0.4172379751054067,0.3966427757626488,0.5735339785523355,0.75,0.9166666666666666,0.08333333333333333,0.6731828962053571,0.375,0.4583333333333333,0.0,0.25,0.0,0.4583333333333333,0.25,0.375,0.25,12.0,7.416666666666667,3.5416666666666665,2.5,6.041666666666667,4.270833333333333,0.11538461538461536,0.4647435897435897,0.29006410256410253,0.0769230769230769,0.6923076923076922,0.8461538461538461,1e-09,0.4583333333333333,1.0,3.5416666666666665,0.3493589743589743
planned_48h,winter,2.5,42,sampled,planned,20,all_hours,48,0.20861898755270336,0.19832138788132436,0.4055497654752563,0.8541666666666666,0.8958333333333334,0.10416666666666667,0.35738845098586314,0.1875,0.1875,0.0,0.14583333333333334,0.0,0.7083333333333334,0.625,0.6666666666666666,0.625,12.0,4.229166666666667,7.708333333333333,1.7708333333333333,9.479166666666666,5.625,0.059294871794871785,0.7291666666666666,0.39423076923076916,0.07692307692307689,0.6923076923076924,0.8461538461538461,1e-09,0.7083333333333334,1.0,7.708333333333333,0.6698717948717948
planned_48h,winter,2.5,42,sampled,planned,20,daylight_proxy,24,0.4172379751054067,0.3966427757626488,0.5735339785523355,0.7083333333333334,0.7916666666666666,0.20833333333333334,0.7147769019717263,0.375,0.375,0.0,0.2916666666666667,0.0,0.4166666666666667,0.25,0.3333333333333333,0.25,12.0,7.458333333333333,3.4166666666666665,2.5416666666666665,5.958333333333333,4.25,0.11858974358974357,0.45833333333333326,0.2884615384615385,0.0769230769230769,0.6923076923076922,0.8461538461538461,1e-09,0.4166666666666667,1.0,3.4166666666666665,0.3397435897435897
planned_48h,winter,2.5,42,sampled,planned,21,all_hours,48,0.20861898755270336,0.19832138788132436,0.4055497654752563,0.875,0.9375,0.0625,0.3530956449962798,0.1875,0.22916666666666666,0.0,0.125,0.0,0.7083333333333334,0.625,0.6875,0.625,12.0,4.208333333333333,7.75,1.8958333333333333,9.645833333333334,5.770833333333333,0.0689102564102564,0.7419871794871794,0.4054487179487179,0.07692307692307689,0.6923076923076924,0.8461538461538461,1e-09,0.7083333333333334,0.9791666666666666,7.75,0.673076923076923
planned_48h,winter,2.5,42,sampled,planned,21,daylight_proxy,24,0.4172379751054067,0.3966427757626488,0.5735339785523355,0.75,0.875,0.125,0.7061912899925594,0.375,0.4583333333333333,0.0,0.25,0.0,0.4166666666666667,0.25,0.375,0.25,12.0,7.416666666666667,3.5,2.7916666666666665,6.291666666666667,4.541666666666667,0.1378205128205128,0.48397435897435886,0.31089743589743585,0.0769230769230769,0.6923076923076922,0.8461538461538461,1e-09,0.4166666666666667,0.9583333333333334,3.5,0.3461538461538461
planned_48h,winter,2.5,42,sampled,planned,22,all_hours,48,0.20861898755270336,0.19832138788132436,0.4055497654752563,0.875,0.9166666666666666,0.08333333333333333,0.3311651320684524,0.16666666666666666,0.20833333333333334,0.0,0.125,0.0,0.7083333333333334,0.625,0.7083333333333334,0.625,12.0,4.25,7.75,1.8958333333333333,9.645833333333334,5.770833333333333,0.0689102564102564,0.7419871794871794,0.4054487179487179,0.07692307692307689,0.6923076923076924,0.8461538461538461,1e-09,0.7083333333333334,0.9791666666666666,7.75,0.673076923076923
planned_48h,winter,2.5,42,sampled,planned,22,daylight_proxy,24,0.4172379751054067,0.3966427757626488,0.5735339785523355,0.75,0.8333333333333334,0.16666666666666666,0.6623302641369048,0.3333333333333333,0.4166666666666667,0.0,0.25,0.0,0.4166666666666667,0.25,0.4166666666666667,0.25,12.0,7.5,3.5,2.7916666666666665,6.291666666666667,4.541666666666667,0.1378205128205128,0.48397435897435886,0.31089743589743585,0.0769230769230769,0.6923076923076922,0.8461538461538461,1e-09,0.4166666666666667,0.9583333333333334,3.5,0.3461538461538461
planned_48h,winter,2.5,42,sampled,planned,23,all_hours,48,0.21545104980468746,0.20613776312934026,0.4179721419076953,0.8333333333333334,0.9375,0.0625,0.29483710394965273,0.14583333333333334,0.20833333333333334,0.0,0.14583333333333334,0.020833333333333332,0.7291666666666666,0.625,0.6875,0.625,12.0,4.125,7.75,1.8958333333333333,9.645833333333334,5.770833333333333,0.0689102564102564,0.7419871794871794,0.405448717948718,0.07692307692307689,0.6923076923076924,0.8461538461538461,1e-09,0.7291666666666666,0.9791666666666666,7.75,0.673076923076923
planned_48h,winter,2.5,42,sampled,planned,23,daylight_proxy,24,0.4309020996093749,0.4122755262586805,0.5911018717799946,0.6666666666666666,0.875,0.125,0.5896742078993055,0.2916666666666667,0.4166666666666667,0.0,0.2916666666666667,0.041666666666666664,0.4583333333333333,0.25,0.375,0.25,12.0,7.25,3.5,2.7916666666666665,6.291666666666667,4.541666666666667,0.1378205128205128,0.483974358974359,0.3108974358974359,0.0769230769230769,0.6923076923076922,0.8461538461538461,1e-09,0.4583333333333333,0.9583333333333334,3.5,0.3461538461538461
planned_48h,summer,2.5,42,sampled,planned,0,all_hours,48,0.37115667433965777,0.2070938352554564,0.7055291973014841,0.7083333333333334,0.75,0.14583333333333334,0.7787228538876488,0.3333333333333333,0.375,0.10416666666666667,0.1875,0.10416666666666667,0.375,0.2916666666666667,0.375,0.3125,12.0,6.708333333333333,4.333333333333333,4.020833333333333,8.354166666666666,6.1875,0.2323717948717949,0.6426282051282052,0.4375,0.07692307692307689,0.6923076923076924,0.8461538461538461,1e-09,0.375,0.9583333333333334,4.333333333333333,0.4102564102564103
planned_48h,summer,2.5,42,sampled,planned,0,daylight_proxy,30,0.5938506789434523,0.3313501364087302,0.8924316876892049,0.5333333333333333,0.6,0.23333333333333334,1.2455403645833334,0.5333333333333333,0.6,0.16666666666666666,0.3,0.16666666666666666,0.0,0.0,0.0,0.0,12.0,9.933333333333334,0.0,5.833333333333333,5.833333333333333,5.833333333333333,0.37179487179487186,0.4487179487179487,0.4102564102564103,0.07692307692307691,0.6923076923076924,0.8461538461538463,9.999999999999999e-10,0.0,0.9333333333333333,0.0,0.07692307692307691
planned_48h,summer,2.5,42,sampled,planned,1,all_hours,48,0.37115667433965777,0.2070938352554564,0.7055291973014841,0.7291666666666666,0.7916666666666666,0.125,0.7892005557105654,0.3541666666666667,0.4166666666666667,0.08333333333333333,0.1875,0.08333333333333333,0.375,0.2916666666666667,0.375,0.3125,12.0,6.770833333333333,4.333333333333333,3.7708333333333335,8.104166666666666,5.9375,0.21314102564102563,0.6233974358974359,0.4182692307692308,0.07692307692307689,0.6923076923076924,0.8461538461538461,1e-09,0.375,0.9583333333333334,4.333333333333333,0.4102564102564103
planned_48h,summer,2.5,42,sampled,planned,1,daylight_proxy,30,0.5938506789434523,0.3313501364087302,0.8924316876892049,0.5666666666666667,0.6666666666666666,0.2,1.2622326078869046,0.5666666666666667,0.6666666666666666,0.13333333333333333,0.3,0.13333333333333333,0.0,0.0,0.0,0.0,12.0,10.066666666666666,0.0,5.433333333333334,5.433333333333334,5.433333333333334,0.341025641025641,0.41794871794871785,0.3794871794871794,0.07692307692307691,0.6923076923076924,0.8461538461538463,9.999999999999999e-10,0.0,0.9333333333333333,0.0,0.07692307692307691
planned_48h,summer,2.5,42,sampled,planned,2,all_hours,48,0.37115667433965777,0.2070938352554564,0.7055291973014841,0.7708333333333334,0.8541666666666666,0.08333333333333333,0.8424915132068452,0.3958333333333333,0.4791666666666667,0.0625,0.14583333333333334,0.08333333333333333,0.375,0.2916666666666667,0.375,0.3333333333333333,12.0,6.770833333333333,4.333333333333333,3.7916666666666665,8.125,5.958333333333333,0.21474358974358973,0.6249999999999999,0.4198717948717949,0.07692307692307689,0.6923076923076924,0.8461538461538461,1e-09,0.375,0.9583333333333334,4.333333333333333,0.4102564102564103
planned_48h,summer,2.5,42,sampled,planned,2,daylight_proxy,30,0.5938506789434523,0.3313501364087302,0.8924316876892049,0.6333333333333333,0.7666666666666667,0.13333333333333333,1.347732979910714,0.6333333333333333,0.7666666666666667,0.1,0.23333333333333334,0.13333333333333333,0.0,0.0,0.0,0.0,12.0,10.033333333333333,0.0,5.466666666666667,5.466666666666667,5.466666666666667,0.3435897435897435,0.42051282051282046,0.3820512820512821,0.07692307692307691,0.6923076923076924,0.8461538461538463,9.999999999999999e-10,0.0,0.9333333333333333,0.0,0.07692307692307693
planned_48h,summer,2.5,42,sampled,planned,3,all_hours,48,0.37115667433965777,0.2070938352554564,0.7055291973014841,0.6875,0.9375,0.020833333333333332,0.7956092471168154,0.3125,0.5625,0.041666666666666664,0.20833333333333334,0.10416666666666667,0.375,0.2916666666666667,0.375,0.3125,12.0,6.791666666666667,4.291666666666667,3.9791666666666665,8.270833333333334,6.125,0.22916666666666666,0.6362179487179487,0.43269230769230765,0.07692307692307689,0.6923076923076924,0.8461538461538461,1e-09,0.375,0.9583333333333334,4.291666666666667,0.4070512820512821
planned_48h,summer,2.5,42,sampled,planned,3,daylight_proxy,30,0.5938506789434523,0.3313501364087302,0.8924316876892049,0.5,0.9,0.03333333333333333,1.2725585937500001,0.5,0.9,0.06666666666666667,0.3333333333333333,0.16666666666666666,0.0,0.0,0.0,0.0,12.0,10.033333333333333,0.0,5.766666666666667,5.766666666666667,5.766666666666667,0.36666666666666653,0.44358974358974357,0.40512820512820513,0.07692307692307691,0.6923076923076924,0.8461538461538463,9.999999999999999e-10,0.0,0.9333333333333333,0.0,0.07692307692307696
planned_48h,summer,2.5,42,sampled,planned,4,all_hours,48,0.37115667433965777,0.2070938352554564,0.7055291973014841,0.7083333333333334,0.875,0.08333333333333333,0.7910069056919644,0.3333333333333333,0.5,0.041666666666666664,0.20833333333333334,0.08333333333333333,0.375,0.3333333333333333,0.375,0.375,12.0,6.583333333333333,4.458333333333333,3.8125,8.270833333333334,6.041666666666667,0.21634615384615383,0.6362179487179488,0.42628205128205127,0.07692307692307689,0.6923076923076924,0.8461538461538461,1e-09,0.375,0.9791666666666666,4.458333333333333,0.4198717948717949
planned_48h,summer,2.5,42,sampled,planned,4,daylight_proxy,30,0.5938506789434523,0.3313501364087302,0.8924316876892049,0.5333333333333333,0.8,0.13333333333333333,1.2656110491071428,0.5333333333333333,0.8,0.06666666666666667,0.3333333333333333,0.13333333333333333,0.0,0.0,0.0,0.0,12.0,9.866666666666667,0.0,5.5,5.5,5.5,0.3461538461538461,0.423076923076923,0.38461538461538447,0.07692307692307691,0.6923076923076924,0.8461538461538463,9.999999999999999e-10,0.0,0.9666666666666667,0.0,0.07692307692307693
planned_48h,summer,2.5,42,sampled,planned,5,all_hours,48,0.3704068138485863,0.2078436957465278,0.7054596677997435,0.7708333333333334,0.9583333333333334,0.0,0.8077566964285715,0.3958333333333333,0.5833333333333334,0.041666666666666664,0.16666666666666666,0.0625,0.375,0.3125,0.375,0.3333333333333333,12.0,6.6875,4.395833333333333,4.083333333333333,8.479166666666666,6.28125,0.23717948717948714,0.6522435897435898,0.4447115384615385,0.07692307692307689,0.6923076923076924,0.8461538461538461,1e-09,0.375,0.9791666666666666,4.395833333333333,0.4150641025641026
planned_48h,summer,2.5,42,sampled,planned,5,daylight_proxy,30,0.5926509021577381,0.3325499131944445,0.8923437390531742,0.6333333333333333,0.9333333333333333,0.0,1.2914248511904762,0.6333333333333333,0.9333333333333333,0.06666666666666667,0.26666666666666666,0.1,0.0,0.0,0.0,0.0,12.0,10.0,0.0,5.933333333333334,5.933333333333334,5.933333333333334,0.3794871794871794,0.45641025641025634,0.41794871794871796,0.07692307692307691,0.6923076923076924,0.8461538461538463,9.999999999999999e-10,0.0,0.9666666666666667,0.0,0.07692307692307691
planned_48h,summer,2.5,42,sampled,planned,6,all_hours,48,0.36917593819754463,0.20907457139756946,0.7052597770191957,0.7291666666666666,0.9375,0.041666666666666664,0.8237450009300594,0.3541666666666667,0.5625,0.020833333333333332,0.20833333333333334,0.0625,0.375,0.3333333333333333,0.375,0.3541666666666667,12.0,6.729166666666667,4.4375,3.875,8.3125,6.09375,0.22115384615384612,0.6394230769230769,0.4302884615384615,0.07692307692307689,0.6923076923076924,0.8461538461538461,1e-09,0.375,0.9583333333333334,4.4375,0.4182692307692308
planned_48h,summer,2.5,42,sampled,planned,6,daylight_proxy,30,0.5906815011160713,0.33451931423611114,0.8920908949932542,0.5666666666666667,0.9,0.06666666666666667,1.3178408668154764,0.5666666666666667,0.9,0.03333333333333333,0.3333333333333333,0.1,0.0,0.0,0.0,0.0,12.0,10.1,0.0,5.6,5.6,5.6,0.3538461538461538,0.4307692307692307,0.3923076923076922,0.07692307692307691,0.6923076923076924,0.8461538461538463,9.999999999999999e-10,0.0,0.9333333333333333,0.0,0.07692307692307693
planned_48h,summer,2.5,42,sampled,planned,7,all_hours,48,0.36938665480840777,0.2088638547867064,0.7052960542747617,0.75,0.8958333333333334,0.08333333333333333,0.8211815243675596,0.375,0.5208333333333334,0.020833333333333332,0.1875,0.0625,0.375,0.3125,0.375,0.3541666666666667,12.0,6.854166666666667,4.354166666666667,3.7708333333333335,8.125,5.947916666666667,0.21314102564102563,0.625,0.4190705128205128,0.07692307692307689,0.6923076923076924,0.8461538461538461,1e-09,0.375,0.9583333333333334,4.354166666666667,0.4118589743589744
planned_48h,summer,2.5,42,sampled,planned,7,daylight_proxy,30,0.5910186476934524,0.33418216765873027,0.8921367824951936,0.6,0.8333333333333334,0.13333333333333333,1.3130557105654763,0.6,0.8333333333333334,0.03333333333333333,0.3,0.1,0.0,0.0,0.0,0.0,12.0,10.2,0.0,5.433333333333334,5.433333333333334,5.433333333333334,0.341025641025641,0.4179487179487179,0.37948717948717936,0.07692307692307691,0.6923076923076924,0.8461538461538463,9.999999999999999e-10,0.0,0.9333333333333333,0.0,0.07692307692307694
planned_48h,summer,2.5,42,sampled,planned,8,all_hours,48,0.364313470749628,0.21393703884548612,0.7035859900394905,0.8541666666666666,0.9375,0.0625,0.8335396902901787,0.4791666666666667,0.5625,0.0,0.125,0.020833333333333332,0.375,0.3333333333333333,0.375,0.3541666666666667,12.0,6.833333333333333,4.4375,3.6666666666666665,8.104166666666666,5.885416666666667,0.2051282051282051,0.6233974358974358,0.41426282051282054,0.07692307692307689,0.6923076923076924,0.8461538461538461,1e-09,0.375,0.9375,4.4375,0.4182692307692308
planned_48h,summer,2.5,42,sampled,planned,8,daylight_proxy,30,0.5829015531994046,0.3422992621527779,0.8899737033237333,0.7666666666666667,0.9,0.1,1.3335123697916662,0.7666666666666667,0.9,0.0,0.2,0.03333333333333333,0.0,0.0,0.0,0.0,12.0,10.266666666666667,0.0,5.266666666666667,5.266666666666667,5.266666666666667,0.3282051282051281,0.4051282051282051,0.36666666666666653,0.07692307692307691,0.6923076923076924,0.8461538461538463,9.999999999999999e-10,0.0,0.9,0.0,0.07692307692307691
planned_48h,summer,2.5,42,sampled,planned,9,all_hours,48,0.37094305129278277,0.2073074583023314,0.7056859307898382,0.75,0.9166666666666666,0.08333333333333333,0.7758716401599702,0.375,0.5416666666666666,0.0,0.1875,0.0625,0.375,0.3125,0.375,0.3333333333333333,12.0,6.791666666666667,4.395833333333333,3.75,8.145833333333334,5.947916666666667,0.21153846153846154,0.6266025641025641,0.4190705128205128,0.07692307692307689,0.6923076923076924,0.8461538461538461,1e-09,0.375,0.9375,4.395833333333333,0.4150641025641025
planned_48h,summer,2.5,42,sampled,planned,9,daylight_proxy,30,0.5935088820684524,0.33169193328373026,0.892629941612734,0.6,0.8666666666666667,0.13333333333333333,1.241069103422619,0.6,0.8666666666666667,0.0,0.3,0.1,0.0,0.0,0.0,0.0,12.0,10.1,0.0,5.4,5.4,5.4,0.3384615384615385,0.4153846153846154,0.37692307692307697,0.07692307692307691,0.6923076923076924,0.8461538461538463,9.999999999999999e-10,0.0,0.9,0.0,0.07692307692307694
planned_48h,summer,2.5,42,sampled,planned,10,all_hours,48,0.3568914504278274,0.2220169309585814,0.6986210949127857,0.8333333333333334,0.8958333333333334,0.08333333333333333,0.7783871605282738,0.4583333333333333,0.5208333333333334,0.020833333333333332,0.14583333333333334,0.020833333333333332,0.375,0.3333333333333333,0.375,0.3541666666666667,12.0,6.75,4.395833333333333,3.8333333333333335,8.229166666666666,6.03125,0.21794871794871792,0.6330128205128205,0.42548076923076916,0.07692307692307689,0.6923076923076924,0.8461538461538461,1e-09,0.375,0.9375,4.395833333333333,0.4150641025641025
planned_48h,summer,2.5,42,sampled,planned,10,daylight_proxy,30,0.5710263206845237,0.35522708953373017,0.8836935525460302,0.7333333333333333,0.8333333333333334,0.13333333333333333,1.244584728422619,0.7333333333333333,0.8333333333333334,0.03333333333333333,0.23333333333333334,0.03333333333333333,0.0,0.0,0.0,0.0,12.0,10.1,0.0,5.533333333333333,5.533333333333333,5.533333333333333,0.34871794871794864,0.4256410256410256,0.3871794871794871,0.07692307692307691,0.6923076923076924,0.8461538461538463,9.999999999999999e-10,0.0,0.9,0.0,0.07692307692307691
planned_48h,summer,2.5,42,sampled,planned,11,all_hours,48,0.35556664845300096,0.22426069955977188,0.6985189703233492,0.75,0.8541666666666666,0.125,0.7998642694382441,0.375,0.4791666666666667,0.020833333333333332,0.1875,0.0625,0.375,0.3125,0.375,0.375,12.0,6.666666666666667,4.4375,3.875,8.3125,6.09375,0.22115384615384615,0.639423076923077,0.4302884615384615,0.07692307692307689,0.6923076923076924,0.8461538461538461,1e-09,0.375,0.9583333333333334,4.4375,0.4182692307692308
planned_48h,summer,2.5,42,sampled,planned,11,daylight_proxy,30,0.5689066375248015,0.3588171192956349,0.8835643740229384,0.6,0.7666666666666667,0.2,1.2797828311011907,0.6,0.7666666666666667,0.03333333333333333,0.3,0.1,0.0,0.0,0.0,0.0,12.0,9.966666666666667,0.0,5.6,5.6,5.6,0.3538461538461538,0.4307692307692308,0.39230769230769236,0.07692307692307691,0.6923076923076924,0.8461538461538463,9.999999999999999e-10,0.0,0.9333333333333333,0.0,0.07692307692307694
planned_48h,summer,2.5,42,sampled,planned,12,all_hours,48,0.3768039763919891,0.20302337162078377,0.7177727646695553,0.7916666666666666,0.8541666666666666,0.125,0.835601806640625,0.4166666666666667,0.4791666666666667,0.020833333333333332,0.16666666666666666,0.041666666666666664,0.375,0.3125,0.375,0.3541666666666667,12.0,6.729166666666667,4.416666666666667,3.9166666666666665,8.333333333333334,6.125,0.22435897435897437,0.6410256410256411,0.43269230769230765,0.07692307692307689,0.6923076923076924,0.8461538461538461,1e-09,0.375,0.9583333333333334,4.416666666666667,0.4166666666666667
planned_48h,summer,2.5,42,sampled,planned,12,daylight_proxy,30,0.6028863622271825,0.3248373945932539,0.907918711516732,0.6666666666666666,0.7666666666666667,0.2,1.3368117559523809,0.6666666666666666,0.7666666666666667,0.03333333333333333,0.26666666666666666,0.06666666666666667,0.0,0.0,0.0,0.0,12.0,10.033333333333333,0.0,5.666666666666667,5.666666666666667,5.666666666666667,0.358974358974359,0.43589743589743596,0.3974358974358975,0.07692307692307691,0.6923076923076924,0.8461538461538463,9.999999999999999e-10,0.0,0.9333333333333333,0.0,0.07692307692307693
planned_48h,summer,2.5,42,sampled,planned,13,all_hours,48,0.3727073548332093,0.20711999317956353,0.7115962085991101,0.8333333333333334,0.8958333333333334,0.0625,0.8948931012834822,0.4583333333333333,0.5208333333333334,0.041666666666666664,0.10416666666666667,0.0625,0.375,0.3125,0.375,0.3541666666666667,12.0,6.6875,4.416666666666667,4.145833333333333,8.5625,6.354166666666667,0.2419871794871795,0.6586538461538461,0.4503205128205128,0.07692307692307689,0.6923076923076924,0.8461538461538461,1e-09,0.375,0.9375,4.416666666666667,0.4166666666666667
planned_48h,summer,2.5,42,sampled,planned,13,daylight_proxy,30,0.5963317677331349,0.33139198908730155,0.9001059174053936,0.7333333333333333,0.8333333333333334,0.1,1.430994233630952,0.7333333333333333,0.8333333333333334,0.06666666666666667,0.16666666666666666,0.1,0.0,0.0,0.0,0.0,12.0,10.0,0.0,6.033333333333333,6.033333333333333,6.033333333333333,0.3871794871794871,0.4641025641025641,0.42564102564102557,0.07692307692307691,0.6923076923076924,0.8461538461538463,9.999999999999999e-10,0.0,0.9,0.0,0.07692307692307693
planned_48h,summer,2.5,42,sampled,planned,14,all_hours,48,0.37831386990017357,0.20151347811259923,0.718767157409657,0.75,0.8958333333333334,0.0625,0.8522382463727679,0.375,0.5208333333333334,0.041666666666666664,0.1875,0.0625,0.375,0.3125,0.375,0.3541666666666667,12.0,6.666666666666667,4.395833333333333,3.9166666666666665,8.3125,6.114583333333333,0.22435897435897437,0.6394230769230769,0.43189102564102555,0.07692307692307689,0.6923076923076924,0.8461538461538461,1e-09,0.375,0.9375,4.395833333333333,0.4150641025641026
planned_48h,summer,2.5,42,sampled,planned,14,daylight_proxy,30,0.6053021918402777,0.32242156498015867,0.9091765298957148,0.6,0.8333333333333334,0.1,1.3634184337797621,0.6,0.8333333333333334,0.06666666666666667,0.3,0.1,0.0,0.0,0.0,0.0,12.0,9.933333333333334,0.0,5.666666666666667,5.666666666666667,5.666666666666667,0.358974358974359,0.43589743589743596,0.3974358974358975,0.07692307692307691,0.6923076923076924,0.8461538461538463,9.999999999999999e-10,0.0,0.9,0.0,0.07692307692307689
planned_48h,summer,2.5,42,sampled,planned,15,all_hours,48,0.39313369024367556,0.18568938724578377,0.726555376685453,0.6875,0.875,0.0625,0.7780238560267857,0.3125,0.5,0.0625,0.20833333333333334,0.10416666666666667,0.375,0.3333333333333333,0.375,0.375,12.0,6.583333333333333,4.458333333333333,4.0625,8.520833333333334,6.291666666666667,0.2355769230769231,0.655448717948718,0.4455128205128205,0.07692307692307689,0.6923076923076924,0.8461538461538461,1e-09,0.375,0.9375,4.458333333333333,0.4198717948717949
planned_48h,summer,2.5,42,sampled,planned,15,daylight_proxy,30,0.6290139043898809,0.29710301959325397,0.9190279346270519,0.5,0.8,0.1,1.2448381696428574,0.5,0.8,0.1,0.3333333333333333,0.16666666666666666,0.0,0.0,0.0,0.0,12.0,9.866666666666667,0.0,5.9,5.9,5.9,0.37692307692307697,0.4538461538461539,0.41538461538461546,0.07692307692307691,0.6923076923076924,0.8461538461538463,9.999999999999999e-10,0.0,0.9,0.0,0.07692307692307693
planned_48h,summer,2.5,42,sampled,planned,16,all_hours,48,0.39470573304191464,0.1769104972718254,0.7270111095072929,0.7708333333333334,0.8541666666666666,0.125,0.759033203125,0.3958333333333333,0.4791666666666667,0.020833333333333332,0.20833333333333334,0.020833333333333332,0.375,0.2916666666666667,0.375,0.375,12.0,6.5625,4.416666666666667,3.9375,8.354166666666666,6.145833333333333,0.22596153846153846,0.6426282051282052,0.4342948717948718,0.07692307692307689,0.6923076923076924,0.8461538461538461,1e-09,0.375,0.9375,4.416666666666667,0.41666666666666674
planned_48h,summer,2.5,42,sampled,planned,16,daylight_proxy,30,0.6315291728670634,0.28305679563492064,0.9196043961156558,0.6333333333333333,0.7666666666666667,0.2,1.214453125,0.6333333333333333,0.7666666666666667,0.03333333333333333,0.3333333333333333,0.03333333333333333,0.0,0.0,0.0,0.0,12.0,9.766666666666667,0.0,5.7,5.7,5.7,0.3615384615384615,0.43846153846153857,0.39999999999999997,0.07692307692307691,0.6923076923076924,0.8461538461538463,9.999999999999999e-10,0.0,0.9,0.0,0.07692307692307694
planned_48h,summer,2.5,42,sampled,planned,17,all_hours,48,0.41229548378596226,0.1593207465277778,0.7373978689276477,0.7083333333333334,0.9166666666666666,0.0625,0.7899431501116071,0.3333333333333333,0.5416666666666666,0.020833333333333332,0.20833333333333334,0.08333333333333333,0.375,0.3125,0.375,0.3333333333333333,12.0,6.666666666666667,4.375,4.208333333333333,8.583333333333334,6.395833333333333,0.2467948717948718,0.6602564102564102,0.45352564102564097,0.07692307692307689,0.6923076923076924,0.8461538461538461,1e-09,0.375,0.9375,4.375,0.4134615384615385
planned_48h,summer,2.5,42,sampled,planned,17,daylight_proxy,30,0.6596727740575397,0.2549131944444445,0.9327427230262685,0.5333333333333333,0.8666666666666667,0.1,1.263595145089286,0.5333333333333333,0.8666666666666667,0.03333333333333333,0.3333333333333333,0.13333333333333333,0.0,0.0,0.0,0.0,12.0,9.9,0.0,6.133333333333334,6.133333333333334,6.133333333333334,0.3948717948717949,0.47179487179487184,0.43333333333333335,0.07692307692307691,0.6923076923076924,0.8461538461538463,9.999999999999999e-10,0.0,0.9,0.0,0.07692307692307694
planned_48h,summer,2.5,42,sampled,planned,18,all_hours,48,0.4199423169332837,0.15167391338045635,0.7419964160159226,0.75,0.875,0.0625,0.8033345540364584,0.375,0.5,0.0625,0.1875,0.0625,0.375,0.3125,0.375,0.3125,12.0,6.75,4.3125,4.354166666666667,8.666666666666666,6.510416666666667,0.2580128205128205,0.6666666666666666,0.46233974358974356,0.07692307692307689,0.6923076923076924,0.8461538461538461,1e-09,0.375,0.9375,4.3125,0.4086538461538462
planned_48h,summer,2.5,42,sampled,planned,18,daylight_proxy,30,0.671907707093254,0.24267826140873022,0.9385594761168621,0.6,0.8,0.1,1.2841866629464287,0.6,0.8,0.1,0.3,0.1,0.0,0.0,0.0,0.0,12.0,9.966666666666667,0.0,6.366666666666666,6.366666666666666,6.366666666666666,0.41282051282051285,0.4897435897435898,0.45128205128205123,0.07692307692307691,0.6923076923076924,0.8461538461538463,9.999999999999999e-10,0.0,0.9,0.0,0.0769230769230769
planned_48h,summer,2.5,42,sampled,planned,19,all_hours,48,0.4213504851810516,0.1502657451326885,0.7421261245488493,0.6875,0.8958333333333334,0.0625,0.8257213774181548,0.3125,0.5208333333333334,0.041666666666666664,0.1875,0.125,0.375,0.3125,0.375,0.3333333333333333,12.0,6.770833333333333,4.395833333333333,4.354166666666667,8.75,6.552083333333333,0.25801282051282054,0.673076923076923,0.4655448717948718,0.07692307692307689,0.6923076923076924,0.8461538461538461,1e-09,0.375,0.9375,4.395833333333333,0.4150641025641026
planned_48h,summer,2.5,42,sampled,planned,19,daylight_proxy,30,0.6741607762896824,0.24042519221230158,0.938723545875265,0.5,0.8333333333333334,0.1,1.3208403087797618,0.5,0.8333333333333334,0.06666666666666667,0.3,0.2,0.0,0.0,0.0,0.0,12.0,10.1,0.0,6.366666666666666,6.366666666666666,6.366666666666666,0.4128205128205129,0.4897435897435898,0.45128205128205134,0.07692307692307691,0.6923076923076924,0.8461538461538463,9.999999999999999e-10,0.0,0.9,0.0,0.07692307692307693
planned_48h,summer,2.5,42,sampled,planned,20,all_hours,48,0.4213504851810516,0.1502657451326885,0.7421261245488493,0.6458333333333334,0.8541666666666666,0.08333333333333333,0.7670724051339285,0.2708333333333333,0.4791666666666667,0.0625,0.20833333333333334,0.14583333333333334,0.375,0.3333333333333333,0.375,0.375,12.0,6.75,4.458333333333333,4.333333333333333,8.791666666666666,6.5625,0.25641025641025644,0.6762820512820512,0.4663461538461538,0.07692307692307689,0.6923076923076924,0.8461538461538461,1e-09,0.375,0.9166666666666666,4.458333333333333,0.4198717948717949
planned_48h,summer,2.5,42,sampled,planned,20,daylight_proxy,30,0.6741607762896824,0.24042519221230158,0.938723545875265,0.43333333333333335,0.7666666666666667,0.13333333333333333,1.2273158482142856,0.43333333333333335,0.7666666666666667,0.1,0.3333333333333333,0.23333333333333334,0.0,0.0,0.0,0.0,12.0,10.133333333333333,0.0,6.333333333333333,6.333333333333333,6.333333333333333,0.4102564102564103,0.4871794871794872,0.44871794871794873,0.07692307692307691,0.6923076923076924,0.8461538461538463,9.999999999999999e-10,0.0,0.8666666666666667,0.0,0.07692307692307691
planned_48h,summer,2.5,42,sampled,planned,21,all_hours,48,0.4213504851810516,0.1502657451326885,0.7421261245488493,0.625,0.8541666666666666,0.08333333333333333,0.7397112165178571,0.25,0.4791666666666667,0.0625,0.20833333333333334,0.16666666666666666,0.375,0.3125,0.375,0.375,12.0,6.6875,4.4375,4.354166666666667,8.791666666666666,6.572916666666667,0.25801282051282054,0.6762820512820512,0.46714743589743585,0.07692307692307689,0.6923076923076924,0.8461538461538461,1e-09,0.375,0.9375,4.4375,0.41826923076923084
planned_48h,summer,2.5,42,sampled,planned,21,daylight_proxy,30,0.6741607762896824,0.24042519221230158,0.938723545875265,0.4,0.7666666666666667,0.13333333333333333,1.1835379464285714,0.4,0.7666666666666667,0.1,0.3333333333333333,0.26666666666666666,0.0,0.0,0.0,0.0,12.0,10.0,0.0,6.366666666666666,6.366666666666666,6.366666666666666,0.4128205128205129,0.4897435897435897,0.4512820512820513,0.07692307692307691,0.6923076923076924,0.8461538461538463,9.999999999999999e-10,0.0,0.9,0.0,0.07692307692307693
planned_48h,summer,2.5,42,sampled,planned,22,all_hours,48,0.4213504851810516,0.1502657451326885,0.7421261245488493,0.625,0.875,0.08333333333333333,0.7337878999255953,0.25,0.5,0.041666666666666664,0.25,0.125,0.375,0.3125,0.375,0.3333333333333333,12.0,6.729166666666667,4.375,4.3125,8.6875,6.5,0.2548076923076923,0.6682692307692307,0.4615384615384615,0.07692307692307689,0.6923076923076924,0.8461538461538461,1e-09,0.375,0.9375,4.375,0.4134615384615385
planned_48h,summer,2.5,42,sampled,planned,22,daylight_proxy,30,0.6741607762896824,0.24042519221230158,0.938723545875265,0.4,0.8,0.13333333333333333,1.173746744791667,0.4,0.8,0.06666666666666667,0.4,0.2,0.0,0.0,0.0,0.0,12.0,10.0,0.0,6.3,6.3,6.3,0.40769230769230774,0.48461538461538467,0.4461538461538461,0.07692307692307691,0.6923076923076924,0.8461538461538463,9.999999999999999e-10,0.0,0.9,0.0,0.07692307692307693
planned_48h,summer,2.5,42,sampled,planned,23,all_hours,48,0.40581800672743046,0.16649915907118057,0.7160585337362626,0.6458333333333334,0.8958333333333334,0.0625,0.7757093641493057,0.2708333333333333,0.5208333333333334,0.041666666666666664,0.25,0.10416666666666667,0.375,0.3125,0.375,0.3333333333333333,12.0,6.666666666666667,4.375,4.041666666666667,8.416666666666666,6.229166666666667,0.23397435897435895,0.6474358974358975,0.4407051282051282,0.07692307692307689,0.6923076923076924,0.8461538461538461,1e-09,0.375,0.9583333333333334,4.375,0.4134615384615385
planned_48h,summer,2.5,42,sampled,planned,23,daylight_proxy,30,0.6493088107638889,0.26639865451388883,0.9057503618428436,0.43333333333333335,0.8333333333333334,0.1,1.2408799913194446,0.43333333333333335,0.8333333333333334,0.06666666666666667,0.4,0.16666666666666666,0.0,0.0,0.0,0.0,12.0,9.9,0.0,5.866666666666666,5.866666666666666,5.866666666666666,0.3743589743589744,0.45128205128205123,0.4128205128205128,0.07692307692307691,0.6923076923076924,0.8461538461538463,9.999999999999999e-10,0.0,0.9333333333333333,0.0,0.07692307692307689
deficit_discharge_48h,winter,2.5,42,sampled,deficit_discharge,0,all_hours,48,0.1559964618985615,0.12977454775855654,0.3014470549543092,0.9166666666666666,0.9583333333333334,0.041666666666666664,0.3350583031063988,0.25,0.2916666666666667,0.0,0.0625,0.020833333333333332,0.6666666666666666,0.625,0.6666666666666666,0.625,12.0,4.25,7.604166666666667,2.5,10.104166666666666,6.302083333333333,0.11538461538461538,0.7772435897435898,0.4463141025641025,0.07692307692307689,0.6923076923076924,0.8461538461538461,1e-09,0.6666666666666666,0.9791666666666666,7.604166666666667,0.6618589743589743
deficit_discharge_48h,winter,2.5,42,sampled,deficit_discharge,0,daylight_proxy,24,0.311992923797123,0.2595490955171131,0.42631051345381177,0.8333333333333334,0.9166666666666666,0.08333333333333333,0.6701166062127978,0.5,0.5833333333333334,0.0,0.125,0.041666666666666664,0.3333333333333333,0.25,0.3333333333333333,0.25,12.0,7.5,3.2083333333333335,4.0,7.208333333333333,5.604166666666667,0.23076923076923075,0.5544871794871794,0.3926282051282051,0.0769230769230769,0.6923076923076922,0.8461538461538461,1e-09,0.3333333333333333,0.9583333333333334,3.2083333333333335,0.32371794871794873
deficit_discharge_48h,winter,2.5,42,sampled,deficit_discharge,1,all_hours,48,0.1559964618985615,0.12977454775855654,0.30144705495430923,0.9583333333333334,0.9583333333333334,0.041666666666666664,0.37012881324404767,0.2916666666666667,0.2916666666666667,0.0,0.041666666666666664,0.0,0.6666666666666666,0.625,0.6666666666666666,0.625,12.0,4.25,7.583333333333333,2.4166666666666665,10.0,6.208333333333333,0.10897435897435896,0.7692307692307692,0.4391025641025641,0.07692307692307689,0.6923076923076924,0.8461538461538461,1e-09,0.6666666666666666,0.9791666666666666,7.583333333333333,0.6602564102564102
deficit_discharge_48h,winter,2.5,42,sampled,deficit_discharge,1,daylight_proxy,24,0.311992923797123,0.2595490955171131,0.42631051345381177,0.9166666666666666,0.9166666666666666,0.08333333333333333,0.7402576264880952,0.5833333333333334,0.5833333333333334,0.0,0.08333333333333333,0.0,0.3333333333333333,0.25,0.3333333333333333,0.25,12.0,7.5,3.1666666666666665,3.8333333333333335,7.0,5.416666666666667,0.21794871794871792,0.5384615384615384,0.3782051282051282,0.0769230769230769,0.6923076923076922,0.8461538461538461,1e-09,0.3333333333333333,0.9583333333333334,3.1666666666666665,0.32051282051282054
deficit_discharge_48h,winter,2.5,42,sampled,deficit_discharge,2,all_hours,48,0.1559964618985615,0.12977454775855654,0.3014470549543092,0.9375,0.9583333333333334,0.041666666666666664,0.38561721075148814,0.2708333333333333,0.2916666666666667,0.0,0.0625,0.0,0.6666666666666666,0.625,0.6666666666666666,0.625,12.0,4.3125,7.583333333333333,2.2916666666666665,9.875,6.083333333333333,0.09935897435897434,0.7596153846153847,0.42948717948717946,0.07692307692307689,0.6923076923076924,0.8461538461538461,1e-09,0.6666666666666666,0.9791666666666666,7.583333333333333,0.6602564102564102
deficit_discharge_48h,winter,2.5,42,sampled,deficit_discharge,2,daylight_proxy,24,0.311992923797123,0.2595490955171131,0.42631051345381177,0.875,0.9166666666666666,0.08333333333333333,0.7712344215029763,0.5416666666666666,0.5833333333333334,0.0,0.125,0.0,0.3333333333333333,0.25,0.3333333333333333,0.25,12.0,7.625,3.1666666666666665,3.5833333333333335,6.75,5.166666666666667,0.19871794871794868,0.5192307692307692,0.358974358974359,0.0769230769230769,0.6923076923076922,0.8461538461538461,1e-09,0.3333333333333333,0.9583333333333334,3.1666666666666665,0.3205128205128205
deficit_discharge_48h,winter,2.5,42,sampled,deficit_discharge,3,all_hours,48,0.1559964618985615,0.12977454775855654,0.3014470549543092,0.9166666666666666,0.9583333333333334,0.041666666666666664,0.33959815615699407,0.25,0.2916666666666667,0.0,0.08333333333333333,0.0,0.6666666666666666,0.625,0.6666666666666666,0.625,12.0,4.125,7.645833333333333,2.4791666666666665,10.125,6.302083333333333,0.11378205128205128,0.7788461538461539,0.4463141025641025,0.07692307692307689,0.6923076923076924,0.8461538461538461,1e-09,0.6666666666666666,0.9791666666666666,7.645833333333333,0.6650641025641025
deficit_discharge_48h,winter,2.5,42,sampled,deficit_discharge,3,daylight_proxy,24,0.311992923797123,0.2595490955171131,0.42631051345381177,0.8333333333333334,0.9166666666666666,0.08333333333333333,0.6791963123139881,0.5,0.5833333333333334,0.0,0.16666666666666666,0.0,0.3333333333333333,0.25,0.3333333333333333,0.25,12.0,7.25,3.2916666666666665,3.9583333333333335,7.25,5.604166666666667,0.22756410256410256,0.5576923076923076,0.3926282051282051,0.0769230769230769,0.6923076923076922,0.8461538461538461,1e-09,0.3333333333333333,0.9583333333333334,3.2916666666666665,0.3301282051282051
deficit_discharge_48h,winter,2.5,42,sampled,deficit_discharge,4,all_hours,48,0.1559964618985615,0.12977454775855654,0.3014470549543092,0.9375,0.9583333333333334,0.041666666666666664,0.374053955078125,0.2916666666666667,0.2916666666666667,0.0,0.0625,0.0,0.6666666666666666,0.625,0.6458333333333334,0.625,12.0,4.166666666666667,7.5625,2.375,9.9375,6.15625,0.10576923076923077,0.764423076923077,0.4350961538461538,0.07692307692307689,0.6923076923076924,0.8461538461538461,1e-09,0.6666666666666666,1.0,7.5625,0.6586538461538461
deficit_discharge_48h,winter,2.5,42,sampled,deficit_discharge,4,daylight_proxy,24,0.311992923797123,0.2595490955171131,0.42631051345381177,0.875,0.9166666666666666,0.08333333333333333,0.74810791015625,0.5833333333333334,0.5833333333333334,0.0,0.125,0.0,0.3333333333333333,0.25,0.2916666666666667,0.25,12.0,7.333333333333333,3.125,3.75,6.875,5.3125,0.21153846153846148,0.5288461538461539,0.37019230769230765,0.0769230769230769,0.6923076923076922,0.8461538461538461,1e-09,0.3333333333333333,1.0,3.125,0.3173076923076923
deficit_discharge_48h,winter,2.5,42,sampled,deficit_discharge,5,all_hours,48,0.1559964618985615,0.12977454775855654,0.30144705495430923,0.9375,0.9375,0.0625,0.40750412713913686,0.2916666666666667,0.2916666666666667,0.0,0.0625,0.0,0.6458333333333334,0.625,0.6458333333333334,0.625,12.0,4.104166666666667,7.583333333333333,2.2916666666666665,9.875,6.083333333333333,0.09935897435897434,0.7596153846153846,0.42948717948717946,0.07692307692307689,0.6923076923076924,0.8461538461538461,1e-09,0.6458333333333334,1.0,7.583333333333333,0.6602564102564101
deficit_discharge_48h,winter,2.5,42,sampled,deficit_discharge,5,daylight_proxy,24,0.311992923797123,0.2595490955171131,0.42631051345381177,0.875,0.875,0.125,0.8150082542782738,0.5833333333333334,0.5833333333333334,0.0,0.125,0.0,0.2916666666666667,0.25,0.2916666666666667,0.25,12.0,7.208333333333333,3.1666666666666665,3.5833333333333335,6.75,5.166666666666667,0.19871794871794868,0.5192307692307693,0.358974358974359,0.0769230769230769,0.6923076923076922,0.8461538461538461,1e-09,0.2916666666666667,1.0,3.1666666666666665,0.3205128205128205
deficit_discharge_48h,winter,2.5,42,sampled,deficit_discharge,6,all_hours,48,0.1559964618985615,0.12977454775855654,0.3014470549543092,0.9166666666666666,0.9583333333333334,0.041666666666666664,0.3655628022693453,0.2708333333333333,0.2916666666666667,0.0,0.08333333333333333,0.0,0.6666666666666666,0.625,0.6458333333333334,0.625,12.0,4.145833333333333,7.5625,2.3125,9.875,6.09375,0.10096153846153844,0.7596153846153846,0.4302884615384615,0.07692307692307689,0.6923076923076924,0.8461538461538461,1e-09,0.6666666666666666,1.0,7.5625,0.6586538461538461
deficit_discharge_48h,winter,2.5,42,sampled,deficit_discharge,6,daylight_proxy,24,0.311992923797123,0.2595490955171131,0.4263105134538118,0.8333333333333334,0.9166666666666666,0.08333333333333333,0.7311256045386904,0.5416666666666666,0.5833333333333334,0.0,0.16666666666666666,0.0,0.3333333333333333,0.25,0.2916666666666667,0.25,12.0,7.291666666666667,3.125,3.625,6.75,5.1875,0.2019230769230769,0.5192307692307693,0.36057692307692313,0.0769230769230769,0.6923076923076922,0.8461538461538461,1e-09,0.3333333333333333,1.0,3.125,0.3173076923076923
deficit_discharge_48h,winter,2.5,42,sampled,deficit_discharge,7,all_hours,48,0.1559964618985615,0.12977454775855654,0.3014470549543092,0.8958333333333334,0.9375,0.0625,0.38790457589285715,0.25,0.2708333333333333,0.0,0.10416666666666667,0.0,0.6666666666666666,0.625,0.6458333333333334,0.625,12.0,4.104166666666667,7.625,2.1666666666666665,9.791666666666666,5.979166666666667,0.08974358974358974,0.7532051282051283,0.42147435897435886,0.07692307692307689,0.6923076923076924,0.8461538461538461,1e-09,0.6666666666666666,1.0,7.625,0.6634615384615384
deficit_discharge_48h,winter,2.5,42,sampled,deficit_discharge,7,daylight_proxy,24,0.311992923797123,0.2595490955171131,0.42631051345381177,0.7916666666666666,0.875,0.125,0.7758091517857144,0.5,0.5416666666666666,0.0,0.20833333333333334,0.0,0.3333333333333333,0.25,0.2916666666666667,0.25,12.0,7.208333333333333,3.25,3.3333333333333335,6.583333333333333,4.958333333333333,0.17948717948717943,0.5064102564102564,0.3429487179487179,0.0769230769230769,0.6923076923076922,0.8461538461538461,1e-09,0.3333333333333333,1.0,3.25,0.32692307692307687
deficit_discharge_48h,winter,2.5,42,sampled,deficit_discharge,8,all_hours,48,0.1558990962921627,0.12967718215215773,0.3014142415746743,0.9166666666666666,0.9375,0.0625,0.3772030784970238,0.25,0.2708333333333333,0.0,0.08333333333333333,0.0,0.6666666666666666,0.625,0.6666666666666666,0.625,12.0,4.020833333333333,7.645833333333333,2.2708333333333335,9.916666666666666,6.09375,0.09775641025641024,0.7628205128205128,0.4302884615384615,0.07692307692307689,0.6923076923076924,0.8461538461538461,1e-09,0.6666666666666666,1.0,7.645833333333333,0.6650641025641025
deficit_discharge_48h,winter,2.5,42,sampled,deficit_discharge,8,daylight_proxy,24,0.3117981925843254,0.25935436430431547,0.42626410832730477,0.8333333333333334,0.875,0.125,0.7544061569940478,0.5,0.5416666666666666,0.0,0.16666666666666666,0.0,0.3333333333333333,0.25,0.3333333333333333,0.25,12.0,7.041666666666667,3.2916666666666665,3.5416666666666665,6.833333333333333,5.1875,0.19551282051282048,0.5256410256410257,0.3605769230769231,0.0769230769230769,0.6923076923076922,0.8461538461538461,1e-09,0.3333333333333333,1.0,3.2916666666666665,0.3301282051282051
deficit_discharge_48h,winter,2.5,42,sampled,deficit_discharge,9,all_hours,48,0.1567564949156746,0.13053458077566962,0.30227908548845084,0.9583333333333334,0.9583333333333334,0.041666666666666664,0.4136526925223214,0.2708333333333333,0.2708333333333333,0.0,0.041666666666666664,0.0,0.6875,0.625,0.6875,0.625,12.0,4.020833333333333,7.6875,2.2083333333333335,9.895833333333334,6.052083333333333,0.09294871794871795,0.7612179487179488,0.4270833333333333,0.07692307692307689,0.6923076923076924,0.8461538461538461,1e-09,0.6875,1.0,7.6875,0.6682692307692308
deficit_discharge_48h,winter,2.5,42,sampled,deficit_discharge,9,daylight_proxy,24,0.3135129898313492,0.2610691615513393,0.42748718231950344,0.9166666666666666,0.9166666666666666,0.08333333333333333,0.8273053850446428,0.5416666666666666,0.5416666666666666,0.0,0.08333333333333333,0.0,0.375,0.25,0.375,0.25,12.0,7.041666666666667,3.375,3.4166666666666665,6.791666666666667,5.104166666666667,0.1858974358974359,0.5224358974358974,0.3541666666666667,0.0769230769230769,0.6923076923076922,0.8461538461538461,1e-09,0.375,1.0,3.375,0.3365384615384615
deficit_discharge_48h,winter,2.5,42,sampled,deficit_discharge,10,all_hours,48,0.15998845176091267,0.1337665376209077,0.30801487885888423,0.9375,0.9583333333333334,0.041666666666666664,0.38137672061011907,0.22916666666666666,0.25,0.0,0.0625,0.0,0.7083333333333334,0.625,0.7083333333333334,0.625,12.0,4.083333333333333,7.666666666666667,2.125,9.791666666666666,5.958333333333333,0.08653846153846152,0.7532051282051282,0.4198717948717949,0.07692307692307689,0.6923076923076924,0.8461538461538461,1e-09,0.7083333333333334,1.0,7.666666666666667,0.6666666666666666
deficit_discharge_48h,winter,2.5,42,sampled,deficit_discharge,10,daylight_proxy,24,0.3199769035218254,0.26753307524181547,0.43559881909493997,0.875,0.9166666666666666,0.08333333333333333,0.7627534412202381,0.4583333333333333,0.5,0.0,0.125,0.0,0.4166666666666667,0.25,0.4166666666666667,0.25,12.0,7.166666666666667,3.3333333333333335,3.25,6.583333333333333,4.916666666666667,0.17307692307692304,0.5064102564102564,0.3397435897435897,0.0769230769230769,0.6923076923076922,0.8461538461538461,1e-09,0.4166666666666667,1.0,3.3333333333333335,0.3333333333333333
deficit_discharge_48h,winter,2.5,42,sampled,deficit_discharge,11,all_hours,48,0.16364620148189482,0.13742428734188986,0.31791043058551804,0.875,0.9583333333333334,0.041666666666666664,0.3704427083333333,0.20833333333333334,0.22916666666666666,0.0,0.125,0.0,0.7291666666666666,0.625,0.6666666666666666,0.625,12.0,4.104166666666667,7.666666666666667,2.125,9.791666666666666,5.958333333333333,0.08653846153846152,0.7532051282051283,0.4198717948717949,0.07692307692307689,0.6923076923076924,0.8461538461538461,1e-09,0.7291666666666666,1.0,7.666666666666667,0.6666666666666666
deficit_discharge_48h,winter,2.5,42,sampled,deficit_discharge,11,daylight_proxy,24,0.32729240296378964,0.27484857468377977,0.44959324255391,0.75,0.9166666666666666,0.08333333333333333,0.7408854166666666,0.4166666666666667,0.4583333333333333,0.0,0.25,0.0,0.4583333333333333,0.25,0.3333333333333333,0.25,12.0,7.208333333333333,3.3333333333333335,3.25,6.583333333333333,4.916666666666667,0.17307692307692304,0.5064102564102564,0.3397435897435897,0.0769230769230769,0.6923076923076922,0.8461538461538461,1e-09,0.4583333333333333,1.0,3.3333333333333335,0.3333333333333333
deficit_discharge_48h,winter,2.5,42,sampled,deficit_discharge,12,all_hours,48,0.16944163488963293,0.14321972074962797,0.33602498858179874,0.875,0.9166666666666666,0.08333333333333333,0.4007364908854167,0.1875,0.20833333333333334,0.0,0.125,0.0,0.7083333333333334,0.625,0.6875,0.625,12.0,4.166666666666667,7.708333333333333,2.0208333333333335,9.729166666666666,5.875,0.07852564102564102,0.7483974358974358,0.4134615384615385,0.07692307692307689,0.6923076923076924,0.8461538461538461,1e-09,0.7083333333333334,1.0,7.708333333333333,0.6698717948717947
deficit_discharge_48h,winter,2.5,42,sampled,deficit_discharge,12,daylight_proxy,24,0.33888326977926586,0.28643944149925593,0.47521109614864415,0.75,0.8333333333333334,0.16666666666666666,0.8014729817708334,0.375,0.4166666666666667,0.0,0.25,0.0,0.4166666666666667,0.25,0.375,0.25,12.0,7.333333333333333,3.4166666666666665,3.0416666666666665,6.458333333333333,4.75,0.15705128205128205,0.49679487179487175,0.3269230769230769,0.0769230769230769,0.6923076923076922,0.8461538461538461,1e-09,0.4166666666666667,1.0,3.4166666666666665,0.3397435897435897
deficit_discharge_48h,winter,2.5,42,sampled,deficit_discharge,13,all_hours,48,0.18907896980406746,0.16285705566406247,0.38074198536663734,0.875,0.9375,0.0625,0.4146190824962798,0.16666666666666666,0.20833333333333334,0.0,0.125,0.0,0.7291666666666666,0.625,0.7083333333333334,0.625,12.0,4.145833333333333,7.791666666666667,1.9166666666666667,9.708333333333334,5.8125,0.0705128205128205,0.7467948717948718,0.4086538461538461,0.07692307692307689,0.6923076923076924,0.8461538461538461,1e-09,0.7291666666666666,1.0,7.791666666666667,0.6762820512820512
deficit_discharge_48h,winter,2.5,42,sampled,deficit_discharge,13,daylight_proxy,24,0.37815793960813493,0.325714111328125,0.5384504794703571,0.75,0.875,0.125,0.8292381649925596,0.3333333333333333,0.4166666666666667,0.0,0.25,0.0,0.4583333333333333,0.25,0.4166666666666667,0.25,12.0,7.291666666666667,3.5833333333333335,2.8333333333333335,6.416666666666667,4.625,0.141025641025641,0.4935897435897436,0.31730769230769224,0.0769230769230769,0.6923076923076922,0.8461538461538461,1e-09,0.4583333333333333,1.0,3.5833333333333335,0.3525641025641026
deficit_discharge_48h,winter,2.5,42,sampled,deficit_discharge,14,all_hours,48,0.20065971253410217,0.19036211286272317,0.40031718798744137,0.8541666666666666,0.9166666666666666,0.08333333333333333,0.3877592540922619,0.14583333333333334,0.1875,0.0,0.14583333333333334,0.0,0.7291666666666666,0.625,0.7083333333333334,0.625,12.0,4.1875,7.791666666666667,1.8958333333333333,9.6875,5.791666666666667,0.0689102564102564,0.7451923076923076,0.407051282051282,0.07692307692307689,0.6923076923076924,0.8461538461538461,1e-09,0.7291666666666666,1.0,7.791666666666667,0.6762820512820512
deficit_discharge_48h,winter,2.5,42,sampled,deficit_discharge,14,daylight_proxy,24,0.4013194250682044,0.38072422572544645,0.5661339965028994,0.7083333333333334,0.8333333333333334,0.16666666666666666,0.7755185081845237,0.2916666666666667,0.375,0.0,0.2916666666666667,0.0,0.4583333333333333,0.25,0.4166666666666667,0.25,12.0,7.375,3.5833333333333335,2.7916666666666665,6.375,4.583333333333333,0.1378205128205128,0.49038461538461536,0.3141025641025641,0.0769230769230769,0.6923076923076922,0.8461538461538461,1e-09,0.4583333333333333,1.0,3.5833333333333335,0.3525641025641025
deficit_discharge_48h,winter,2.5,42,sampled,deficit_discharge,15,all_hours,48,0.20861898755270336,0.19832138788132436,0.4055497654752563,0.875,0.9583333333333334,0.041666666666666664,0.3500860305059524,0.16666666666666666,0.22916666666666666,0.0,0.125,0.0,0.7291666666666666,0.625,0.7083333333333334,0.625,12.0,4.229166666666667,7.770833333333333,1.8958333333333333,9.666666666666666,5.78125,0.0689102564102564,0.7435897435897436,0.40625,0.07692307692307689,0.6923076923076924,0.8461538461538461,1e-09,0.7291666666666666,1.0,7.770833333333333,0.6746794871794871
deficit_discharge_48h,winter,2.5,42,sampled,deficit_discharge,15,daylight_proxy,24,0.4172379751054067,0.3966427757626488,0.5735339785523355,0.75,0.9166666666666666,0.08333333333333333,0.7001720610119048,0.3333333333333333,0.4583333333333333,0.0,0.25,0.0,0.4583333333333333,0.25,0.4166666666666667,0.25,12.0,7.458333333333333,3.5416666666666665,2.7916666666666665,6.333333333333333,4.5625,0.1378205128205128,0.48717948717948717,0.31249999999999994,0.0769230769230769,0.6923076923076922,0.8461538461538461,1e-09,0.4583333333333333,1.0,3.5416666666666665,0.3493589743589743
deficit_discharge_48h,winter,2.5,42,sampled,deficit_discharge,16,all_hours,48,0.20861898755270336,0.19832138788132436,0.4055497654752563,0.8958333333333334,0.9375,0.0625,0.32372320265997023,0.20833333333333334,0.20833333333333334,0.0,0.10416666666666667,0.0,0.7291666666666666,0.625,0.6875,0.625,12.0,4.208333333333333,7.729166666666667,1.9583333333333333,9.6875,5.822916666666667,0.07371794871794872,0.7451923076923078,0.4094551282051282,0.07692307692307689,0.6923076923076924,0.8461538461538461,1e-09,0.7291666666666666,1.0,7.729166666666667,0.6714743589743589
deficit_discharge_48h,winter,2.5,42,sampled,deficit_discharge,16,daylight_proxy,24,0.4172379751054067,0.3966427757626489,0.5735339785523353,0.7916666666666666,0.875,0.125,0.6474464053199406,0.4166666666666667,0.4166666666666667,0.0,0.20833333333333334,0.0,0.4583333333333333,0.25,0.375,0.25,12.0,7.416666666666667,3.4583333333333335,2.9166666666666665,6.375,4.645833333333333,0.14743589743589744,0.4903846153846154,0.3189102564102564,0.0769230769230769,0.6923076923076922,0.8461538461538461,1e-09,0.4583333333333333,1.0,3.4583333333333335,0.342948717948718
deficit_discharge_48h,winter,2.5,42,sampled,deficit_discharge,17,all_hours,48,0.20861898755270336,0.19832138788132436,0.4055497654752563,0.8333333333333334,0.9375,0.0625,0.32805088588169645,0.125,0.20833333333333334,0.0,0.14583333333333334,0.020833333333333332,0.7291666666666666,0.625,0.7083333333333334,0.625,12.0,4.25,7.729166666666667,1.7291666666666667,9.458333333333334,5.59375,0.056089743589743585,0.7275641025641025,0.3918269230769231,0.07692307692307689,0.6923076923076924,0.8461538461538461,1e-09,0.7291666666666666,1.0,7.729166666666667,0.6714743589743589
deficit_discharge_48h,winter,2.5,42,sampled,deficit_discharge,17,daylight_proxy,24,0.4172379751054067,0.3966427757626488,0.5735339785523355,0.6666666666666666,0.875,0.125,0.6561017717633929,0.25,0.4166666666666667,0.0,0.2916666666666667,0.041666666666666664,0.4583333333333333,0.25,0.4166666666666667,0.25,12.0,7.5,3.4583333333333335,2.4583333333333335,5.916666666666667,4.1875,0.11217948717948716,0.4551282051282051,0.2836538461538461,0.0769230769230769,0.6923076923076922,0.8461538461538461,1e-09,0.4583333333333333,1.0,3.4583333333333335,0.3429487179487179
deficit_discharge_48h,winter,2.5,42,sampled,deficit_discharge,18,all_hours,48,0.20861898755270336,0.19832138788132436,0.4055497654752563,0.8333333333333334,0.9166666666666666,0.08333333333333333,0.33128138950892855,0.14583333333333334,0.1875,0.0,0.16666666666666666,0.0,0.7291666666666666,0.625,0.6875,0.625,12.0,4.291666666666667,7.75,1.7291666666666667,9.479166666666666,5.604166666666667,0.056089743589743585,0.7291666666666666,0.3926282051282051,0.07692307692307689,0.6923076923076924,0.8461538461538461,1e-09,0.7291666666666666,1.0,7.75,0.673076923076923
deficit_discharge_48h,winter,2.5,42,sampled,deficit_discharge,18,daylight_proxy,24,0.4172379751054067,0.3966427757626488,0.5735339785523355,0.6666666666666666,0.8333333333333334,0.16666666666666666,0.6625627790178571,0.2916666666666667,0.375,0.0,0.3333333333333333,0.0,0.4583333333333333,0.25,0.375,0.25,12.0,7.583333333333333,3.5,2.4583333333333335,5.958333333333333,4.208333333333333,0.11217948717948717,0.4583333333333333,0.2852564102564103,0.0769230769230769,0.6923076923076922,0.8461538461538461,1e-09,0.4583333333333333,1.0,3.5,0.3461538461538461
deficit_discharge_48h,winter,2.5,42,sampled,deficit_discharge,19,all_hours,48,0.20861898755270336,0.19832138788132436,0.4055497654752563,0.875,0.9583333333333334,0.041666666666666664,0.33659144810267855,0.1875,0.22916666666666666,0.0,0.125,0.0,0.7291666666666666,0.625,0.6875,0.625,12.0,4.208333333333333,7.770833333333333,1.75,9.520833333333334,5.635416666666667,0.05769230769230769,0.732371794871795,0.39503205128205127,0.07692307692307689,0.6923076923076924,0.8461538461538461,1e-09,0.7291666666666666,1.0,7.770833333333333,0.6746794871794871
deficit_discharge_48h,winter,2.5,42,sampled,deficit_discharge,19,daylight_proxy,24,0.4172379751054067,0.3966427757626488,0.5735339785523355,0.75,0.9166666666666666,0.08333333333333333,0.6731828962053571,0.375,0.4583333333333333,0.0,0.25,0.0,0.4583333333333333,0.25,0.375,0.25,12.0,7.416666666666667,3.5416666666666665,2.5,6.041666666666667,4.270833333333333,0.11538461538461536,0.4647435897435897,0.29006410256410253,0.0769230769230769,0.6923076923076922,0.8461538461538461,1e-09,0.4583333333333333,1.0,3.5416666666666665,0.3493589743589743
deficit_discharge_48h,winter,2.5,42,sampled,deficit_discharge,20,all_hours,48,0.20861898755270336,0.19832138788132436,0.4055497654752563,0.8541666666666666,0.8958333333333334,0.10416666666666667,0.35738845098586314,0.1875,0.1875,0.0,0.14583333333333334,0.0,0.7083333333333334,0.625,0.6666666666666666,0.625,12.0,4.229166666666667,7.708333333333333,1.7708333333333333,9.479166666666666,5.625,0.059294871794871785,0.7291666666666666,0.39423076923076916,0.07692307692307689,0.6923076923076924,0.8461538461538461,1e-09,0.7083333333333334,1.0,7.708333333333333,0.6698717948717948
deficit_discharge_48h,winter,2.5,42,sampled,deficit_discharge,20,daylight_proxy,24,0.4172379751054067,0.3966427757626488,0.5735339785523355,0.7083333333333334,0.7916666666666666,0.20833333333333334,0.7147769019717263,0.375,0.375,0.0,0.2916666666666667,0.0,0.4166666666666667,0.25,0.3333333333333333,0.25,12.0,7.458333333333333,3.4166666666666665,2.5416666666666665,5.958333333333333,4.25,0.11858974358974357,0.45833333333333326,0.2884615384615385,0.0769230769230769,0.6923076923076922,0.8461538461538461,1e-09,0.4166666666666667,1.0,3.4166666666666665,0.3397435897435897
deficit_discharge_48h,winter,2.5,42,sampled,deficit_discharge,21,all_hours,48,0.20861898755270336,0.19832138788132436,0.4055497654752563,0.875,0.9375,0.0625,0.3530956449962798,0.1875,0.22916666666666666,0.0,0.125,0.0,0.7083333333333334,0.625,0.6875,0.625,12.0,4.208333333333333,7.75,1.8958333333333333,9.645833333333334,5.770833333333333,0.0689102564102564,0.7419871794871794,0.4054487179487179,0.07692307692307689,0.6923076923076924,0.8461538461538461,1e-09,0.7083333333333334,0.9791666666666666,7.75,0.673076923076923
deficit_discharge_48h,winter,2.5,42,sampled,deficit_discharge,21,daylight_proxy,24,0.4172379751054067,0.3966427757626488,0.5735339785523355,0.75,0.875,0.125,0.7061912899925594,0.375,0.4583333333333333,0.0,0.25,0.0,0.4166666666666667,0.25,0.375,0.25,12.0,7.416666666666667,3.5,2.7916666666666665,6.291666666666667,4.541666666666667,0.1378205128205128,0.48397435897435886,0.31089743589743585,0.0769230769230769,0.6923076923076922,0.8461538461538461,1e-09,0.4166666666666667,0.9583333333333334,3.5,0.3461538461538461
deficit_discharge_48h,winter,2.5,42,sampled,deficit_discharge,22,all_hours,48,0.20861898755270336,0.19832138788132436,0.4055497654752563,0.875,0.9166666666666666,0.08333333333333333,0.3311651320684524,0.16666666666666666,0.20833333333333334,0.0,0.125,0.0,0.7083333333333334,0.625,0.7083333333333334,0.625,12.0,4.25,7.75,1.8958333333333333,9.645833333333334,5.770833333333333,0.0689102564102564,0.7419871794871794,0.4054487179487179,0.07692307692307689,0.6923076923076924,0.8461538461538461,1e-09,0.7083333333333334,0.9791666666666666,7.75,0.673076923076923
deficit_discharge_48h,winter,2.5,42,sampled,deficit_discharge,22,daylight_proxy,24,0.4172379751054067,0.3966427757626488,0.5735339785523355,0.75,0.8333333333333334,0.16666666666666666,0.6623302641369048,0.3333333333333333,0.4166666666666667,0.0,0.25,0.0,0.4166666666666667,0.25,0.4166666666666667,0.25,12.0,7.5,3.5,2.7916666666666665,6.291666666666667,4.541666666666667,0.1378205128205128,0.48397435897435886,0.31089743589743585,0.0769230769230769,0.6923076923076922,0.8461538461538461,1e-09,0.4166666666666667,0.9583333333333334,3.5,0.3461538461538461
deficit_discharge_48h,winter,2.5,42,sampled,deficit_discharge,23,all_hours,48,0.21545104980468746,0.20613776312934026,0.4179721419076953,0.8333333333333334,0.9375,0.0625,0.29483710394965273,0.14583333333333334,0.20833333333333334,0.0,0.14583333333333334,0.020833333333333332,0.7291666666666666,0.625,0.6875,0.625,12.0,4.125,7.75,1.8958333333333333,9.645833333333334,5.770833333333333,0.0689102564102564,0.7419871794871794,0.405448717948718,0.07692307692307689,0.6923076923076924,0.8461538461538461,1e-09,0.7291666666666666,0.9791666666666666,7.75,0.673076923076923
deficit_discharge_48h,winter,2.5,42,sampled,deficit_discharge,23,daylight_proxy,24,0.4309020996093749,0.4122755262586805,0.5911018717799946,0.6666666666666666,0.875,0.125,0.5896742078993055,0.2916666666666667,0.4166666666666667,0.0,0.2916666666666667,0.041666666666666664,0.4583333333333333,0.25,0.375,0.25,12.0,7.25,3.5,2.7916666666666665,6.291666666666667,4.541666666666667,0.1378205128205128,0.483974358974359,0.3108974358974359,0.0769230769230769,0.6923076923076922,0.8461538461538461,1e-09,0.4583333333333333,0.9583333333333334,3.5,0.3461538461538461
deficit_discharge_48h,summer,2.5,42,sampled,deficit_discharge,0,all_hours,48,0.3711566743396577,0.20709383525545635,0.7055291973014841,0.7083333333333334,0.75,0.14583333333333334,0.7787228538876488,0.3333333333333333,0.375,0.10416666666666667,0.1875,0.10416666666666667,0.375,0.2916666666666667,0.375,0.3125,12.0,6.708333333333333,4.333333333333333,4.020833333333333,8.354166666666666,6.1875,0.2323717948717949,0.6426282051282052,0.4375,0.07692307692307689,0.6923076923076924,0.8461538461538461,1e-09,0.375,0.9583333333333334,4.333333333333333,0.4102564102564103
deficit_discharge_48h,summer,2.5,42,sampled,deficit_discharge,0,daylight_proxy,30,0.5938506789434523,0.3313501364087302,0.8924316876892049,0.5333333333333333,0.6,0.23333333333333334,1.2455403645833334,0.5333333333333333,0.6,0.16666666666666666,0.3,0.16666666666666666,0.0,0.0,0.0,0.0,12.0,9.933333333333334,0.0,5.833333333333333,5.833333333333333,5.833333333333333,0.37179487179487186,0.4487179487179487,0.4102564102564103,0.07692307692307691,0.6923076923076924,0.8461538461538463,9.999999999999999e-10,0.0,0.9333333333333333,0.0,0.07692307692307691
deficit_discharge_48h,summer,2.5,42,sampled,deficit_discharge,1,all_hours,48,0.37115667433965777,0.20709383525545635,0.7055291973014841,0.7291666666666666,0.7916666666666666,0.125,0.7892005557105654,0.3541666666666667,0.4166666666666667,0.08333333333333333,0.1875,0.08333333333333333,0.375,0.2916666666666667,0.375,0.3125,12.0,6.770833333333333,4.333333333333333,3.7708333333333335,8.104166666666666,5.9375,0.21314102564102563,0.6233974358974359,0.4182692307692308,0.07692307692307689,0.6923076923076924,0.8461538461538461,1e-09,0.375,0.9583333333333334,4.333333333333333,0.4102564102564103
deficit_discharge_48h,summer,2.5,42,sampled,deficit_discharge,1,daylight_proxy,30,0.5938506789434523,0.3313501364087302,0.8924316876892049,0.5666666666666667,0.6666666666666666,0.2,1.2622326078869046,0.5666666666666667,0.6666666666666666,0.13333333333333333,0.3,0.13333333333333333,0.0,0.0,0.0,0.0,12.0,10.066666666666666,0.0,5.433333333333334,5.433333333333334,5.433333333333334,0.341025641025641,0.41794871794871785,0.3794871794871794,0.07692307692307691,0.6923076923076924,0.8461538461538463,9.999999999999999e-10,0.0,0.9333333333333333,0.0,0.07692307692307691
deficit_discharge_48h,summer,2.5,42,sampled,deficit_discharge,2,all_hours,48,0.37115667433965777,0.20709383525545635,0.7055291973014841,0.7708333333333334,0.8541666666666666,0.08333333333333333,0.8424915132068452,0.3958333333333333,0.4791666666666667,0.0625,0.14583333333333334,0.08333333333333333,0.375,0.2916666666666667,0.375,0.3333333333333333,12.0,6.770833333333333,4.333333333333333,3.7916666666666665,8.125,5.958333333333333,0.21474358974358973,0.6249999999999999,0.4198717948717949,0.07692307692307689,0.6923076923076924,0.8461538461538461,1e-09,0.375,0.9583333333333334,4.333333333333333,0.4102564102564103
deficit_discharge_48h,summer,2.5,42,sampled,deficit_discharge,2,daylight_proxy,30,0.5938506789434523,0.3313501364087302,0.8924316876892049,0.6333333333333333,0.7666666666666667,0.13333333333333333,1.347732979910714,0.6333333333333333,0.7666666666666667,0.1,0.23333333333333334,0.13333333333333333,0.0,0.0,0.0,0.0,12.0,10.033333333333333,0.0,5.466666666666667,5.466666666666667,5.466666666666667,0.3435897435897435,0.42051282051282046,0.3820512820512821,0.07692307692307691,0.6923076923076924,0.8461538461538463,9.999999999999999e-10,0.0,0.9333333333333333,0.0,0.07692307692307693
deficit_discharge_48h,summer,2.5,42,sampled,deficit_discharge,3,all_hours,48,0.37115667433965777,0.2070938352554564,0.7055291973014841,0.6875,0.9375,0.020833333333333332,0.7956092471168154,0.3125,0.5625,0.041666666666666664,0.20833333333333334,0.10416666666666667,0.375,0.2916666666666667,0.375,0.3125,12.0,6.791666666666667,4.291666666666667,3.9791666666666665,8.270833333333334,6.125,0.22916666666666666,0.6362179487179487,0.43269230769230765,0.07692307692307689,0.6923076923076924,0.8461538461538461,1e-09,0.375,0.9583333333333334,4.291666666666667,0.4070512820512821
deficit_discharge_48h,summer,2.5,42,sampled,deficit_discharge,3,daylight_proxy,30,0.5938506789434523,0.3313501364087302,0.8924316876892049,0.5,0.9,0.03333333333333333,1.2725585937500001,0.5,0.9,0.06666666666666667,0.3333333333333333,0.16666666666666666,0.0,0.0,0.0,0.0,12.0,10.033333333333333,0.0,5.766666666666667,5.766666666666667,5.766666666666667,0.36666666666666653,0.44358974358974357,0.40512820512820513,0.07692307692307691,0.6923076923076924,0.8461538461538463,9.999999999999999e-10,0.0,0.9333333333333333,0.0,0.07692307692307696
deficit_discharge_48h,summer,2.5,42,sampled,deficit_discharge,4,all_hours,48,0.3711566743396577,0.20709383525545635,0.7055291973014841,0.7083333333333334,0.875,0.08333333333333333,0.7910069056919644,0.3333333333333333,0.5,0.041666666666666664,0.20833333333333334,0.08333333333333333,0.375,0.3333333333333333,0.375,0.375,12.0,6.583333333333333,4.458333333333333,3.8125,8.270833333333334,6.041666666666667,0.21634615384615383,0.6362179487179488,0.42628205128205127,0.07692307692307689,0.6923076923076924,0.8461538461538461,1e-09,0.375,0.9791666666666666,4.458333333333333,0.4198717948717949
deficit_discharge_48h,summer,2.5,42,sampled,deficit_discharge,4,daylight_proxy,30,0.5938506789434523,0.3313501364087302,0.8924316876892049,0.5333333333333333,0.8,0.13333333333333333,1.2656110491071428,0.5333333333333333,0.8,0.06666666666666667,0.3333333333333333,0.13333333333333333,0.0,0.0,0.0,0.0,12.0,9.866666666666667,0.0,5.5,5.5,5.5,0.3461538461538461,0.423076923076923,0.38461538461538447,0.07692307692307691,0.6923076923076924,0.8461538461538463,9.999999999999999e-10,0.0,0.9666666666666667,0.0,0.07692307692307693
deficit_discharge_48h,summer,2.5,42,sampled,deficit_discharge,5,all_hours,48,0.3704068138485863,0.2078436957465278,0.7054596677997435,0.7708333333333334,0.9583333333333334,0.0,0.8077566964285715,0.3958333333333333,0.5833333333333334,0.041666666666666664,0.16666666666666666,0.0625,0.375,0.3125,0.375,0.3333333333333333,12.0,6.6875,4.395833333333333,4.083333333333333,8.479166666666666,6.28125,0.23717948717948714,0.6522435897435898,0.4447115384615385,0.07692307692307689,0.6923076923076924,0.8461538461538461,1e-09,0.375,0.9791666666666666,4.395833333333333,0.4150641025641026
deficit_discharge_48h,summer,2.5,42,sampled,deficit_discharge,5,daylight_proxy,30,0.5926509021577381,0.3325499131944445,0.8923437390531741,0.6333333333333333,0.9333333333333333,0.0,1.2914248511904762,0.6333333333333333,0.9333333333333333,0.06666666666666667,0.26666666666666666,0.1,0.0,0.0,0.0,0.0,12.0,10.0,0.0,5.933333333333334,5.933333333333334,5.933333333333334,0.3794871794871794,0.45641025641025634,0.41794871794871796,0.07692307692307691,0.6923076923076924,0.8461538461538463,9.999999999999999e-10,0.0,0.9666666666666667,0.0,0.07692307692307691
deficit_discharge_48h,summer,2.5,42,sampled,deficit_discharge,6,all_hours,48,0.36917593819754463,0.20907457139756946,0.7052597770191957,0.7291666666666666,0.9375,0.041666666666666664,0.8237450009300594,0.3541666666666667,0.5625,0.020833333333333332,0.20833333333333334,0.0625,0.375,0.3333333333333333,0.375,0.3541666666666667,12.0,6.729166666666667,4.4375,3.875,8.3125,6.09375,0.22115384615384612,0.6394230769230769,0.4302884615384615,0.07692307692307689,0.6923076923076924,0.8461538461538461,1e-09,0.375,0.9583333333333334,4.4375,0.4182692307692308
deficit_discharge_48h,summer,2.5,42,sampled,deficit_discharge,6,daylight_proxy,30,0.5906815011160713,0.33451931423611114,0.8920908949932542,0.5666666666666667,0.9,0.06666666666666667,1.317840866815476,0.5666666666666667,0.9,0.03333333333333333,0.3333333333333333,0.1,0.0,0.0,0.0,0.0,12.0,10.1,0.0,5.6,5.6,5.6,0.3538461538461538,0.4307692307692307,0.3923076923076922,0.07692307692307691,0.6923076923076924,0.8461538461538463,9.999999999999999e-10,0.0,0.9333333333333333,0.0,0.07692307692307693
deficit_discharge_48h,summer,2.5,42,sampled,deficit_discharge,7,all_hours,48,0.36938665480840777,0.2088638547867064,0.7052960542747617,0.75,0.8958333333333334,0.08333333333333333,0.8211815243675596,0.375,0.5208333333333334,0.020833333333333332,0.1875,0.0625,0.375,0.3125,0.375,0.3541666666666667,12.0,6.854166666666667,4.354166666666667,3.7708333333333335,8.125,5.947916666666667,0.21314102564102563,0.625,0.4190705128205128,0.07692307692307689,0.6923076923076924,0.8461538461538461,1e-09,0.375,0.9583333333333334,4.354166666666667,0.4118589743589744
deficit_discharge_48h,summer,2.5,42,sampled,deficit_discharge,7,daylight_proxy,30,0.5910186476934524,0.33418216765873027,0.8921367824951936,0.6,0.8333333333333334,0.13333333333333333,1.3130557105654763,0.6,0.8333333333333334,0.03333333333333333,0.3,0.1,0.0,0.0,0.0,0.0,12.0,10.2,0.0,5.433333333333334,5.433333333333334,5.433333333333334,0.341025641025641,0.4179487179487179,0.37948717948717936,0.07692307692307691,0.6923076923076924,0.8461538461538463,9.999999999999999e-10,0.0,0.9333333333333333,0.0,0.07692307692307694
deficit_discharge_48h,summer,2.5,42,sampled,deficit_discharge,8,all_hours,48,0.364313470749628,0.21393703884548612,0.7035859900394905,0.8541666666666666,0.9375,0.0625,0.8335396902901787,0.4791666666666667,0.5625,0.0,0.125,0.020833333333333332,0.375,0.3333333333333333,0.375,0.3541666666666667,12.0,6.833333333333333,4.4375,3.6666666666666665,8.104166666666666,5.885416666666667,0.2051282051282051,0.6233974358974358,0.41426282051282054,0.07692307692307689,0.6923076923076924,0.8461538461538461,1e-09,0.375,0.9375,4.4375,0.4182692307692308
deficit_discharge_48h,summer,2.5,42,sampled,deficit_discharge,8,daylight_proxy,30,0.5829015531994046,0.3422992621527779,0.8899737033237333,0.7666666666666667,0.9,0.1,1.3335123697916662,0.7666666666666667,0.9,0.0,0.2,0.03333333333333333,0.0,0.0,0.0,0.0,12.0,10.266666666666667,0.0,5.266666666666667,5.266666666666667,5.266666666666667,0.3282051282051281,0.4051282051282051,0.36666666666666653,0.07692307692307691,0.6923076923076924,0.8461538461538463,9.999999999999999e-10,0.0,0.9,0.0,0.07692307692307691
deficit_discharge_48h,summer,2.5,42,sampled,deficit_discharge,9,all_hours,48,0.37094305129278277,0.2073074583023314,0.7056859307898382,0.75,0.9166666666666666,0.08333333333333333,0.7758716401599702,0.375,0.5416666666666666,0.0,0.1875,0.0625,0.375,0.3125,0.375,0.3333333333333333,12.0,6.791666666666667,4.395833333333333,3.75,8.145833333333334,5.947916666666667,0.21153846153846154,0.6266025641025641,0.4190705128205128,0.07692307692307689,0.6923076923076924,0.8461538461538461,1e-09,0.375,0.9375,4.395833333333333,0.4150641025641025
deficit_discharge_48h,summer,2.5,42,sampled,deficit_discharge,9,daylight_proxy,30,0.5935088820684523,0.33169193328373026,0.8926299416127339,0.6,0.8666666666666667,0.13333333333333333,1.241069103422619,0.6,0.8666666666666667,0.0,0.3,0.1,0.0,0.0,0.0,0.0,12.0,10.1,0.0,5.4,5.4,5.4,0.3384615384615385,0.4153846153846154,0.37692307692307697,0.07692307692307691,0.6923076923076924,0.8461538461538463,9.999999999999999e-10,0.0,0.9,0.0,0.07692307692307694
deficit_discharge_48h,summer,2.5,42,sampled,deficit_discharge,10,all_hours,48,0.3568914504278274,0.2220169309585814,0.6986210949127857,0.8333333333333334,0.8958333333333334,0.08333333333333333,0.7783871605282738,0.4583333333333333,0.5208333333333334,0.020833333333333332,0.14583333333333334,0.020833333333333332,0.375,0.3333333333333333,0.375,0.3541666666666667,12.0,6.75,4.395833333333333,3.8333333333333335,8.229166666666666,6.03125,0.21794871794871792,0.6330128205128205,0.42548076923076916,0.07692307692307689,0.6923076923076924,0.8461538461538461,1e-09,0.375,0.9375,4.395833333333333,0.4150641025641025
deficit_discharge_48h,summer,2.5,42,sampled,deficit_discharge,10,daylight_proxy,30,0.5710263206845237,0.35522708953373017,0.8836935525460302,0.7333333333333333,0.8333333333333334,0.13333333333333333,1.244584728422619,0.7333333333333333,0.8333333333333334,0.03333333333333333,0.23333333333333334,0.03333333333333333,0.0,0.0,0.0,0.0,12.0,10.1,0.0,5.533333333333333,5.533333333333333,5.533333333333333,0.34871794871794864,0.4256410256410256,0.3871794871794871,0.07692307692307691,0.6923076923076924,0.8461538461538463,9.999999999999999e-10,0.0,0.9,0.0,0.07692307692307691
deficit_discharge_48h,summer,2.5,42,sampled,deficit_discharge,11,all_hours,48,0.35556664845300096,0.22426069955977188,0.6985189703233491,0.75,0.8541666666666666,0.125,0.7998642694382441,0.375,0.4791666666666667,0.020833333333333332,0.1875,0.0625,0.375,0.3125,0.375,0.375,12.0,6.666666666666667,4.4375,3.875,8.3125,6.09375,0.22115384615384615,0.639423076923077,0.4302884615384615,0.07692307692307689,0.6923076923076924,0.8461538461538461,1e-09,0.375,0.9583333333333334,4.4375,0.4182692307692308
deficit_discharge_48h,summer,2.5,42,sampled,deficit_discharge,11,daylight_proxy,30,0.5689066375248015,0.35881711929563487,0.8835643740229384,0.6,0.7666666666666667,0.2,1.2797828311011907,0.6,0.7666666666666667,0.03333333333333333,0.3,0.1,0.0,0.0,0.0,0.0,12.0,9.966666666666667,0.0,5.6,5.6,5.6,0.3538461538461538,0.4307692307692308,0.39230769230769236,0.07692307692307691,0.6923076923076924,0.8461538461538463,9.999999999999999e-10,0.0,0.9333333333333333,0.0,0.07692307692307694
deficit_discharge_48h,summer,2.5,42,sampled,deficit_discharge,12,all_hours,48,0.3768039763919891,0.20302337162078377,0.7177727646695553,0.7916666666666666,0.8541666666666666,0.125,0.835601806640625,0.4166666666666667,0.4791666666666667,0.020833333333333332,0.16666666666666666,0.041666666666666664,0.375,0.3125,0.375,0.3541666666666667,12.0,6.729166666666667,4.416666666666667,3.9166666666666665,8.333333333333334,6.125,0.22435897435897437,0.6410256410256411,0.43269230769230765,0.07692307692307689,0.6923076923076924,0.8461538461538461,1e-09,0.375,0.9583333333333334,4.416666666666667,0.4166666666666667
deficit_discharge_48h,summer,2.5,42,sampled,deficit_discharge,12,daylight_proxy,30,0.6028863622271825,0.3248373945932539,0.907918711516732,0.6666666666666666,0.7666666666666667,0.2,1.3368117559523809,0.6666666666666666,0.7666666666666667,0.03333333333333333,0.26666666666666666,0.06666666666666667,0.0,0.0,0.0,0.0,12.0,10.033333333333333,0.0,5.666666666666667,5.666666666666667,5.666666666666667,0.358974358974359,0.43589743589743596,0.3974358974358975,0.07692307692307691,0.6923076923076924,0.8461538461538463,9.999999999999999e-10,0.0,0.9333333333333333,0.0,0.07692307692307693
deficit_discharge_48h,summer,2.5,42,sampled,deficit_discharge,13,all_hours,48,0.3727073548332093,0.20711999317956353,0.7115962085991101,0.8333333333333334,0.8958333333333334,0.0625,0.8948931012834822,0.4583333333333333,0.5208333333333334,0.041666666666666664,0.10416666666666667,0.0625,0.375,0.3125,0.375,0.3541666666666667,12.0,6.6875,4.416666666666667,4.145833333333333,8.5625,6.354166666666667,0.2419871794871795,0.6586538461538461,0.4503205128205128,0.07692307692307689,0.6923076923076924,0.8461538461538461,1e-09,0.375,0.9375,4.416666666666667,0.4166666666666667
deficit_discharge_48h,summer,2.5,42,sampled,deficit_discharge,13,daylight_proxy,30,0.5963317677331349,0.33139198908730155,0.9001059174053936,0.7333333333333333,0.8333333333333334,0.1,1.430994233630952,0.7333333333333333,0.8333333333333334,0.06666666666666667,0.16666666666666666,0.1,0.0,0.0,0.0,0.0,12.0,10.0,0.0,6.033333333333333,6.033333333333333,6.033333333333333,0.3871794871794871,0.4641025641025641,0.42564102564102557,0.07692307692307691,0.6923076923076924,0.8461538461538463,9.999999999999999e-10,0.0,0.9,0.0,0.07692307692307693
deficit_discharge_48h,summer,2.5,42,sampled,deficit_discharge,14,all_hours,48,0.37831386990017357,0.20151347811259923,0.718767157409657,0.75,0.8958333333333334,0.0625,0.8522382463727679,0.375,0.5208333333333334,0.041666666666666664,0.1875,0.0625,0.375,0.3125,0.375,0.3541666666666667,12.0,6.666666666666667,4.395833333333333,3.9166666666666665,8.3125,6.114583333333333,0.22435897435897437,0.6394230769230769,0.43189102564102555,0.07692307692307689,0.6923076923076924,0.8461538461538461,1e-09,0.375,0.9375,4.395833333333333,0.4150641025641026
deficit_discharge_48h,summer,2.5,42,sampled,deficit_discharge,14,daylight_proxy,30,0.6053021918402777,0.32242156498015867,0.9091765298957148,0.6,0.8333333333333334,0.1,1.3634184337797621,0.6,0.8333333333333334,0.06666666666666667,0.3,0.1,0.0,0.0,0.0,0.0,12.0,9.933333333333334,0.0,5.666666666666667,5.666666666666667,5.666666666666667,0.358974358974359,0.43589743589743596,0.3974358974358975,0.07692307692307691,0.6923076923076924,0.8461538461538463,9.999999999999999e-10,0.0,0.9,0.0,0.07692307692307689
deficit_discharge_48h,summer,2.5,42,sampled,deficit_discharge,15,all_hours,48,0.39313369024367556,0.18568938724578374,0.726555376685453,0.6875,0.875,0.0625,0.7780238560267857,0.3125,0.5,0.0625,0.20833333333333334,0.10416666666666667,0.375,0.3333333333333333,0.375,0.375,12.0,6.583333333333333,4.458333333333333,4.0625,8.520833333333334,6.291666666666667,0.2355769230769231,0.655448717948718,0.4455128205128205,0.07692307692307689,0.6923076923076924,0.8461538461538461,1e-09,0.375,0.9375,4.458333333333333,0.4198717948717949
deficit_discharge_48h,summer,2.5,42,sampled,deficit_discharge,15,daylight_proxy,30,0.6290139043898809,0.2971030195932539,0.9190279346270519,0.5,0.8,0.1,1.2448381696428574,0.5,0.8,0.1,0.3333333333333333,0.16666666666666666,0.0,0.0,0.0,0.0,12.0,9.866666666666667,0.0,5.9,5.9,5.9,0.37692307692307697,0.4538461538461539,0.41538461538461546,0.07692307692307691,0.6923076923076924,0.8461538461538463,9.999999999999999e-10,0.0,0.9,0.0,0.07692307692307693
deficit_discharge_48h,summer,2.5,42,sampled,deficit_discharge,16,all_hours,48,0.39470573304191464,0.1769104972718254,0.7270111095072929,0.7708333333333334,0.8541666666666666,0.125,0.759033203125,0.3958333333333333,0.4791666666666667,0.020833333333333332,0.20833333333333334,0.020833333333333332,0.375,0.2916666666666667,0.375,0.375,12.0,6.5625,4.416666666666667,3.9375,8.354166666666666,6.145833333333333,0.22596153846153846,0.6426282051282052,0.4342948717948718,0.07692307692307689,0.6923076923076924,0.8461538461538461,1e-09,0.375,0.9375,4.416666666666667,0.41666666666666674
deficit_discharge_48h,summer,2.5,42,sampled,deficit_discharge,16,daylight_proxy,30,0.6315291728670634,0.2830567956349206,0.9196043961156558,0.6333333333333333,0.7666666666666667,0.2,1.214453125,0.6333333333333333,0.7666666666666667,0.03333333333333333,0.3333333333333333,0.03333333333333333,0.0,0.0,0.0,0.0,12.0,9.766666666666667,0.0,5.7,5.7,5.7,0.3615384615384615,0.43846153846153857,0.39999999999999997,0.07692307692307691,0.6923076923076924,0.8461538461538463,9.999999999999999e-10,0.0,0.9,0.0,0.07692307692307694
deficit_discharge_48h,summer,2.5,42,sampled,deficit_discharge,17,all_hours,48,0.41229548378596226,0.1593207465277778,0.7373978689276477,0.7083333333333334,0.9166666666666666,0.0625,0.7899431501116071,0.3333333333333333,0.5416666666666666,0.020833333333333332,0.20833333333333334,0.08333333333333333,0.375,0.3125,0.375,0.3333333333333333,12.0,6.666666666666667,4.375,4.208333333333333,8.583333333333334,6.395833333333333,0.2467948717948718,0.6602564102564102,0.45352564102564097,0.07692307692307689,0.6923076923076924,0.8461538461538461,1e-09,0.375,0.9375,4.375,0.4134615384615385
deficit_discharge_48h,summer,2.5,42,sampled,deficit_discharge,17,daylight_proxy,30,0.6596727740575397,0.2549131944444445,0.9327427230262685,0.5333333333333333,0.8666666666666667,0.1,1.263595145089286,0.5333333333333333,0.8666666666666667,0.03333333333333333,0.3333333333333333,0.13333333333333333,0.0,0.0,0.0,0.0,12.0,9.9,0.0,6.133333333333334,6.133333333333334,6.133333333333334,0.3948717948717949,0.47179487179487184,0.43333333333333335,0.07692307692307691,0.6923076923076924,0.8461538461538463,9.999999999999999e-10,0.0,0.9,0.0,0.07692307692307694
deficit_discharge_48h,summer,2.5,42,sampled,deficit_discharge,18,all_hours,48,0.4199423169332837,0.15167391338045635,0.7419964160159226,0.75,0.875,0.0625,0.8033345540364584,0.375,0.5,0.0625,0.1875,0.0625,0.375,0.3125,0.375,0.3125,12.0,6.75,4.3125,4.354166666666667,8.666666666666666,6.510416666666667,0.2580128205128205,0.6666666666666666,0.46233974358974356,0.07692307692307689,0.6923076923076924,0.8461538461538461,1e-09,0.375,0.9375,4.3125,0.4086538461538462
deficit_discharge_48h,summer,2.5,42,sampled,deficit_discharge,18,daylight_proxy,30,0.671907707093254,0.24267826140873014,0.9385594761168621,0.6,0.8,0.1,1.2841866629464287,0.6,0.8,0.1,0.3,0.1,0.0,0.0,0.0,0.0,12.0,9.966666666666667,0.0,6.366666666666666,6.366666666666666,6.366666666666666,0.41282051282051285,0.4897435897435898,0.45128205128205123,0.07692307692307691,0.6923076923076924,0.8461538461538463,9.999999999999999e-10,0.0,0.9,0.0,0.0769230769230769
deficit_discharge_48h,summer,2.5,42,sampled,deficit_discharge,19,all_hours,48,0.4213504851810516,0.1502657451326885,0.7421261245488493,0.6875,0.8958333333333334,0.0625,0.8257213774181548,0.3125,0.5208333333333334,0.041666666666666664,0.1875,0.125,0.375,0.3125,0.375,0.3333333333333333,12.0,6.770833333333333,4.395833333333333,4.354166666666667,8.75,6.552083333333333,0.25801282051282054,0.673076923076923,0.4655448717948718,0.07692307692307689,0.6923076923076924,0.8461538461538461,1e-09,0.375,0.9375,4.395833333333333,0.4150641025641026
deficit_discharge_48h,summer,2.5,42,sampled,deficit_discharge,19,daylight_proxy,30,0.6741607762896824,0.24042519221230158,0.938723545875265,0.5,0.8333333333333334,0.1,1.3208403087797618,0.5,0.8333333333333334,0.06666666666666667,0.3,0.2,0.0,0.0,0.0,0.0,12.0,10.1,0.0,6.366666666666666,6.366666666666666,6.366666666666666,0.4128205128205129,0.4897435897435898,0.45128205128205134,0.07692307692307691,0.6923076923076924,0.8461538461538463,9.999999999999999e-10,0.0,0.9,0.0,0.07692307692307693
deficit_discharge_48h,summer,2.5,42,sampled,deficit_discharge,20,all_hours,48,0.4213504851810516,0.1502657451326885,0.7421261245488493,0.6458333333333334,0.8541666666666666,0.08333333333333333,0.7670724051339285,0.2708333333333333,0.4791666666666667,0.0625,0.20833333333333334,0.14583333333333334,0.375,0.3333333333333333,0.375,0.375,12.0,6.75,4.458333333333333,4.333333333333333,8.791666666666666,6.5625,0.25641025641025644,0.6762820512820512,0.4663461538461538,0.07692307692307689,0.6923076923076924,0.8461538461538461,1e-09,0.375,0.9166666666666666,4.458333333333333,0.4198717948717949
deficit_discharge_48h,summer,2.5,42,sampled,deficit_discharge,20,daylight_proxy,30,0.6741607762896824,0.24042519221230158,0.938723545875265,0.43333333333333335,0.7666666666666667,0.13333333333333333,1.2273158482142856,0.43333333333333335,0.7666666666666667,0.1,0.3333333333333333,0.23333333333333334,0.0,0.0,0.0,0.0,12.0,10.133333333333333,0.0,6.333333333333333,6.333333333333333,6.333333333333333,0.4102564102564103,0.4871794871794872,0.44871794871794873,0.07692307692307691,0.6923076923076924,0.8461538461538463,9.999999999999999e-10,0.0,0.8666666666666667,0.0,0.07692307692307691
deficit_discharge_48h,summer,2.5,42,sampled,deficit_discharge,21,all_hours,48,0.4213504851810516,0.1502657451326885,0.7421261245488493,0.625,0.8541666666666666,0.08333333333333333,0.7397112165178571,0.25,0.4791666666666667,0.0625,0.20833333333333334,0.16666666666666666,0.375,0.3125,0.375,0.375,12.0,6.6875,4.4375,4.354166666666667,8.791666666666666,6.572916666666667,0.25801282051282054,0.6762820512820512,0.46714743589743585,0.07692307692307689,0.6923076923076924,0.8461538461538461,1e-09,0.375,0.9375,4.4375,0.41826923076923084
deficit_discharge_48h,summer,2.5,42,sampled,deficit_discharge,21,daylight_proxy,30,0.6741607762896824,0.24042519221230158,0.938723545875265,0.4,0.7666666666666667,0.13333333333333333,1.1835379464285714,0.4,0.7666666666666667,0.1,0.3333333333333333,0.26666666666666666,0.0,0.0,0.0,0.0,12.0,10.0,0.0,6.366666666666666,6.366666666666666,6.366666666666666,0.4128205128205129,0.4897435897435897,0.4512820512820513,0.07692307692307691,0.6923076923076924,0.8461538461538463,9.999999999999999e-10,0.0,0.9,0.0,0.07692307692307693
deficit_discharge_48h,summer,2.5,42,sampled,deficit_discharge,22,all_hours,48,0.4213504851810516,0.1502657451326885,0.7421261245488493,0.625,0.875,0.08333333333333333,0.7337878999255953,0.25,0.5,0.041666666666666664,0.25,0.125,0.375,0.3125,0.375,0.3333333333333333,12.0,6.729166666666667,4.375,4.3125,8.6875,6.5,0.2548076923076923,0.6682692307692307,0.4615384615384615,0.07692307692307689,0.6923076923076924,0.8461538461538461,1e-09,0.375,0.9375,4.375,0.4134615384615385
deficit_discharge_48h,summer,2.5,42,sampled,deficit_discharge,22,daylight_proxy,30,0.6741607762896824,0.24042519221230158,0.938723545875265,0.4,0.8,0.13333333333333333,1.173746744791667,0.4,0.8,0.06666666666666667,0.4,0.2,0.0,0.0,0.0,0.0,12.0,10.0,0.0,6.3,6.3,6.3,0.40769230769230774,0.48461538461538467,0.4461538461538461,0.07692307692307691,0.6923076923076924,0.8461538461538463,9.999999999999999e-10,0.0,0.9,0.0,0.07692307692307693
deficit_discharge_48h,summer,2.5,42,sampled,deficit_discharge,23,all_hours,48,0.40581800672743046,0.16649915907118057,0.7160585337362626,0.6458333333333334,0.8958333333333334,0.0625,0.7757093641493057,0.2708333333333333,0.5208333333333334,0.041666666666666664,0.25,0.10416666666666667,0.375,0.3125,0.375,0.3333333333333333,12.0,6.666666666666667,4.375,4.041666666666667,8.416666666666666,6.229166666666667,0.23397435897435895,0.6474358974358975,0.4407051282051282,0.07692307692307689,0.6923076923076924,0.8461538461538461,1e-09,0.375,0.9583333333333334,4.375,0.4134615384615385
deficit_discharge_48h,summer,2.5,42,sampled,deficit_discharge,23,daylight_proxy,30,0.6493088107638889,0.26639865451388883,0.9057503618428436,0.43333333333333335,0.8333333333333334,0.1,1.2408799913194446,0.43333333333333335,0.8333333333333334,0.06666666666666667,0.4,0.16666666666666666,0.0,0.0,0.0,0.0,12.0,9.9,0.0,5.866666666666666,5.866666666666666,5.866666666666666,0.3743589743589744,0.45128205128205123,0.4128205128205128,0.07692307692307691,0.6923076923076924,0.8461538461538463,9.999999999999999e-10,0.0,0.9333333333333333,0.0,0.07692307692307689
