time,load_kw,pv_kw,price_eur_per_kwh,requested_charge_kw,requested_discharge_kw,charge_kw,discharge_kw,soc_before_kwh,soc_kwh,pv_used_kw,curtailment_kwh,grid_kw,ens_kwh,throughput_kwh,grid_cost_eur,battery_cost_eur,shortage_cost_eur,inventory_adjustment_eur,operating_cost_eur,loss_eur,charge_override_kw,discharge_override_kw,balance_residual_kw,actual_expense_eur,policy,stress,plan_expected_loss_eur,plan_var_eur,plan_cvar_eur,plan_objective_eur,solve_seconds,max_residual,original_solve_seconds,emergency_discharge_kw,reused_original,execution_rule,scenario_mode,grid_limit_kw,seed,experiment,window,risk_weight,tail_tiebreak,forecast_issue_time,forecast_valid_time,forecast_lead_hours,point_forecast_pv_kw,scenario_mean_pv_kw,scenario_min_pv_kw,scenario_max_pv_kw,scenario_p10_pv_kw,scenario_p90_pv_kw,scenario_std_pv_kw,forecast_error_pv_kw,forecast_daylight_proxy,scenario_count,plan_primary_expected_loss_eur,plan_primary_cvar_eur,plan_tail_tiebreak_tolerance_eur,plan_tail_tiebreak_used,scenario_candidate_count,scenario_tail_equivalent_count,scenario_unique_path_count,scenario_sha256,scenario_member_count,scenario_unique_member_count,observation_tied_member_count,tie_tolerance_kw,inside_min_max,inside_p10_p90,inside_min_max_strict,inside_p10_p90_strict,below_ensemble_min,above_ensemble_max,below_p10,above_p90,equal_ensemble_min,equal_ensemble_max,equal_p10,equal_p90,observation_rank_lower,observation_rank_upper,observation_rank_midpoint,observation_pit_lower,observation_pit_upper,observation_pit_midpoint,ideal_below_ensemble_min_fraction,ideal_p10_p90_coverage,ideal_ensemble_range_coverage
2017-01-01 00:00:00+00:00,2.35,0.0,0.16,0.1499999999999999,0.0,0.1499999999999999,0.0,4.0,4.1425,0.0,0.0,2.5,0.0,0.1499999999999999,0.4,0.0014999999999999,0.0,-0.02565,0.4015,0.37585,0.0,0.0,0.0,0.4015,perfect_foresight,False,19.8495734136946,19.8495734136946,19.8495734136946,19.8495734136946,0.042780099902302,6.217248937900877e-15,,0.0,False,planned,sampled,2.5,42,planned_48h,winter,0.0,True,,,,,,,,,,,,,,,,,,,,,,,,,,,,,,,,,,,,,,,,,,,,,,
2017-01-01 01:00:00+00:00,2.35,0.0,0.16,0.1499999999999999,0.0,0.1499999999999999,0.0,4.1425,4.285,0.0,0.0,2.5,0.0,0.1499999999999999,0.4,0.0014999999999999,0.0,-0.02565,0.4015,0.37585,0.0,0.0,0.0,0.4015,perfect_foresight,False,19.8495734136946,19.8495734136946,19.8495734136946,19.8495734136946,0.0,6.217248937900877e-15,,0.0,False,planned,sampled,2.5,42,planned_48h,winter,0.0,True,,,,,,,,,,,,,,,,,,,,,,,,,,,,,,,,,,,,,,,,,,,,,,
2017-01-01 02:00:00+00:00,2.35,0.0,0.16,0.1499999999999999,0.0,0.1499999999999999,0.0,4.285,4.4275,0.0,0.0,2.5,0.0,0.1499999999999999,0.4,0.0014999999999999,0.0,-0.02565,0.4015,0.37585,0.0,0.0,0.0,0.4015,perfect_foresight,False,19.8495734136946,19.8495734136946,19.8495734136946,19.8495734136946,0.0,6.217248937900877e-15,,0.0,False,planned,sampled,2.5,42,planned_48h,winter,0.0,True,,,,,,,,,,,,,,,,,,,,,,,,,,,,,,,,,,,,,,,,,,,,,,
2017-01-01 03:00:00+00:00,2.35,0.0,0.16,0.1499999999999999,0.0,0.1499999999999999,0.0,4.4275,4.57,0.0,0.0,2.5,0.0,0.1499999999999999,0.4,0.0014999999999999,0.0,-0.02565,0.4015,0.37585,0.0,0.0,0.0,0.4015,perfect_foresight,False,19.8495734136946,19.8495734136946,19.8495734136946,19.8495734136946,0.0,6.217248937900877e-15,,0.0,False,planned,sampled,2.5,42,planned_48h,winter,0.0,True,,,,,,,,,,,,,,,,,,,,,,,,,,,,,,,,,,,,,,,,,,,,,,
2017-01-01 04:00:00+00:00,2.35,0.0,0.16,0.1499999999999999,0.0,0.1499999999999999,0.0,4.57,4.7125,0.0,0.0,2.5,0.0,0.1499999999999999,0.4,0.0014999999999999,0.0,-0.02565,0.4015,0.37585,0.0,0.0,0.0,0.4015,perfect_foresight,False,19.8495734136946,19.8495734136946,19.8495734136946,19.8495734136946,0.0,6.217248937900877e-15,,0.0,False,planned,sampled,2.5,42,planned_48h,winter,0.0,True,,,,,,,,,,,,,,,,,,,,,,,,,,,,,,,,,,,,,,,,,,,,,,
2017-01-01 05:00:00+00:00,2.35,0.0,0.16,0.1499999999999999,0.0,0.1499999999999999,0.0,4.7125,4.855,0.0,0.0,2.5,0.0,0.1499999999999999,0.4,0.0014999999999999,0.0,-0.02565,0.4015,0.37585,0.0,0.0,0.0,0.4015,perfect_foresight,False,19.8495734136946,19.8495734136946,19.8495734136946,19.8495734136946,0.0,6.217248937900877e-15,,0.0,False,planned,sampled,2.5,42,planned_48h,winter,0.0,True,,,,,,,,,,,,,,,,,,,,,,,,,,,,,,,,,,,,,,,,,,,,,,
2017-01-01 06:00:00+00:00,2.8000000000000003,0.0,0.16,0.0,0.3000000000000002,0.0,0.3000000000000002,4.855,4.53921052631579,0.0,0.0,2.5,0.0,0.3000000000000002,0.4,0.003,0.0,0.0568421052631579,0.403,0.4598421052631579,0.0,0.0,0.0,0.403,perfect_foresight,False,19.8495734136946,19.8495734136946,19.8495734136946,19.8495734136946,0.0,6.217248937900877e-15,,0.0,False,planned,sampled,2.5,42,planned_48h,winter,0.0,True,,,,,,,,,,,,,,,,,,,,,,,,,,,,,,,,,,,,,,,,,,,,,,
2017-01-01 07:00:00+00:00,2.8000000000000003,0.0,0.16,0.0,0.3000000000000002,0.0,0.3000000000000002,4.53921052631579,4.223421052631579,0.0,0.0,2.5,0.0,0.3000000000000002,0.4,0.003,0.0,0.0568421052631579,0.403,0.4598421052631579,0.0,0.0,0.0,0.403,perfect_foresight,False,19.8495734136946,19.8495734136946,19.8495734136946,19.8495734136946,0.0,6.217248937900877e-15,,0.0,False,planned,sampled,2.5,42,planned_48h,winter,0.0,True,,,,,,,,,,,,,,,,,,,,,,,,,,,,,,,,,,,,,,,,,,,,,,
2017-01-01 08:00:00+00:00,2.8000000000000003,0.0654296875,0.175,0.0,0.2345703125000002,0.0,0.2345703125000002,4.223421052631579,3.976504934210526,0.0654296875,0.0,2.5,0.0,0.2345703125000002,0.4375,0.002345703125,0.0,0.0444449013157895,0.439845703125,0.4842906044407895,0.0,0.0,0.0,0.439845703125,perfect_foresight,False,19.8495734136946,19.8495734136946,19.8495734136946,19.8495734136946,0.0,6.217248937900877e-15,,0.0,False,planned,sampled,2.5,42,planned_48h,winter,0.0,True,,,,,,,,,,,,,,,,,,,,,,,,,,,,,,,,,,,,,,,,,,,,,,
2017-01-01 09:00:00+00:00,2.35,0.205078125,0.175,0.0,0.0,0.0,0.0,3.976504934210526,3.976504934210526,0.205078125,0.0,2.144921875,0.0,0.0,0.375361328125,0.0,0.0,-0.0,0.375361328125,0.375361328125,0.0,0.0,0.0,0.375361328125,perfect_foresight,False,19.8495734136946,19.8495734136946,19.8495734136946,19.8495734136946,0.0,6.217248937900877e-15,,0.0,False,planned,sampled,2.5,42,planned_48h,winter,0.0,True,,,,,,,,,,,,,,,,,,,,,,,,,,,,,,,,,,,,,,,,,,,,,,
2017-01-01 10:00:00+00:00,2.35,0.32421875,0.175,0.0,0.0,0.0,0.0,3.976504934210526,3.976504934210526,0.32421875,0.0,2.02578125,0.0,0.0,0.35451171875,0.0,0.0,-0.0,0.35451171875,0.35451171875,0.0,0.0,0.0,0.35451171875,perfect_foresight,False,19.8495734136946,19.8495734136946,19.8495734136946,19.8495734136946,0.0,6.217248937900877e-15,,0.0,False,planned,sampled,2.5,42,planned_48h,winter,0.0,True,,,,,,,,,,,,,,,,,,,,,,,,,,,,,,,,,,,,,,,,,,,,,,
2017-01-01 11:00:00+00:00,2.35,0.400390625,0.175,0.0,0.0,0.0,0.0,3.976504934210526,3.976504934210526,0.400390625,0.0,1.949609375,0.0,0.0,0.341181640625,0.0,0.0,-0.0,0.341181640625,0.341181640625,0.0,0.0,0.0,0.341181640625,perfect_foresight,False,19.8495734136946,19.8495734136946,19.8495734136946,19.8495734136946,0.0,6.217248937900877e-15,,0.0,False,planned,sampled,2.5,42,planned_48h,winter,0.0,True,,,,,,,,,,,,,,,,,,,,,,,,,,,,,,,,,,,,,,,,,,,,,,
2017-01-01 12:00:00+00:00,2.35,0.9794921875,0.175,0.0,0.0,0.0,0.0,3.976504934210526,3.976504934210526,0.9794921875,0.0,1.3705078125,0.0,0.0,0.2398388671875,0.0,0.0,-0.0,0.2398388671875,0.2398388671875,0.0,0.0,0.0,0.2398388671875,perfect_foresight,False,19.8495734136946,19.8495734136946,19.8495734136946,19.8495734136946,0.0,6.217248937900877e-15,,0.0,False,planned,sampled,2.5,42,planned_48h,winter,0.0,True,,,,,,,,,,,,,,,,,,,,,,,,,,,,,,,,,,,,,,,,,,,,,,
2017-01-01 13:00:00+00:00,2.35,1.4052734375,0.175,0.0,0.0,0.0,0.0,3.976504934210526,3.976504934210526,1.4052734375,0.0,0.9447265625,0.0,0.0,0.1653271484375,0.0,0.0,-0.0,0.1653271484375,0.1653271484375,0.0,0.0,0.0,0.1653271484375,perfect_foresight,False,19.8495734136946,19.8495734136946,19.8495734136946,19.8495734136946,0.0,6.217248937900877e-15,,0.0,False,planned,sampled,2.5,42,planned_48h,winter,0.0,True,,,,,,,,,,,,,,,,,,,,,,,,,,,,,,,,,,,,,,,,,,,,,,
2017-01-01 14:00:00+00:00,2.35,0.5703125,0.175,0.4679449445983396,0.0,0.4679449445983396,0.0,3.976504934210526,4.421052631578949,0.5703125,0.0,2.24763244459834,0.0,0.4679449445983396,0.3933356778047094,0.0046794494459833,0.0,-0.080018585526316,0.3980151272506929,0.3179965417243768,0.0,0.0,1.1102230246251563e-16,0.3980151272506929,perfect_foresight,False,19.8495734136946,19.8495734136946,19.8495734136946,19.8495734136946,0.0,6.217248937900877e-15,,0.0,False,planned,sampled,2.5,42,planned_48h,winter,0.0,True,,,,,,,,,,,,,,,,,,,,,,,,,,,,,,,,,,,,,,,,,,,,,,
2017-01-01 15:00:00+00:00,2.35,0.009765625,0.175,0.0,0.0,0.0,0.0,4.421052631578949,4.421052631578949,0.009765625,0.0,2.340234375,0.0,0.0,0.409541015625,0.0,0.0,-0.0,0.409541015625,0.409541015625,0.0,0.0,0.0,0.409541015625,perfect_foresight,False,19.8495734136946,19.8495734136946,19.8495734136946,19.8495734136946,0.0,6.217248937900877e-15,,0.0,False,planned,sampled,2.5,42,planned_48h,winter,0.0,True,,,,,,,,,,,,,,,,,,,,,,,,,,,,,,,,,,,,,,,,,,,,,,
2017-01-01 16:00:00+00:00,2.35,0.0,0.175,0.0,0.0,0.0,0.0,4.421052631578949,4.421052631578949,0.0,0.0,2.35,0.0,0.0,0.41125,0.0,0.0,-0.0,0.41125,0.41125,0.0,0.0,0.0,0.41125,perfect_foresight,False,19.8495734136946,19.8495734136946,19.8495734136946,19.8495734136946,0.0,6.217248937900877e-15,,0.0,False,planned,sampled,2.5,42,planned_48h,winter,0.0,True,,,,,,,,,,,,,,,,,,,,,,,,,,,,,,,,,,,,,,,,,,,,,,
2017-01-01 17:00:00+00:00,3.2,0.0,0.2,0.0,0.7000000000000002,0.0,0.7000000000000002,4.421052631578949,3.684210526315791,0.0,0.0,2.5,0.0,0.7000000000000002,0.5,0.007,0.0,0.1326315789473684,0.507,0.6396315789473684,0.0,0.0,0.0,0.507,perfect_foresight,False,19.8495734136946,19.8495734136946,19.8495734136946,19.8495734136946,0.0,6.217248937900877e-15,,0.0,False,planned,sampled,2.5,42,planned_48h,winter,0.0,True,,,,,,,,,,,,,,,,,,,,,,,,,,,,,,,,,,,,,,,,,,,,,,
2017-01-01 18:00:00+00:00,3.2,0.0,0.2,0.0,0.7000000000000002,0.0,0.7000000000000002,3.684210526315791,2.9473684210526327,0.0,0.0,2.5,0.0,0.7000000000000002,0.5,0.007,0.0,0.1326315789473684,0.507,0.6396315789473684,0.0,0.0,0.0,0.507,perfect_foresight,False,19.8495734136946,19.8495734136946,19.8495734136946,19.8495734136946,0.0,6.217248937900877e-15,,0.0,False,planned,sampled,2.5,42,planned_48h,winter,0.0,True,,,,,,,,,,,,,,,,,,,,,,,,,,,,,,,,,,,,,,,,,,,,,,
2017-01-01 19:00:00+00:00,3.2,0.0,0.2,0.0,0.7000000000000002,0.0,0.7000000000000002,2.9473684210526327,2.210526315789475,0.0,0.0,2.5,0.0,0.7000000000000002,0.5,0.007,0.0,0.1326315789473684,0.507,0.6396315789473684,0.0,0.0,0.0,0.507,perfect_foresight,False,19.8495734136946,19.8495734136946,19.8495734136946,19.8495734136946,0.0,6.217248937900877e-15,,0.0,False,planned,sampled,2.5,42,planned_48h,winter,0.0,True,,,,,,,,,,,,,,,,,,,,,,,,,,,,,,,,,,,,,,,,,,,,,,
2017-01-01 20:00:00+00:00,3.2,0.0,0.2,0.0,0.7000000000000002,0.0,0.7000000000000002,2.210526315789475,1.4736842105263168,0.0,0.0,2.5,0.0,0.7000000000000002,0.5,0.007,0.0,0.1326315789473684,0.507,0.6396315789473684,0.0,0.0,0.0,0.507,perfect_foresight,False,19.8495734136946,19.8495734136946,19.8495734136946,19.8495734136946,0.0,6.217248937900877e-15,,0.0,False,planned,sampled,2.5,42,planned_48h,winter,0.0,True,,,,,,,,,,,,,,,,,,,,,,,,,,,,,,,,,,,,,,,,,,,,,,
2017-01-01 21:00:00+00:00,3.2,0.0,0.2,0.0,0.7000000000000002,0.0,0.7000000000000002,1.4736842105263168,0.7368421052631587,0.0,0.0,2.5,0.0,0.7000000000000002,0.5,0.007,0.0,0.1326315789473684,0.507,0.6396315789473684,0.0,0.0,0.0,0.507,perfect_foresight,False,19.8495734136946,19.8495734136946,19.8495734136946,19.8495734136946,0.0,6.217248937900877e-15,,0.0,False,planned,sampled,2.5,42,planned_48h,winter,0.0,True,,,,,,,,,,,,,,,,,,,,,,,,,,,,,,,,,,,,,,,,,,,,,,
2017-01-01 22:00:00+00:00,3.2,0.0,0.16,0.0,0.7000000000000002,0.0,0.7000000000000002,0.7368421052631587,6.661338147750939e-16,0.0,0.0,2.5,0.0,0.7000000000000002,0.4,0.007,0.0,0.1326315789473684,0.407,0.5396315789473685,0.0,0.0,0.0,0.407,perfect_foresight,False,19.8495734136946,19.8495734136946,19.8495734136946,19.8495734136946,0.0,6.217248937900877e-15,,0.0,False,planned,sampled,2.5,42,planned_48h,winter,0.0,True,,,,,,,,,,,,,,,,,,,,,,,,,,,,,,,,,,,,,,,,,,,,,,
2017-01-01 23:00:00+00:00,2.35,0.0,0.16,0.1499999999999999,0.0,0.1499999999999999,0.0,6.661338147750939e-16,0.1425000000000005,0.0,0.0,2.5,0.0,0.1499999999999999,0.4,0.0014999999999999,0.0,-0.0256499999999999,0.4015,0.37585,0.0,0.0,0.0,0.4015,perfect_foresight,False,19.8495734136946,19.8495734136946,19.8495734136946,19.8495734136946,0.0,6.217248937900877e-15,,0.0,False,planned,sampled,2.5,42,planned_48h,winter,0.0,True,,,,,,,,,,,,,,,,,,,,,,,,,,,,,,,,,,,,,,,,,,,,,,
2017-01-02 00:00:00+00:00,2.1,0.0,0.16,0.3999999999999999,0.0,0.3999999999999999,0.0,0.1425000000000005,0.5225000000000004,0.0,0.0,2.5,0.0,0.3999999999999999,0.4,0.0039999999999999,0.0,-0.0683999999999999,0.404,0.3356,0.0,0.0,0.0,0.404,perfect_foresight,False,19.8495734136946,19.8495734136946,19.8495734136946,19.8495734136946,0.0,6.217248937900877e-15,,0.0,False,planned,sampled,2.5,42,planned_48h,winter,0.0,True,,,,,,,,,,,,,,,,,,,,,,,,,,,,,,,,,,,,,,,,,,,,,,
2017-01-02 01:00:00+00:00,2.1,0.0,0.16,0.3999999999999999,0.0,0.3999999999999999,0.0,0.5225000000000004,0.9025000000000004,0.0,0.0,2.5,0.0,0.3999999999999999,0.4,0.0039999999999999,0.0,-0.0683999999999999,0.404,0.3356,0.0,0.0,0.0,0.404,perfect_foresight,False,19.8495734136946,19.8495734136946,19.8495734136946,19.8495734136946,0.0,6.217248937900877e-15,,0.0,False,planned,sampled,2.5,42,planned_48h,winter,0.0,True,,,,,,,,,,,,,,,,,,,,,,,,,,,,,,,,,,,,,,,,,,,,,,
2017-01-02 02:00:00+00:00,2.1,0.0,0.16,0.3999999999999999,0.0,0.3999999999999999,0.0,0.9025000000000004,1.2825000000000002,0.0,0.0,2.5,0.0,0.3999999999999999,0.4,0.0039999999999999,0.0,-0.0683999999999999,0.404,0.3356,0.0,0.0,0.0,0.404,perfect_foresight,False,19.8495734136946,19.8495734136946,19.8495734136946,19.8495734136946,0.0,6.217248937900877e-15,,0.0,False,planned,sampled,2.5,42,planned_48h,winter,0.0,True,,,,,,,,,,,,,,,,,,,,,,,,,,,,,,,,,,,,,,,,,,,,,,
2017-01-02 03:00:00+00:00,2.1,0.0,0.16,0.3999999999999999,0.0,0.3999999999999999,0.0,1.2825000000000002,1.6625,0.0,0.0,2.5,0.0,0.3999999999999999,0.4,0.0039999999999999,0.0,-0.0683999999999999,0.404,0.3356,0.0,0.0,0.0,0.404,perfect_foresight,False,19.8495734136946,19.8495734136946,19.8495734136946,19.8495734136946,0.0,6.217248937900877e-15,,0.0,False,planned,sampled,2.5,42,planned_48h,winter,0.0,True,,,,,,,,,,,,,,,,,,,,,,,,,,,,,,,,,,,,,,,,,,,,,,
2017-01-02 04:00:00+00:00,2.1,0.0,0.16,0.3999999999999999,0.0,0.3999999999999999,0.0,1.6625,2.0425,0.0,0.0,2.5,0.0,0.3999999999999999,0.4,0.0039999999999999,0.0,-0.0683999999999999,0.404,0.3356,0.0,0.0,0.0,0.404,perfect_foresight,False,19.8495734136946,19.8495734136946,19.8495734136946,19.8495734136946,0.0,6.217248937900877e-15,,0.0,False,planned,sampled,2.5,42,planned_48h,winter,0.0,True,,,,,,,,,,,,,,,,,,,,,,,,,,,,,,,,,,,,,,,,,,,,,,
2017-01-02 05:00:00+00:00,2.1,0.0,0.16,0.3999999999999999,0.0,0.3999999999999999,0.0,2.0425,2.4225,0.0,0.0,2.5,0.0,0.3999999999999999,0.4,0.0039999999999999,0.0,-0.0683999999999999,0.404,0.3356,0.0,0.0,0.0,0.404,perfect_foresight,False,19.8495734136946,19.8495734136946,19.8495734136946,19.8495734136946,0.0,6.217248937900877e-15,,0.0,False,planned,sampled,2.5,42,planned_48h,winter,0.0,True,,,,,,,,,,,,,,,,,,,,,,,,,,,,,,,,,,,,,,,,,,,,,,
2017-01-02 06:00:00+00:00,2.5500000000000003,0.0,0.16,0.0,0.0500000000000002,0.0,0.0500000000000002,2.4225,2.369868421052632,0.0,0.0,2.5,0.0,0.0500000000000002,0.4,0.0005,0.0,0.0094736842105263,0.4005,0.4099736842105264,0.0,0.0,0.0,0.4005,perfect_foresight,False,19.8495734136946,19.8495734136946,19.8495734136946,19.8495734136946,0.0,6.217248937900877e-15,,0.0,False,planned,sampled,2.5,42,planned_48h,winter,0.0,True,,,,,,,,,,,,,,,,,,,,,,,,,,,,,,,,,,,,,,,,,,,,,,
2017-01-02 07:00:00+00:00,2.5500000000000003,0.0,0.16,0.0,0.0500000000000002,0.0,0.0500000000000002,2.369868421052632,2.3172368421052627,0.0,0.0,2.5,0.0,0.0500000000000002,0.4,0.0005,0.0,0.0094736842105263,0.4005,0.4099736842105264,0.0,0.0,0.0,0.4005,perfect_foresight,False,19.8495734136946,19.8495734136946,19.8495734136946,19.8495734136946,0.0,6.217248937900877e-15,,0.0,False,planned,sampled,2.5,42,planned_48h,winter,0.0,True,,,,,,,,,,,,,,,,,,,,,,,,,,,,,,,,,,,,,,,,,,,,,,
2017-01-02 08:00:00+00:00,2.5500000000000003,0.0498046875,0.175,0.0,0.0001953125000002,0.0,0.0001953125000002,2.3172368421052627,2.3170312499999994,0.0498046875,0.0,2.5,0.0,0.0001953125000002,0.4375,1.9531250000026644e-06,0.0,3.700657894738946e-05,0.437501953125,0.4375389597039474,0.0,0.0,0.0,0.437501953125,perfect_foresight,False,19.8495734136946,19.8495734136946,19.8495734136946,19.8495734136946,0.0,6.217248937900877e-15,,0.0,False,planned,sampled,2.5,42,planned_48h,winter,0.0,True,,,,,,,,,,,,,,,,,,,,,,,,,,,,,,,,,,,,,,,,,,,,,,
2017-01-02 09:00:00+00:00,2.1,0.1552734375,0.175,0.0,0.0,0.0,0.0,2.3170312499999994,2.3170312499999994,0.1552734375,0.0,1.9447265625,0.0,0.0,0.3403271484375,0.0,0.0,-0.0,0.3403271484375,0.3403271484375,0.0,0.0,0.0,0.3403271484375,perfect_foresight,False,19.8495734136946,19.8495734136946,19.8495734136946,19.8495734136946,0.0,6.217248937900877e-15,,0.0,False,planned,sampled,2.5,42,planned_48h,winter,0.0,True,,,,,,,,,,,,,,,,,,,,,,,,,,,,,,,,,,,,,,,,,,,,,,
2017-01-02 10:00:00+00:00,2.1,0.1953125,0.175,0.0,0.0,0.0,0.0,2.3170312499999994,2.3170312499999994,0.1953125,0.0,1.9046875,0.0,0.0,0.3333203125,0.0,0.0,-0.0,0.3333203125,0.3333203125,0.0,0.0,0.0,0.3333203125,perfect_foresight,False,19.8495734136946,19.8495734136946,19.8495734136946,19.8495734136946,0.0,6.217248937900877e-15,,0.0,False,planned,sampled,2.5,42,planned_48h,winter,0.0,True,,,,,,,,,,,,,,,,,,,,,,,,,,,,,,,,,,,,,,,,,,,,,,
2017-01-02 11:00:00+00:00,2.1,0.705078125,0.175,0.0,0.0,0.0,0.0,2.3170312499999994,2.3170312499999994,0.705078125,0.0,1.394921875,0.0,0.0,0.244111328125,0.0,0.0,-0.0,0.244111328125,0.244111328125,0.0,0.0,0.0,0.244111328125,perfect_foresight,False,19.8495734136946,19.8495734136946,19.8495734136946,19.8495734136946,0.0,6.217248937900877e-15,,0.0,False,planned,sampled,2.5,42,planned_48h,winter,0.0,True,,,,,,,,,,,,,,,,,,,,,,,,,,,,,,,,,,,,,,,,,,,,,,
2017-01-02 12:00:00+00:00,2.1,1.57421875,0.175,0.0,0.0,0.0,0.0,2.3170312499999994,2.3170312499999994,1.57421875,0.0,0.5257812500000001,0.0,0.0,0.09201171875,0.0,0.0,-0.0,0.09201171875,0.09201171875,0.0,0.0,0.0,0.09201171875,perfect_foresight,False,19.8495734136946,19.8495734136946,19.8495734136946,19.8495734136946,0.0,6.217248937900877e-15,,0.0,False,planned,sampled,2.5,42,planned_48h,winter,0.0,True,,,,,,,,,,,,,,,,,,,,,,,,,,,,,,,,,,,,,,,,,,,,,,
2017-01-02 13:00:00+00:00,2.1,0.375,0.175,0.0,0.0,0.0,0.0,2.3170312499999994,2.3170312499999994,0.375,0.0,1.725,0.0,0.0,0.301875,0.0,0.0,-0.0,0.301875,0.301875,0.0,0.0,0.0,0.301875,perfect_foresight,False,19.8495734136946,19.8495734136946,19.8495734136946,19.8495734136946,0.0,6.217248937900877e-15,,0.0,False,planned,sampled,2.5,42,planned_48h,winter,0.0,True,,,,,,,,,,,,,,,,,,,,,,,,,,,,,,,,,,,,,,,,,,,,,,
2017-01-02 14:00:00+00:00,2.1,0.0302734375,0.175,0.0,0.0,0.0,0.0,2.3170312499999994,2.3170312499999994,0.0302734375,0.0,2.0697265625,0.0,0.0,0.3622021484375,0.0,0.0,-0.0,0.3622021484375,0.3622021484375,0.0,0.0,0.0,0.3622021484375,perfect_foresight,False,19.8495734136946,19.8495734136946,19.8495734136946,19.8495734136946,0.0,6.217248937900877e-15,,0.0,False,planned,sampled,2.5,42,planned_48h,winter,0.0,True,,,,,,,,,,,,,,,,,,,,,,,,,,,,,,,,,,,,,,,,,,,,,,
2017-01-02 15:00:00+00:00,2.1,0.0,0.175,0.1527094875346217,0.0,0.1527094875346217,0.0,2.3170312499999994,2.46210526315789,0.0,0.0,2.252709487534622,0.0,0.1527094875346217,0.3942241603185588,0.0015270948753462,0.0,-0.0261133223684202,0.3957512551939049,0.3696379328254847,0.0,0.0,0.0,0.3957512551939049,perfect_foresight,False,19.8495734136946,19.8495734136946,19.8495734136946,19.8495734136946,0.0,6.217248937900877e-15,,0.0,False,planned,sampled,2.5,42,planned_48h,winter,0.0,True,,,,,,,,,,,,,,,,,,,,,,,,,,,,,,,,,,,,,,,,,,,,,,
2017-01-02 16:00:00+00:00,2.1,0.0,0.175,0.3999999999999999,0.0,0.3999999999999999,0.0,2.46210526315789,2.84210526315789,0.0,0.0,2.5,0.0,0.3999999999999999,0.4375,0.0039999999999999,0.0,-0.0683999999999999,0.4415,0.3731,0.0,0.0,0.0,0.4415,perfect_foresight,False,19.8495734136946,19.8495734136946,19.8495734136946,19.8495734136946,0.0,6.217248937900877e-15,,0.0,False,planned,sampled,2.5,42,planned_48h,winter,0.0,True,,,,,,,,,,,,,,,,,,,,,,,,,,,,,,,,,,,,,,,,,,,,,,
2017-01-02 17:00:00+00:00,2.95,0.0,0.2,0.0,0.4500000000000002,0.0,0.4500000000000002,2.84210526315789,2.368421052631574,0.0,0.0,2.5,0.0,0.4500000000000002,0.5,0.0045,0.0,0.0852631578947368,0.5045,0.5897631578947368,0.0,0.0,0.0,0.5045,perfect_foresight,False,19.8495734136946,19.8495734136946,19.8495734136946,19.8495734136946,0.0,6.217248937900877e-15,,0.0,False,planned,sampled,2.5,42,planned_48h,winter,0.0,True,,,,,,,,,,,,,,,,,,,,,,,,,,,,,,,,,,,,,,,,,,,,,,
2017-01-02 18:00:00+00:00,2.95,0.0,0.2,0.0,0.4500000000000002,0.0,0.4500000000000002,2.368421052631574,1.894736842105258,0.0,0.0,2.5,0.0,0.4500000000000002,0.5,0.0045,0.0,0.0852631578947368,0.5045,0.5897631578947368,0.0,0.0,0.0,0.5045,perfect_foresight,False,19.8495734136946,19.8495734136946,19.8495734136946,19.8495734136946,0.0,6.217248937900877e-15,,0.0,False,planned,sampled,2.5,42,planned_48h,winter,0.0,True,,,,,,,,,,,,,,,,,,,,,,,,,,,,,,,,,,,,,,,,,,,,,,
2017-01-02 19:00:00+00:00,2.95,0.0,0.2,0.0,0.4500000000000002,0.0,0.4500000000000002,1.894736842105258,1.421052631578942,0.0,0.0,2.5,0.0,0.4500000000000002,0.5,0.0045,0.0,0.0852631578947368,0.5045,0.5897631578947368,0.0,0.0,0.0,0.5045,perfect_foresight,False,19.8495734136946,19.8495734136946,19.8495734136946,19.8495734136946,0.0,6.217248937900877e-15,,0.0,False,planned,sampled,2.5,42,planned_48h,winter,0.0,True,,,,,,,,,,,,,,,,,,,,,,,,,,,,,,,,,,,,,,,,,,,,,,
2017-01-02 20:00:00+00:00,2.95,0.0,0.2,0.0,0.4500000000000002,0.0,0.4500000000000002,1.421052631578942,0.947368421052626,0.0,0.0,2.5,0.0,0.4500000000000002,0.5,0.0045,0.0,0.0852631578947368,0.5045,0.5897631578947368,0.0,0.0,0.0,0.5045,perfect_foresight,False,19.8495734136946,19.8495734136946,19.8495734136946,19.8495734136946,0.0,6.217248937900877e-15,,0.0,False,planned,sampled,2.5,42,planned_48h,winter,0.0,True,,,,,,,,,,,,,,,,,,,,,,,,,,,,,,,,,,,,,,,,,,,,,,
2017-01-02 21:00:00+00:00,2.95,0.0,0.2,0.0,0.4500000000000002,0.0,0.4500000000000002,0.947368421052626,0.4736842105263101,0.0,0.0,2.5,0.0,0.4500000000000002,0.5,0.0045,0.0,0.0852631578947368,0.5045,0.5897631578947369,0.0,0.0,0.0,0.5045,perfect_foresight,False,19.8495734136946,19.8495734136946,19.8495734136946,19.8495734136946,0.0,6.217248937900877e-15,,0.0,False,planned,sampled,2.5,42,planned_48h,winter,0.0,True,,,,,,,,,,,,,,,,,,,,,,,,,,,,,,,,,,,,,,,,,,,,,,
2017-01-02 22:00:00+00:00,2.95,0.0,0.16,0.0,0.4500000000000002,0.0,0.4499999999999945,0.4736842105263101,5.551115123125783e-17,0.0,0.0,2.5,5.773159728050814e-15,0.4499999999999945,0.4,0.0044999999999999,5.773159728050814e-14,0.0852631578947358,0.4045000000000577,0.4897631578947935,0.0,5.6621374255882976e-15,0.0,0.4044999999999999,perfect_foresight,False,19.8495734136946,19.8495734136946,19.8495734136946,19.8495734136946,0.0,6.217248937900877e-15,,0.0,False,planned,sampled,2.5,42,planned_48h,winter,0.0,True,,,,,,,,,,,,,,,,,,,,,,,,,,,,,,,,,,,,,,,,,,,,,,
2017-01-02 23:00:00+00:00,2.1,0.0,0.16,0.3999999999999999,0.0,0.3999999999999999,0.0,5.551115123125783e-17,0.3799999999999999,0.0,0.0,2.5,0.0,0.3999999999999999,0.4,0.0039999999999999,0.0,-0.0683999999999999,0.404,0.3356,0.0,0.0,0.0,0.404,perfect_foresight,False,19.8495734136946,19.8495734136946,19.8495734136946,19.8495734136946,0.0,6.217248937900877e-15,,0.0,False,planned,sampled,2.5,42,planned_48h,winter,0.0,True,,,,,,,,,,,,,,,,,,,,,,,,,,,,,,,,,,,,,,,,,,,,,,
2017-01-01 00:00:00+00:00,2.35,0.0,0.16,0.1499999999999999,0.0,0.1499999999999999,0.0,4.0,4.1425,0.0,0.0,2.5,0.0,0.1499999999999999,0.4,0.0014999999999999,0.0,-0.02565,0.4015,0.37585,0.0,0.0,0.0,0.4015,deterministic,False,9.91006845727922,9.91006845727922,9.91006845727922,9.91006845727922,0.0,6.661338147750939e-16,0.0301462999777868,0.0,True,planned,sampled,2.5,42,planned_48h,winter,0.0,True,2017-01-01 00:00:00+00:00,2017-01-01 00:00:00+00:00,0.0,0.0,0.0,0.0,0.0,0.0,0.0,0.0,0.0,False,1.0,9.91006845727922,9.91006845727922,0.0,False,,,,,,,,,,,,,,,,,,,,,,,,,,,,,
2017-01-01 01:00:00+00:00,2.35,0.0,0.16,0.1499999999999999,0.0,0.1499999999999999,0.0,4.1425,4.285,0.0,0.0,2.5,0.0,0.1499999999999999,0.4,0.0014999999999999,0.0,-0.02565,0.4015,0.37585,0.0,0.0,0.0,0.4015,deterministic,False,9.869818457279225,9.869818457279225,9.869818457279225,9.869818457279225,0.0,6.661338147750939e-16,0.0321975999977439,0.0,True,planned,sampled,2.5,42,planned_48h,winter,0.0,True,2017-01-01 01:00:00+00:00,2017-01-01 01:00:00+00:00,0.0,0.0,0.0,0.0,0.0,0.0,0.0,0.0,0.0,False,1.0,9.869818457279225,9.869818457279225,0.0,False,,,,,,,,,,,,,,,,,,,,,,,,,,,,,
2017-01-01 02:00:00+00:00,2.35,0.0,0.16,0.1499999999999999,0.0,0.1499999999999999,0.0,4.285,4.4275,0.0,0.0,2.5,0.0,0.1499999999999999,0.4,0.0014999999999999,0.0,-0.02565,0.4015,0.37585,0.0,0.0,0.0,0.4015,deterministic,False,9.82956845727922,9.82956845727922,9.82956845727922,9.82956845727922,0.0,2.458033776520097e-13,0.0440341000212356,0.0,True,planned,sampled,2.5,42,planned_48h,winter,0.0,True,2017-01-01 02:00:00+00:00,2017-01-01 02:00:00+00:00,0.0,0.0,0.0,0.0,0.0,0.0,0.0,0.0,0.0,False,1.0,9.82956845727922,9.82956845727922,0.0,False,,,,,,,,,,,,,,,,,,,,,,,,,,,,,
2017-01-01 03:00:00+00:00,2.35,0.0,0.16,0.1499999999999999,0.0,0.1499999999999999,0.0,4.4275,4.57,0.0,0.0,2.5,0.0,0.1499999999999999,0.4,0.0014999999999999,0.0,-0.02565,0.4015,0.37585,0.0,0.0,0.0,0.4015,deterministic,False,9.78931845727922,9.78931845727922,9.78931845727922,9.78931845727922,0.0,5.6621374255882976e-15,0.0318977999268099,0.0,True,planned,sampled,2.5,42,planned_48h,winter,0.0,True,2017-01-01 03:00:00+00:00,2017-01-01 03:00:00+00:00,0.0,0.0,0.0,0.0,0.0,0.0,0.0,0.0,0.0,False,1.0,9.78931845727922,9.78931845727922,0.0,False,,,,,,,,,,,,,,,,,,,,,,,,,,,,,
2017-01-01 04:00:00+00:00,2.35,0.0,0.16,0.1499999999999999,0.0,0.1499999999999999,0.0,4.57,4.7125,0.0,0.0,2.5,0.0,0.1499999999999999,0.4,0.0014999999999999,0.0,-0.02565,0.4015,0.37585,0.0,0.0,0.0,0.4015,deterministic,False,9.749068457279222,9.749068457279222,9.749068457279222,9.749068457279222,0.0,6.661338147750939e-16,0.0309868999756872,0.0,True,planned,sampled,2.5,42,planned_48h,winter,0.0,True,2017-01-01 04:00:00+00:00,2017-01-01 04:00:00+00:00,0.0,0.0,0.0,0.0,0.0,0.0,0.0,0.0,0.0,False,1.0,9.749068457279222,9.749068457279222,0.0,False,,,,,,,,,,,,,,,,,,,,,,,,,,,,,
2017-01-01 05:00:00+00:00,2.35,0.0,0.16,0.1500488281250001,0.0,0.1499999999999999,0.0,4.7125,4.855,0.0,0.0,2.5,0.0,0.1499999999999999,0.4,0.0014999999999999,0.0,-0.02565,0.4015,0.37585,4.882812500017764e-05,0.0,0.0,0.4015,deterministic,False,9.708818457279223,9.708818457279223,9.708818457279223,9.708818457279223,0.0,1.9317880628477724e-14,0.0321542000165209,0.0,True,planned,sampled,2.5,42,planned_48h,winter,0.0,True,2017-01-01 05:00:00+00:00,2017-01-01 05:00:00+00:00,0.0,4.8828125e-05,4.8828125e-05,4.8828125e-05,4.8828125e-05,4.8828125e-05,4.8828125e-05,0.0,4.8828125e-05,True,1.0,9.708818457279223,9.708818457279223,0.0,False,,,,,,,,,,,,,,,,,,,,,,,,,,,,,
2017-01-01 06:00:00+00:00,2.8000000000000003,0.0,0.16,0.0,0.2858398437500002,0.0,0.2858398437500002,4.855,4.554115953947369,0.0,0.0,2.5,0.01416015625,0.2858398437500002,0.4,0.0028583984375,0.1416015625,0.0541591282894737,0.5444599609375,0.5986190892269738,0.0,0.0,0.0,0.4028583984375,deterministic,False,9.668569140872972,9.668569140872972,9.668569140872972,9.668569140872972,0.0,1.3322676295501878e-13,0.0320641000289469,0.0,True,planned,sampled,2.5,42,planned_48h,winter,0.0,True,2017-01-01 06:00:00+00:00,2017-01-01 06:00:00+00:00,0.0,0.01416015625,0.01416015625,0.01416015625,0.01416015625,0.01416015625,0.01416015625,0.0,0.01416015625,True,1.0,9.668569140872972,9.668569140872972,0.0,False,,,,,,,,,,,,,,,,,,,,,,,,,,,,,
2017-01-01 07:00:00+00:00,2.8000000000000003,0.0,0.16,0.0,0.1960774739583337,0.0,0.1960774739583337,4.554115953947369,4.347718612938596,0.0,0.0,2.5,0.1039225260416665,0.1960774739583337,0.4,0.0019607747395833,1.0392252604166652,0.037151521381579,1.4411860351562489,1.4783375565378276,0.0,0.0,0.0,0.4019607747395833,deterministic,False,9.61870071982034,9.61870071982034,9.61870071982034,9.61870071982034,0.0,1.0258460747536446e-13,0.03173990000505,0.0,True,planned,sampled,2.5,42,planned_48h,winter,0.0,True,2017-01-01 07:00:00+00:00,2017-01-01 07:00:00+00:00,0.0,0.1039225260416666,0.1039225260416666,0.1039225260416666,0.1039225260416666,0.1039225260416666,0.1039225260416666,0.0,0.1039225260416666,True,1.0,9.61870071982034,9.61870071982034,0.0,False,,,,,,,,,,,,,,,,,,,,,,,,,,,,,
2017-01-01 08:00:00+00:00,2.8000000000000003,0.0654296875,0.175,0.0,0.0,0.0,0.0,4.347718612938596,4.347718612938596,0.0654296875,0.0,2.5,0.2345703125000002,0.0,0.4375,0.0,2.3457031250000027,-0.0,2.7832031250000027,2.7832031250000027,0.0,0.0,0.0,0.4375,deterministic,False,9.570684159376263,9.570684159376263,9.570684159376263,9.570684159376263,0.0,8.881784197001252e-16,0.0441233000019565,0.0,True,planned,sampled,2.5,42,planned_48h,winter,0.0,True,2017-01-01 08:00:00+00:00,2017-01-01 08:00:00+00:00,0.0,0.3493198939732143,0.3493198939732143,0.3493198939732143,0.3493198939732143,0.3493198939732143,0.3493198939732143,0.0,0.2838902064732143,True,1.0,9.570684159376263,9.570684159376263,0.0,False,,,,,,,,,,,,,,,,,,,,,,,,,,,,,
2017-01-01 09:00:00+00:00,2.35,0.205078125,0.175,0.0,0.0,0.0,0.0,4.347718612938596,4.347718612938596,0.205078125,0.0,2.144921875,0.0,0.0,0.375361328125,0.0,0.0,-0.0,0.375361328125,0.375361328125,0.0,0.0,0.0,0.375361328125,deterministic,False,9.52421011966272,9.52421011966272,9.52421011966272,9.52421011966272,0.0,8.881784197001252e-16,0.0396262999856844,0.0,True,planned,sampled,2.5,42,planned_48h,winter,0.0,True,2017-01-01 09:00:00+00:00,2017-01-01 09:00:00+00:00,0.0,0.6690592447916667,0.6690592447916667,0.6690592447916667,0.6690592447916667,0.6690592447916667,0.6690592447916667,0.0,0.4639811197916667,True,1.0,9.52421011966272,9.52421011966272,0.0,False,,,,,,,,,,,,,,,,,,,,,,,,,,,,,
2017-01-01 10:00:00+00:00,2.35,0.32421875,0.175,0.0,0.0,0.0,0.0,4.347718612938596,4.347718612938596,0.32421875,0.0,2.02578125,0.0,0.0,0.35451171875,0.0,0.0,-0.0,0.35451171875,0.35451171875,0.0,0.0,0.0,0.35451171875,deterministic,False,9.476197831251264,9.476197831251264,9.476197831251264,9.476197831251264,0.0,8.881784197001252e-16,0.0401854000519961,0.0,True,planned,sampled,2.5,42,planned_48h,winter,0.0,True,2017-01-01 10:00:00+00:00,2017-01-01 10:00:00+00:00,0.0,1.0831112816220236,1.0831112816220236,1.0831112816220236,1.0831112816220236,1.0831112816220236,1.0831112816220236,0.0,0.7588925316220236,True,1.0,9.476197831251264,9.476197831251264,0.0,False,,,,,,,,,,,,,,,,,,,,,,,,,,,,,
2017-01-01 11:00:00+00:00,2.35,0.400390625,0.175,0.0,0.0,0.0,0.0,4.347718612938596,4.347718612938596,0.400390625,0.0,1.949609375,0.0,0.0,0.341181640625,0.0,0.0,-0.0,0.341181640625,0.341181640625,0.0,0.0,0.0,0.341181640625,deterministic,False,9.434061193881472,9.434061193881472,9.434061193881472,9.434061193881472,0.0,8.881784197001252e-16,0.0409207000629976,0.0,True,planned,sampled,2.5,42,planned_48h,winter,0.0,True,2017-01-01 11:00:00+00:00,2017-01-01 11:00:00+00:00,0.0,1.2832903180803572,1.2832903180803572,1.2832903180803572,1.2832903180803572,1.2832903180803572,1.2832903180803572,0.0,0.8828996930803572,True,1.0,9.434061193881472,9.434061193881472,0.0,False,,,,,,,,,,,,,,,,,,,,,,,,,,,,,
2017-01-01 12:00:00+00:00,2.35,0.9794921875,0.175,0.0,0.0,0.0,0.0,4.347718612938596,4.347718612938596,0.9794921875,0.0,1.3705078125,0.0,0.0,0.2398388671875,0.0,0.0,-0.0,0.2398388671875,0.2398388671875,0.0,0.0,0.0,0.2398388671875,deterministic,False,9.395242834506472,9.395242834506472,9.395242834506472,9.395242834506472,0.0,8.881784197001252e-16,0.0414735999656841,0.0,True,planned,sampled,2.5,42,planned_48h,winter,0.0,True,2017-01-01 12:00:00+00:00,2017-01-01 12:00:00+00:00,0.0,1.324286179315476,1.324286179315476,1.324286179315476,1.324286179315476,1.324286179315476,1.324286179315476,0.0,0.3447939918154761,True,1.0,9.395242834506472,9.395242834506472,0.0,False,,,,,,,,,,,,,,,,,,,,,,,,,,,,,
2017-01-01 13:00:00+00:00,2.35,1.4052734375,0.175,0.0,0.0,0.0,0.0,4.347718612938596,4.347718612938596,1.4052734375,0.0,0.9447265625,0.0,0.0,0.1653271484375,0.0,0.0,-0.0,0.1653271484375,0.1653271484375,0.0,0.0,0.0,0.1653271484375,deterministic,False,9.35796663007939,9.35796663007939,9.35796663007939,9.35796663007939,0.0,8.881784197001252e-16,0.0398526999633759,0.0,True,planned,sampled,2.5,42,planned_48h,winter,0.0,True,2017-01-01 13:00:00+00:00,2017-01-01 13:00:00+00:00,0.0,1.023089890252976,1.023089890252976,1.023089890252976,1.023089890252976,1.023089890252976,1.023089890252976,0.0,-0.3821835472470238,True,1.0,9.35796663007939,9.35796663007939,0.0,False,,,,,,,,,,,,,,,,,,,,,,,,,,,,,
2017-01-01 14:00:00+00:00,2.35,0.5703125,0.175,0.0,0.0,0.0,0.0,4.347718612938596,4.347718612938596,0.5703125,0.0,1.7796875,0.0,0.0,0.3114453125,0.0,0.0,-0.0,0.3114453125,0.3114453125,0.0,0.0,0.0,0.3114453125,deterministic,False,9.308572912631474,9.308572912631474,9.308572912631474,9.308572912631474,0.0,8.881784197001252e-16,0.0377949000103399,0.0,True,planned,sampled,2.5,42,planned_48h,winter,0.0,True,2017-01-01 14:00:00+00:00,2017-01-01 14:00:00+00:00,0.0,0.6441859654017856,0.6441859654017856,0.6441859654017856,0.6441859654017856,0.6441859654017856,0.6441859654017856,0.0,0.0738734654017856,True,1.0,9.308572912631474,9.308572912631474,0.0,False,,,,,,,,,,,,,,,,,,,,,,,,,,,,,
2017-01-01 15:00:00+00:00,2.35,0.009765625,0.175,0.0,0.0,0.0,0.0,4.347718612938596,4.347718612938596,0.009765625,0.0,2.340234375,0.0,0.0,0.409541015625,0.0,0.0,-0.0,0.409541015625,0.409541015625,0.0,0.0,0.0,0.409541015625,deterministic,False,9.25353547773564,9.25353547773564,9.25353547773564,9.25353547773564,0.0,8.881784197001252e-16,0.0394043000414967,0.0,True,planned,sampled,2.5,42,planned_48h,winter,0.0,True,2017-01-01 15:00:00+00:00,2017-01-01 15:00:00+00:00,0.0,0.1107793898809523,0.1107793898809523,0.1107793898809523,0.1107793898809523,0.1107793898809523,0.1107793898809523,0.0,0.1010137648809523,True,1.0,9.25353547773564,9.25353547773564,0.0,False,,,,,,,,,,,,,,,,,,,,,,,,,,,,,
2017-01-01 16:00:00+00:00,2.35,0.0,0.175,0.0771937038319495,0.0,0.0771937038319495,0.0,4.347718612938596,4.421052631578949,0.0,0.0,2.427193703831949,0.0,0.0771937038319495,0.4247588981705911,0.0007719370383194,0.0,-0.0132001233552634,0.4255308352089106,0.4123307118536472,0.0,0.0,-6.938893903907227e-17,0.4255308352089106,deterministic,False,9.210776281772096,9.210776281772096,9.210776281772096,9.210776281772096,0.0,4.440892098500626e-16,0.0385653000557795,0.0,True,planned,sampled,2.5,42,planned_48h,winter,0.0,True,2017-01-01 16:00:00+00:00,2017-01-01 16:00:00+00:00,0.0,0.0035807291666666,0.0035807291666666,0.0035807291666666,0.0035807291666666,0.0035807291666666,0.0035807291666666,0.0,0.0035807291666666,True,1.0,9.210776281772096,9.210776281772096,0.0,False,,,,,,,,,,,,,,,,,,,,,,,,,,,,,
2017-01-01 17:00:00+00:00,3.2,0.0,0.2,0.0,0.7000000000000002,0.0,0.7000000000000002,4.421052631578949,3.684210526315791,0.0,0.0,2.5,0.0,0.7000000000000002,0.5,0.007,0.0,0.1326315789473684,0.507,0.6396315789473684,0.0,0.0,0.0,0.507,deterministic,False,9.166195814059076,9.166195814059076,9.166195814059076,9.166195814059076,0.0,2.220446049250313e-16,0.0380184999667108,0.0,True,planned,sampled,2.5,42,planned_48h,winter,0.0,True,2017-01-01 17:00:00+00:00,2017-01-01 17:00:00+00:00,0.0,0.0,0.0,0.0,0.0,0.0,0.0,0.0,0.0,False,1.0,9.166195814059076,9.166195814059076,0.0,False,,,,,,,,,,,,,,,,,,,,,,,,,,,,,
2017-01-01 18:00:00+00:00,3.2,0.0,0.2,0.0,0.7000000000000002,0.0,0.7000000000000002,3.684210526315791,2.9473684210526327,0.0,0.0,2.5,0.0,0.7000000000000002,0.5,0.007,0.0,0.1326315789473684,0.507,0.6396315789473684,0.0,0.0,0.0,0.507,deterministic,False,9.115346377460988,9.115346377460988,9.115346377460988,9.115346377460988,0.0,2.220446049250313e-16,0.0389474999392405,0.0,True,planned,sampled,2.5,42,planned_48h,winter,0.0,True,2017-01-01 18:00:00+00:00,2017-01-01 18:00:00+00:00,0.0,0.0,0.0,0.0,0.0,0.0,0.0,0.0,0.0,False,1.0,9.115346377460988,9.115346377460988,0.0,False,,,,,,,,,,,,,,,,,,,,,,,,,,,,,
2017-01-01 19:00:00+00:00,3.2,0.0,0.2,0.0,0.7000000000000005,0.0,0.7000000000000005,2.9473684210526327,2.2105263157894743,0.0,0.0,2.5,0.0,0.7000000000000005,0.4999999999999999,0.007,0.0,0.1326315789473685,0.5069999999999999,0.6396315789473684,0.0,0.0,0.0,0.5069999999999999,deterministic,False,9.065714798513618,9.065714798513618,9.065714798513618,9.065714798513618,0.0,2.220446049250313e-16,0.0392609999980777,0.0,True,planned,sampled,2.5,42,planned_48h,winter,0.0,True,2017-01-01 19:00:00+00:00,2017-01-01 19:00:00+00:00,0.0,0.0,0.0,0.0,0.0,0.0,0.0,0.0,0.0,False,1.0,9.065714798513618,9.065714798513618,0.0,False,,,,,,,,,,,,,,,,,,,,,,,,,,,,,
2017-01-01 20:00:00+00:00,3.2,0.0,0.2,0.0,0.7000000000000003,0.0,0.7000000000000003,2.2105263157894743,1.4736842105263162,0.0,0.0,2.5,0.0,0.7000000000000003,0.5,0.007,0.0,0.1326315789473684,0.507,0.6396315789473684,0.0,0.0,0.0,0.507,deterministic,False,9.016083219566248,9.016083219566248,9.016083219566248,9.016083219566248,0.0,2.220446049250313e-16,0.0379860999528318,0.0,True,planned,sampled,2.5,42,planned_48h,winter,0.0,True,2017-01-01 20:00:00+00:00,2017-01-01 20:00:00+00:00,0.0,0.0,0.0,0.0,0.0,0.0,0.0,0.0,0.0,False,1.0,9.016083219566248,9.016083219566248,0.0,False,,,,,,,,,,,,,,,,,,,,,,,,,,,,,
2017-01-01 21:00:00+00:00,3.2,0.0,0.2,0.0,0.7000000000000002,0.0,0.7000000000000002,1.4736842105263162,0.7368421052631581,0.0,0.0,2.5,0.0,0.7000000000000002,0.5,0.007,0.0,0.1326315789473684,0.507,0.6396315789473684,0.0,0.0,0.0,0.507,deterministic,False,8.966451640618882,8.966451640618882,8.966451640618882,8.966451640618882,0.0,0.0,0.0309252999722957,0.0,True,planned,sampled,2.5,42,planned_48h,winter,0.0,True,2017-01-01 21:00:00+00:00,2017-01-01 21:00:00+00:00,0.0,0.0,0.0,0.0,0.0,0.0,0.0,0.0,0.0,False,1.0,8.966451640618882,8.966451640618882,0.0,False,,,,,,,,,,,,,,,,,,,,,,,,,,,,,
2017-01-01 22:00:00+00:00,3.2,0.0,0.16,0.0,0.7000000000000002,0.0,0.7000000000000001,0.7368421052631581,1.1102230246251563e-16,0.0,0.0,2.5,0.0,0.7000000000000001,0.4,0.007,0.0,0.1326315789473684,0.407,0.5396315789473685,0.0,1.1102230246251563e-16,0.0,0.407,deterministic,False,8.916820061671514,8.916820061671514,8.916820061671514,8.916820061671514,0.0,6.661338147750939e-16,0.0321431000484153,0.0,True,planned,sampled,2.5,42,planned_48h,winter,0.0,True,2017-01-01 22:00:00+00:00,2017-01-01 22:00:00+00:00,0.0,0.0,0.0,0.0,0.0,0.0,0.0,0.0,0.0,False,1.0,8.916820061671514,8.916820061671514,0.0,False,,,,,,,,,,,,,,,,,,,,,,,,,,,,,
2017-01-01 23:00:00+00:00,2.35,0.0,0.16,0.1499999999999998,0.0,0.1499999999999998,0.0,1.1102230246251563e-16,0.1424999999999999,0.0,0.0,2.5,0.0,0.1499999999999998,0.4,0.0014999999999999,0.0,-0.0256499999999999,0.4015,0.3758500000000001,0.0,0.0,8.326672684688674e-17,0.4015,deterministic,False,8.872974192442326,8.872974192442326,8.872974192442326,8.872974192442326,0.0,1.1102230246251563e-16,0.0335770000237971,0.0,True,planned,sampled,2.5,42,planned_48h,winter,0.0,True,2017-01-01 23:00:00+00:00,2017-01-01 23:00:00+00:00,0.0,0.0,0.0,0.0,0.0,0.0,0.0,0.0,0.0,False,1.0,8.872974192442326,8.872974192442326,0.0,False,,,,,,,,,,,,,,,,,,,,,,,,,,,,,
2017-01-02 00:00:00+00:00,2.1,0.0,0.16,0.3999999999999999,0.0,0.3999999999999999,0.0,0.1424999999999999,0.5224999999999999,0.0,0.0,2.5,0.0,0.3999999999999999,0.4,0.0039999999999999,0.0,-0.0683999999999999,0.404,0.3356,0.0,0.0,0.0,0.404,deterministic,False,8.832724192442328,8.832724192442328,8.832724192442328,8.832724192442328,0.0,2.220446049250313e-16,0.0365907000377774,0.0,True,planned,sampled,2.5,42,planned_48h,winter,0.0,True,2017-01-02 00:00:00+00:00,2017-01-02 00:00:00+00:00,0.0,0.0,0.0,0.0,0.0,0.0,0.0,0.0,0.0,False,1.0,8.832724192442328,8.832724192442328,0.0,False,,,,,,,,,,,,,,,,,,,,,,,,,,,,,
2017-01-02 01:00:00+00:00,2.1,0.0,0.16,0.3999999999999999,0.0,0.3999999999999999,0.0,0.5224999999999999,0.9024999999999996,0.0,0.0,2.5,0.0,0.3999999999999999,0.4,0.0039999999999999,0.0,-0.0683999999999999,0.404,0.3356,0.0,0.0,0.0,0.404,deterministic,False,8.832724192442326,8.832724192442326,8.832724192442326,8.832724192442326,0.0,0.0,0.0335135000059381,0.0,True,planned,sampled,2.5,42,planned_48h,winter,0.0,True,2017-01-02 01:00:00+00:00,2017-01-02 01:00:00+00:00,0.0,0.0,0.0,0.0,0.0,0.0,0.0,0.0,0.0,False,1.0,8.832724192442326,8.832724192442326,0.0,False,,,,,,,,,,,,,,,,,,,,,,,,,,,,,
2017-01-02 02:00:00+00:00,2.1,0.0,0.16,0.3999999999999999,0.0,0.3999999999999999,0.0,0.9024999999999996,1.2824999999999998,0.0,0.0,2.5,0.0,0.3999999999999999,0.4,0.0039999999999999,0.0,-0.0684,0.404,0.3356,0.0,0.0,0.0,0.404,deterministic,False,8.832724192442326,8.832724192442326,8.832724192442326,8.832724192442326,0.0,0.0,0.0367399998940527,0.0,True,planned,sampled,2.5,42,planned_48h,winter,0.0,True,2017-01-02 02:00:00+00:00,2017-01-02 02:00:00+00:00,0.0,0.0,0.0,0.0,0.0,0.0,0.0,0.0,0.0,False,1.0,8.832724192442326,8.832724192442326,0.0,False,,,,,,,,,,,,,,,,,,,,,,,,,,,,,
2017-01-02 03:00:00+00:00,2.1,0.0,0.16,0.3999999999999999,0.0,0.3999999999999999,0.0,1.2824999999999998,1.6624999999999996,0.0,0.0,2.5,0.0,0.3999999999999999,0.4,0.0039999999999999,0.0,-0.0683999999999999,0.404,0.3356,0.0,0.0,0.0,0.404,deterministic,False,8.832724192442328,8.832724192442328,8.832724192442328,8.832724192442328,0.0,0.0,0.0340353000210598,0.0,True,planned,sampled,2.5,42,planned_48h,winter,0.0,True,2017-01-02 03:00:00+00:00,2017-01-02 03:00:00+00:00,0.0,0.0,0.0,0.0,0.0,0.0,0.0,0.0,0.0,False,1.0,8.832724192442328,8.832724192442328,0.0,False,,,,,,,,,,,,,,,,,,,,,,,,,,,,,
2017-01-02 04:00:00+00:00,2.1,0.0,0.16,0.3999999999999999,0.0,0.3999999999999999,0.0,1.6624999999999996,2.0424999999999995,0.0,0.0,2.5,0.0,0.3999999999999999,0.4,0.0039999999999999,0.0,-0.0683999999999999,0.404,0.3356,0.0,0.0,0.0,0.404,deterministic,False,8.832724192442328,8.832724192442328,8.832724192442328,8.832724192442328,0.0,0.0,0.0330405998975038,0.0,True,planned,sampled,2.5,42,planned_48h,winter,0.0,True,2017-01-02 04:00:00+00:00,2017-01-02 04:00:00+00:00,0.0,0.0,0.0,0.0,0.0,0.0,0.0,0.0,0.0,False,1.0,8.832724192442328,8.832724192442328,0.0,False,,,,,,,,,,,,,,,,,,,,,,,,,,,,,
2017-01-02 05:00:00+00:00,2.1,0.0,0.16,0.4000488281250001,0.0,0.3999999999999999,0.0,2.0424999999999995,2.4224999999999994,0.0,0.0,2.5,0.0,0.3999999999999999,0.4,0.0039999999999999,0.0,-0.0683999999999999,0.404,0.3356,4.882812500017764e-05,0.0,0.0,0.404,deterministic,False,8.832724192442328,8.832724192442328,8.832724192442328,8.832724192442328,0.0,0.0,0.0324180999305099,0.0,True,planned,sampled,2.5,42,planned_48h,winter,0.0,True,2017-01-02 05:00:00+00:00,2017-01-02 05:00:00+00:00,0.0,4.8828125e-05,4.8828125e-05,4.8828125e-05,4.8828125e-05,4.8828125e-05,4.8828125e-05,0.0,4.8828125e-05,True,1.0,8.832724192442328,8.832724192442328,0.0,False,,,,,,,,,,,,,,,,,,,,,,,,,,,,,
2017-01-02 06:00:00+00:00,2.5500000000000003,0.0,0.16,0.0,0.0358398437500002,0.0,0.0358398437500002,2.4224999999999994,2.3847738486842096,0.0,0.0,2.5,0.01416015625,0.0358398437500002,0.4,0.0003583984375,0.1416015625,0.0067907072368421,0.5419599609375001,0.5487506681743423,0.0,0.0,0.0,0.4003583984375,deterministic,False,8.832724876036076,8.832724876036076,8.832724876036076,8.832724876036076,0.0,0.0,0.0299733000574633,0.0,True,planned,sampled,2.5,42,planned_48h,winter,0.0,True,2017-01-02 06:00:00+00:00,2017-01-02 06:00:00+00:00,0.0,0.01416015625,0.01416015625,0.01416015625,0.01416015625,0.01416015625,0.01416015625,0.0,0.01416015625,True,1.0,8.832724876036076,8.832724876036076,0.0,False,,,,,,,,,,,,,,,,,,,,,,,,,,,,,
2017-01-02 07:00:00+00:00,2.5500000000000003,0.0,0.16,0.0535737537202378,0.0,0.0,0.0,2.3847738486842096,2.3847738486842096,0.0,0.0,2.5,0.0500000000000002,0.0,0.4,0.0,0.5000000000000027,-0.0,0.9000000000000027,0.9000000000000027,0.0535737537202378,0.0,0.0,0.4,deterministic,False,8.832724876036078,8.832724876036078,8.832724876036078,8.832724876036078,0.0,0.0,0.0321141000604257,0.0,True,planned,sampled,2.5,42,planned_48h,winter,0.0,True,2017-01-02 07:00:00+00:00,2017-01-02 07:00:00+00:00,0.0,0.1035737537202381,0.1035737537202381,0.1035737537202381,0.1035737537202381,0.1035737537202381,0.1035737537202381,0.0,0.1035737537202381,True,1.0,8.832724876036078,8.832724876036078,0.0,False,,,,,,,,,,,,,,,,,,,,,,,,,,,,,
2017-01-02 08:00:00+00:00,2.5500000000000003,0.0498046875,0.175,0.0,0.0,0.0,0.0,2.3847738486842096,2.3847738486842096,0.0498046875,0.0,2.5,0.0001953125000002,0.0,0.4375,0.0,0.0019531250000026,-0.0,0.4394531250000026,0.4394531250000026,0.0,0.0,0.0,0.4375,deterministic,False,8.834008355853786,8.834008355853786,8.834008355853786,8.834008355853786,0.0,8.881784197001252e-16,0.0332101000240072,0.0,True,planned,sampled,2.5,42,planned_48h,winter,0.0,True,2017-01-02 08:00:00+00:00,2017-01-02 08:00:00+00:00,0.0,0.3536446707589286,0.3536446707589286,0.3536446707589286,0.3536446707589286,0.3536446707589286,0.3536446707589286,0.0,0.3038399832589286,True,1.0,8.834008355853786,8.834008355853786,0.0,False,,,,,,,,,,,,,,,,,,,,,,,,,,,,,
2017-01-02 09:00:00+00:00,2.1,0.1552734375,0.175,0.0,0.0,0.0,0.0,2.3847738486842096,2.3847738486842096,0.1552734375,0.0,1.9447265625,0.0,0.0,0.3403271484375,0.0,0.0,-0.0,0.3403271484375,0.3403271484375,0.0,0.0,0.0,0.3403271484375,deterministic,False,8.837536269265243,8.837536269265243,8.837536269265243,8.837536269265243,0.0,0.0,0.0396231999620795,0.0,True,planned,sampled,2.5,42,planned_48h,winter,0.0,True,2017-01-02 09:00:00+00:00,2017-01-02 09:00:00+00:00,0.0,0.6747791108630952,0.6747791108630952,0.6747791108630952,0.6747791108630952,0.6747791108630952,0.6747791108630952,0.0,0.5195056733630952,True,1.0,8.837536269265243,8.837536269265243,0.0,False,,,,,,,,,,,,,,,,,,,,,,,,,,,,,
2017-01-02 10:00:00+00:00,2.1,0.1953125,0.175,0.0,0.0,0.0,0.0,2.3847738486842096,2.3847738486842096,0.1953125,0.0,1.9046875,0.0,0.0,0.3333203125,0.0,0.0,-0.0,0.3333203125,0.3333203125,0.0,0.0,0.0,0.3333203125,deterministic,False,8.844307102598577,8.844307102598577,8.844307102598577,8.844307102598577,0.0,0.0,0.0426085999934002,0.0,True,planned,sampled,2.5,42,planned_48h,winter,0.0,True,2017-01-02 10:00:00+00:00,2017-01-02 10:00:00+00:00,0.0,1.0505359468005953,1.0505359468005953,1.0505359468005953,1.0505359468005953,1.0505359468005953,1.0505359468005953,0.0,0.8552234468005953,True,1.0,8.844307102598577,8.844307102598577,0.0,False,,,,,,,,,,,,,,,,,,,,,,,,,,,,,
2017-01-02 11:00:00+00:00,2.1,0.705078125,0.175,0.0,0.0,0.0,0.0,2.3847738486842096,2.3847738486842096,0.705078125,0.0,1.394921875,0.0,0.0,0.244111328125,0.0,0.0,-0.0,0.244111328125,0.244111328125,0.0,0.0,0.0,0.244111328125,deterministic,False,8.861140598692328,8.861140598692328,8.861140598692328,8.861140598692328,0.0,0.0,0.0399175999918952,0.0,True,planned,sampled,2.5,42,planned_48h,winter,0.0,True,2017-01-02 11:00:00+00:00,2017-01-02 11:00:00+00:00,0.0,1.2465297154017856,1.2465297154017856,1.2465297154017856,1.2465297154017856,1.2465297154017856,1.2465297154017856,0.0,0.5414515904017856,True,1.0,8.861140598692328,8.861140598692328,0.0,False,,,,,,,,,,,,,,,,,,,,,,,,,,,,,
2017-01-02 12:00:00+00:00,2.1,1.57421875,0.175,0.0,0.0,0.0,0.0,2.3847738486842096,2.3847738486842096,1.57421875,0.0,0.5257812500000001,0.0,0.0,0.09201171875,0.0,0.0,-0.0,0.09201171875,0.09201171875,0.0,0.0,0.0,0.09201171875,deterministic,False,8.878029026426704,8.878029026426704,8.878029026426704,8.878029026426704,0.0,0.0,0.0403722999617457,0.0,True,planned,sampled,2.5,42,planned_48h,winter,0.0,True,2017-01-02 12:00:00+00:00,2017-01-02 12:00:00+00:00,0.0,1.3270763578869047,1.3270763578869047,1.3270763578869047,1.3270763578869047,1.3270763578869047,1.3270763578869047,0.0,-0.2471423921130953,True,1.0,8.878029026426704,8.878029026426704,0.0,False,,,,,,,,,,,,,,,,,,,,,,,,,,,,,
2017-01-02 13:00:00+00:00,2.1,0.375,0.175,0.0778207597530018,0.0,0.0778207597530018,0.0,2.3847738486842096,2.458703570449561,0.375,0.0,1.802820759753002,0.0,0.0778207597530018,0.3154936329567753,0.00077820759753,0.0,-0.0133073499177632,0.3162718405543053,0.302964490636542,0.0,0.0,0.0,0.3162718405543053,deterministic,False,8.875577447650663,8.875577447650663,8.875577447650663,8.875577447650663,0.0,8.881784197001252e-16,0.0426684999838471,0.0,True,planned,sampled,2.5,42,planned_48h,winter,0.0,True,2017-01-02 13:00:00+00:00,2017-01-02 13:00:00+00:00,0.0,1.1002383277529764,1.1002383277529764,1.1002383277529764,1.1002383277529764,1.1002383277529764,1.1002383277529764,0.0,0.7252383277529764,True,1.0,8.875577447650663,8.875577447650663,0.0,False,,,,,,,,,,,,,,,,,,,,,,,,,,,,,
2017-01-02 14:00:00+00:00,2.1,0.0302734375,0.175,0.0,0.0,0.0,0.0,2.458703570449561,2.458703570449561,0.0302734375,0.0,2.0697265625,0.0,0.0,0.3622021484375,0.0,0.0,-0.0,0.3622021484375,0.3622021484375,0.0,0.0,0.0,0.3622021484375,deterministic,False,8.859697104149536,8.859697104149536,8.859697104149536,8.859697104149536,0.0,1.3322676295501878e-15,0.0394930000184103,0.0,True,planned,sampled,2.5,42,planned_48h,winter,0.0,True,2017-01-02 14:00:00+00:00,2017-01-02 14:00:00+00:00,0.0,0.6796212332589285,0.6796212332589285,0.6796212332589285,0.6796212332589285,0.6796212332589285,0.6796212332589285,0.0,0.6493477957589285,True,1.0,8.859697104149536,8.859697104149536,0.0,False,,,,,,,,,,,,,,,,,,,,,,,,,,,,,
2017-01-02 15:00:00+00:00,2.1,0.0,0.175,0.0,0.0,0.0,0.0,2.458703570449561,2.458703570449561,0.0,0.0,2.1,0.0,0.0,0.3675,0.0,0.0,-0.0,0.3675,0.3675,0.0,0.0,0.0,0.3675,deterministic,False,8.877010743472452,8.877010743472452,8.877010743472452,8.877010743472452,0.0,1.3322676295501878e-15,0.0375523999100551,0.0,True,planned,sampled,2.5,42,planned_48h,winter,0.0,True,2017-01-02 15:00:00+00:00,2017-01-02 15:00:00+00:00,0.0,0.1114769345238095,0.1114769345238095,0.1114769345238095,0.1114769345238095,0.1114769345238095,0.1114769345238095,0.0,0.1114769345238095,True,1.0,8.877010743472452,8.877010743472452,0.0,False,,,,,,,,,,,,,,,,,,,,,,,,,,,,,
2017-01-02 16:00:00+00:00,2.1,0.0,0.175,0.4035807291666677,0.0,0.3999999999999999,0.0,2.458703570449561,2.838703570449561,0.0,0.0,2.5,0.0,0.3999999999999999,0.4375,0.0039999999999999,0.0,-0.0683999999999999,0.4415,0.3731,0.0035807291666678,0.0,0.0,0.4415,deterministic,False,8.883832439435995,8.883832439435995,8.883832439435995,8.883832439435995,0.0,1.3322676295501878e-15,0.0370177999138832,0.0,True,planned,sampled,2.5,42,planned_48h,winter,0.0,True,2017-01-02 16:00:00+00:00,2017-01-02 16:00:00+00:00,0.0,0.0035807291666666,0.0035807291666666,0.0035807291666666,0.0035807291666666,0.0035807291666666,0.0035807291666666,0.0,0.0035807291666666,True,1.0,8.883832439435995,8.883832439435995,0.0,False,,,,,,,,,,,,,,,,,,,,,,,,,,,,,
2017-01-02 17:00:00+00:00,2.95,0.0,0.2,0.0,0.4500000000000002,0.0,0.4500000000000002,2.838703570449561,2.365019359923245,0.0,0.0,2.5,0.0,0.4500000000000002,0.5,0.0045,0.0,0.0852631578947368,0.5045,0.5897631578947368,0.0,0.0,0.0,0.5045,deterministic,False,8.910226083641735,8.910226083641735,8.910226083641735,8.910226083641735,0.0,0.0,0.0373000000836327,0.0,True,planned,sampled,2.5,42,planned_48h,winter,0.0,True,2017-01-02 17:00:00+00:00,2017-01-02 17:00:00+00:00,0.0,0.0,0.0,0.0,0.0,0.0,0.0,0.0,0.0,False,1.0,8.910226083641735,8.910226083641735,0.0,False,,,,,,,,,,,,,,,,,,,,,,,,,,,,,
2017-01-02 18:00:00+00:00,2.95,0.0,0.2,0.0,0.4500000000000002,0.0,0.4500000000000002,2.365019359923245,1.8913351493969293,0.0,0.0,2.5,0.0,0.4500000000000002,0.5,0.0045,0.0,0.0852631578947368,0.5045,0.5897631578947368,0.0,0.0,0.0,0.5045,deterministic,False,8.90912837236525,8.90912837236525,8.90912837236525,8.90912837236525,0.0,0.0,0.0368841000599786,0.0,True,planned,sampled,2.5,42,planned_48h,winter,0.0,True,2017-01-02 18:00:00+00:00,2017-01-02 18:00:00+00:00,0.0,0.0,0.0,0.0,0.0,0.0,0.0,0.0,0.0,False,1.0,8.90912837236525,8.90912837236525,0.0,False,,,,,,,,,,,,,,,,,,,,,,,,,,,,,
2017-01-02 19:00:00+00:00,2.95,0.0,0.2,0.0,0.4500000000000002,0.0,0.4500000000000002,1.8913351493969293,1.417650938870613,0.0,0.0,2.5,0.0,0.4500000000000002,0.5,0.0045,0.0,0.0852631578947368,0.5045,0.5897631578947368,0.0,0.0,0.0,0.5045,deterministic,False,8.909365214470514,8.909365214470514,8.909365214470514,8.909365214470514,0.0,0.0,0.0362531999126076,0.0,True,planned,sampled,2.5,42,planned_48h,winter,0.0,True,2017-01-02 19:00:00+00:00,2017-01-02 19:00:00+00:00,0.0,0.0,0.0,0.0,0.0,0.0,0.0,0.0,0.0,False,1.0,8.909365214470514,8.909365214470514,0.0,False,,,,,,,,,,,,,,,,,,,,,,,,,,,,,
2017-01-02 20:00:00+00:00,2.95,0.0,0.2,0.0,0.4500000000000002,0.0,0.4500000000000002,1.417650938870613,0.9439667283442974,0.0,0.0,2.5,0.0,0.4500000000000002,0.5,0.0045,0.0,0.0852631578947368,0.5045,0.5897631578947368,0.0,0.0,0.0,0.5045,deterministic,False,8.909602056575777,8.909602056575777,8.909602056575777,8.909602056575777,0.0,0.0,0.0349445000756531,0.0,True,planned,sampled,2.5,42,planned_48h,winter,0.0,True,2017-01-02 20:00:00+00:00,2017-01-02 20:00:00+00:00,0.0,0.0,0.0,0.0,0.0,0.0,0.0,0.0,0.0,False,1.0,8.909602056575777,8.909602056575777,0.0,False,,,,,,,,,,,,,,,,,,,,,,,,,,,,,
2017-01-02 21:00:00+00:00,2.95,0.0,0.2,0.0,0.4500000000000002,0.0,0.4500000000000002,0.9439667283442974,0.4702825178179814,0.0,0.0,2.5,0.0,0.4500000000000002,0.5,0.0045,0.0,0.0852631578947368,0.5045,0.5897631578947369,0.0,0.0,0.0,0.5045,deterministic,False,8.909838898681041,8.909838898681041,8.909838898681041,8.909838898681041,0.0,0.0,0.0314677000278607,0.0,True,planned,sampled,2.5,42,planned_48h,winter,0.0,True,2017-01-02 21:00:00+00:00,2017-01-02 21:00:00+00:00,0.0,0.0,0.0,0.0,0.0,0.0,0.0,0.0,0.0,False,1.0,8.909838898681041,8.909838898681041,0.0,False,,,,,,,,,,,,,,,,,,,,,,,,,,,,,
2017-01-02 22:00:00+00:00,2.95,0.0,0.16,0.0,0.4467683919270822,0.0,0.4467683919270822,0.4702825178179814,1.6653345369377348e-16,0.0,0.0,2.5,0.0032316080729177,0.4467683919270822,0.4,0.0044676839192708,0.0323160807291778,0.0846508532072366,0.4367837646484486,0.5214346178556852,0.0,0.0,0.0,0.4044676839192708,deterministic,False,8.910075740786304,8.910075740786304,8.910075740786304,8.910075740786304,0.0,6.661338147750939e-16,0.0355266999686136,0.0,True,planned,sampled,2.5,42,planned_48h,winter,0.0,True,2017-01-02 22:00:00+00:00,2017-01-02 22:00:00+00:00,0.0,0.0,0.0,0.0,0.0,0.0,0.0,0.0,0.0,False,1.0,8.910075740786304,8.910075740786304,0.0,False,,,,,,,,,,,,,,,,,,,,,,,,,,,,,
2017-01-02 23:00:00+00:00,2.1,0.0,0.16,0.3999999999999998,0.0,0.3999999999999998,0.0,1.6653345369377348e-16,0.3799999999999999,0.0,0.0,2.5,0.0,0.3999999999999998,0.4,0.0039999999999999,0.0,-0.0683999999999999,0.404,0.3356,0.0,0.0,1.1102230246251563e-16,0.404,deterministic,False,8.881104075254827,8.881104075254827,8.881104075254827,8.881104075254827,0.0,0.0,0.0321418000385165,0.0,True,planned,sampled,2.5,42,planned_48h,winter,0.0,True,2017-01-02 23:00:00+00:00,2017-01-02 23:00:00+00:00,0.0,0.0,0.0,0.0,0.0,0.0,0.0,0.0,0.0,False,1.0,8.881104075254827,8.881104075254827,0.0,False,,,,,,,,,,,,,,,,,,,,,,,,,,,,,
2017-01-01 00:00:00+00:00,2.35,0.0,0.16,0.1499999999999999,0.0,0.1499999999999999,0.0,4.0,4.1425,0.0,0.0,2.5,0.0,0.1499999999999999,0.4,0.0014999999999999,0.0,-0.02565,0.4015,0.37585,0.0,0.0,0.0,0.4015,stochastic,False,9.986733170086792,10.754745033443498,10.900573418589648,9.986733170086792,0.0,7.194245199571014e-14,0.2776840999722481,0.0,True,planned,sampled,2.5,42,planned_48h,winter,0.0,True,2017-01-01 00:00:00+00:00,2017-01-01 00:00:00+00:00,0.0,0.0,0.0,0.0,0.0,0.0,0.0,0.0,0.0,False,12.0,9.986733170086792,10.900573418589648,0.0,False,,,,,,,,,,,,,,,,,,,,,,,,,,,,,
2017-01-01 01:00:00+00:00,2.35,0.0,0.16,0.1499999999999999,0.0,0.1499999999999999,0.0,4.1425,4.285,0.0,0.0,2.5,0.0,0.1499999999999999,0.4,0.0014999999999999,0.0,-0.02565,0.4015,0.37585,0.0,0.0,0.0,0.4015,stochastic,False,10.122289220420193,10.845166865547402,10.882102057273633,10.122289220420193,0.0,3.1308289294429414e-14,0.3368829999817535,0.0,True,planned,sampled,2.5,42,planned_48h,winter,0.0,True,2017-01-01 01:00:00+00:00,2017-01-01 01:00:00+00:00,0.0,0.0,0.0,0.0,0.0,0.0,0.0,0.0,0.0,False,12.0,10.122289220420193,10.882102057273633,0.0,False,,,,,,,,,,,,,,,,,,,,,,,,,,,,,
2017-01-01 02:00:00+00:00,2.35,0.0,0.16,0.1499999999999999,0.0,0.1499999999999999,0.0,4.285,4.4275,0.0,0.0,2.5,0.0,0.1499999999999999,0.4,0.0014999999999999,0.0,-0.02565,0.4015,0.37585,0.0,0.0,0.0,0.4015,stochastic,False,9.952859809889778,10.723977383052098,10.791426951798185,9.952859809889778,0.0,5.728750807065809e-14,0.3157045999541878,0.0,True,planned,sampled,2.5,42,planned_48h,winter,0.0,True,2017-01-01 02:00:00+00:00,2017-01-01 02:00:00+00:00,0.0,0.0,0.0,0.0,0.0,0.0,0.0,0.0,0.0,False,12.0,9.952859809889778,10.791426951798185,0.0,False,,,,,,,,,,,,,,,,,,,,,,,,,,,,,
2017-01-01 03:00:00+00:00,2.35,0.0,0.16,0.1499999999999999,0.0,0.1499999999999999,0.0,4.4275,4.57,0.0,0.0,2.5,0.0,0.1499999999999999,0.4,0.0014999999999999,0.0,-0.02565,0.4015,0.37585,0.0,0.0,0.0,0.4015,stochastic,False,9.854969612304943,10.779220178053585,10.779220178053585,9.854969612304943,0.0,5.440092820663267e-15,0.360944400075823,0.0,True,planned,sampled,2.5,42,planned_48h,winter,0.0,True,2017-01-01 03:00:00+00:00,2017-01-01 03:00:00+00:00,0.0,0.0,0.0,0.0,0.0,0.0,0.0,0.0,0.0,False,12.0,9.854969612304943,10.779220178053585,0.0,False,,,,,,,,,,,,,,,,,,,,,,,,,,,,,
2017-01-01 04:00:00+00:00,2.35,0.0,0.16,0.1499999999999999,0.0,0.1499999999999999,0.0,4.57,4.7125,0.0,0.0,2.5,0.0,0.1499999999999999,0.4,0.0014999999999999,0.0,-0.02565,0.4015,0.37585,0.0,0.0,0.0,0.4015,stochastic,False,9.96930861634452,10.610017029286826,10.742285417896868,9.96930861634452,0.0,3.552713678800501e-15,0.3044332000426948,0.0,True,planned,sampled,2.5,42,planned_48h,winter,0.0,True,2017-01-01 04:00:00+00:00,2017-01-01 04:00:00+00:00,0.0,0.0,0.0,0.0,0.0,0.0,0.0,0.0,0.0,False,12.0,9.96930861634452,10.742285417896868,0.0,False,,,,,,,,,,,,,,,,,,,,,,,,,,,,,
2017-01-01 05:00:00+00:00,2.35,0.0,0.16,0.1499999999999999,0.0,0.1499999999999999,0.0,4.7125,4.855,0.0,0.0,2.5,0.0,0.1499999999999999,0.4,0.0014999999999999,0.0,-0.02565,0.4015,0.37585,0.0,0.0,0.0,0.4015,stochastic,False,9.89889134067887,10.569767029286826,10.569767029286828,9.89889134067887,0.0,3.552713678800501e-15,0.2966357000404969,0.0,True,planned,sampled,2.5,42,planned_48h,winter,0.0,True,2017-01-01 05:00:00+00:00,2017-01-01 05:00:00+00:00,0.0,4.8828125e-05,0.0,0.0,0.0,0.0,0.0,0.0,4.8828125e-05,True,12.0,9.89889134067887,10.569767029286828,0.0,False,,,,,,,,,,,,,,,,,,,,,,,,,,,,,
2017-01-01 06:00:00+00:00,2.8000000000000003,0.0,0.16,0.0,0.3000000000000002,0.0,0.3000000000000002,4.855,4.53921052631579,0.0,0.0,2.5,0.0,0.3000000000000002,0.4,0.003,0.0,0.0568421052631579,0.403,0.4598421052631579,0.0,0.0,0.0,0.403,stochastic,False,9.9777187845101,10.529517029286827,10.529517029286827,9.9777187845101,0.0,2.664535259100376e-15,0.2388035000767558,0.0,True,planned,sampled,2.5,42,planned_48h,winter,0.0,True,2017-01-01 06:00:00+00:00,2017-01-01 06:00:00+00:00,0.0,0.01416015625,0.0,0.0,0.0,0.0,0.0,0.0,0.01416015625,True,12.0,9.9777187845101,10.529517029286827,0.0,False,,,,,,,,,,,,,,,,,,,,,,,,,,,,,
2017-01-01 07:00:00+00:00,2.8000000000000003,0.0,0.16,0.0,0.3000000000000002,0.0,0.3000000000000002,4.53921052631579,4.223421052631579,0.0,0.0,2.5,0.0,0.3000000000000002,0.4,0.003,0.0,0.0568421052631579,0.403,0.4598421052631579,0.0,0.0,0.0,0.403,stochastic,False,10.061615656109334,10.671504589032203,10.671504589032203,10.061615656109334,0.0,1.3322676295501878e-15,0.3025150999892503,0.0,True,planned,sampled,2.5,42,planned_48h,winter,0.0,True,2017-01-01 07:00:00+00:00,2017-01-01 07:00:00+00:00,0.0,0.1039225260416666,0.009550548735119,0.0,0.0194614955357142,0.0,0.0145786830357142,0.0063202868607309,0.1039225260416666,True,12.0,10.061615656109334,10.671504589032203,0.0,False,,,,,,,,,,,,,,,,,,,,,,,,,,,,,
2017-01-01 08:00:00+00:00,2.8000000000000003,0.0654296875,0.175,0.0,0.3000000000000002,0.0,0.3000000000000002,4.223421052631579,3.907631578947369,0.0654296875,0.0,2.4345703125,0.0,0.3000000000000002,0.4260498046875,0.003,0.0,0.0568421052631579,0.4290498046875,0.4858919099506579,0.0,0.0,0.0,0.4290498046875,stochastic,False,9.909768770604297,10.55793987891707,10.611020119802488,9.909768770604297,0.0,1.7763568394002505e-15,0.4008319000713527,0.0,True,planned,sampled,2.5,42,planned_48h,winter,0.0,True,2017-01-01 08:00:00+00:00,2017-01-01 08:00:00+00:00,0.0,0.3493198939732143,0.2581496465773809,0.0,0.5565011160714286,0.0,0.5565011160714286,0.1910106311659347,0.2838902064732143,True,12.0,9.909768770604297,10.611020119802488,0.0,False,,,,,,,,,,,,,,,,,,,,,,,,,,,,,
2017-01-01 09:00:00+00:00,2.35,0.205078125,0.175,0.1816681016892554,0.0,0.1816681016892554,0.0,3.907631578947369,4.080216275552162,0.205078125,0.0,2.3265899766892555,0.0,0.1816681016892554,0.4071532459206197,0.0018166810168925,0.0,-0.0310652453888627,0.4089699269375122,0.3779046815486495,0.0,0.0,-5.551115123125783e-17,0.4089699269375122,stochastic,False,10.010802860804164,10.536830067033849,10.555406969902998,10.010802860804164,0.0,3.552713678800501e-15,0.3528826999245211,0.0,True,planned,sampled,2.5,42,planned_48h,winter,0.0,True,2017-01-01 09:00:00+00:00,2017-01-01 09:00:00+00:00,0.0,0.6690592447916667,0.4411562965029762,0.0373883928571429,1.1761300223214286,0.0929827008928571,1.1761300223214286,0.3605399853834033,0.4639811197916667,True,12.0,10.010802860804164,10.555406969902998,0.0,False,,,,,,,,,,,,,,,,,,,,,,,,,,,,,
2017-01-01 10:00:00+00:00,2.35,0.32421875,0.175,0.0,0.0,0.0,0.0,4.080216275552162,4.080216275552162,0.32421875,0.0,2.02578125,0.0,0.0,0.35451171875,0.0,0.0,-0.0,0.35451171875,0.35451171875,0.0,0.0,0.0,0.35451171875,stochastic,False,9.818134405014815,10.45968754478971,10.462090892024989,9.818134405014815,0.0,8.881784197001252e-16,0.2855102999601513,0.0,True,planned,sampled,2.5,42,planned_48h,winter,0.0,True,2017-01-01 10:00:00+00:00,2017-01-01 10:00:00+00:00,0.0,1.0831112816220236,0.6918480282738094,0.0,2.2894810267857144,0.0048130580357139,1.1101422991071428,0.6075995663794751,0.7588925316220236,True,12.0,9.818134405014815,10.462090892024989,0.0,False,,,,,,,,,,,,,,,,,,,,,,,,,,,,,
2017-01-01 11:00:00+00:00,2.35,0.400390625,0.175,0.048758370535713,0.0,0.048758370535713,0.0,4.080216275552162,4.126536727561089,0.400390625,0.0,1.9983677455357127,0.0,0.048758370535713,0.3497143554687498,0.0004875837053571,0.0,-0.0083376813616069,0.3502019391741069,0.3418642578124999,0.0,0.0,0.0,0.3502019391741069,stochastic,False,9.823254922656169,10.419663846628293,10.443356837650768,9.823254922656169,0.0,3.108624468950439e-15,0.2914318999974057,0.0,True,planned,sampled,2.5,42,planned_48h,winter,0.0,True,2017-01-01 11:00:00+00:00,2017-01-01 11:00:00+00:00,0.0,1.2832903180803572,0.8900030226934524,0.0094168526785716,2.014927455357143,0.0850306919642858,1.7478376116071428,0.6387835296852711,0.8828996930803572,True,12.0,9.823254922656169,10.443356837650768,0.0,False,,,,,,,,,,,,,,,,,,,,,,,,,,,,,
2017-01-01 12:00:00+00:00,2.35,0.9794921875,0.175,0.1499999999999999,0.0,0.1499999999999999,0.0,4.126536727561089,4.269036727561089,0.9794921875,0.0,1.5205078125,0.0,0.1499999999999999,0.2660888671874999,0.0014999999999999,0.0,-0.02565,0.2675888671874999,0.2419388671874999,0.0,0.0,0.0,0.2675888671874999,stochastic,False,9.92891925853452,10.412000221011516,10.413602122595718,9.92891925853452,0.0,4.440892098500626e-15,0.3163708000211045,0.0,True,planned,sampled,2.5,42,planned_48h,winter,0.0,True,2017-01-01 12:00:00+00:00,2017-01-01 12:00:00+00:00,0.0,1.324286179315476,0.8656994047619045,0.0,2.672154017857143,0.0244838169642855,2.389439174107143,0.8987422925188575,0.3447939918154761,True,12.0,9.92891925853452,10.413602122595718,0.0,False,,,,,,,,,,,,,,,,,,,,,,,,,,,,,
2017-01-01 13:00:00+00:00,2.35,1.4052734375,0.175,0.1499999999999999,0.0,0.1499999999999999,0.0,4.269036727561089,4.4115367275610895,1.4052734375,0.0,1.0947265625,0.0,0.1499999999999999,0.1915771484374999,0.0014999999999999,0.0,-0.02565,0.1930771484374999,0.1674271484374999,0.0,0.0,0.0,0.1930771484374999,stochastic,False,9.960942051733744,10.39031872944079,10.39031872944079,9.960942051733744,0.0,4.440892098500626e-16,0.3200095000211149,0.0,True,planned,sampled,2.5,42,planned_48h,winter,0.0,True,2017-01-01 13:00:00+00:00,2017-01-01 13:00:00+00:00,0.0,1.023089890252976,0.7192440941220237,0.0,1.8447265625,0.0945870535714284,1.7369559151785714,0.6841890678351489,-0.3821835472470238,True,12.0,9.960942051733744,10.39031872944079,0.0,False,,,,,,,,,,,,,,,,,,,,,,,,,,,,,
2017-01-01 14:00:00+00:00,2.35,0.5703125,0.175,0.0,0.0,0.0,0.0,4.4115367275610895,4.4115367275610895,0.5703125,0.0,1.7796875,0.0,0.0,0.3114453125,0.0,0.0,-0.0,0.3114453125,0.3114453125,0.0,0.0,0.0,0.3114453125,stochastic,False,9.692256825453931,10.250668778513669,10.331105573014568,9.692256825453931,0.0,1.199040866595169e-14,0.2819591000443324,0.0,True,planned,sampled,2.5,42,planned_48h,winter,0.0,True,2017-01-01 14:00:00+00:00,2017-01-01 14:00:00+00:00,0.0,0.6441859654017856,0.5288260323660714,0.1303710937499999,1.0433872767857142,0.2064034598214285,0.8544921874999999,0.2620125010073954,0.0738734654017856,True,12.0,9.692256825453931,10.331105573014568,0.0,False,,,,,,,,,,,,,,,,,,,,,,,,,,,,,
2017-01-01 15:00:00+00:00,2.35,0.009765625,0.175,0.0100167410714307,0.0,0.0100167410714307,0.0,4.4115367275610895,4.421052631578949,0.009765625,0.0,2.350251116071431,0.0,0.0100167410714307,0.4112939453125003,0.0001001674107143,0.0,-0.0017128627232146,0.4113941127232146,0.40968125,0.0,0.0,-2.4286128663675305e-17,0.4113941127232146,stochastic,False,9.669427680631427,10.10910604783443,10.197845296060787,9.669427680631427,0.0,4.440892098500626e-16,0.2294501999858766,0.0,True,planned,sampled,2.5,42,planned_48h,winter,0.0,True,2017-01-01 15:00:00+00:00,2017-01-01 15:00:00+00:00,0.0,0.1107793898809523,0.0134393601190476,0.0035574776785714,0.0315290178571428,0.0035574776785714,0.0265764508928571,0.008723693713504,0.1010137648809523,True,12.0,9.669427680631427,10.197845296060787,0.0,False,,,,,,,,,,,,,,,,,,,,,,,,,,,,,
2017-01-01 16:00:00+00:00,2.35,0.0,0.175,0.0,0.0,0.0,0.0,4.421052631578949,4.421052631578949,0.0,0.0,2.35,0.0,0.0,0.41125,0.0,0.0,-0.0,0.41125,0.41125,0.0,0.0,0.0,0.41125,stochastic,False,9.488561064526552,10.090218228554786,10.161626442183747,9.488561064526552,0.0,4.440892098500626e-16,0.2236092999810353,0.0,True,planned,sampled,2.5,42,planned_48h,winter,0.0,True,2017-01-01 16:00:00+00:00,2017-01-01 16:00:00+00:00,0.0,0.0035807291666666,0.0,0.0,0.0,0.0,0.0,0.0,0.0035807291666666,True,12.0,9.488561064526552,10.161626442183747,0.0,False,,,,,,,,,,,,,,,,,,,,,,,,,,,,,
2017-01-01 17:00:00+00:00,3.2,0.0,0.2,0.0,0.7000000000000005,0.0,0.7000000000000005,4.421052631578949,3.6842105263157903,0.0,0.0,2.5,0.0,0.7000000000000005,0.4999999999999999,0.007,0.0,0.1326315789473685,0.5069999999999999,0.6396315789473684,0.0,0.0,0.0,0.5069999999999999,stochastic,False,9.340560167263863,10.171197308946192,10.171197308946194,9.340560167263863,0.0,4.440892098500626e-16,0.2361492000054568,0.0,True,planned,sampled,2.5,42,planned_48h,winter,0.0,True,2017-01-01 17:00:00+00:00,2017-01-01 17:00:00+00:00,0.0,0.0,0.0,0.0,0.0,0.0,0.0,0.0,0.0,False,12.0,9.340560167263863,10.171197308946194,0.0,False,,,,,,,,,,,,,,,,,,,,,,,,,,,,,
2017-01-01 18:00:00+00:00,3.2,0.0,0.2,0.0,0.7000000000000001,0.0,0.7000000000000001,3.6842105263157903,2.9473684210526323,0.0,0.0,2.5,0.0,0.7000000000000001,0.5,0.007,0.0,0.1326315789473684,0.507,0.6396315789473684,0.0,0.0,0.0,0.507,stochastic,False,9.649280055061666,10.087497718955593,10.087813357906484,9.649280055061666,0.0,4.440892098500626e-16,0.1546026000287383,0.0,True,planned,sampled,2.5,42,planned_48h,winter,0.0,True,2017-01-01 18:00:00+00:00,2017-01-01 18:00:00+00:00,0.0,0.0,0.0,0.0,0.0,0.0,0.0,0.0,0.0,False,12.0,9.649280055061666,10.087813357906484,0.0,False,,,,,,,,,,,,,,,,,,,,,,,,,,,,,
2017-01-01 19:00:00+00:00,3.2,0.0,0.2,0.0,0.7000000000000001,0.0,0.7000000000000001,2.9473684210526323,2.2105263157894743,0.0,0.0,2.5,0.0,0.7000000000000001,0.5,0.007,0.0,0.1326315789473684,0.507,0.6396315789473684,0.0,0.0,0.0,0.507,stochastic,False,9.76254743279096,10.070793734874291,10.077798245662985,9.76254743279096,0.0,4.440892098500626e-16,0.1552708999952301,0.0,True,planned,sampled,2.5,42,planned_48h,winter,0.0,True,2017-01-01 19:00:00+00:00,2017-01-01 19:00:00+00:00,0.0,0.0,0.0,0.0,0.0,0.0,0.0,0.0,0.0,False,12.0,9.76254743279096,10.077798245662985,0.0,False,,,,,,,,,,,,,,,,,,,,,,,,,,,,,
2017-01-01 20:00:00+00:00,3.2,0.0,0.2,0.0,0.7000000000000003,0.0,0.7000000000000003,2.2105263157894743,1.4736842105263162,0.0,0.0,2.5,0.0,0.7000000000000003,0.5,0.007,0.0,0.1326315789473684,0.507,0.6396315789473684,0.0,0.0,0.0,0.507,stochastic,False,9.287473356314065,9.806449544319785,9.881558826313832,9.287473356314065,0.0,4.440892098500626e-16,0.2698895999928936,0.0,True,planned,sampled,2.5,42,planned_48h,winter,0.0,True,2017-01-01 20:00:00+00:00,2017-01-01 20:00:00+00:00,0.0,0.0,0.0,0.0,0.0,0.0,0.0,0.0,0.0,False,12.0,9.287473356314065,9.881558826313832,0.0,False,,,,,,,,,,,,,,,,,,,,,,,,,,,,,
2017-01-01 21:00:00+00:00,3.2,0.0,0.2,0.0,0.7000000000000002,0.0,0.7000000000000002,1.4736842105263162,0.7368421052631581,0.0,0.0,2.5,0.0,0.7000000000000002,0.5,0.007,0.0,0.1326315789473684,0.507,0.6396315789473684,0.0,0.0,0.0,0.507,stochastic,False,9.3348964824797,9.798571243832235,9.915264359066612,9.3348964824797,0.0,4.440892098500626e-16,0.2097801999188959,0.0,True,planned,sampled,2.5,42,planned_48h,winter,0.0,True,2017-01-01 21:00:00+00:00,2017-01-01 21:00:00+00:00,0.0,0.0,0.0,0.0,0.0,0.0,0.0,0.0,0.0,False,12.0,9.3348964824797,9.915264359066612,0.0,False,,,,,,,,,,,,,,,,,,,,,,,,,,,,,
2017-01-01 22:00:00+00:00,3.2,0.0,0.16,0.0,0.7000000000000002,0.0,0.7000000000000001,0.7368421052631581,1.1102230246251563e-16,0.0,0.0,2.5,0.0,0.7000000000000001,0.4,0.007,0.0,0.1326315789473684,0.407,0.5396315789473685,0.0,1.1102230246251563e-16,0.0,0.407,stochastic,False,9.26591362339444,9.92314598450021,9.951419913984951,9.26591362339444,0.0,5.498041138034348e-15,0.229650399996899,0.0,True,planned,sampled,2.5,42,planned_48h,winter,0.0,True,2017-01-01 22:00:00+00:00,2017-01-01 22:00:00+00:00,0.0,0.0,0.0,0.0,0.0,0.0,0.0,0.0,0.0,False,12.0,9.26591362339444,9.951419913984951,0.0,False,,,,,,,,,,,,,,,,,,,,,,,,,,,,,
2017-01-01 23:00:00+00:00,2.35,0.0,0.16,0.1499999999999998,0.0,0.1499999999999998,0.0,1.1102230246251563e-16,0.1424999999999999,0.0,0.0,2.5,0.0,0.1499999999999998,0.4,0.0014999999999999,0.0,-0.0256499999999999,0.4015,0.3758500000000001,0.0,0.0,8.326672684688674e-17,0.4015,stochastic,False,9.335693768820182,9.847561600534542,9.88168258607817,9.335693768820182,0.0,3.1308289294429414e-14,0.2571790999500081,0.0,True,planned,sampled,2.5,42,planned_48h,winter,0.0,True,2017-01-01 23:00:00+00:00,2017-01-01 23:00:00+00:00,0.0,0.0,0.0,0.0,0.0,0.0,0.0,0.0,0.0,False,12.0,9.335693768820182,9.88168258607817,0.0,False,,,,,,,,,,,,,,,,,,,,,,,,,,,,,
2017-01-02 00:00:00+00:00,2.1,0.0,0.16,0.3999999999999999,0.0,0.3999999999999999,0.0,0.1424999999999999,0.5224999999999999,0.0,0.0,2.5,0.0,0.3999999999999999,0.4,0.0039999999999999,0.0,-0.0683999999999999,0.404,0.3356,0.0,0.0,0.0,0.404,stochastic,False,9.316337441053292,9.80731160053454,9.80731160053454,9.316337441053292,0.0,4.1966430330830936e-14,0.2152285000775009,0.0,True,planned,sampled,2.5,42,planned_48h,winter,0.0,True,2017-01-02 00:00:00+00:00,2017-01-02 00:00:00+00:00,0.0,0.0,0.0,0.0,0.0,0.0,0.0,0.0,0.0,False,12.0,9.316337441053292,9.80731160053454,0.0,False,,,,,,,,,,,,,,,,,,,,,,,,,,,,,
2017-01-02 01:00:00+00:00,2.1,0.0,0.16,0.3999999999999999,0.0,0.3999999999999999,0.0,0.5224999999999999,0.9024999999999996,0.0,0.0,2.5,0.0,0.3999999999999999,0.4,0.0039999999999999,0.0,-0.0683999999999999,0.404,0.3356,0.0,0.0,0.0,0.404,stochastic,False,9.128567294588883,9.807311600534542,9.862832673628716,9.128567294588883,0.0,5.3290705182007527e-14,0.3532303000101819,0.0,True,planned,sampled,2.5,42,planned_48h,winter,0.0,True,2017-01-02 01:00:00+00:00,2017-01-02 01:00:00+00:00,0.0,0.0,0.0,0.0,0.0,0.0,0.0,0.0,0.0,False,12.0,9.128567294588883,9.862832673628716,0.0,False,,,,,,,,,,,,,,,,,,,,,,,,,,,,,
2017-01-02 02:00:00+00:00,2.1,0.0,0.16,0.3999999999999999,0.0,0.3999999999999999,0.0,0.9024999999999996,1.2824999999999998,0.0,0.0,2.5,0.0,0.3999999999999999,0.4,0.0039999999999999,0.0,-0.0684,0.404,0.3356,0.0,0.0,0.0,0.404,stochastic,False,9.209416843066723,9.873936888247552,9.873936888247552,9.209416843066723,0.0,1.199040866595169e-14,0.2545174999395385,0.0,True,planned,sampled,2.5,42,planned_48h,winter,0.0,True,2017-01-02 02:00:00+00:00,2017-01-02 02:00:00+00:00,0.0,0.0,0.0,0.0,0.0,0.0,0.0,0.0,0.0,False,12.0,9.209416843066723,9.873936888247552,0.0,False,,,,,,,,,,,,,,,,,,,,,,,,,,,,,
2017-01-02 03:00:00+00:00,2.1,0.0,0.16,0.3999999999999999,0.0,0.3999999999999999,0.0,1.2824999999999998,1.6624999999999996,0.0,0.0,2.5,0.0,0.3999999999999999,0.4,0.0039999999999999,0.0,-0.0683999999999999,0.404,0.3356,0.0,0.0,0.0,0.404,stochastic,False,9.311016730669447,9.714821441517548,9.791492837382314,9.311016730669447,0.0,3.6637359812630166e-14,0.1799801999004557,0.0,True,planned,sampled,2.5,42,planned_48h,winter,0.0,True,2017-01-02 03:00:00+00:00,2017-01-02 03:00:00+00:00,0.0,0.0,0.0,0.0,0.0,0.0,0.0,0.0,0.0,False,12.0,9.311016730669447,9.791492837382314,0.0,False,,,,,,,,,,,,,,,,,,,,,,,,,,,,,
2017-01-02 04:00:00+00:00,2.1,0.0,0.16,0.3999999999999999,0.0,0.3999999999999999,0.0,1.6624999999999996,2.0424999999999995,0.0,0.0,2.5,0.0,0.3999999999999999,0.4,0.0039999999999999,0.0,-0.0683999999999999,0.404,0.3356,0.0,0.0,0.0,0.404,stochastic,False,9.31250586132336,9.682009070399069,9.813674989121395,9.31250586132336,0.0,1.9539925233402755e-14,0.353006099932827,0.0,True,planned,sampled,2.5,42,planned_48h,winter,0.0,True,2017-01-02 04:00:00+00:00,2017-01-02 04:00:00+00:00,0.0,0.0,0.0,0.0,0.0,0.0,0.0,0.0,0.0,False,12.0,9.31250586132336,9.813674989121395,0.0,False,,,,,,,,,,,,,,,,,,,,,,,,,,,,,
2017-01-02 05:00:00+00:00,2.1,0.0,0.16,0.3999999999999999,0.0,0.3999999999999999,0.0,2.0424999999999995,2.4224999999999994,0.0,0.0,2.5,0.0,0.3999999999999999,0.4,0.0039999999999999,0.0,-0.0683999999999999,0.404,0.3356,0.0,0.0,0.0,0.404,stochastic,False,8.807324859132052,9.682009070399069,9.841948918606136,8.807324859132052,0.0,4.440892098500626e-16,0.2795450000558048,0.0,True,planned,sampled,2.5,42,planned_48h,winter,0.0,True,2017-01-02 05:00:00+00:00,2017-01-02 05:00:00+00:00,0.0,4.8828125e-05,0.0,0.0,0.0,0.0,0.0,0.0,4.8828125e-05,True,12.0,8.807324859132052,9.841948918606136,0.0,False,,,,,,,,,,,,,,,,,,,,,,,,,,,,,
2017-01-02 06:00:00+00:00,2.5500000000000003,0.0,0.16,0.0,0.0500000000000002,0.0,0.0500000000000002,2.4224999999999994,2.369868421052631,0.0,0.0,2.5,0.0,0.0500000000000002,0.4,0.0005,0.0,0.0094736842105263,0.4005,0.4099736842105264,0.0,0.0,0.0,0.4005,stochastic,False,8.899973705562527,9.80731160053454,9.834558744143974,8.899973705562527,0.0,2.398081733190338e-14,0.2163383000297472,0.0,True,planned,sampled,2.5,42,planned_48h,winter,0.0,True,2017-01-02 06:00:00+00:00,2017-01-02 06:00:00+00:00,0.0,0.01416015625,0.0,0.0,0.0,0.0,0.0,0.0,0.01416015625,True,12.0,8.899973705562527,9.834558744143974,0.0,False,,,,,,,,,,,,,,,,,,,,,,,,,,,,,
2017-01-02 07:00:00+00:00,2.5500000000000003,0.0,0.16,0.0,0.0500000000000002,0.0,0.0500000000000002,2.369868421052631,2.3172368421052623,0.0,0.0,2.5,0.0,0.0500000000000002,0.4,0.0005,0.0,0.0094736842105263,0.4005,0.4099736842105264,0.0,0.0,0.0,0.4005,stochastic,False,9.11350139278668,9.807245189260676,9.83454767559833,9.11350139278668,0.0,3.4416913763379853e-15,0.324778200010769,0.0,True,planned,sampled,2.5,42,planned_48h,winter,0.0,True,2017-01-02 07:00:00+00:00,2017-01-02 07:00:00+00:00,0.0,0.1035737537202381,0.0109281994047619,0.0,0.0313895089285714,0.0,0.01806640625,0.0081910441794159,0.1035737537202381,True,12.0,9.11350139278668,9.83454767559833,0.0,False,,,,,,,,,,,,,,,,,,,,,,,,,,,,,
2017-01-02 08:00:00+00:00,2.5500000000000003,0.0498046875,0.175,0.0,0.0345842633928574,0.0,0.0345842633928574,2.3172368421052623,2.280832354323307,0.0498046875,0.0,2.465611049107143,0.0,0.0345842633928574,0.43148193359375,0.0003458426339285,0.0,0.0065528078007519,0.4318277762276785,0.4383805840284305,0.0,0.0,0.0,0.4318277762276785,stochastic,False,9.317167649552506,9.68309976414876,9.813856771413016,9.317167649552506,0.0,8.659739592076221e-15,0.3301858999766409,0.0,True,planned,sampled,2.5,42,planned_48h,winter,0.0,True,2017-01-02 08:00:00+00:00,2017-01-02 08:00:00+00:00,0.0,0.3536446707589286,0.2194359188988095,0.0154157366071428,0.5479910714285714,0.0660574776785714,0.4649135044642857,0.1767105825308853,0.3038399832589286,True,12.0,9.317167649552506,9.813856771413016,0.0,False,,,,,,,,,,,,,,,,,,,,,,,,,,,,,
2017-01-02 09:00:00+00:00,2.1,0.1552734375,0.175,0.0,0.0,0.0,0.0,2.280832354323307,2.280832354323307,0.1552734375,0.0,1.9447265625,0.0,0.0,0.3403271484375,0.0,0.0,-0.0,0.3403271484375,0.3403271484375,0.0,0.0,0.0,0.3403271484375,stochastic,False,9.104929148859313,9.817068799285428,9.83874747208233,9.104929148859313,0.0,1.3322676295501878e-15,0.2626498000463471,0.0,True,planned,sampled,2.5,42,planned_48h,winter,0.0,True,2017-01-02 09:00:00+00:00,2017-01-02 09:00:00+00:00,0.0,0.6747791108630952,0.523007347470238,0.0987025669642855,1.4573102678571428,0.0989815848214284,1.0891462053571428,0.4270071647209491,0.5195056733630952,True,12.0,9.104929148859313,9.83874747208233,0.0,False,,,,,,,,,,,,,,,,,,,,,,,,,,,,,
2017-01-02 10:00:00+00:00,2.1,0.1953125,0.175,0.1908135882469359,0.0,0.1908135882469359,0.0,2.280832354323307,2.462105263157896,0.1953125,0.0,2.095501088246936,0.0,0.1908135882469359,0.3667126904432138,0.0019081358824693,0.0,-0.032629123590226,0.3686208263256831,0.3359917027354571,0.0,0.0,0.0,0.3686208263256831,stochastic,False,9.58267361602495,9.823244290503707,9.84706194468555,9.58267361602495,0.0,4.440892098500626e-16,0.306656900094822,0.0,True,planned,sampled,2.5,42,planned_48h,winter,0.0,True,2017-01-02 10:00:00+00:00,2017-01-02 10:00:00+00:00,0.0,1.0505359468005953,0.3220098586309524,0.0,1.5041155133928572,0.0,0.4337332589285714,0.3884413921484877,0.8552234468005953,True,12.0,9.58267361602495,9.84706194468555,0.0,False,,,,,,,,,,,,,,,,,,,,,,,,,,,,,
2017-01-02 11:00:00+00:00,2.1,0.705078125,0.175,0.0680385044642855,0.0,0.0680385044642855,0.0,2.462105263157896,2.526741842398968,0.705078125,0.0,1.4629603794642856,0.0,0.0680385044642855,0.2560180664062499,0.0006803850446428,0.0,-0.0116345842633928,0.2566984514508928,0.2450638671875,0.0,0.0,0.0,0.2566984514508928,stochastic,False,8.953864450195619,9.491456831899084,9.80601567315506,8.953864450195619,0.0,0.0,0.3046900000190362,0.0,True,planned,sampled,2.5,42,planned_48h,winter,0.0,True,2017-01-02 11:00:00+00:00,2017-01-02 11:00:00+00:00,0.0,1.2465297154017856,1.20024181547619,0.1570870535714283,2.1680385044642856,0.1720145089285711,2.0335518973214284,0.7334058704268681,0.5414515904017856,True,12.0,8.953864450195619,9.80601567315506,0.0,False,,,,,,,,,,,,,,,,,,,,,,,,,,,,,
2017-01-02 12:00:00+00:00,2.1,1.57421875,0.175,0.3319614955357138,0.0,0.3319614955357138,0.0,2.526741842398968,2.842105263157896,1.57421875,0.0,0.8577427455357141,0.0,0.3319614955357138,0.1501049804687499,0.0033196149553571,0.0,-0.056765415736607,0.153424595424107,0.0966591796875,0.0,0.0,1.6653345369377348e-16,0.153424595424107,stochastic,False,9.428541262253942,9.811895800781253,9.876062399631078,9.428541262253942,0.0,4.440892098500626e-16,0.2362933999393135,0.0,True,planned,sampled,2.5,42,planned_48h,winter,0.0,True,2017-01-02 12:00:00+00:00,2017-01-02 12:00:00+00:00,0.0,1.3270763578869047,0.5594540550595238,0.0,1.9280831473214288,0.1891043526785714,1.248256138392857,0.5107324275718611,-0.2471423921130953,True,12.0,9.428541262253942,9.876062399631078,0.0,False,,,,,,,,,,,,,,,,,,,,,,,,,,,,,
2017-01-02 13:00:00+00:00,2.1,0.375,0.175,0.2311244419642855,0.0,0.2311244419642855,0.0,2.842105263157896,3.061673483023967,0.375,0.0,1.9561244419642856,0.0,0.2311244419642855,0.3423217773437499,0.0023112444196428,0.0,-0.0395222795758928,0.3446330217633928,0.3051107421875,0.0,0.0,0.0,0.3446330217633928,stochastic,False,9.320250584207916,9.805698549101026,9.86784979207663,9.320250584207916,0.0,4.440892098500626e-16,0.2027339999331161,0.0,True,planned,sampled,2.5,42,planned_48h,winter,0.0,True,2017-01-02 13:00:00+00:00,2017-01-02 13:00:00+00:00,0.0,1.1002383277529764,0.7980201357886907,0.0174386160714288,2.3311244419642856,0.1717354910714287,2.180803571428572,0.845673830694918,0.7252383277529764,True,12.0,9.320250584207916,9.86784979207663,0.0,False,,,,,,,,,,,,,,,,,,,,,,,,,,,,,
2017-01-02 14:00:00+00:00,2.1,0.0302734375,0.175,0.0,0.0,0.0,0.0,3.061673483023967,3.061673483023967,0.0302734375,0.0,2.0697265625,0.0,0.0,0.3622021484375,0.0,0.0,-0.0,0.3622021484375,0.3622021484375,0.0,0.0,0.0,0.3622021484375,stochastic,False,9.313358416818414,9.66290308301883,9.822400864643296,9.313358416818414,0.0,4.440892098500626e-16,0.1587074000854045,0.0,True,planned,sampled,2.5,42,planned_48h,winter,0.0,True,2017-01-02 14:00:00+00:00,2017-01-02 14:00:00+00:00,0.0,0.6796212332589285,0.4125918433779761,0.2215401785714285,1.3344029017857144,0.2878069196428571,0.4587751116071429,0.2834832834855657,0.6493477957589285,True,12.0,9.313358416818414,9.822400864643296,0.0,False,,,,,,,,,,,,,,,,,,,,,,,,,,,,,
2017-01-02 15:00:00+00:00,2.1,0.0,0.175,0.0,0.0,0.0,0.0,3.061673483023967,3.061673483023967,0.0,0.0,2.1,0.0,0.0,0.3675,0.0,0.0,-0.0,0.3675,0.3675,0.0,0.0,0.0,0.3675,stochastic,False,9.236951763711035,9.85776111432757,9.8867002554951,9.236951763711035,0.0,4.440892098500626e-16,0.2171262999763712,0.0,True,planned,sampled,2.5,42,planned_48h,winter,0.0,True,2017-01-02 15:00:00+00:00,2017-01-02 15:00:00+00:00,0.0,0.1114769345238095,0.0250767299107142,0.0035574776785714,0.0592912946428571,0.00390625,0.0443638392857142,0.0175822650304357,0.1114769345238095,True,12.0,9.236951763711035,9.8867002554951,0.0,False,,,,,,,,,,,,,,,,,,,,,,,,,,,,,
2017-01-02 16:00:00+00:00,2.1,0.0,0.175,0.0,0.0,0.0,0.0,3.061673483023967,3.061673483023967,0.0,0.0,2.1,0.0,0.0,0.3675,0.0,0.0,-0.0,0.3675,0.3675,0.0,0.0,0.0,0.3675,stochastic,False,9.322788113568018,9.850844852114417,9.897061149184402,9.322788113568018,0.0,4.440892098500626e-16,0.2696829999331385,0.0,True,planned,sampled,2.5,42,planned_48h,winter,0.0,True,2017-01-02 16:00:00+00:00,2017-01-02 16:00:00+00:00,0.0,0.0035807291666666,0.0,0.0,0.0,0.0,0.0,0.0,0.0035807291666666,True,12.0,9.322788113568018,9.897061149184402,0.0,False,,,,,,,,,,,,,,,,,,,,,,,,,,,,,
2017-01-02 17:00:00+00:00,2.95,0.0,0.2,0.0,0.658589808872768,0.0,0.658589808872768,3.061673483023967,2.36842105263158,0.0,0.0,2.291410191127232,0.0,0.658589808872768,0.4582820382254464,0.0065858980887276,0.0,0.1247854374706297,0.4648679363141741,0.5896533737848038,0.0,0.0,0.0,0.4648679363141741,stochastic,False,9.165172788593798,9.805380743233814,9.874930303780689,9.165172788593798,0.0,4.440892098500626e-16,0.1630562000209465,0.0,True,planned,sampled,2.5,42,planned_48h,winter,0.0,True,2017-01-02 17:00:00+00:00,2017-01-02 17:00:00+00:00,0.0,0.0,0.0,0.0,0.0,0.0,0.0,0.0,0.0,False,12.0,9.165172788593798,9.874930303780689,0.0,False,,,,,,,,,,,,,,,,,,,,,,,,,,,,,
2017-01-02 18:00:00+00:00,2.95,0.0,0.2,0.0,0.4500000000000002,0.0,0.4500000000000002,2.36842105263158,1.894736842105264,0.0,0.0,2.5,0.0,0.4500000000000002,0.5,0.0045,0.0,0.0852631578947368,0.5045,0.5897631578947368,0.0,0.0,0.0,0.5045,stochastic,False,9.430422207872589,9.80447631681743,9.842815114250469,9.430422207872589,0.0,4.440892098500626e-16,0.1958261999534443,0.0,True,planned,sampled,2.5,42,planned_48h,winter,0.0,True,2017-01-02 18:00:00+00:00,2017-01-02 18:00:00+00:00,0.0,0.0,0.0,0.0,0.0,0.0,0.0,0.0,0.0,False,12.0,9.430422207872589,9.842815114250469,0.0,False,,,,,,,,,,,,,,,,,,,,,,,,,,,,,
2017-01-02 19:00:00+00:00,2.95,0.0,0.2,0.0,0.4500000000000002,0.0,0.4500000000000002,1.894736842105264,1.4210526315789478,0.0,0.0,2.5,0.0,0.4500000000000002,0.5,0.0045,0.0,0.0852631578947368,0.5045,0.5897631578947368,0.0,0.0,0.0,0.5045,stochastic,False,9.3927212658156,9.809290795641449,9.868342309313322,9.3927212658156,0.0,4.440892098500626e-16,0.1646001000190153,0.0,True,planned,sampled,2.5,42,planned_48h,winter,0.0,True,2017-01-02 19:00:00+00:00,2017-01-02 19:00:00+00:00,0.0,0.0,0.0,0.0,0.0,0.0,0.0,0.0,0.0,False,12.0,9.3927212658156,9.868342309313322,0.0,False,,,,,,,,,,,,,,,,,,,,,,,,,,,,,
2017-01-02 20:00:00+00:00,2.95,0.0,0.2,0.0,0.4500000000000002,0.0,0.4500000000000002,1.4210526315789478,0.947368421052632,0.0,0.0,2.5,0.0,0.4500000000000002,0.5,0.0045,0.0,0.0852631578947368,0.5045,0.5897631578947368,0.0,0.0,0.0,0.5045,stochastic,False,9.4189337244922,9.850956557947605,9.897131106868734,9.4189337244922,0.0,4.440892098500626e-16,0.2087640999816358,0.0,True,planned,sampled,2.5,42,planned_48h,winter,0.0,True,2017-01-02 20:00:00+00:00,2017-01-02 20:00:00+00:00,0.0,0.0,0.0,0.0,0.0,0.0,0.0,0.0,0.0,False,12.0,9.4189337244922,9.897131106868734,0.0,False,,,,,,,,,,,,,,,,,,,,,,,,,,,,,
2017-01-02 21:00:00+00:00,2.95,0.0,0.2,0.0,0.4500000000000002,0.0,0.4500000000000002,0.947368421052632,0.4736842105263159,0.0,0.0,2.5,0.0,0.4500000000000002,0.5,0.0045,0.0,0.0852631578947368,0.5045,0.5897631578947369,0.0,0.0,0.0,0.5045,stochastic,False,9.103324986937864,9.75954649715108,9.797580118802866,9.103324986937864,0.0,4.440892098500626e-16,0.2719038999639451,0.0,True,planned,sampled,2.5,42,planned_48h,winter,0.0,True,2017-01-02 21:00:00+00:00,2017-01-02 21:00:00+00:00,0.0,0.0,0.0,0.0,0.0,0.0,0.0,0.0,0.0,False,12.0,9.103324986937864,9.797580118802866,0.0,False,,,,,,,,,,,,,,,,,,,,,,,,,,,,,
2017-01-02 22:00:00+00:00,2.95,0.0,0.16,0.0,0.4500000000000002,0.0,0.45,0.4736842105263159,5.551115123125783e-17,0.0,0.0,2.5,0.0,0.45,0.4,0.0045,0.0,0.0852631578947368,0.4045,0.4897631578947369,0.0,1.6653345369377348e-16,0.0,0.4045,stochastic,False,9.218103525965793,9.851430242158129,9.882641005271967,9.218103525965793,0.0,4.440892098500626e-16,0.1612289999611675,0.0,True,planned,sampled,2.5,42,planned_48h,winter,0.0,True,2017-01-02 22:00:00+00:00,2017-01-02 22:00:00+00:00,0.0,0.0,0.0,0.0,0.0,0.0,0.0,0.0,0.0,False,12.0,9.218103525965793,9.882641005271967,0.0,False,,,,,,,,,,,,,,,,,,,,,,,,,,,,,
2017-01-02 23:00:00+00:00,2.1,0.0,0.16,0.3999999999999999,0.0,0.3999999999999999,0.0,5.551115123125783e-17,0.3799999999999999,0.0,0.0,2.5,0.0,0.3999999999999999,0.4,0.0039999999999999,0.0,-0.0683999999999999,0.404,0.3356,0.0,0.0,0.0,0.404,stochastic,False,9.358970659456002,9.88594050678454,9.907587642201207,9.358970659456002,0.0,3.219646771412954e-15,0.2038587999995798,0.0,True,planned,sampled,2.5,42,planned_48h,winter,0.0,True,2017-01-02 23:00:00+00:00,2017-01-02 23:00:00+00:00,0.0,0.0,0.0,0.0,0.0,0.0,0.0,0.0,0.0,False,12.0,9.358970659456002,9.907587642201207,0.0,False,,,,,,,,,,,,,,,,,,,,,,,,,,,,,
2017-01-01 00:00:00+00:00,2.35,0.0,0.16,0.1499999999999999,0.0,0.1499999999999999,0.0,4.0,4.1425,0.0,0.0,2.5,0.0,0.1499999999999999,0.4,0.0014999999999999,0.0,-0.02565,0.4015,0.37585,0.0,0.0,0.0,0.4015,cvar_0.5,False,9.986733170086792,10.754745033443498,10.900573418589648,10.44365329433822,0.0,3.552713678800501e-15,0.2426117000868544,0.0,True,planned,sampled,2.5,42,planned_48h,winter,0.5,True,2017-01-01 00:00:00+00:00,2017-01-01 00:00:00+00:00,0.0,0.0,0.0,0.0,0.0,0.0,0.0,0.0,0.0,False,12.0,9.986733170086792,10.900573418589648,0.0,False,,,,,,,,,,,,,,,,,,,,,,,,,,,,,
2017-01-01 01:00:00+00:00,2.35,0.0,0.16,0.1499999999999999,0.0,0.1499999999999999,0.0,4.1425,4.285,0.0,0.0,2.5,0.0,0.1499999999999999,0.4,0.0014999999999999,0.0,-0.02565,0.4015,0.37585,0.0,0.0,0.0,0.4015,cvar_0.5,False,10.122289220420194,10.845166865547402,10.882102057273633,10.502195638846914,0.0,5.46229728115577e-14,0.2556510000722483,0.0,True,planned,sampled,2.5,42,planned_48h,winter,0.5,True,2017-01-01 01:00:00+00:00,2017-01-01 01:00:00+00:00,0.0,0.0,0.0,0.0,0.0,0.0,0.0,0.0,0.0,False,12.0,10.122289220420194,10.882102057273633,0.0,False,,,,,,,,,,,,,,,,,,,,,,,,,,,,,
2017-01-01 02:00:00+00:00,2.35,0.0,0.16,0.1499999999999999,0.0,0.1499999999999999,0.0,4.285,4.4275,0.0,0.0,2.5,0.0,0.1499999999999999,0.4,0.0014999999999999,0.0,-0.02565,0.4015,0.37585,0.0,0.0,0.0,0.4015,cvar_0.5,False,9.952859809889778,10.723977383052098,10.791426951798185,10.37214338084398,0.0,8.881784197001252e-15,0.269107099971734,0.0,True,planned,sampled,2.5,42,planned_48h,winter,0.5,True,2017-01-01 02:00:00+00:00,2017-01-01 02:00:00+00:00,0.0,0.0,0.0,0.0,0.0,0.0,0.0,0.0,0.0,False,12.0,9.952859809889778,10.791426951798185,0.0,False,,,,,,,,,,,,,,,,,,,,,,,,,,,,,
2017-01-01 03:00:00+00:00,2.35,0.0,0.16,0.1499999999999999,0.0,0.1499999999999999,0.0,4.4275,4.57,0.0,0.0,2.5,0.0,0.1499999999999999,0.4,0.0014999999999999,0.0,-0.02565,0.4015,0.37585,0.0,0.0,0.0,0.4015,cvar_0.5,False,9.854969612304943,10.779220178053585,10.779220178053585,10.317094895179263,0.0,4.9293902293356957e-14,0.1646200000541284,0.0,True,planned,sampled,2.5,42,planned_48h,winter,0.5,True,2017-01-01 03:00:00+00:00,2017-01-01 03:00:00+00:00,0.0,0.0,0.0,0.0,0.0,0.0,0.0,0.0,0.0,False,12.0,9.854969612304943,10.779220178053585,0.0,False,,,,,,,,,,,,,,,,,,,,,,,,,,,,,
2017-01-01 04:00:00+00:00,2.35,0.0,0.16,0.1499999999999999,0.0,0.1499999999999999,0.0,4.57,4.7125,0.0,0.0,2.5,0.0,0.1499999999999999,0.4,0.0014999999999999,0.0,-0.02565,0.4015,0.37585,0.0,0.0,0.0,0.4015,cvar_0.5,False,9.96930861634452,10.610017029286826,10.742285417896868,10.355797017120691,0.0,3.552713678800501e-15,0.2878605000441894,0.0,True,planned,sampled,2.5,42,planned_48h,winter,0.5,True,2017-01-01 04:00:00+00:00,2017-01-01 04:00:00+00:00,0.0,0.0,0.0,0.0,0.0,0.0,0.0,0.0,0.0,False,12.0,9.96930861634452,10.742285417896868,0.0,False,,,,,,,,,,,,,,,,,,,,,,,,,,,,,
2017-01-01 05:00:00+00:00,2.35,0.0,0.16,0.1499999999999999,0.0,0.1499999999999999,0.0,4.7125,4.855,0.0,0.0,2.5,0.0,0.1499999999999999,0.4,0.0014999999999999,0.0,-0.02565,0.4015,0.37585,0.0,0.0,0.0,0.4015,cvar_0.5,False,9.89889134067887,10.569767029286826,10.569767029286828,10.23432918498285,0.0,8.881784197001252e-15,0.2382507000584155,0.0,True,planned,sampled,2.5,42,planned_48h,winter,0.5,True,2017-01-01 05:00:00+00:00,2017-01-01 05:00:00+00:00,0.0,4.8828125e-05,0.0,0.0,0.0,0.0,0.0,0.0,4.8828125e-05,True,12.0,9.89889134067887,10.569767029286828,0.0,False,,,,,,,,,,,,,,,,,,,,,,,,,,,,,
2017-01-01 06:00:00+00:00,2.8000000000000003,0.0,0.16,0.0,0.3000000000000002,0.0,0.3000000000000002,4.855,4.53921052631579,0.0,0.0,2.5,0.0,0.3000000000000002,0.4,0.003,0.0,0.0568421052631579,0.403,0.4598421052631579,0.0,0.0,0.0,0.403,cvar_0.5,False,9.977718784510104,10.529517029286826,10.529517029286826,10.253617906898464,0.0,1.0880185641326534e-14,0.2604248999850824,0.0,True,planned,sampled,2.5,42,planned_48h,winter,0.5,True,2017-01-01 06:00:00+00:00,2017-01-01 06:00:00+00:00,0.0,0.01416015625,0.0,0.0,0.0,0.0,0.0,0.0,0.01416015625,True,12.0,9.977718784510104,10.529517029286826,0.0,False,,,,,,,,,,,,,,,,,,,,,,,,,,,,,
2017-01-01 07:00:00+00:00,2.8000000000000003,0.0,0.16,0.0,0.3000000000000002,0.0,0.3000000000000002,4.53921052631579,4.223421052631579,0.0,0.0,2.5,0.0,0.3000000000000002,0.4,0.003,0.0,0.0568421052631579,0.403,0.4598421052631579,0.0,0.0,0.0,0.403,cvar_0.5,False,10.061615656109334,10.671504589032203,10.671504589032203,10.366560122570768,0.0,8.260059303211167e-14,0.3561003999784589,0.0,True,planned,sampled,2.5,42,planned_48h,winter,0.5,True,2017-01-01 07:00:00+00:00,2017-01-01 07:00:00+00:00,0.0,0.1039225260416666,0.009550548735119,0.0,0.0194614955357142,0.0,0.0145786830357142,0.0063202868607309,0.1039225260416666,True,12.0,10.061615656109334,10.671504589032203,0.0,False,,,,,,,,,,,,,,,,,,,,,,,,,,,,,
2017-01-01 08:00:00+00:00,2.8000000000000003,0.0654296875,0.175,0.0,0.3000000000000002,0.0,0.3000000000000002,4.223421052631579,3.907631578947369,0.0654296875,0.0,2.4345703125,0.0,0.3000000000000002,0.4260498046875,0.003,0.0,0.0568421052631579,0.4290498046875,0.4858919099506579,0.0,0.0,0.0,0.4290498046875,cvar_0.5,False,9.909768770604297,10.55793987891707,10.611020119802486,10.260394445203392,0.0,1.865174681370264e-14,0.2655933999922126,0.0,True,planned,sampled,2.5,42,planned_48h,winter,0.5,True,2017-01-01 08:00:00+00:00,2017-01-01 08:00:00+00:00,0.0,0.3493198939732143,0.2581496465773809,0.0,0.5565011160714286,0.0,0.5565011160714286,0.1910106311659347,0.2838902064732143,True,12.0,9.909768770604297,10.611020119802486,0.0,False,,,,,,,,,,,,,,,,,,,,,,,,,,,,,
2017-01-01 09:00:00+00:00,2.35,0.205078125,0.175,0.0,0.0,0.0,0.0,3.907631578947369,3.907631578947369,0.205078125,0.0,2.144921875,0.0,0.0,0.375361328125,0.0,0.0,-0.0,0.375361328125,0.375361328125,0.0,0.0,0.0,0.375361328125,cvar_0.5,False,10.010802860804164,10.536830067033849,10.555406969902998,10.28310491535358,0.0,3.996802888650564e-15,0.3392690999899059,0.0,True,planned,sampled,2.5,42,planned_48h,winter,0.5,True,2017-01-01 09:00:00+00:00,2017-01-01 09:00:00+00:00,0.0,0.6690592447916667,0.4411562965029762,0.0373883928571429,1.1761300223214286,0.0929827008928571,1.1761300223214286,0.3605399853834033,0.4639811197916667,True,12.0,10.010802860804164,10.555406969902998,0.0,False,,,,,,,,,,,,,,,,,,,,,,,,,,,,,
2017-01-01 10:00:00+00:00,2.35,0.32421875,0.175,0.0,0.0,0.0,0.0,3.907631578947369,3.907631578947369,0.32421875,0.0,2.02578125,0.0,0.0,0.35451171875,0.0,0.0,-0.0,0.35451171875,0.35451171875,0.0,0.0,0.0,0.35451171875,cvar_0.5,False,9.820628825914287,10.46223089821336,10.464634245448636,10.142631535681462,0.0,5.662137425588298e-14,0.2546438999706879,0.0,True,planned,sampled,2.5,42,planned_48h,winter,0.5,True,2017-01-01 10:00:00+00:00,2017-01-01 10:00:00+00:00,0.0,1.0831112816220236,0.6918480282738094,0.0,2.2894810267857144,0.0048130580357139,1.1101422991071428,0.6075995663794751,0.7588925316220236,True,12.0,9.820628825914287,10.464634245448636,0.0,False,,,,,,,,,,,,,,,,,,,,,,,,,,,,,
2017-01-01 11:00:00+00:00,2.35,0.400390625,0.175,0.0,0.0,0.0,0.0,3.907631578947369,3.907631578947369,0.400390625,0.0,1.949609375,0.0,0.0,0.341181640625,0.0,0.0,-0.0,0.341181640625,0.341181640625,0.0,0.0,0.0,0.341181640625,cvar_0.5,False,9.82579827607982,10.42220720005194,10.445900191074418,10.13584923357712,0.0,1.7763568394002505e-15,0.2623584000393748,0.0,True,planned,sampled,2.5,42,planned_48h,winter,0.5,True,2017-01-01 11:00:00+00:00,2017-01-01 11:00:00+00:00,0.0,1.2832903180803572,0.8900030226934524,0.0094168526785716,2.014927455357143,0.0850306919642858,1.7478376116071428,0.6387835296852711,0.8828996930803572,True,12.0,9.82579827607982,10.445900191074418,0.0,False,,,,,,,,,,,,,,,,,,,,,,,,,,,,,
2017-01-01 12:00:00+00:00,2.35,0.9794921875,0.175,0.1499999999999999,0.0,0.1499999999999999,0.0,3.907631578947369,4.050131578947369,0.9794921875,0.0,1.5205078125,0.0,0.1499999999999999,0.2660888671874999,0.0014999999999999,0.0,-0.02565,0.2675888671874999,0.2419388671874999,0.0,0.0,0.0,0.2675888671874999,cvar_0.5,False,9.93214522914567,10.415226191622663,10.416828093206863,10.174486661176267,0.0,3.552713678800501e-15,0.2923656000057235,0.0,True,planned,sampled,2.5,42,planned_48h,winter,0.5,True,2017-01-01 12:00:00+00:00,2017-01-01 12:00:00+00:00,0.0,1.324286179315476,0.8656994047619045,0.0,2.672154017857143,0.0244838169642855,2.389439174107143,0.8987422925188575,0.3447939918154761,True,12.0,9.93214522914567,10.416828093206863,0.0,False,,,,,,,,,,,,,,,,,,,,,,,,,,,,,
2017-01-01 13:00:00+00:00,2.35,1.4052734375,0.175,0.0,0.0,0.0,0.0,4.050131578947369,4.050131578947369,1.4052734375,0.0,0.9447265625,0.0,0.0,0.1653271484375,0.0,0.0,-0.0,0.1653271484375,0.1653271484375,0.0,0.0,0.0,0.1653271484375,cvar_0.5,False,9.964168022344897,10.39354470005194,10.39354470005194,10.178856361198417,0.0,4.9960036108132044e-14,0.2554260001052171,0.0,True,planned,sampled,2.5,42,planned_48h,winter,0.5,True,2017-01-01 13:00:00+00:00,2017-01-01 13:00:00+00:00,0.0,1.023089890252976,0.7192440941220237,0.0,1.8447265625,0.0945870535714284,1.7369559151785714,0.6841890678351489,-0.3821835472470238,True,12.0,9.964168022344897,10.39354470005194,0.0,False,,,,,,,,,,,,,,,,,,,,,,,,,,,,,
2017-01-01 14:00:00+00:00,2.35,0.5703125,0.175,0.2404432132964022,0.0,0.2404432132964022,0.0,4.050131578947369,4.27855263157895,0.5703125,0.0,2.0201307132964024,0.0,0.2404432132964022,0.3535228748268704,0.002404432132964,0.0,-0.0411157894736847,0.3559273069598344,0.3148115174861497,0.0,0.0,0.0,0.3559273069598344,cvar_0.5,False,9.697582796065085,10.255994749124817,10.336431543625718,10.0170071698454,0.0,4.440892098500626e-15,0.2622171000111848,0.0,True,planned,sampled,2.5,42,planned_48h,winter,0.5,True,2017-01-01 14:00:00+00:00,2017-01-01 14:00:00+00:00,0.0,0.6441859654017856,0.5288260323660714,0.1303710937499999,1.0433872767857142,0.2064034598214285,0.8544921874999999,0.2620125010073954,0.0738734654017856,True,12.0,9.697582796065085,10.336431543625718,0.0,False,,,,,,,,,,,,,,,,,,,,,,,,,,,,,
2017-01-01 15:00:00+00:00,2.35,0.009765625,0.175,0.1499999999999977,0.0,0.1499999999999977,0.0,4.27855263157895,4.421052631578948,0.009765625,0.0,2.490234374999998,0.0,0.1499999999999977,0.4357910156249996,0.0014999999999999,0.0,-0.0256499999999995,0.4372910156249996,0.4116410156250001,0.0,0.0,0.0,0.4372910156249996,cvar_0.5,False,9.671387446256428,10.11106581345943,10.19980506168579,9.93559625397111,0.0,2.275957200481571e-15,0.2235004999674856,0.0,True,planned,sampled,2.5,42,planned_48h,winter,0.5,True,2017-01-01 15:00:00+00:00,2017-01-01 15:00:00+00:00,0.0,0.1107793898809523,0.0134393601190476,0.0035574776785714,0.0315290178571428,0.0035574776785714,0.0265764508928571,0.008723693713504,0.1010137648809523,True,12.0,9.671387446256428,10.19980506168579,0.0,False,,,,,,,,,,,,,,,,,,,,,,,,,,,,,
2017-01-01 16:00:00+00:00,2.35,0.0,0.175,0.0,0.0,0.0,0.0,4.421052631578948,4.421052631578948,0.0,0.0,2.35,0.0,0.0,0.41125,0.0,0.0,-0.0,0.41125,0.41125,0.0,0.0,0.0,0.41125,cvar_0.5,False,9.488561064526552,10.090218228554786,10.161626442183747,9.82509375335515,0.0,1.7763568394002505e-15,0.1823567999526858,0.0,True,planned,sampled,2.5,42,planned_48h,winter,0.5,True,2017-01-01 16:00:00+00:00,2017-01-01 16:00:00+00:00,0.0,0.0035807291666666,0.0,0.0,0.0,0.0,0.0,0.0,0.0035807291666666,True,12.0,9.488561064526552,10.161626442183747,0.0,False,,,,,,,,,,,,,,,,,,,,,,,,,,,,,
2017-01-01 17:00:00+00:00,3.2,0.0,0.2,0.0,0.6999999999999997,0.0,0.6999999999999997,4.421052631578948,3.6842105263157903,0.0,0.0,2.5,4.440892098500626e-16,0.6999999999999997,0.5,0.0069999999999999,4.440892098500626e-15,0.1326315789473683,0.5070000000000044,0.6396315789473728,0.0,0.0,0.0,0.507,cvar_0.5,False,9.340560167263863,10.171197308946192,10.171197308946194,9.755878738105029,0.0,4.440892098500626e-16,0.1740341000258922,0.0,True,planned,sampled,2.5,42,planned_48h,winter,0.5,True,2017-01-01 17:00:00+00:00,2017-01-01 17:00:00+00:00,0.0,0.0,0.0,0.0,0.0,0.0,0.0,0.0,0.0,False,12.0,9.340560167263863,10.171197308946194,0.0,False,,,,,,,,,,,,,,,,,,,,,,,,,,,,,
2017-01-01 18:00:00+00:00,3.2,0.0,0.2,0.0,0.7000000000000001,0.0,0.7000000000000001,3.6842105263157903,2.9473684210526323,0.0,0.0,2.5,0.0,0.7000000000000001,0.5,0.007,0.0,0.1326315789473684,0.507,0.6396315789473684,0.0,0.0,0.0,0.507,cvar_0.5,False,9.649280055061666,10.087497718955593,10.087813357906484,9.868546706484077,0.0,4.440892098500626e-16,0.1883480000542476,0.0,True,planned,sampled,2.5,42,planned_48h,winter,0.5,True,2017-01-01 18:00:00+00:00,2017-01-01 18:00:00+00:00,0.0,0.0,0.0,0.0,0.0,0.0,0.0,0.0,0.0,False,12.0,9.649280055061666,10.087813357906484,0.0,False,,,,,,,,,,,,,,,,,,,,,,,,,,,,,
2017-01-01 19:00:00+00:00,3.2,0.0,0.2,0.0,0.7000000000000001,0.0,0.7000000000000001,2.9473684210526323,2.2105263157894743,0.0,0.0,2.5,0.0,0.7000000000000001,0.5,0.007,0.0,0.1326315789473684,0.507,0.6396315789473684,0.0,0.0,0.0,0.507,cvar_0.5,False,9.76254743279096,10.070793734874291,10.077798245662985,9.920172839226971,0.0,4.440892098500626e-16,0.1587291000178083,0.0,True,planned,sampled,2.5,42,planned_48h,winter,0.5,True,2017-01-01 19:00:00+00:00,2017-01-01 19:00:00+00:00,0.0,0.0,0.0,0.0,0.0,0.0,0.0,0.0,0.0,False,12.0,9.76254743279096,10.077798245662985,0.0,False,,,,,,,,,,,,,,,,,,,,,,,,,,,,,
2017-01-01 20:00:00+00:00,3.2,0.0,0.2,0.0,0.7000000000000003,0.0,0.7000000000000003,2.2105263157894743,1.4736842105263162,0.0,0.0,2.5,0.0,0.7000000000000003,0.5,0.007,0.0,0.1326315789473684,0.507,0.6396315789473684,0.0,0.0,0.0,0.507,cvar_0.5,False,9.287473356314065,9.806449544319785,9.881558826313832,9.584516091313947,0.0,3.608224830031759e-15,0.179228900000453,0.0,True,planned,sampled,2.5,42,planned_48h,winter,0.5,True,2017-01-01 20:00:00+00:00,2017-01-01 20:00:00+00:00,0.0,0.0,0.0,0.0,0.0,0.0,0.0,0.0,0.0,False,12.0,9.287473356314065,9.881558826313832,0.0,False,,,,,,,,,,,,,,,,,,,,,,,,,,,,,
2017-01-01 21:00:00+00:00,3.2,0.0,0.2,0.0,0.7000000000000002,0.0,0.7000000000000002,1.4736842105263162,0.7368421052631581,0.0,0.0,2.5,0.0,0.7000000000000002,0.5,0.007,0.0,0.1326315789473684,0.507,0.6396315789473684,0.0,0.0,0.0,0.507,cvar_0.5,False,9.3348964824797,9.798571243832235,9.915264359066612,9.625080420773156,0.0,4.440892098500626e-16,0.19514079997316,0.0,True,planned,sampled,2.5,42,planned_48h,winter,0.5,True,2017-01-01 21:00:00+00:00,2017-01-01 21:00:00+00:00,0.0,0.0,0.0,0.0,0.0,0.0,0.0,0.0,0.0,False,12.0,9.3348964824797,9.915264359066612,0.0,False,,,,,,,,,,,,,,,,,,,,,,,,,,,,,
2017-01-01 22:00:00+00:00,3.2,0.0,0.16,0.0,0.7000000000000002,0.0,0.7000000000000001,0.7368421052631581,1.1102230246251563e-16,0.0,0.0,2.5,0.0,0.7000000000000001,0.4,0.007,0.0,0.1326315789473684,0.407,0.5396315789473685,0.0,1.1102230246251563e-16,0.0,0.407,cvar_0.5,False,9.26591362339444,9.92314598450021,9.951419913984951,9.608666768689696,0.0,1.7763568394002505e-15,0.2131670999806374,0.0,True,planned,sampled,2.5,42,planned_48h,winter,0.5,True,2017-01-01 22:00:00+00:00,2017-01-01 22:00:00+00:00,0.0,0.0,0.0,0.0,0.0,0.0,0.0,0.0,0.0,False,12.0,9.26591362339444,9.951419913984951,0.0,False,,,,,,,,,,,,,,,,,,,,,,,,,,,,,
2017-01-01 23:00:00+00:00,2.35,0.0,0.16,0.1499999999999998,0.0,0.1499999999999998,0.0,1.1102230246251563e-16,0.1424999999999999,0.0,0.0,2.5,0.0,0.1499999999999998,0.4,0.0014999999999999,0.0,-0.0256499999999999,0.4015,0.3758500000000001,0.0,0.0,8.326672684688674e-17,0.4015,cvar_0.5,False,9.335693768820182,9.847561600534542,9.881682586078169,9.608688177449174,0.0,3.552713678800501e-15,0.2386594000272452,0.0,True,planned,sampled,2.5,42,planned_48h,winter,0.5,True,2017-01-01 23:00:00+00:00,2017-01-01 23:00:00+00:00,0.0,0.0,0.0,0.0,0.0,0.0,0.0,0.0,0.0,False,12.0,9.335693768820182,9.881682586078169,0.0,False,,,,,,,,,,,,,,,,,,,,,,,,,,,,,
2017-01-02 00:00:00+00:00,2.1,0.0,0.16,0.3999999999999999,0.0,0.3999999999999999,0.0,0.1424999999999999,0.5224999999999999,0.0,0.0,2.5,0.0,0.3999999999999999,0.4,0.0039999999999999,0.0,-0.0683999999999999,0.404,0.3356,0.0,0.0,0.0,0.404,cvar_0.5,False,9.316337441053292,9.807311600534542,9.80731160053454,9.561824520793916,0.0,5.3290705182007506e-15,0.2812748000724241,0.0,True,planned,sampled,2.5,42,planned_48h,winter,0.5,True,2017-01-02 00:00:00+00:00,2017-01-02 00:00:00+00:00,0.0,0.0,0.0,0.0,0.0,0.0,0.0,0.0,0.0,False,12.0,9.316337441053292,9.80731160053454,0.0,False,,,,,,,,,,,,,,,,,,,,,,,,,,,,,
2017-01-02 01:00:00+00:00,2.1,0.0,0.16,0.3999999999999999,0.0,0.3999999999999999,0.0,0.5224999999999999,0.9024999999999996,0.0,0.0,2.5,0.0,0.3999999999999999,0.4,0.0039999999999999,0.0,-0.0683999999999999,0.404,0.3356,0.0,0.0,0.0,0.404,cvar_0.5,False,9.128567294588883,9.807311600534543,9.86283267362872,9.495699984108802,0.0,2.26485497023532e-14,0.2432738000061363,0.0,True,planned,sampled,2.5,42,planned_48h,winter,0.5,True,2017-01-02 01:00:00+00:00,2017-01-02 01:00:00+00:00,0.0,0.0,0.0,0.0,0.0,0.0,0.0,0.0,0.0,False,12.0,9.128567294588883,9.86283267362872,0.0,False,,,,,,,,,,,,,,,,,,,,,,,,,,,,,
2017-01-02 02:00:00+00:00,2.1,0.0,0.16,0.3999999999999999,0.0,0.3999999999999999,0.0,0.9024999999999996,1.2824999999999998,0.0,0.0,2.5,0.0,0.3999999999999999,0.4,0.0039999999999999,0.0,-0.0684,0.404,0.3356,0.0,0.0,0.0,0.404,cvar_0.5,False,9.209416843066723,9.873936888247552,9.873936888247552,9.541676865657138,0.0,1.3322676295501878e-15,0.2816658000228926,0.0,True,planned,sampled,2.5,42,planned_48h,winter,0.5,True,2017-01-02 02:00:00+00:00,2017-01-02 02:00:00+00:00,0.0,0.0,0.0,0.0,0.0,0.0,0.0,0.0,0.0,False,12.0,9.209416843066723,9.873936888247552,0.0,False,,,,,,,,,,,,,,,,,,,,,,,,,,,,,
2017-01-02 03:00:00+00:00,2.1,0.0,0.16,0.3999999999999999,0.0,0.3999999999999999,0.0,1.2824999999999998,1.6624999999999996,0.0,0.0,2.5,0.0,0.3999999999999999,0.4,0.0039999999999999,0.0,-0.0683999999999999,0.404,0.3356,0.0,0.0,0.0,0.404,cvar_0.5,False,9.311016730669447,9.714821441517548,9.791492837382314,9.551254784025884,0.0,2.6867397195928788e-14,0.190205099992454,0.0,True,planned,sampled,2.5,42,planned_48h,winter,0.5,True,2017-01-02 03:00:00+00:00,2017-01-02 03:00:00+00:00,0.0,0.0,0.0,0.0,0.0,0.0,0.0,0.0,0.0,False,12.0,9.311016730669447,9.791492837382314,0.0,False,,,,,,,,,,,,,,,,,,,,,,,,,,,,,
2017-01-02 04:00:00+00:00,2.1,0.0,0.16,0.3999999999999999,0.0,0.3999999999999999,0.0,1.6624999999999996,2.0424999999999995,0.0,0.0,2.5,0.0,0.3999999999999999,0.4,0.0039999999999999,0.0,-0.0683999999999999,0.404,0.3356,0.0,0.0,0.0,0.404,cvar_0.5,False,9.31250586132336,9.682009070399069,9.813674989121395,9.563090425222375,0.0,5.795364188543317e-14,0.1821474999887868,0.0,True,planned,sampled,2.5,42,planned_48h,winter,0.5,True,2017-01-02 04:00:00+00:00,2017-01-02 04:00:00+00:00,0.0,0.0,0.0,0.0,0.0,0.0,0.0,0.0,0.0,False,12.0,9.31250586132336,9.813674989121395,0.0,False,,,,,,,,,,,,,,,,,,,,,,,,,,,,,
2017-01-02 05:00:00+00:00,2.1,0.0,0.16,0.3999999999999999,0.0,0.3999999999999999,0.0,2.0424999999999995,2.4224999999999994,0.0,0.0,2.5,0.0,0.3999999999999999,0.4,0.0039999999999999,0.0,-0.0683999999999999,0.404,0.3356,0.0,0.0,0.0,0.404,cvar_0.5,False,8.807324859132052,9.682009070399063,9.841948918606136,9.324636888869094,0.0,1.7763568394002505e-15,0.2934693999122828,0.0,True,planned,sampled,2.5,42,planned_48h,winter,0.5,True,2017-01-02 05:00:00+00:00,2017-01-02 05:00:00+00:00,0.0,4.8828125e-05,0.0,0.0,0.0,0.0,0.0,0.0,4.8828125e-05,True,12.0,8.807324859132052,9.841948918606136,0.0,False,,,,,,,,,,,,,,,,,,,,,,,,,,,,,
2017-01-02 06:00:00+00:00,2.5500000000000003,0.0,0.16,0.0,0.0500000000000002,0.0,0.0500000000000002,2.4224999999999994,2.369868421052631,0.0,0.0,2.5,0.0,0.0500000000000002,0.4,0.0005,0.0,0.0094736842105263,0.4005,0.4099736842105264,0.0,0.0,0.0,0.4005,cvar_0.5,False,8.899973705562527,9.80731160053454,9.834558744143974,9.36726622485325,0.0,2.320366121466577e-14,0.2628877999959513,0.0,True,planned,sampled,2.5,42,planned_48h,winter,0.5,True,2017-01-02 06:00:00+00:00,2017-01-02 06:00:00+00:00,0.0,0.01416015625,0.0,0.0,0.0,0.0,0.0,0.0,0.01416015625,True,12.0,8.899973705562527,9.834558744143974,0.0,False,,,,,,,,,,,,,,,,,,,,,,,,,,,,,
2017-01-02 07:00:00+00:00,2.5500000000000003,0.0,0.16,0.0,0.0500000000000002,0.0,0.0500000000000002,2.369868421052631,2.3172368421052623,0.0,0.0,2.5,0.0,0.0500000000000002,0.4,0.0005,0.0,0.0094736842105263,0.4005,0.4099736842105264,0.0,0.0,0.0,0.4005,cvar_0.5,False,9.11350139278668,9.807245189260676,9.83454767559833,9.474024534192504,0.0,5.9952043329758445e-15,0.265890400041826,0.0,True,planned,sampled,2.5,42,planned_48h,winter,0.5,True,2017-01-02 07:00:00+00:00,2017-01-02 07:00:00+00:00,0.0,0.1035737537202381,0.0109281994047619,0.0,0.0313895089285714,0.0,0.01806640625,0.0081910441794159,0.1035737537202381,True,12.0,9.11350139278668,9.83454767559833,0.0,False,,,,,,,,,,,,,,,,,,,,,,,,,,,,,
2017-01-02 08:00:00+00:00,2.5500000000000003,0.0498046875,0.175,0.0,0.0345842633928574,0.0,0.0345842633928574,2.3172368421052623,2.280832354323307,0.0498046875,0.0,2.465611049107143,0.0,0.0345842633928574,0.43148193359375,0.0003458426339285,0.0,0.0065528078007519,0.4318277762276785,0.4383805840284305,0.0,0.0,0.0,0.4318277762276785,cvar_0.5,False,9.317167649552506,9.68309976414876,9.813856771413016,9.56551221048276,0.0,6.661338147750939e-15,0.3559931999770924,0.0,True,planned,sampled,2.5,42,planned_48h,winter,0.5,True,2017-01-02 08:00:00+00:00,2017-01-02 08:00:00+00:00,0.0,0.3536446707589286,0.2194359188988095,0.0154157366071428,0.5479910714285714,0.0660574776785714,0.4649135044642857,0.1767105825308853,0.3038399832589286,True,12.0,9.317167649552506,9.813856771413016,0.0,False,,,,,,,,,,,,,,,,,,,,,,,,,,,,,
2017-01-02 09:00:00+00:00,2.1,0.1552734375,0.175,0.0,0.0,0.0,0.0,2.280832354323307,2.280832354323307,0.1552734375,0.0,1.9447265625,0.0,0.0,0.3403271484375,0.0,0.0,-0.0,0.3403271484375,0.3403271484375,0.0,0.0,0.0,0.3403271484375,cvar_0.5,False,9.104929148859313,9.817068799285428,9.83874747208233,9.471838310470822,0.0,5.3290705182007506e-15,0.2863345999503508,0.0,True,planned,sampled,2.5,42,planned_48h,winter,0.5,True,2017-01-02 09:00:00+00:00,2017-01-02 09:00:00+00:00,0.0,0.6747791108630952,0.523007347470238,0.0987025669642855,1.4573102678571428,0.0989815848214284,1.0891462053571428,0.4270071647209491,0.5195056733630952,True,12.0,9.104929148859313,9.83874747208233,0.0,False,,,,,,,,,,,,,,,,,,,,,,,,,,,,,
2017-01-02 10:00:00+00:00,2.1,0.1953125,0.175,0.1908135882469354,0.0,0.1908135882469354,0.0,2.280832354323307,2.462105263157896,0.1953125,0.0,2.095501088246936,0.0,0.1908135882469354,0.3667126904432137,0.0019081358824693,0.0,-0.0326291235902259,0.368620826325683,0.3359917027354571,0.0,0.0,2.775557561562892e-17,0.368620826325683,cvar_0.5,False,9.58267361602495,9.823244290503707,9.847061944685551,9.71486778035525,0.0,5.384581669432009e-15,0.3754544999683276,0.0,True,planned,sampled,2.5,42,planned_48h,winter,0.5,True,2017-01-02 10:00:00+00:00,2017-01-02 10:00:00+00:00,0.0,1.0505359468005953,0.3220098586309524,0.0,1.5041155133928572,0.0,0.4337332589285714,0.3884413921484877,0.8552234468005953,True,12.0,9.58267361602495,9.847061944685551,0.0,False,,,,,,,,,,,,,,,,,,,,,,,,,,,,,
2017-01-02 11:00:00+00:00,2.1,0.705078125,0.175,0.0680385044642855,0.0,0.0680385044642855,0.0,2.462105263157896,2.526741842398967,0.705078125,0.0,1.4629603794642856,0.0,0.0680385044642855,0.2560180664062499,0.0006803850446428,0.0,-0.0116345842633928,0.2566984514508928,0.2450638671875,0.0,0.0,0.0,0.2566984514508928,cvar_0.5,False,8.953864450195619,9.491456831899084,9.80601567315506,9.379940061675338,0.0,8.881784197001252e-15,0.2545382999815047,0.0,True,planned,sampled,2.5,42,planned_48h,winter,0.5,True,2017-01-02 11:00:00+00:00,2017-01-02 11:00:00+00:00,0.0,1.2465297154017856,1.20024181547619,0.1570870535714283,2.1680385044642856,0.1720145089285711,2.0335518973214284,0.7334058704268681,0.5414515904017856,True,12.0,8.953864450195619,9.80601567315506,0.0,False,,,,,,,,,,,,,,,,,,,,,,,,,,,,,
2017-01-02 12:00:00+00:00,2.1,1.57421875,0.175,0.0,0.0,0.0,0.0,2.526741842398967,2.526741842398967,1.57421875,0.0,0.5257812500000001,0.0,0.0,0.09201171875,0.0,0.0,-0.0,0.09201171875,0.09201171875,0.0,0.0,0.0,0.09201171875,cvar_0.5,False,9.428541262253942,9.811895800781253,9.876062399631078,9.652301830942507,0.0,6.827871601444713e-15,0.2286283000139519,0.0,True,planned,sampled,2.5,42,planned_48h,winter,0.5,True,2017-01-02 12:00:00+00:00,2017-01-02 12:00:00+00:00,0.0,1.3270763578869047,0.5594540550595238,0.0,1.9280831473214288,0.1891043526785714,1.248256138392857,0.5107324275718611,-0.2471423921130953,True,12.0,9.428541262253942,9.876062399631078,0.0,False,,,,,,,,,,,,,,,,,,,,,,,,,,,,,
2017-01-02 13:00:00+00:00,2.1,0.375,0.175,0.3319614955357121,0.0,0.3319614955357121,0.0,2.526741842398967,2.8421052631578934,0.375,0.0,2.0569614955357123,0.0,0.3319614955357121,0.3599682617187496,0.0033196149553571,0.0,-0.0567654157366067,0.3632878766741067,0.3065224609374999,0.0,0.0,1.1102230246251563e-16,0.3632878766741067,cvar_0.5,False,9.32177208706785,9.80722005196096,9.869371294936562,9.595571691002206,0.0,7.827072323607354e-15,0.1931872999994084,0.0,True,planned,sampled,2.5,42,planned_48h,winter,0.5,True,2017-01-02 13:00:00+00:00,2017-01-02 13:00:00+00:00,0.0,1.1002383277529764,0.7980201357886907,0.0174386160714288,2.3311244419642856,0.1717354910714287,2.180803571428572,0.845673830694918,0.7252383277529764,True,12.0,9.32177208706785,9.869371294936562,0.0,False,,,,,,,,,,,,,,,,,,,,,,,,,,,,,
2017-01-02 14:00:00+00:00,2.1,0.0302734375,0.175,0.0,0.0,0.0,0.0,2.8421052631578934,2.8421052631578934,0.0302734375,0.0,2.0697265625,0.0,0.0,0.3622021484375,0.0,0.0,-0.0,0.3622021484375,0.3622021484375,0.0,0.0,0.0,0.3622021484375,cvar_0.5,False,9.313468200928346,9.66301286712876,9.82251064875323,9.567989424840787,0.0,5.3290705182007506e-15,0.2106049000285565,0.0,True,planned,sampled,2.5,42,planned_48h,winter,0.5,True,2017-01-02 14:00:00+00:00,2017-01-02 14:00:00+00:00,0.0,0.6796212332589285,0.4125918433779761,0.2215401785714285,1.3344029017857144,0.2878069196428571,0.4587751116071429,0.2834832834855657,0.6493477957589285,True,12.0,9.313468200928346,9.82251064875323,0.0,False,,,,,,,,,,,,,,,,,,,,,,,,,,,,,
2017-01-02 15:00:00+00:00,2.1,0.0,0.175,0.0,0.0,0.0,0.0,2.8421052631578934,2.8421052631578934,0.0,0.0,2.1,0.0,0.0,0.3675,0.0,0.0,-0.0,0.3675,0.3675,0.0,0.0,0.0,0.3675,cvar_0.5,False,9.237061547820968,9.857870898437502,9.886810039605034,9.561935793713,0.0,2.220446049250313e-15,0.1707429999951273,0.0,True,planned,sampled,2.5,42,planned_48h,winter,0.5,True,2017-01-02 15:00:00+00:00,2017-01-02 15:00:00+00:00,0.0,0.1114769345238095,0.0250767299107142,0.0035574776785714,0.0592912946428571,0.00390625,0.0443638392857142,0.0175822650304357,0.1114769345238095,True,12.0,9.237061547820968,9.886810039605034,0.0,False,,,,,,,,,,,,,,,,,,,,,,,,,,,,,
2017-01-02 16:00:00+00:00,2.1,0.0,0.175,0.0,0.0,0.0,0.0,2.8421052631578934,2.8421052631578934,0.0,0.0,2.1,0.0,0.0,0.3675,0.0,0.0,-0.0,0.3675,0.3675,0.0,0.0,0.0,0.3675,cvar_0.5,False,9.32289789767795,9.85095463622435,9.897170933294335,9.610034415486144,0.0,2.220446049250313e-15,0.2064705999800935,0.0,True,planned,sampled,2.5,42,planned_48h,winter,0.5,True,2017-01-02 16:00:00+00:00,2017-01-02 16:00:00+00:00,0.0,0.0035807291666666,0.0,0.0,0.0,0.0,0.0,0.0,0.0035807291666666,True,12.0,9.32289789767795,9.897170933294335,0.0,False,,,,,,,,,,,,,,,,,,,,,,,,,,,,,
2017-01-02 17:00:00+00:00,2.95,0.0,0.2,0.0,0.449999999999998,0.0,0.449999999999998,2.8421052631578934,2.36842105263158,0.0,0.0,2.5,2.220446049250313e-15,0.449999999999998,0.5,0.0044999999999999,2.220446049250313e-14,0.0852631578947364,0.5045000000000222,0.5897631578947586,0.0,0.0,0.0,0.5045,cvar_0.5,False,9.165282572703733,9.805490527343746,9.875040087890625,9.520161330297178,0.0,2.220446049250313e-15,0.1740999000612646,0.0,True,planned,sampled,2.5,42,planned_48h,winter,0.5,True,2017-01-02 17:00:00+00:00,2017-01-02 17:00:00+00:00,0.0,0.0,0.0,0.0,0.0,0.0,0.0,0.0,0.0,False,12.0,9.165282572703733,9.875040087890625,0.0,False,,,,,,,,,,,,,,,,,,,,,,,,,,,,,
2017-01-02 18:00:00+00:00,2.95,0.0,0.2,0.0,0.4500000000000002,0.0,0.4500000000000002,2.36842105263158,1.894736842105264,0.0,0.0,2.5,0.0,0.4500000000000002,0.5,0.0045,0.0,0.0852631578947368,0.5045,0.5897631578947368,0.0,0.0,0.0,0.5045,cvar_0.5,False,9.430422207872589,9.80447631681743,9.842815114250469,9.636618661061528,0.0,4.440892098500626e-16,0.1766857999609783,0.0,True,planned,sampled,2.5,42,planned_48h,winter,0.5,True,2017-01-02 18:00:00+00:00,2017-01-02 18:00:00+00:00,0.0,0.0,0.0,0.0,0.0,0.0,0.0,0.0,0.0,False,12.0,9.430422207872589,9.842815114250469,0.0,False,,,,,,,,,,,,,,,,,,,,,,,,,,,,,
2017-01-02 19:00:00+00:00,2.95,0.0,0.2,0.0,0.4500000000000002,0.0,0.4500000000000002,1.894736842105264,1.4210526315789478,0.0,0.0,2.5,0.0,0.4500000000000002,0.5,0.0045,0.0,0.0852631578947368,0.5045,0.5897631578947368,0.0,0.0,0.0,0.5045,cvar_0.5,False,9.3927212658156,9.809290795641449,9.868342309313322,9.63053178756446,0.0,4.440892098500626e-16,0.2152759000891819,0.0,True,planned,sampled,2.5,42,planned_48h,winter,0.5,True,2017-01-02 19:00:00+00:00,2017-01-02 19:00:00+00:00,0.0,0.0,0.0,0.0,0.0,0.0,0.0,0.0,0.0,False,12.0,9.3927212658156,9.868342309313322,0.0,False,,,,,,,,,,,,,,,,,,,,,,,,,,,,,
2017-01-02 20:00:00+00:00,2.95,0.0,0.2,0.0,0.4500000000000002,0.0,0.4500000000000002,1.4210526315789478,0.947368421052632,0.0,0.0,2.5,0.0,0.4500000000000002,0.5,0.0045,0.0,0.0852631578947368,0.5045,0.5897631578947368,0.0,0.0,0.0,0.5045,cvar_0.5,False,9.4189337244922,9.850956557947605,9.897131106868734,9.658032415680466,0.0,4.440892098500626e-16,0.1733727999962866,0.0,True,planned,sampled,2.5,42,planned_48h,winter,0.5,True,2017-01-02 20:00:00+00:00,2017-01-02 20:00:00+00:00,0.0,0.0,0.0,0.0,0.0,0.0,0.0,0.0,0.0,False,12.0,9.4189337244922,9.897131106868734,0.0,False,,,,,,,,,,,,,,,,,,,,,,,,,,,,,
2017-01-02 21:00:00+00:00,2.95,0.0,0.2,0.0,0.4500000000000002,0.0,0.4500000000000002,0.947368421052632,0.4736842105263159,0.0,0.0,2.5,0.0,0.4500000000000002,0.5,0.0045,0.0,0.0852631578947368,0.5045,0.5897631578947369,0.0,0.0,0.0,0.5045,cvar_0.5,False,9.103324986937864,9.75954649715108,9.797580118802866,9.450452552870368,0.0,1.5543122344752197e-15,0.1736935001099482,0.0,True,planned,sampled,2.5,42,planned_48h,winter,0.5,True,2017-01-02 21:00:00+00:00,2017-01-02 21:00:00+00:00,0.0,0.0,0.0,0.0,0.0,0.0,0.0,0.0,0.0,False,12.0,9.103324986937864,9.797580118802866,0.0,False,,,,,,,,,,,,,,,,,,,,,,,,,,,,,
2017-01-02 22:00:00+00:00,2.95,0.0,0.16,0.0,0.4500000000000002,0.0,0.45,0.4736842105263159,5.551115123125783e-17,0.0,0.0,2.5,0.0,0.45,0.4,0.0045,0.0,0.0852631578947368,0.4045,0.4897631578947369,0.0,1.6653345369377348e-16,0.0,0.4045,cvar_0.5,False,9.218103525965793,9.851430242158129,9.882641005271967,9.55037226561888,0.0,4.440892098500626e-16,0.2184919000137597,0.0,True,planned,sampled,2.5,42,planned_48h,winter,0.5,True,2017-01-02 22:00:00+00:00,2017-01-02 22:00:00+00:00,0.0,0.0,0.0,0.0,0.0,0.0,0.0,0.0,0.0,False,12.0,9.218103525965793,9.882641005271967,0.0,False,,,,,,,,,,,,,,,,,,,,,,,,,,,,,
2017-01-02 23:00:00+00:00,2.1,0.0,0.16,0.3999999999999999,0.0,0.3999999999999999,0.0,5.551115123125783e-17,0.3799999999999999,0.0,0.0,2.5,0.0,0.3999999999999999,0.4,0.0039999999999999,0.0,-0.0683999999999999,0.404,0.3356,0.0,0.0,0.0,0.404,cvar_0.5,False,9.358970659456002,9.88594050678454,9.907587642201207,9.633279150828605,0.0,3.6637359812630166e-14,0.1697412000503391,0.0,True,planned,sampled,2.5,42,planned_48h,winter,0.5,True,2017-01-02 23:00:00+00:00,2017-01-02 23:00:00+00:00,0.0,0.0,0.0,0.0,0.0,0.0,0.0,0.0,0.0,False,12.0,9.358970659456002,9.907587642201207,0.0,False,,,,,,,,,,,,,,,,,,,,,,,,,,,,,
2017-07-01 00:00:00+00:00,2.35,0.0,0.16,0.1499999999999999,0.0,0.1499999999999999,0.0,4.0,4.1425,0.0,0.0,2.5,0.0,0.1499999999999999,0.4,0.0014999999999999,0.0,-0.02565,0.4015,0.37585,0.0,0.0,0.0,0.4015,perfect_foresight,False,17.5726690391139,17.5726690391139,17.5726690391139,17.5726690391139,0.0861388000193983,1.9984014443252818e-15,,0.0,False,planned,sampled,2.5,42,planned_48h,summer,0.0,True,,,,,,,,,,,,,,,,,,,,,,,,,,,,,,,,,,,,,,,,,,,,,,
2017-07-01 01:00:00+00:00,2.35,0.0,0.16,0.1497841282894737,0.0,0.1497841282894737,0.0,4.1425,4.284794921875,0.0,0.0,2.4997841282894737,0.0,0.1497841282894737,0.3999654605263158,0.0014978412828947,0.0,-0.0256130859375,0.4014633018092106,0.3758502158717106,0.0,0.0,-1.1102230246251563e-16,0.4014633018092106,perfect_foresight,False,17.5726690391139,17.5726690391139,17.5726690391139,17.5726690391139,0.0,1.9984014443252818e-15,,0.0,False,planned,sampled,2.5,42,planned_48h,summer,0.0,True,,,,,,,,,,,,,,,,,,,,,,,,,,,,,,,,,,,,,,,,,,,,,,
2017-07-01 02:00:00+00:00,2.35,0.0,0.16,0.1499999999999999,0.0,0.1499999999999999,0.0,4.284794921875,4.427294921875,0.0,0.0,2.5,0.0,0.1499999999999999,0.4,0.0014999999999999,0.0,-0.02565,0.4015,0.37585,0.0,0.0,0.0,0.4015,perfect_foresight,False,17.5726690391139,17.5726690391139,17.5726690391139,17.5726690391139,0.0,1.9984014443252818e-15,,0.0,False,planned,sampled,2.5,42,planned_48h,summer,0.0,True,,,,,,,,,,,,,,,,,,,,,,,,,,,,,,,,,,,,,,,,,,,,,,
2017-07-01 03:00:00+00:00,2.35,0.0,0.16,0.1499999999999999,0.0,0.1499999999999999,0.0,4.427294921875,4.569794921875,0.0,0.0,2.5,0.0,0.1499999999999999,0.4,0.0014999999999999,0.0,-0.02565,0.4015,0.37585,0.0,0.0,0.0,0.4015,perfect_foresight,False,17.5726690391139,17.5726690391139,17.5726690391139,17.5726690391139,0.0,1.9984014443252818e-15,,0.0,False,planned,sampled,2.5,42,planned_48h,summer,0.0,True,,,,,,,,,,,,,,,,,,,,,,,,,,,,,,,,,,,,,,,,,,,,,,
2017-07-01 04:00:00+00:00,2.35,0.10546875,0.16,0.2554687499999999,0.0,0.2554687499999999,0.0,4.569794921875,4.812490234375,0.10546875,0.0,2.5,0.0,0.2554687499999999,0.4,0.0025546874999999,0.0,-0.0436851562499999,0.4025546875,0.3588695312500001,0.0,0.0,0.0,0.4025546875,perfect_foresight,False,17.5726690391139,17.5726690391139,17.5726690391139,17.5726690391139,0.0,1.9984014443252818e-15,,0.0,False,planned,sampled,2.5,42,planned_48h,summer,0.0,True,,,,,,,,,,,,,,,,,,,,,,,,,,,,,,,,,,,,,,,,,,,,,,
2017-07-01 05:00:00+00:00,2.35,0.25,0.16,0.3999999999999999,0.0,0.3999999999999999,0.0,4.812490234375,5.192490234375,0.25,0.0,2.5,0.0,0.3999999999999999,0.4,0.0039999999999999,0.0,-0.0683999999999999,0.404,0.3356,0.0,0.0,0.0,0.404,perfect_foresight,False,17.5726690391139,17.5726690391139,17.5726690391139,17.5726690391139,0.0,1.9984014443252818e-15,,0.0,False,planned,sampled,2.5,42,planned_48h,summer,0.0,True,,,,,,,,,,,,,,,,,,,,,,,,,,,,,,,,,,,,,,,,,,,,,,
2017-07-01 06:00:00+00:00,2.8000000000000003,0.3798828125,0.16,0.0,0.0,0.0,0.0,5.192490234375,5.192490234375,0.3798828125,0.0,2.4201171875000003,0.0,0.0,0.38721875,0.0,0.0,-0.0,0.38721875,0.38721875,0.0,0.0,0.0,0.38721875,perfect_foresight,False,17.5726690391139,17.5726690391139,17.5726690391139,17.5726690391139,0.0,1.9984014443252818e-15,,0.0,False,planned,sampled,2.5,42,planned_48h,summer,0.0,True,,,,,,,,,,,,,,,,,,,,,,,,,,,,,,,,,,,,,,,,,,,,,,
2017-07-01 07:00:00+00:00,2.8000000000000003,1.0400390625,0.16,0.7400390624999997,0.0,0.7400390624999997,0.0,5.192490234375,5.89552734375,1.0400390625,0.0,2.5,0.0,0.7400390624999997,0.4,0.0074003906249999,0.0,-0.1265466796874999,0.407400390625,0.2808537109375,0.0,0.0,0.0,0.407400390625,perfect_foresight,False,17.5726690391139,17.5726690391139,17.5726690391139,17.5726690391139,0.0,1.9984014443252818e-15,,0.0,False,planned,sampled,2.5,42,planned_48h,summer,0.0,True,,,,,,,,,,,,,,,,,,,,,,,,,,,,,,,,,,,,,,,,,,,,,,
2017-07-01 08:00:00+00:00,2.8000000000000003,1.349609375,0.175,0.0,0.0,0.0,0.0,5.89552734375,5.89552734375,1.349609375,0.0,1.4503906250000005,0.0,0.0,0.253818359375,0.0,0.0,-0.0,0.253818359375,0.253818359375,0.0,0.0,0.0,0.253818359375,perfect_foresight,False,17.5726690391139,17.5726690391139,17.5726690391139,17.5726690391139,0.0,1.9984014443252818e-15,,0.0,False,planned,sampled,2.5,42,planned_48h,summer,0.0,True,,,,,,,,,,,,,,,,,,,,,,,,,,,,,,,,,,,,,,,,,,,,,,
2017-07-01 09:00:00+00:00,2.35,2.46484375,0.175,0.1148437499999999,0.0,0.1148437499999999,0.0,5.89552734375,6.00462890625,2.46484375,0.0,0.0,0.0,0.1148437499999999,0.0,0.0011484374999999,0.0,-0.01963828125,0.0011484374999999,-0.01848984375,0.0,0.0,0.0,0.0011484374999999,perfect_foresight,False,17.5726690391139,17.5726690391139,17.5726690391139,17.5726690391139,0.0,1.9984014443252818e-15,,0.0,False,planned,sampled,2.5,42,planned_48h,summer,0.0,True,,,,,,,,,,,,,,,,,,,,,,,,,,,,,,,,,,,,,,,,,,,,,,
2017-07-01 10:00:00+00:00,2.35,2.25,0.175,0.0,0.0,0.0,0.0,6.00462890625,6.00462890625,2.25,0.0,0.1,0.0,0.0,0.0175,0.0,0.0,-0.0,0.0175,0.0175,0.0,0.0,0.0,0.0175,perfect_foresight,False,17.5726690391139,17.5726690391139,17.5726690391139,17.5726690391139,0.0,1.9984014443252818e-15,,0.0,False,planned,sampled,2.5,42,planned_48h,summer,0.0,True,,,,,,,,,,,,,,,,,,,,,,,,,,,,,,,,,,,,,,,,,,,,,,
2017-07-01 11:00:00+00:00,2.35,2.490234375,0.175,0.1402343749999999,0.0,0.1402343749999999,0.0,6.00462890625,6.1378515625,2.490234375,0.0,0.0,0.0,0.1402343749999999,0.0,0.0014023437499999,0.0,-0.023980078125,0.0014023437499999,-0.022577734375,0.0,0.0,0.0,0.0014023437499999,perfect_foresight,False,17.5726690391139,17.5726690391139,17.5726690391139,17.5726690391139,0.0,1.9984014443252818e-15,,0.0,False,planned,sampled,2.5,42,planned_48h,summer,0.0,True,,,,,,,,,,,,,,,,,,,,,,,,,,,,,,,,,,,,,,,,,,,,,,
2017-07-01 12:00:00+00:00,2.35,3.53515625,0.175,1.18515625,0.0,1.18515625,0.0,6.1378515625,7.26375,3.53515625,0.0,0.0,0.0,1.18515625,0.0,0.0118515625,0.0,-0.20266171875,0.0118515625,-0.19081015625,0.0,0.0,0.0,0.0118515625,perfect_foresight,False,17.5726690391139,17.5726690391139,17.5726690391139,17.5726690391139,0.0,1.9984014443252818e-15,,0.0,False,planned,sampled,2.5,42,planned_48h,summer,0.0,True,,,,,,,,,,,,,,,,,,,,,,,,,,,,,,,,,,,,,,,,,,,,,,
2017-07-01 13:00:00+00:00,2.35,3.125,0.175,0.7749999999999999,0.0,0.7749999999999999,0.0,7.26375,8.0,3.125,0.0,0.0,0.0,0.7749999999999999,0.0,0.0077499999999999,0.0,-0.132525,0.0077499999999999,-0.124775,0.0,0.0,0.0,0.0077499999999999,perfect_foresight,False,17.5726690391139,17.5726690391139,17.5726690391139,17.5726690391139,0.0,1.9984014443252818e-15,,0.0,False,planned,sampled,2.5,42,planned_48h,summer,0.0,True,,,,,,,,,,,,,,,,,,,,,,,,,,,,,,,,,,,,,,,,,,,,,,
2017-07-01 14:00:00+00:00,2.35,1.7802734375,0.175,0.0,0.0,0.0,0.0,8.0,8.0,1.7802734375,0.0,0.5697265625000001,0.0,0.0,0.0997021484375,0.0,0.0,-0.0,0.0997021484375,0.0997021484375,0.0,0.0,0.0,0.0997021484375,perfect_foresight,False,17.5726690391139,17.5726690391139,17.5726690391139,17.5726690391139,0.0,1.9984014443252818e-15,,0.0,False,planned,sampled,2.5,42,planned_48h,summer,0.0,True,,,,,,,,,,,,,,,,,,,,,,,,,,,,,,,,,,,,,,,,,,,,,,
2017-07-01 15:00:00+00:00,2.35,1.099609375,0.175,0.0,0.0,0.0,0.0,8.0,8.0,1.099609375,0.0,1.250390625,0.0,0.0,0.218818359375,0.0,0.0,-0.0,0.218818359375,0.218818359375,0.0,0.0,0.0,0.218818359375,perfect_foresight,False,17.5726690391139,17.5726690391139,17.5726690391139,17.5726690391139,0.0,1.9984014443252818e-15,,0.0,False,planned,sampled,2.5,42,planned_48h,summer,0.0,True,,,,,,,,,,,,,,,,,,,,,,,,,,,,,,,,,,,,,,,,,,,,,,
2017-07-01 16:00:00+00:00,2.35,0.775390625,0.175,0.0,0.0,0.0,0.0,8.0,8.0,0.775390625,0.0,1.574609375,0.0,0.0,0.275556640625,0.0,0.0,-0.0,0.275556640625,0.275556640625,0.0,0.0,0.0,0.275556640625,perfect_foresight,False,17.5726690391139,17.5726690391139,17.5726690391139,17.5726690391139,0.0,1.9984014443252818e-15,,0.0,False,planned,sampled,2.5,42,planned_48h,summer,0.0,True,,,,,,,,,,,,,,,,,,,,,,,,,,,,,,,,,,,,,,,,,,,,,,
2017-07-01 17:00:00+00:00,3.2,0.57421875,0.2,0.0,1.090407714843747,0.0,1.090407714843747,8.0,6.852202405427635,0.57421875,0.0,1.5353735351562534,0.0,1.090407714843747,0.3070747070312507,0.0109040771484374,0.0,0.2066035670230257,0.3179787841796882,0.5245823512027139,0.0,0.0,0.0,0.3179787841796882,perfect_foresight,False,17.5726690391139,17.5726690391139,17.5726690391139,17.5726690391139,0.0,1.9984014443252818e-15,,0.0,False,planned,sampled,2.5,42,planned_48h,summer,0.0,True,,,,,,,,,,,,,,,,,,,,,,,,,,,,,,,,,,,,,,,,,,,,,,
2017-07-01 18:00:00+00:00,3.2,0.0751953125,0.2,0.0,0.6248046875000002,0.0,0.6248046875000002,6.852202405427635,6.194513260690792,0.0751953125,0.0,2.5,0.0,0.6248046875000002,0.5,0.006248046875,0.0,0.1183840460526316,0.506248046875,0.6246320929276317,0.0,0.0,0.0,0.506248046875,perfect_foresight,False,17.5726690391139,17.5726690391139,17.5726690391139,17.5726690391139,0.0,1.9984014443252818e-15,,0.0,False,planned,sampled,2.5,42,planned_48h,summer,0.0,True,,,,,,,,,,,,,,,,,,,,,,,,,,,,,,,,,,,,,,,,,,,,,,
2017-07-01 19:00:00+00:00,3.2,0.0,0.2,0.0,0.7000000000000002,0.0,0.7000000000000002,6.194513260690792,5.457671155427634,0.0,0.0,2.5,0.0,0.7000000000000002,0.5,0.007,0.0,0.1326315789473685,0.507,0.6396315789473686,0.0,0.0,0.0,0.507,perfect_foresight,False,17.5726690391139,17.5726690391139,17.5726690391139,17.5726690391139,0.0,1.9984014443252818e-15,,0.0,False,planned,sampled,2.5,42,planned_48h,summer,0.0,True,,,,,,,,,,,,,,,,,,,,,,,,,,,,,,,,,,,,,,,,,,,,,,
2017-07-01 20:00:00+00:00,3.2,0.0,0.2,0.0,0.7000000000000002,0.0,0.7000000000000002,5.457671155427634,4.720829050164475,0.0,0.0,2.5,0.0,0.7000000000000002,0.5,0.007,0.0,0.1326315789473685,0.507,0.6396315789473686,0.0,0.0,0.0,0.507,perfect_foresight,False,17.5726690391139,17.5726690391139,17.5726690391139,17.5726690391139,0.0,1.9984014443252818e-15,,0.0,False,planned,sampled,2.5,42,planned_48h,summer,0.0,True,,,,,,,,,,,,,,,,,,,,,,,,,,,,,,,,,,,,,,,,,,,,,,
2017-07-01 21:00:00+00:00,3.2,0.0,0.2,0.0,0.7000000000000002,0.0,0.7000000000000002,4.720829050164475,3.983986944901317,0.0,0.0,2.5,0.0,0.7000000000000002,0.5,0.007,0.0,0.1326315789473684,0.507,0.6396315789473684,0.0,0.0,0.0,0.507,perfect_foresight,False,17.5726690391139,17.5726690391139,17.5726690391139,17.5726690391139,0.0,1.9984014443252818e-15,,0.0,False,planned,sampled,2.5,42,planned_48h,summer,0.0,True,,,,,,,,,,,,,,,,,,,,,,,,,,,,,,,,,,,,,,,,,,,,,,
2017-07-01 22:00:00+00:00,3.2,0.0,0.16,0.0,0.7000000000000002,0.0,0.7000000000000002,3.983986944901317,3.2471448396381595,0.0,0.0,2.5,0.0,0.7000000000000002,0.4,0.007,0.0,0.1326315789473684,0.407,0.5396315789473685,0.0,0.0,0.0,0.407,perfect_foresight,False,17.5726690391139,17.5726690391139,17.5726690391139,17.5726690391139,0.0,1.9984014443252818e-15,,0.0,False,planned,sampled,2.5,42,planned_48h,summer,0.0,True,,,,,,,,,,,,,,,,,,,,,,,,,,,,,,,,,,,,,,,,,,,,,,
2017-07-01 23:00:00+00:00,2.35,0.0,0.16,0.1499999999999999,0.0,0.1499999999999999,0.0,3.2471448396381595,3.3896448396381595,0.0,0.0,2.5,0.0,0.1499999999999999,0.4,0.0014999999999999,0.0,-0.02565,0.4015,0.37585,0.0,0.0,0.0,0.4015,perfect_foresight,False,17.5726690391139,17.5726690391139,17.5726690391139,17.5726690391139,0.0,1.9984014443252818e-15,,0.0,False,planned,sampled,2.5,42,planned_48h,summer,0.0,True,,,,,,,,,,,,,,,,,,,,,,,,,,,,,,,,,,,,,,,,,,,,,,
2017-07-02 00:00:00+00:00,2.35,0.0,0.16,0.1499999999999999,0.0,0.1499999999999999,0.0,3.3896448396381595,3.53214483963816,0.0,0.0,2.5,0.0,0.1499999999999999,0.4,0.0014999999999999,0.0,-0.02565,0.4015,0.37585,0.0,0.0,0.0,0.4015,perfect_foresight,False,17.5726690391139,17.5726690391139,17.5726690391139,17.5726690391139,0.0,1.9984014443252818e-15,,0.0,False,planned,sampled,2.5,42,planned_48h,summer,0.0,True,,,,,,,,,,,,,,,,,,,,,,,,,,,,,,,,,,,,,,,,,,,,,,
2017-07-02 01:00:00+00:00,2.35,0.0,0.16,0.1499999999999999,0.0,0.1499999999999999,0.0,3.53214483963816,3.67464483963816,0.0,0.0,2.5,0.0,0.1499999999999999,0.4,0.0014999999999999,0.0,-0.02565,0.4015,0.37585,0.0,0.0,0.0,0.4015,perfect_foresight,False,17.5726690391139,17.5726690391139,17.5726690391139,17.5726690391139,0.0,1.9984014443252818e-15,,0.0,False,planned,sampled,2.5,42,planned_48h,summer,0.0,True,,,,,,,,,,,,,,,,,,,,,,,,,,,,,,,,,,,,,,,,,,,,,,
2017-07-02 02:00:00+00:00,2.35,0.0,0.16,0.1499999999999999,0.0,0.1499999999999999,0.0,3.67464483963816,3.81714483963816,0.0,0.0,2.5,0.0,0.1499999999999999,0.4,0.0014999999999999,0.0,-0.02565,0.4015,0.37585,0.0,0.0,0.0,0.4015,perfect_foresight,False,17.5726690391139,17.5726690391139,17.5726690391139,17.5726690391139,0.0,1.9984014443252818e-15,,0.0,False,planned,sampled,2.5,42,planned_48h,summer,0.0,True,,,,,,,,,,,,,,,,,,,,,,,,,,,,,,,,,,,,,,,,,,,,,,
2017-07-02 03:00:00+00:00,2.35,0.0,0.16,0.1499999999999999,0.0,0.1499999999999999,0.0,3.81714483963816,3.95964483963816,0.0,0.0,2.5,0.0,0.1499999999999999,0.4,0.0014999999999999,0.0,-0.02565,0.4015,0.37585,0.0,0.0,0.0,0.4015,perfect_foresight,False,17.5726690391139,17.5726690391139,17.5726690391139,17.5726690391139,0.0,1.9984014443252818e-15,,0.0,False,planned,sampled,2.5,42,planned_48h,summer,0.0,True,,,,,,,,,,,,,,,,,,,,,,,,,,,,,,,,,,,,,,,,,,,,,,
2017-07-02 04:00:00+00:00,2.35,0.009765625,0.16,0.1597656249999999,0.0,0.1597656249999999,0.0,3.95964483963816,4.11142218338816,0.009765625,0.0,2.5,0.0,0.1597656249999999,0.4,0.0015976562499999,0.0,-0.027319921875,0.40159765625,0.374277734375,0.0,0.0,0.0,0.40159765625,perfect_foresight,False,17.5726690391139,17.5726690391139,17.5726690391139,17.5726690391139,0.0,1.9984014443252818e-15,,0.0,False,planned,sampled,2.5,42,planned_48h,summer,0.0,True,,,,,,,,,,,,,,,,,,,,,,,,,,,,,,,,,,,,,,,,,,,,,,
2017-07-02 05:00:00+00:00,2.35,0.060546875,0.16,0.2105468749999999,0.0,0.2105468749999999,0.0,4.11142218338816,4.31144171463816,0.060546875,0.0,2.5,0.0,0.2105468749999999,0.4,0.0021054687499999,0.0,-0.0360035156249999,0.40210546875,0.3661019531250001,0.0,0.0,0.0,0.40210546875,perfect_foresight,False,17.5726690391139,17.5726690391139,17.5726690391139,17.5726690391139,0.0,1.9984014443252818e-15,,0.0,False,planned,sampled,2.5,42,planned_48h,summer,0.0,True,,,,,,,,,,,,,,,,,,,,,,,,,,,,,,,,,,,,,,,,,,,,,,
2017-07-02 06:00:00+00:00,2.8000000000000003,0.1396484375,0.16,0.0,0.1603515625000002,0.0,0.1603515625000002,4.31144171463816,4.1426505962171065,0.1396484375,0.0,2.5,0.0,0.1603515625000002,0.4,0.001603515625,0.0,0.0303824013157895,0.401603515625,0.4319859169407896,0.0,0.0,0.0,0.401603515625,perfect_foresight,False,17.5726690391139,17.5726690391139,17.5726690391139,17.5726690391139,0.0,1.9984014443252818e-15,,0.0,False,planned,sampled,2.5,42,planned_48h,summer,0.0,True,,,,,,,,,,,,,,,,,,,,,,,,,,,,,,,,,,,,,,,,,,,,,,
2017-07-02 07:00:00+00:00,2.8000000000000003,0.4599609375,0.16,0.1599609374999997,0.0,0.1599609374999997,0.0,4.1426505962171065,4.294613486842106,0.4599609375,0.0,2.5,0.0,0.1599609374999997,0.4,0.0015996093749999,0.0,-0.0273533203124999,0.401599609375,0.3742462890625,0.0,0.0,0.0,0.401599609375,perfect_foresight,False,17.5726690391139,17.5726690391139,17.5726690391139,17.5726690391139,0.0,1.9984014443252818e-15,,0.0,False,planned,sampled,2.5,42,planned_48h,summer,0.0,True,,,,,,,,,,,,,,,,,,,,,,,,,,,,,,,,,,,,,,,,,,,,,,
2017-07-02 08:00:00+00:00,2.8000000000000003,0.560546875,0.175,0.0,0.0,0.0,0.0,4.294613486842106,4.294613486842106,0.560546875,0.0,2.2394531250000003,0.0,0.0,0.391904296875,0.0,0.0,-0.0,0.391904296875,0.391904296875,0.0,0.0,0.0,0.391904296875,perfect_foresight,False,17.5726690391139,17.5726690391139,17.5726690391139,17.5726690391139,0.0,1.9984014443252818e-15,,0.0,False,planned,sampled,2.5,42,planned_48h,summer,0.0,True,,,,,,,,,,,,,,,,,,,,,,,,,,,,,,,,,,,,,,,,,,,,,,
2017-07-02 09:00:00+00:00,2.35,0.3095703125,0.175,0.0,0.0,0.0,0.0,4.294613486842106,4.294613486842106,0.3095703125,0.0,2.0404296875,0.0,0.0,0.3570751953125,0.0,0.0,-0.0,0.3570751953125,0.3570751953125,0.0,0.0,0.0,0.3570751953125,perfect_foresight,False,17.5726690391139,17.5726690391139,17.5726690391139,17.5726690391139,0.0,1.9984014443252818e-15,,0.0,False,planned,sampled,2.5,42,planned_48h,summer,0.0,True,,,,,,,,,,,,,,,,,,,,,,,,,,,,,,,,,,,,,,,,,,,,,,
2017-07-02 10:00:00+00:00,2.35,0.4951171875,0.175,0.0,0.0,0.0,0.0,4.294613486842106,4.294613486842106,0.4951171875,0.0,1.8548828125,0.0,0.0,0.3246044921875,0.0,0.0,-0.0,0.3246044921875,0.3246044921875,0.0,0.0,0.0,0.3246044921875,perfect_foresight,False,17.5726690391139,17.5726690391139,17.5726690391139,17.5726690391139,0.0,1.9984014443252818e-15,,0.0,False,planned,sampled,2.5,42,planned_48h,summer,0.0,True,,,,,,,,,,,,,,,,,,,,,,,,,,,,,,,,,,,,,,,,,,,,,,
2017-07-02 11:00:00+00:00,2.35,0.5947265625,0.175,0.0,0.0,0.0,0.0,4.294613486842106,4.294613486842106,0.5947265625,0.0,1.7552734375,0.0,0.0,0.3071728515625,0.0,0.0,-0.0,0.3071728515625,0.3071728515625,0.0,0.0,0.0,0.3071728515625,perfect_foresight,False,17.5726690391139,17.5726690391139,17.5726690391139,17.5726690391139,0.0,1.9984014443252818e-15,,0.0,False,planned,sampled,2.5,42,planned_48h,summer,0.0,True,,,,,,,,,,,,,,,,,,,,,,,,,,,,,,,,,,,,,,,,,,,,,,
2017-07-02 12:00:00+00:00,2.35,0.515625,0.175,0.0,0.0,0.0,0.0,4.294613486842106,4.294613486842106,0.515625,0.0,1.834375,0.0,0.0,0.3210156249999999,0.0,0.0,-0.0,0.3210156249999999,0.3210156249999999,0.0,0.0,0.0,0.3210156249999999,perfect_foresight,False,17.5726690391139,17.5726690391139,17.5726690391139,17.5726690391139,0.0,1.9984014443252818e-15,,0.0,False,planned,sampled,2.5,42,planned_48h,summer,0.0,True,,,,,,,,,,,,,,,,,,,,,,,,,,,,,,,,,,,,,,,,,,,,,,
2017-07-02 13:00:00+00:00,2.35,0.5947265625,0.175,0.0,0.0,0.0,0.0,4.294613486842106,4.294613486842106,0.5947265625,0.0,1.7552734375,0.0,0.0,0.3071728515625,0.0,0.0,-0.0,0.3071728515625,0.3071728515625,0.0,0.0,0.0,0.3071728515625,perfect_foresight,False,17.5726690391139,17.5726690391139,17.5726690391139,17.5726690391139,0.0,1.9984014443252818e-15,,0.0,False,planned,sampled,2.5,42,planned_48h,summer,0.0,True,,,,,,,,,,,,,,,,,,,,,,,,,,,,,,,,,,,,,,,,,,,,,,
2017-07-02 14:00:00+00:00,2.35,0.2646484375,0.175,0.0,0.0,0.0,0.0,4.294613486842106,4.294613486842106,0.2646484375,0.0,2.0853515625,0.0,0.0,0.3649365234375,0.0,0.0,-0.0,0.3649365234375,0.3649365234375,0.0,0.0,0.0,0.3649365234375,perfect_foresight,False,17.5726690391139,17.5726690391139,17.5726690391139,17.5726690391139,0.0,1.9984014443252818e-15,,0.0,False,planned,sampled,2.5,42,planned_48h,summer,0.0,True,,,,,,,,,,,,,,,,,,,,,,,,,,,,,,,,,,,,,,,,,,,,,,
2017-07-02 15:00:00+00:00,2.35,0.46484375,0.175,0.0,0.0,0.0,0.0,4.294613486842106,4.294613486842106,0.46484375,0.0,1.88515625,0.0,0.0,0.32990234375,0.0,0.0,-0.0,0.32990234375,0.32990234375,0.0,0.0,0.0,0.32990234375,perfect_foresight,False,17.5726690391139,17.5726690391139,17.5726690391139,17.5726690391139,0.0,1.9984014443252818e-15,,0.0,False,planned,sampled,2.5,42,planned_48h,summer,0.0,True,,,,,,,,,,,,,,,,,,,,,,,,,,,,,,,,,,,,,,,,,,,,,,
2017-07-02 16:00:00+00:00,2.35,0.23046875,0.175,0.0,0.0,0.0,0.0,4.294613486842106,4.294613486842106,0.23046875,0.0,2.11953125,0.0,0.0,0.37091796875,0.0,0.0,-0.0,0.37091796875,0.37091796875,0.0,0.0,0.0,0.37091796875,perfect_foresight,False,17.5726690391139,17.5726690391139,17.5726690391139,17.5726690391139,0.0,1.9984014443252818e-15,,0.0,False,planned,sampled,2.5,42,planned_48h,summer,0.0,True,,,,,,,,,,,,,,,,,,,,,,,,,,,,,,,,,,,,,,,,,,,,,,
2017-07-02 17:00:00+00:00,3.2,0.1044921875,0.2,0.0,0.5955078125000002,0.0,0.5955078125000002,4.294613486842106,3.6677631578947376,0.1044921875,0.0,2.5,0.0,0.5955078125000002,0.5,0.005955078125,0.0,0.1128330592105263,0.505955078125,0.6187881373355263,0.0,0.0,0.0,0.505955078125,perfect_foresight,False,17.5726690391139,17.5726690391139,17.5726690391139,17.5726690391139,0.0,1.9984014443252818e-15,,0.0,False,planned,sampled,2.5,42,planned_48h,summer,0.0,True,,,,,,,,,,,,,,,,,,,,,,,,,,,,,,,,,,,,,,,,,,,,,,
2017-07-02 18:00:00+00:00,3.2,0.015625,0.2,0.0,0.6843750000000002,0.0,0.6843750000000002,3.6677631578947376,2.947368421052632,0.015625,0.0,2.5,0.0,0.6843750000000002,0.5,0.00684375,0.0,0.129671052631579,0.50684375,0.636514802631579,0.0,0.0,0.0,0.50684375,perfect_foresight,False,17.5726690391139,17.5726690391139,17.5726690391139,17.5726690391139,0.0,1.9984014443252818e-15,,0.0,False,planned,sampled,2.5,42,planned_48h,summer,0.0,True,,,,,,,,,,,,,,,,,,,,,,,,,,,,,,,,,,,,,,,,,,,,,,
2017-07-02 19:00:00+00:00,3.2,0.0,0.2,0.0,0.7000000000000002,0.0,0.7000000000000002,2.947368421052632,2.210526315789474,0.0,0.0,2.5,0.0,0.7000000000000002,0.5,0.007,0.0,0.1326315789473684,0.507,0.6396315789473684,0.0,0.0,0.0,0.507,perfect_foresight,False,17.5726690391139,17.5726690391139,17.5726690391139,17.5726690391139,0.0,1.9984014443252818e-15,,0.0,False,planned,sampled,2.5,42,planned_48h,summer,0.0,True,,,,,,,,,,,,,,,,,,,,,,,,,,,,,,,,,,,,,,,,,,,,,,
2017-07-02 20:00:00+00:00,3.2,0.0,0.2,0.0,0.7000000000000002,0.0,0.7000000000000002,2.210526315789474,1.473684210526316,0.0,0.0,2.5,0.0,0.7000000000000002,0.5,0.007,0.0,0.1326315789473684,0.507,0.6396315789473684,0.0,0.0,0.0,0.507,perfect_foresight,False,17.5726690391139,17.5726690391139,17.5726690391139,17.5726690391139,0.0,1.9984014443252818e-15,,0.0,False,planned,sampled,2.5,42,planned_48h,summer,0.0,True,,,,,,,,,,,,,,,,,,,,,,,,,,,,,,,,,,,,,,,,,,,,,,
2017-07-02 21:00:00+00:00,3.2,0.0,0.2,0.0,0.7000000000000002,0.0,0.7000000000000002,1.473684210526316,0.7368421052631579,0.0,0.0,2.5,0.0,0.7000000000000002,0.5,0.007,0.0,0.1326315789473684,0.507,0.6396315789473684,0.0,0.0,0.0,0.507,perfect_foresight,False,17.5726690391139,17.5726690391139,17.5726690391139,17.5726690391139,0.0,1.9984014443252818e-15,,0.0,False,planned,sampled,2.5,42,planned_48h,summer,0.0,True,,,,,,,,,,,,,,,,,,,,,,,,,,,,,,,,,,,,,,,,,,,,,,
2017-07-02 22:00:00+00:00,3.2,0.0,0.16,0.0,0.7000000000000002,0.0,0.6999999999999998,0.7368421052631579,1.1102230246251563e-16,0.0,0.0,2.5,4.440892098500626e-16,0.6999999999999998,0.4,0.0069999999999999,4.440892098500626e-15,0.1326315789473683,0.4070000000000044,0.5396315789473729,0.0,3.3306690738754696e-16,0.0,0.407,perfect_foresight,False,17.5726690391139,17.5726690391139,17.5726690391139,17.5726690391139,0.0,1.9984014443252818e-15,,0.0,False,planned,sampled,2.5,42,planned_48h,summer,0.0,True,,,,,,,,,,,,,,,,,,,,,,,,,,,,,,,,,,,,,,,,,,,,,,
2017-07-02 23:00:00+00:00,2.35,0.0,0.16,0.1499999999999999,0.0,0.1499999999999999,0.0,1.1102230246251563e-16,0.1425,0.0,0.0,2.5,0.0,0.1499999999999999,0.4,0.0014999999999999,0.0,-0.0256499999999999,0.4015,0.37585,0.0,0.0,0.0,0.4015,perfect_foresight,False,17.5726690391139,17.5726690391139,17.5726690391139,17.5726690391139,0.0,1.9984014443252818e-15,,0.0,False,planned,sampled,2.5,42,planned_48h,summer,0.0,True,,,,,,,,,,,,,,,,,,,,,,,,,,,,,,,,,,,,,,,,,,,,,,
2017-07-01 00:00:00+00:00,2.35,0.0,0.16,0.1499999999999999,0.0,0.1499999999999999,0.0,4.0,4.1425,0.0,0.0,2.5,0.0,0.1499999999999999,0.4,0.0014999999999999,0.0,-0.02565,0.4015,0.37585,0.0,0.0,0.0,0.4015,deterministic,False,7.980675972522552,7.980675972522552,7.980675972522552,7.980675972522552,0.0,1.9984014443252818e-15,0.1057029999792575,0.0,True,planned,sampled,2.5,42,planned_48h,summer,0.0,True,2017-07-01 00:00:00+00:00,2017-07-01 00:00:00+00:00,0.0,0.0,0.0,0.0,0.0,0.0,0.0,0.0,0.0,False,1.0,7.980675972522552,7.980675972522552,0.0,False,,,,,,,,,,,,,,,,,,,,,,,,,,,,,
2017-07-01 01:00:00+00:00,2.35,0.0,0.16,0.1499999999999999,0.0,0.1499999999999999,0.0,4.1425,4.285,0.0,0.0,2.5,0.0,0.1499999999999999,0.4,0.0014999999999999,0.0,-0.02565,0.4015,0.37585,0.0,0.0,0.0,0.4015,deterministic,False,7.980675972522554,7.980675972522554,7.980675972522554,7.980675972522554,0.0,8.881784197001252e-16,0.0381619000108912,0.0,True,planned,sampled,2.5,42,planned_48h,summer,0.0,True,2017-07-01 01:00:00+00:00,2017-07-01 01:00:00+00:00,0.0,0.0,0.0,0.0,0.0,0.0,0.0,0.0,0.0,False,1.0,7.980675972522554,7.980675972522554,0.0,False,,,,,,,,,,,,,,,,,,,,,,,,,,,,,
2017-07-01 02:00:00+00:00,2.35,0.0,0.16,0.1499999999999999,0.0,0.1499999999999999,0.0,4.285,4.4275,0.0,0.0,2.5,0.0,0.1499999999999999,0.4,0.0014999999999999,0.0,-0.02565,0.4015,0.37585,0.0,0.0,0.0,0.4015,deterministic,False,7.980675972522554,7.980675972522554,7.980675972522554,7.980675972522554,0.0,4.440892098500626e-16,0.0384294999530538,0.0,True,planned,sampled,2.5,42,planned_48h,summer,0.0,True,2017-07-01 02:00:00+00:00,2017-07-01 02:00:00+00:00,0.0,0.0,0.0,0.0,0.0,0.0,0.0,0.0,0.0,False,1.0,7.980675972522554,7.980675972522554,0.0,False,,,,,,,,,,,,,,,,,,,,,,,,,,,,,
2017-07-01 03:00:00+00:00,2.35,0.0,0.16,0.1499999999999999,0.0,0.1499999999999999,0.0,4.4275,4.57,0.0,0.0,2.5,0.0,0.1499999999999999,0.4,0.0014999999999999,0.0,-0.02565,0.4015,0.37585,0.0,0.0,0.0,0.4015,deterministic,False,7.980675972522555,7.980675972522555,7.980675972522555,7.980675972522555,0.0,1.9984014443252818e-15,0.0397136000683531,0.0,True,planned,sampled,2.5,42,planned_48h,summer,0.0,True,2017-07-01 03:00:00+00:00,2017-07-01 03:00:00+00:00,0.0,0.0,0.0,0.0,0.0,0.0,0.0,0.0,0.0,False,1.0,7.980675972522555,7.980675972522555,0.0,False,,,,,,,,,,,,,,,,,,,,,,,,,,,,,
2017-07-01 04:00:00+00:00,2.35,0.10546875,0.16,0.1720563616071428,0.0,0.1720563616071428,0.0,4.57,4.733453543526786,0.10546875,0.0,2.416587611607143,0.0,0.1720563616071428,0.3866540178571429,0.0017205636160714,0.0,-0.0294216378348214,0.3883745814732143,0.3589529436383928,0.0,0.0,0.0,0.3883745814732143,deterministic,False,7.980675972522556,7.980675972522556,7.980675972522556,7.980675972522556,0.0,4.440892098500626e-16,0.0373947999905794,0.0,True,planned,sampled,2.5,42,planned_48h,summer,0.0,True,2017-07-01 04:00:00+00:00,2017-07-01 04:00:00+00:00,0.0,0.0220563616071428,0.0220563616071428,0.0220563616071428,0.0220563616071428,0.0220563616071428,0.0220563616071428,0.0,-0.0834123883928571,True,1.0,7.980675972522556,7.980675972522556,0.0,False,,,,,,,,,,,,,,,,,,,,,,,,,,,,,
2017-07-01 05:00:00+00:00,2.35,0.25,0.16,0.2559105282738092,0.0,0.2559105282738092,0.0,4.733453543526786,4.976568545386905,0.25,0.0,2.3559105282738093,0.0,0.2559105282738092,0.3769456845238095,0.002559105282738,0.0,-0.0437607003348213,0.3795047898065476,0.3357440894717262,0.0,0.0,0.0,0.3795047898065476,deterministic,False,7.980773303251723,7.980773303251723,7.980773303251723,7.980773303251723,0.0,4.440892098500626e-16,0.0328239999944344,0.0,True,planned,sampled,2.5,42,planned_48h,summer,0.0,True,2017-07-01 05:00:00+00:00,2017-07-01 05:00:00+00:00,0.0,0.1059105282738095,0.1059105282738095,0.1059105282738095,0.1059105282738095,0.1059105282738095,0.1059105282738095,0.0,-0.1440894717261904,True,1.0,7.980773303251723,7.980773303251723,0.0,False,,,,,,,,,,,,,,,,,,,,,,,,,,,,,
2017-07-01 06:00:00+00:00,2.8000000000000003,0.3798828125,0.16,0.0,0.0364815848214288,0.0,0.0364815848214288,4.976568545386905,4.938166877153822,0.3798828125,0.0,2.3836356026785714,0.0,0.0364815848214288,0.3813816964285714,0.0003648158482142,0.0,0.0069123002819548,0.3817465122767857,0.3886588125587406,0.0,0.0,0.0,0.3817465122767857,deterministic,False,7.979008247913183,7.979008247913183,7.979008247913183,7.979008247913183,0.0,4.440892098500626e-16,0.0374804000603035,0.0,True,planned,sampled,2.5,42,planned_48h,summer,0.0,True,2017-07-01 06:00:00+00:00,2017-07-01 06:00:00+00:00,0.0,0.2635184151785714,0.2635184151785714,0.2635184151785714,0.2635184151785714,0.2635184151785714,0.2635184151785714,0.0,-0.1163643973214285,True,1.0,7.979008247913183,7.979008247913183,0.0,False,,,,,,,,,,,,,,,,,,,,,,,,,,,,,
2017-07-01 07:00:00+00:00,2.8000000000000003,1.0400390625,0.16,0.3808303106398805,0.0,0.3808303106398805,0.0,4.938166877153822,5.299955672261708,1.0400390625,0.0,2.1407912481398808,0.0,0.3808303106398805,0.3425265997023809,0.0038083031063988,0.0,-0.0651219831194194,0.3463349028087797,0.2812129196893602,0.0,0.0,0.0,0.3463349028087797,deterministic,False,7.974094245989428,7.974094245989428,7.974094245989428,7.974094245989428,0.0,4.440892098500626e-16,0.0319829999934881,0.0,True,planned,sampled,2.5,42,planned_48h,summer,0.0,True,2017-07-01 07:00:00+00:00,2017-07-01 07:00:00+00:00,0.0,0.680830310639881,0.680830310639881,0.680830310639881,0.680830310639881,0.680830310639881,0.680830310639881,0.0,-0.359208751860119,True,1.0,7.974094245989428,7.974094245989428,0.0,False,,,,,,,,,,,,,,,,,,,,,,,,,,,,,
2017-07-01 08:00:00+00:00,2.8000000000000003,1.349609375,0.175,0.0,0.0,0.0,0.0,5.299955672261708,5.299955672261708,1.349609375,0.0,1.4503906250000005,0.0,0.0,0.253818359375,0.0,0.0,-0.0,0.253818359375,0.253818359375,0.0,0.0,0.0,0.253818359375,deterministic,False,7.964519746997808,7.964519746997808,7.964519746997808,7.964519746997808,0.0,4.440892098500626e-16,0.0337466000346466,0.0,True,planned,sampled,2.5,42,planned_48h,summer,0.0,True,2017-07-01 08:00:00+00:00,2017-07-01 08:00:00+00:00,0.0,1.2855236235119047,1.2855236235119047,1.2855236235119047,1.2855236235119047,1.2855236235119047,1.2855236235119047,0.0,-0.0640857514880952,True,1.0,7.964519746997808,7.964519746997808,0.0,False,,,,,,,,,,,,,,,,,,,,,,,,,,,,,
2017-07-01 09:00:00+00:00,2.35,2.46484375,0.175,0.0,0.0,0.0,0.0,5.299955672261708,5.299955672261708,2.35,0.1148437499999999,0.0,0.0,0.0,0.0,0.0,0.0,-0.0,0.0,0.0,0.0,0.0,0.0,0.0,deterministic,False,7.946599336841557,7.946599336841557,7.946599336841557,7.946599336841557,0.0,2.220446049250313e-16,0.0341970999725163,0.0,True,planned,sampled,2.5,42,planned_48h,summer,0.0,True,2017-07-01 09:00:00+00:00,2017-07-01 09:00:00+00:00,0.0,1.7745779854910713,1.7745779854910713,1.7745779854910713,1.7745779854910713,1.7745779854910713,1.7745779854910713,0.0,-0.6902657645089287,True,1.0,7.946599336841557,7.946599336841557,0.0,False,,,,,,,,,,,,,,,,,,,,,,,,,,,,,
2017-07-01 10:00:00+00:00,2.35,2.25,0.175,0.0,0.0,0.0,0.0,5.299955672261708,5.299955672261708,2.25,0.0,0.1,0.0,0.0,0.0175,0.0,0.0,-0.0,0.0175,0.0175,0.0,0.0,0.0,0.0175,deterministic,False,7.929721081633223,7.929721081633223,7.929721081633223,7.929721081633223,0.0,2.220446049250313e-16,0.0316699999384582,0.0,True,planned,sampled,2.5,42,planned_48h,summer,0.0,True,2017-07-01 10:00:00+00:00,2017-07-01 10:00:00+00:00,0.0,2.1643543061755954,2.1643543061755954,2.1643543061755954,2.1643543061755954,2.1643543061755954,2.1643543061755954,0.0,-0.0856456938244045,True,1.0,7.929721081633223,7.929721081633223,0.0,False,,,,,,,,,,,,,,,,,,,,,,,,,,,,,
2017-07-01 11:00:00+00:00,2.35,2.490234375,0.175,0.0079241071428568,0.0,0.0079241071428568,0.0,5.299955672261708,5.307483574047422,2.357924107142857,0.132310267857143,0.0,0.0,0.0079241071428568,0.0,7.924107142856851e-05,0.0,-0.0013550223214285,7.924107142856851e-05,-0.0012757812499999,0.0,0.0,0.0,7.924107142856851e-05,deterministic,False,7.904867566008224,7.904867566008224,7.904867566008224,7.904867566008224,0.0,2.220446049250313e-16,0.0334248999133706,0.0,True,planned,sampled,2.5,42,planned_48h,summer,0.0,True,2017-07-01 11:00:00+00:00,2017-07-01 11:00:00+00:00,0.0,2.357924107142857,2.357924107142857,2.357924107142857,2.357924107142857,2.357924107142857,2.357924107142857,0.0,-0.132310267857143,True,1.0,7.904867566008224,7.904867566008224,0.0,False,,,,,,,,,,,,,,,,,,,,,,,,,,,,,
2017-07-01 12:00:00+00:00,2.35,3.53515625,0.175,0.0092936197916668,0.0,0.0092936197916668,0.0,5.307483574047422,5.316312512849506,2.359293619791667,1.175862630208333,0.0,0.0,0.0092936197916668,0.0,9.293619791666874e-05,0.0,-0.001589208984375,9.293619791666874e-05,-0.0014962727864583,0.0,0.0,0.0,9.293619791666874e-05,deterministic,False,7.892273327726974,7.892273327726974,7.892273327726974,7.892273327726974,0.0,2.220446049250313e-16,0.032892599934712,0.0,True,planned,sampled,2.5,42,planned_48h,summer,0.0,True,2017-07-01 12:00:00+00:00,2017-07-01 12:00:00+00:00,0.0,2.359293619791667,2.359293619791667,2.359293619791667,2.359293619791667,2.359293619791667,2.359293619791667,0.0,-1.175862630208333,True,1.0,7.892273327726974,7.892273327726974,0.0,False,,,,,,,,,,,,,,,,,,,,,,,,,,,,,
2017-07-01 13:00:00+00:00,2.35,3.125,0.175,0.0,0.0,0.0,0.0,5.316312512849506,5.316312512849506,2.35,0.7749999999999999,0.0,0.0,0.0,0.0,0.0,0.0,-0.0,0.0,0.0,0.0,0.0,0.0,0.0,deterministic,False,7.875951713143641,7.875951713143641,7.87595171314364,7.875951713143641,0.0,2.220446049250313e-16,0.0355053999228403,0.0,True,planned,sampled,2.5,42,planned_48h,summer,0.0,True,2017-07-01 13:00:00+00:00,2017-07-01 13:00:00+00:00,0.0,2.344811430431548,2.344811430431548,2.344811430431548,2.344811430431548,2.344811430431548,2.344811430431548,0.0,-0.7801885695684527,True,1.0,7.875951713143641,7.87595171314364,0.0,False,,,,,,,,,,,,,,,,,,,,,,,,,,,,,
2017-07-01 14:00:00+00:00,2.35,1.7802734375,0.175,0.0,0.0,0.0,0.0,5.316312512849506,5.316312512849506,1.7802734375,0.0,0.5697265625000001,0.0,0.0,0.0997021484375,0.0,0.0,-0.0,0.0997021484375,0.0997021484375,0.0,0.0,0.0,0.0997021484375,deterministic,False,7.845440759367599,7.845440759367599,7.845440759367598,7.845440759367599,0.0,2.220446049250313e-16,0.0404432999202981,0.0,True,planned,sampled,2.5,42,planned_48h,summer,0.0,True,2017-07-01 14:00:00+00:00,2017-07-01 14:00:00+00:00,0.0,1.804375930059524,1.804375930059524,1.804375930059524,1.804375930059524,1.804375930059524,1.804375930059524,0.0,0.0241024925595239,True,1.0,7.845440759367599,7.845440759367598,0.0,False,,,,,,,,,,,,,,,,,,,,,,,,,,,,,
2017-07-01 15:00:00+00:00,2.35,1.099609375,0.175,0.0,0.0,0.0,0.0,5.316312512849506,5.316312512849506,1.099609375,0.0,1.250390625,0.0,0.0,0.218818359375,0.0,0.0,-0.0,0.218818359375,0.218818359375,0.0,0.0,0.0,0.218818359375,deterministic,False,7.831521244393641,7.831521244393641,7.831521244393641,7.831521244393641,0.0,2.220446049250313e-16,0.0348912000190466,0.0,True,planned,sampled,2.5,42,planned_48h,summer,0.0,True,2017-07-01 15:00:00+00:00,2017-07-01 15:00:00+00:00,0.0,1.272573707217262,1.272573707217262,1.272573707217262,1.272573707217262,1.272573707217262,1.272573707217262,0.0,0.172964332217262,True,1.0,7.831521244393641,7.831521244393641,0.0,False,,,,,,,,,,,,,,,,,,,,,,,,,,,,,
2017-07-01 16:00:00+00:00,2.35,0.775390625,0.175,0.0,0.0,0.0,0.0,5.316312512849506,5.316312512849506,0.775390625,0.0,1.574609375,0.0,0.0,0.275556640625,0.0,0.0,-0.0,0.275556640625,0.275556640625,0.0,0.0,0.0,0.275556640625,deterministic,False,7.82419906014885,7.82419906014885,7.82419906014885,7.82419906014885,0.0,2.220446049250313e-16,0.0366321000037714,0.0,True,planned,sampled,2.5,42,planned_48h,summer,0.0,True,2017-07-01 16:00:00+00:00,2017-07-01 16:00:00+00:00,0.0,0.7651774088541667,0.7651774088541667,0.7651774088541667,0.7651774088541667,0.7651774088541667,0.7651774088541667,0.0,-0.0102132161458332,True,1.0,7.82419906014885,7.82419906014885,0.0,False,,,,,,,,,,,,,,,,,,,,,,,,,,,,,
2017-07-01 17:00:00+00:00,3.2,0.57421875,0.2,0.0,1.5911358380998872,0.0,1.5911358380998872,5.316312512849506,3.641432683270677,0.57421875,0.0,1.034645411900113,0.0,1.5911358380998872,0.2069290823800226,0.0159113583809988,0.0,0.3014783693241891,0.2228404407610215,0.5243188100852106,0.0,0.0,0.0,0.2228404407610215,deterministic,False,7.824850101815516,7.824850101815516,7.824850101815516,7.824850101815516,0.0,2.220446049250313e-16,0.0389366000890731,0.0,True,planned,sampled,2.5,42,planned_48h,summer,0.0,True,2017-07-01 17:00:00+00:00,2017-07-01 17:00:00+00:00,0.0,0.3129138764880952,0.3129138764880952,0.3129138764880952,0.3129138764880952,0.3129138764880952,0.3129138764880952,0.0,-0.2613048735119048,True,1.0,7.824850101815516,7.824850101815516,0.0,False,,,,,,,,,,,,,,,,,,,,,,,,,,,,,
2017-07-01 18:00:00+00:00,3.2,0.0751953125,0.2,0.0,0.6593610491071429,0.0,0.6593610491071429,3.641432683270677,2.9473684210526323,0.0751953125,0.0,2.4654436383928573,0.0,0.6593610491071429,0.4930887276785715,0.0065936104910714,0.0,0.1249315671992481,0.4996823381696429,0.624613905368891,0.0,0.0,0.0,0.4996823381696429,deterministic,False,7.823950551852656,7.823950551852656,7.823950551852656,7.823950551852656,0.0,2.220446049250313e-16,0.0372152000200003,0.0,True,planned,sampled,2.5,42,planned_48h,summer,0.0,True,2017-07-01 18:00:00+00:00,2017-07-01 18:00:00+00:00,0.0,0.0406389508928571,0.0406389508928571,0.0406389508928571,0.0406389508928571,0.0406389508928571,0.0406389508928571,0.0,-0.0345563616071428,True,1.0,7.823950551852656,7.823950551852656,0.0,False,,,,,,,,,,,,,,,,,,,,,,,,,,,,,
2017-07-01 19:00:00+00:00,3.2,0.0,0.2,0.0,0.7000000000000001,0.0,0.7000000000000001,2.9473684210526323,2.2105263157894743,0.0,0.0,2.5,0.0,0.7000000000000001,0.5,0.007,0.0,0.1326315789473684,0.507,0.6396315789473684,0.0,0.0,0.0,0.507,deterministic,False,7.821353945590908,7.821353945590908,7.821353945590908,7.821353945590908,0.0,2.220446049250313e-16,0.038977300049737,0.0,True,planned,sampled,2.5,42,planned_48h,summer,0.0,True,2017-07-01 19:00:00+00:00,2017-07-01 19:00:00+00:00,0.0,0.0,0.0,0.0,0.0,0.0,0.0,0.0,0.0,False,1.0,7.821353945590908,7.821353945590908,0.0,False,,,,,,,,,,,,,,,,,,,,,,,,,,,,,
2017-07-01 20:00:00+00:00,3.2,0.0,0.2,0.0,0.7000000000000003,0.0,0.7000000000000003,2.2105263157894743,1.4736842105263162,0.0,0.0,2.5,0.0,0.7000000000000003,0.5,0.007,0.0,0.1326315789473684,0.507,0.6396315789473684,0.0,0.0,0.0,0.507,deterministic,False,7.821552630780444,7.821552630780444,7.821552630780444,7.821552630780444,0.0,1.1102230246251563e-16,0.035552900051698,0.0,True,planned,sampled,2.5,42,planned_48h,summer,0.0,True,2017-07-01 20:00:00+00:00,2017-07-01 20:00:00+00:00,0.0,0.0,0.0,0.0,0.0,0.0,0.0,0.0,0.0,False,1.0,7.821552630780444,7.821552630780444,0.0,False,,,,,,,,,,,,,,,,,,,,,,,,,,,,,
2017-07-01 21:00:00+00:00,3.2,0.0,0.2,0.0,0.7000000000000002,0.0,0.7000000000000002,1.4736842105263162,0.7368421052631581,0.0,0.0,2.5,0.0,0.7000000000000002,0.5,0.007,0.0,0.1326315789473684,0.507,0.6396315789473684,0.0,0.0,0.0,0.507,deterministic,False,7.830424571367514,7.830424571367514,7.830424571367514,7.830424571367514,0.0,4.440892098500626e-16,0.0381537999492138,0.0,True,planned,sampled,2.5,42,planned_48h,summer,0.0,True,2017-07-01 21:00:00+00:00,2017-07-01 21:00:00+00:00,0.0,0.0,0.0,0.0,0.0,0.0,0.0,0.0,0.0,False,1.0,7.830424571367514,7.830424571367514,0.0,False,,,,,,,,,,,,,,,,,,,,,,,,,,,,,
2017-07-01 22:00:00+00:00,3.2,0.0,0.16,0.0,0.7000000000000002,0.0,0.7000000000000001,0.7368421052631581,1.1102230246251563e-16,0.0,0.0,2.5,0.0,0.7000000000000001,0.4,0.007,0.0,0.1326315789473684,0.407,0.5396315789473685,0.0,1.1102230246251563e-16,0.0,0.407,deterministic,False,7.841283297129284,7.841283297129284,7.841283297129284,7.841283297129284,0.0,3.108624468950439e-15,0.0390393999405205,0.0,True,planned,sampled,2.5,42,planned_48h,summer,0.0,True,2017-07-01 22:00:00+00:00,2017-07-01 22:00:00+00:00,0.0,0.0,0.0,0.0,0.0,0.0,0.0,0.0,0.0,False,1.0,7.841283297129284,7.841283297129284,0.0,False,,,,,,,,,,,,,,,,,,,,,,,,,,,,,
2017-07-01 23:00:00+00:00,2.35,0.0,0.16,0.1499999999999998,0.0,0.1499999999999998,0.0,1.1102230246251563e-16,0.1424999999999999,0.0,0.0,2.5,0.0,0.1499999999999998,0.4,0.0014999999999999,0.0,-0.0256499999999999,0.4015,0.3758500000000001,0.0,0.0,8.326672684688674e-17,0.4015,deterministic,False,7.852142022891058,7.852142022891058,7.852142022891057,7.852142022891058,0.0,8.881784197001252e-16,0.0383480000309646,0.0,True,planned,sampled,2.5,42,planned_48h,summer,0.0,True,2017-07-01 23:00:00+00:00,2017-07-01 23:00:00+00:00,0.0,0.0,0.0,0.0,0.0,0.0,0.0,0.0,0.0,False,1.0,7.852142022891058,7.852142022891057,0.0,False,,,,,,,,,,,,,,,,,,,,,,,,,,,,,
2017-07-02 00:00:00+00:00,2.35,0.0,0.16,0.1499999999999999,0.0,0.1499999999999999,0.0,0.1424999999999999,0.2849999999999998,0.0,0.0,2.5,0.0,0.1499999999999999,0.4,0.0014999999999999,0.0,-0.0256499999999999,0.4015,0.37585,0.0,0.0,0.0,0.4015,deterministic,False,7.852142022891058,7.852142022891058,7.852142022891057,7.852142022891058,0.0,8.881784197001252e-16,0.042400800040923,0.0,True,planned,sampled,2.5,42,planned_48h,summer,0.0,True,2017-07-02 00:00:00+00:00,2017-07-02 00:00:00+00:00,0.0,0.0,0.0,0.0,0.0,0.0,0.0,0.0,0.0,False,1.0,7.852142022891058,7.852142022891057,0.0,False,,,,,,,,,,,,,,,,,,,,,,,,,,,,,
2017-07-02 01:00:00+00:00,2.35,0.0,0.16,0.1499999999999999,0.0,0.1499999999999999,0.0,0.2849999999999998,0.4274999999999997,0.0,0.0,2.5,0.0,0.1499999999999999,0.4,0.0014999999999999,0.0,-0.0256499999999999,0.4015,0.37585,0.0,0.0,0.0,0.4015,deterministic,False,7.811892022891057,7.811892022891057,7.811892022891057,7.811892022891057,0.0,8.881784197001252e-16,0.0423947999952361,0.0,True,planned,sampled,2.5,42,planned_48h,summer,0.0,True,2017-07-02 01:00:00+00:00,2017-07-02 01:00:00+00:00,0.0,0.0,0.0,0.0,0.0,0.0,0.0,0.0,0.0,False,1.0,7.811892022891057,7.811892022891057,0.0,False,,,,,,,,,,,,,,,,,,,,,,,,,,,,,
2017-07-02 02:00:00+00:00,2.35,0.0,0.16,0.1499999999999999,0.0,0.1499999999999999,0.0,0.4274999999999997,0.5699999999999996,0.0,0.0,2.5,0.0,0.1499999999999999,0.4,0.0014999999999999,0.0,-0.0256499999999999,0.4015,0.37585,0.0,0.0,0.0,0.4015,deterministic,False,7.771642022891057,7.771642022891057,7.771642022891057,7.771642022891057,0.0,8.881784197001252e-16,0.0434697000309824,0.0,True,planned,sampled,2.5,42,planned_48h,summer,0.0,True,2017-07-02 02:00:00+00:00,2017-07-02 02:00:00+00:00,0.0,0.0,0.0,0.0,0.0,0.0,0.0,0.0,0.0,False,1.0,7.771642022891057,7.771642022891057,0.0,False,,,,,,,,,,,,,,,,,,,,,,,,,,,,,
2017-07-02 03:00:00+00:00,2.35,0.0,0.16,0.1499999999999999,0.0,0.1499999999999999,0.0,0.5699999999999996,0.7124999999999995,0.0,0.0,2.5,0.0,0.1499999999999999,0.4,0.0014999999999999,0.0,-0.0256499999999999,0.4015,0.3758500000000001,0.0,0.0,0.0,0.4015,deterministic,False,7.7313920228910575,7.7313920228910575,7.7313920228910575,7.7313920228910575,0.0,8.881784197001252e-16,0.0412239999277517,0.0,True,planned,sampled,2.5,42,planned_48h,summer,0.0,True,2017-07-02 03:00:00+00:00,2017-07-02 03:00:00+00:00,0.0,0.0,0.0,0.0,0.0,0.0,0.0,0.0,0.0,False,1.0,7.7313920228910575,7.7313920228910575,0.0,False,,,,,,,,,,,,,,,,,,,,,,,,,,,,,
2017-07-02 04:00:00+00:00,2.35,0.009765625,0.16,0.177078683035714,0.0,0.1597656249999999,0.0,0.7124999999999995,0.8642773437499993,0.009765625,0.0,2.5,0.0,0.1597656249999999,0.4,0.0015976562499999,0.0,-0.0273199218749999,0.40159765625,0.374277734375,0.0173130580357141,0.0,0.0,0.40159765625,deterministic,False,7.691142022891057,7.691142022891057,7.691142022891057,7.691142022891057,0.0,8.881784197001252e-16,0.0417881000321358,0.0,True,planned,sampled,2.5,42,planned_48h,summer,0.0,True,2017-07-02 04:00:00+00:00,2017-07-02 04:00:00+00:00,0.0,0.0270786830357142,0.0270786830357142,0.0270786830357142,0.0270786830357142,0.0270786830357142,0.0270786830357142,0.0,0.0173130580357142,True,1.0,7.691142022891057,7.691142022891057,0.0,False,,,,,,,,,,,,,,,,,,,,,,,,,,,,,
2017-07-02 05:00:00+00:00,2.35,0.060546875,0.16,0.2716750372023808,0.0,0.2105468749999999,0.0,0.8642773437499993,1.0642968749999993,0.060546875,0.0,2.5,0.0,0.2105468749999999,0.4,0.0021054687499999,0.0,-0.0360035156249999,0.40210546875,0.366101953125,0.0611281622023809,0.0,0.0,0.40210546875,deterministic,False,7.650625291120225,7.650625291120225,7.650625291120225,7.650625291120225,0.0,8.881784197001252e-16,0.0344058000482618,0.0,True,planned,sampled,2.5,42,planned_48h,summer,0.0,True,2017-07-02 05:00:00+00:00,2017-07-02 05:00:00+00:00,0.0,0.1216750372023809,0.1216750372023809,0.1216750372023809,0.1216750372023809,0.1216750372023809,0.1216750372023809,0.0,0.0611281622023809,True,1.0,7.650625291120225,7.650625291120225,0.0,False,,,,,,,,,,,,,,,,,,,,,,,,,,,,,
2017-07-02 06:00:00+00:00,2.8000000000000003,0.1396484375,0.16,0.0,0.010811941964286,0.0,0.010811941964286,1.0642968749999993,1.0529158834586456,0.1396484375,0.0,2.5,0.1495396205357142,0.010811941964286,0.4,0.0001081194196428,1.4953962053571423,0.0020485784774436,1.895504324776785,1.8975529032542289,0.0,0.0,0.0,0.4001081194196428,deterministic,False,7.610149216901474,7.610149216901474,7.610149216901474,7.610149216901474,0.0,4.440892098500626e-16,0.0339084999868646,0.0,True,planned,sampled,2.5,42,planned_48h,summer,0.0,True,2017-07-02 06:00:00+00:00,2017-07-02 06:00:00+00:00,0.0,0.2891880580357142,0.2891880580357142,0.2891880580357142,0.2891880580357142,0.2891880580357142,0.2891880580357142,0.0,0.1495396205357142,True,1.0,7.610149216901474,7.610149216901474,0.0,False,,,,,,,,,,,,,,,,,,,,,,,,,,,,,
2017-07-02 07:00:00+00:00,2.8000000000000003,0.4599609375,0.16,0.4544212704613093,0.0,0.1599609374999997,0.0,1.0529158834586456,1.2048787740836453,0.4599609375,0.0,2.5,0.0,0.1599609374999997,0.4,0.0015996093749999,0.0,-0.0273533203124999,0.401599609375,0.3742462890625,0.2944603329613096,0.0,0.0,0.401599609375,deterministic,False,7.5679334369731395,7.5679334369731395,7.5679334369731395,7.5679334369731395,0.0,8.881784197001252e-16,0.0337964999489486,0.0,True,planned,sampled,2.5,42,planned_48h,summer,0.0,True,2017-07-02 07:00:00+00:00,2017-07-02 07:00:00+00:00,0.0,0.7544212704613096,0.7544212704613096,0.7544212704613096,0.7544212704613096,0.7544212704613096,0.7544212704613096,0.0,0.2944603329613096,True,1.0,7.5679334369731395,7.5679334369731395,0.0,False,,,,,,,,,,,,,,,,,,,,,,,,,,,,,
2017-07-02 08:00:00+00:00,2.8000000000000003,0.560546875,0.175,0.0,0.0,0.0,0.0,1.2048787740836453,1.2048787740836453,0.560546875,0.0,2.2394531250000003,0.0,0.0,0.391904296875,0.0,0.0,-0.0,0.391904296875,0.391904296875,0.0,0.0,0.0,0.391904296875,deterministic,False,7.527246311322098,7.527246311322098,7.527246311322097,7.527246311322098,0.0,8.881784197001252e-16,0.0355356000363826,0.0,True,planned,sampled,2.5,42,planned_48h,summer,0.0,True,2017-07-02 08:00:00+00:00,2017-07-02 08:00:00+00:00,0.0,1.3694382440476192,1.3694382440476192,1.3694382440476192,1.3694382440476192,1.3694382440476192,1.3694382440476192,0.0,0.8088913690476192,True,1.0,7.527246311322098,7.527246311322097,0.0,False,,,,,,,,,,,,,,,,,,,,,,,,,,,,,
2017-07-02 09:00:00+00:00,2.35,0.3095703125,0.175,0.0,0.0,0.0,0.0,1.2048787740836453,1.2048787740836453,0.3095703125,0.0,2.0404296875,0.0,0.0,0.3570751953125,0.0,0.0,-0.0,0.3570751953125,0.3570751953125,0.0,0.0,0.0,0.3570751953125,deterministic,False,7.474294895306473,7.474294895306473,7.474294895306473,7.474294895306473,0.0,8.881784197001252e-16,0.0327459999825805,0.0,True,planned,sampled,2.5,42,planned_48h,summer,0.0,True,2017-07-02 09:00:00+00:00,2017-07-02 09:00:00+00:00,0.0,1.9163190569196429,1.9163190569196429,1.9163190569196429,1.9163190569196429,1.9163190569196429,1.9163190569196429,0.0,1.6067487444196429,True,1.0,7.474294895306473,7.474294895306473,0.0,False,,,,,,,,,,,,,,,,,,,,,,,,,,,,,
2017-07-02 10:00:00+00:00,2.35,0.4951171875,0.175,0.0,0.0,0.0,0.0,1.2048787740836453,1.2048787740836453,0.4951171875,0.0,1.8548828125,0.0,0.0,0.3246044921875,0.0,0.0,-0.0,0.3246044921875,0.3246044921875,0.0,0.0,0.0,0.3246044921875,deterministic,False,7.425133111452307,7.425133111452307,7.425133111452308,7.425133111452307,0.0,8.881784197001252e-16,0.0359650999307632,0.0,True,planned,sampled,2.5,42,planned_48h,summer,0.0,True,2017-07-02 10:00:00+00:00,2017-07-02 10:00:00+00:00,0.0,2.252942475818452,2.252942475818452,2.252942475818452,2.252942475818452,2.252942475818452,2.252942475818452,0.0,1.7578252883184522,True,1.0,7.425133111452307,7.425133111452308,0.0,False,,,,,,,,,,,,,,,,,,,,,,,,,,,,,
2017-07-02 11:00:00+00:00,2.35,0.5947265625,0.175,0.0918387276785712,0.0,0.0918387276785712,0.0,1.2048787740836453,1.292125565378288,0.5947265625,0.0,1.847112165178572,0.0,0.0918387276785712,0.3232446289062499,0.0009183872767857,0.0,-0.0157044224330356,0.3241630161830356,0.30845859375,0.0,0.0,0.0,0.3241630161830356,deterministic,False,7.384226617311683,7.384226617311683,7.384226617311683,7.384226617311683,0.0,1.3322676295501878e-15,0.0307984999381005,0.0,True,planned,sampled,2.5,42,planned_48h,summer,0.0,True,2017-07-02 11:00:00+00:00,2017-07-02 11:00:00+00:00,0.0,2.441838727678572,2.441838727678572,2.441838727678572,2.441838727678572,2.441838727678572,2.441838727678572,0.0,1.847112165178572,True,1.0,7.384226617311683,7.384226617311683,0.0,False,,,,,,,,,,,,,,,,,,,,,,,,,,,,,
2017-07-02 12:00:00+00:00,2.35,0.515625,0.175,0.1854236421130952,0.0,0.1854236421130952,0.0,1.292125565378288,1.4682780253857284,0.515625,0.0,2.019798642113096,0.0,0.1854236421130952,0.3534647623697917,0.0018542364211309,0.0,-0.0317074428013392,0.3553189987909226,0.3236115559895833,0.0,0.0,0.0,0.3553189987909226,deterministic,False,7.351667616660641,7.351667616660641,7.351667616660641,7.351667616660641,0.0,1.3322676295501878e-15,0.0655233999714255,0.0,True,planned,sampled,2.5,42,planned_48h,summer,0.0,True,2017-07-02 12:00:00+00:00,2017-07-02 12:00:00+00:00,0.0,2.535423642113096,2.535423642113096,2.535423642113096,2.535423642113096,2.535423642113096,2.535423642113096,0.0,2.019798642113096,True,1.0,7.351667616660641,7.351667616660641,0.0,False,,,,,,,,,,,,,,,,,,,,,,,,,,,,,
2017-07-02 13:00:00+00:00,2.35,0.5947265625,0.175,1.7821314664900356,0.0,0.7447265624999999,0.0,1.4682780253857284,2.175768259760728,0.5947265625,0.0,2.5,0.0,0.7447265624999999,0.4375,0.0074472656249999,0.0,-0.1273482421874999,0.444947265625,0.3175990234375,1.0374049039900357,0.0,0.0,0.444947265625,deterministic,False,7.31825697212939,7.31825697212939,7.31825697212939,7.31825697212939,0.0,4.440892098500626e-16,0.0318750999867916,0.0,True,planned,sampled,2.5,42,planned_48h,summer,0.0,True,2017-07-02 13:00:00+00:00,2017-07-02 13:00:00+00:00,0.0,2.4962483723958333,2.4962483723958333,2.4962483723958333,2.4962483723958333,2.4962483723958333,2.4962483723958333,0.0,1.9015218098958333,True,1.0,7.31825697212939,7.31825697212939,0.0,False,,,,,,,,,,,,,,,,,,,,,,,,,,,,,
2017-07-02 14:00:00+00:00,2.35,0.2646484375,0.175,1.037404903990036,0.0,0.4146484374999999,0.0,2.175768259760728,2.569684275385728,0.2646484375,0.0,2.5,0.0,0.4146484374999999,0.4375,0.0041464843749999,0.0,-0.0709048828124999,0.441646484375,0.3707416015625,0.622756466490036,0.0,0.0,0.441646484375,deterministic,False,7.289199241009599,7.289199241009599,7.289199241009599,7.289199241009599,0.0,1.9984014443252818e-15,0.0327615999849513,0.0,True,planned,sampled,2.5,42,planned_48h,summer,0.0,True,2017-07-02 14:00:00+00:00,2017-07-02 14:00:00+00:00,0.0,1.8586449032738093,1.8586449032738093,1.8586449032738093,1.8586449032738093,1.8586449032738093,1.8586449032738093,0.0,1.5939964657738095,True,1.0,7.289199241009599,7.289199241009599,0.0,False,,,,,,,,,,,,,,,,,,,,,,,,,,,,,
2017-07-02 15:00:00+00:00,2.35,0.46484375,0.175,0.6227564664900358,0.0,0.6148437499999999,0.0,2.569684275385728,3.153785837885728,0.46484375,0.0,2.5,0.0,0.6148437499999999,0.4375,0.0061484374999999,0.0,-0.1051382812499999,0.4436484375,0.33851015625,0.0079127164900358,0.0,0.0,0.4436484375,deterministic,False,7.258342242311682,7.258342242311682,7.258342242311683,7.258342242311682,0.0,1.3322676295501878e-15,0.0310435000574216,0.0,True,planned,sampled,2.5,42,planned_48h,summer,0.0,True,2017-07-02 15:00:00+00:00,2017-07-02 15:00:00+00:00,0.0,1.301870582217262,1.301870582217262,1.301870582217262,1.301870582217262,1.301870582217262,1.301870582217262,0.0,0.837026832217262,True,1.0,7.258342242311682,7.258342242311683,0.0,False,,,,,,,,,,,,,,,,,,,,,,,,,,,,,
2017-07-02 16:00:00+00:00,2.35,0.23046875,0.175,0.9169910249255953,0.0,0.3804687499999999,0.0,3.153785837885728,3.515231150385728,0.23046875,0.0,2.5,0.0,0.3804687499999999,0.4375,0.0038046874999999,0.0,-0.0650601562499999,0.4413046875,0.37624453125,0.5365222749255953,0.0,0.0,0.4413046875,deterministic,False,7.296741558270392,7.296741558270392,7.296741558270392,7.296741558270392,0.0,1.9984014443252818e-15,0.0377521000336855,0.0,True,planned,sampled,2.5,42,planned_48h,summer,0.0,True,2017-07-02 16:00:00+00:00,2017-07-02 16:00:00+00:00,0.0,0.7669910249255952,0.7669910249255952,0.7669910249255952,0.7669910249255952,0.7669910249255952,0.7669910249255952,0.0,0.5365222749255952,True,1.0,7.296741558270392,7.296741558270392,0.0,False,,,,,,,,,,,,,,,,,,,,,,,,,,,,,
2017-07-02 17:00:00+00:00,3.2,0.1044921875,0.2,0.0,0.3725074404761908,0.0,0.3725074404761908,3.515231150385728,3.123118055147632,0.1044921875,0.0,2.5,0.2230003720238094,0.3725074404761908,0.5,0.0037250744047619,2.230003720238094,0.0705803571428572,2.733728794642856,2.804309151785713,0.0,0.0,0.0,0.5037250744047619,deterministic,False,12.006828474222084,12.006828474222084,12.006828474222084,12.006828474222084,0.0,1.9984014443252818e-15,0.0336281000636518,0.0,True,planned,sampled,2.5,42,planned_48h,summer,0.0,True,2017-07-02 17:00:00+00:00,2017-07-02 17:00:00+00:00,0.0,0.3274925595238095,0.3274925595238095,0.3274925595238095,0.3274925595238095,0.3274925595238095,0.3274925595238095,0.0,0.2230003720238095,True,1.0,12.006828474222084,12.006828474222084,0.0,False,,,,,,,,,,,,,,,,,,,,,,,,,,,,,
2017-07-02 18:00:00+00:00,3.2,0.015625,0.2,0.0,0.6583147321428573,0.0,0.6583147321428573,3.123118055147632,2.430155179207782,0.015625,0.0,2.5,0.0260602678571428,0.6583147321428573,0.5,0.0065831473214285,0.2606026785714288,0.124733317669173,0.7671858258928574,0.8919191435620304,0.0,0.0,0.0,0.5065831473214286,deterministic,False,11.968121409930498,11.968121409930498,11.968121409930498,11.968121409930498,0.0,1.9984014443252818e-15,0.0402654999634251,0.0,True,planned,sampled,2.5,42,planned_48h,summer,0.0,True,2017-07-02 18:00:00+00:00,2017-07-02 18:00:00+00:00,0.0,0.0416852678571428,0.0416852678571428,0.0416852678571428,0.0416852678571428,0.0416852678571428,0.0416852678571428,0.0,0.0260602678571428,True,1.0,11.968121409930498,11.968121409930498,0.0,False,,,,,,,,,,,,,,,,,,,,,,,,,,,,,
2017-07-02 19:00:00+00:00,3.2,0.0,0.2,0.0,0.7000000000000002,0.0,0.7000000000000002,2.430155179207782,1.693313073944624,0.0,0.0,2.5,0.0,0.7000000000000002,0.5,0.007,0.0,0.1326315789473684,0.507,0.6396315789473684,0.0,0.0,0.0,0.507,deterministic,False,11.92057927104906,11.92057927104906,11.92057927104906,11.92057927104906,0.0,1.9984014443252818e-15,0.0384789999807253,0.0,True,planned,sampled,2.5,42,planned_48h,summer,0.0,True,2017-07-02 19:00:00+00:00,2017-07-02 19:00:00+00:00,0.0,0.0,0.0,0.0,0.0,0.0,0.0,0.0,0.0,False,1.0,11.92057927104906,11.92057927104906,0.0,False,,,,,,,,,,,,,,,,,,,,,,,,,,,,,
2017-07-02 20:00:00+00:00,3.2,0.0,0.2,0.0,0.7000000000000002,0.0,0.7000000000000002,1.693313073944624,0.956470968681466,0.0,0.0,2.5,0.0,0.7000000000000002,0.5,0.007,0.0,0.1326315789473684,0.507,0.6396315789473684,0.0,0.0,0.0,0.507,deterministic,False,11.871663837935024,11.871663837935024,11.871663837935024,11.871663837935024,0.0,1.9984014443252818e-15,0.0386288999579846,0.0,True,planned,sampled,2.5,42,planned_48h,summer,0.0,True,2017-07-02 20:00:00+00:00,2017-07-02 20:00:00+00:00,0.0,0.0,0.0,0.0,0.0,0.0,0.0,0.0,0.0,False,1.0,11.871663837935024,11.871663837935024,0.0,False,,,,,,,,,,,,,,,,,,,,,,,,,,,,,
2017-07-02 21:00:00+00:00,3.2,0.0,0.2,0.0,0.7000000000000002,0.0,0.7000000000000002,0.956470968681466,0.2196288634183079,0.0,0.0,2.5,0.0,0.7000000000000002,0.5,0.007,0.0,0.1326315789473684,0.507,0.6396315789473684,0.0,0.0,0.0,0.507,deterministic,False,11.822032258987656,11.822032258987656,11.822032258987656,11.822032258987656,0.0,1.9984014443252818e-15,0.0390436000889167,0.0,True,planned,sampled,2.5,42,planned_48h,summer,0.0,True,2017-07-02 21:00:00+00:00,2017-07-02 21:00:00+00:00,0.0,0.0,0.0,0.0,0.0,0.0,0.0,0.0,0.0,False,1.0,11.822032258987656,11.822032258987656,0.0,False,,,,,,,,,,,,,,,,,,,,,,,,,,,,,
2017-07-02 22:00:00+00:00,3.2,0.0,0.16,0.0,0.2086474202473923,0.0,0.2086474202473923,0.2196288634183079,1.9428902930940242e-16,0.0,0.0,2.5,0.4913525797526077,0.2086474202473923,0.4,0.0020864742024739,4.913525797526077,0.0395331954152953,5.315612271728551,5.355145467143847,0.0,0.0,0.0,0.4020864742024739,deterministic,False,11.772400680040288,11.772400680040288,11.772400680040288,11.772400680040288,0.0,1.9984014443252818e-15,0.0409711000975221,0.0,True,planned,sampled,2.5,42,planned_48h,summer,0.0,True,2017-07-02 22:00:00+00:00,2017-07-02 22:00:00+00:00,0.0,0.0,0.0,0.0,0.0,0.0,0.0,0.0,0.0,False,1.0,11.772400680040288,11.772400680040288,0.0,False,,,,,,,,,,,,,,,,,,,,,,,,,,,,,
2017-07-02 23:00:00+00:00,2.35,0.0,0.16,0.1499999999999997,0.0,0.1499999999999997,0.0,1.9428902930940242e-16,0.1424999999999999,0.0,0.0,2.5,0.0,0.1499999999999997,0.4,0.0014999999999999,0.0,-0.0256499999999999,0.4015,0.3758500000000001,0.0,0.0,1.6653345369377348e-16,0.4015,deterministic,False,6.907255212896439,6.907255212896439,6.907255212896439,6.907255212896439,0.0,4.440892098500626e-16,0.0417357999831438,0.0,True,planned,sampled,2.5,42,planned_48h,summer,0.0,True,2017-07-02 23:00:00+00:00,2017-07-02 23:00:00+00:00,0.0,0.0,0.0,0.0,0.0,0.0,0.0,0.0,0.0,False,1.0,6.907255212896439,6.907255212896439,0.0,False,,,,,,,,,,,,,,,,,,,,,,,,,,,,,
2017-07-01 00:00:00+00:00,2.35,0.0,0.16,0.1499999999999999,0.0,0.1499999999999999,0.0,4.0,4.1425,0.0,0.0,2.5,0.0,0.1499999999999999,0.4,0.0014999999999999,0.0,-0.02565,0.4015,0.37585,0.0,0.0,0.0,0.4015,stochastic,False,7.947273421282085,9.972298007463728,9.972298007463726,7.947273421282085,0.0,1.7763568394002505e-15,0.2381424000486731,0.0,True,planned,sampled,2.5,42,planned_48h,summer,0.0,True,2017-07-01 00:00:00+00:00,2017-07-01 00:00:00+00:00,0.0,0.0,0.0,0.0,0.0,0.0,0.0,0.0,0.0,False,12.0,7.947273421282085,9.972298007463726,0.0,False,,,,,,,,,,,,,,,,,,,,,,,,,,,,,
2017-07-01 01:00:00+00:00,2.35,0.0,0.16,0.0,0.0,0.0,0.0,4.1425,4.1425,0.0,0.0,2.35,0.0,0.0,0.376,0.0,0.0,-0.0,0.376,0.376,0.0,0.0,0.0,0.376,stochastic,False,7.833645083774958,9.556108512137277,9.705273720935638,7.833645083774958,0.0,1.0658141036401504e-14,0.1761496000690385,0.0,True,planned,sampled,2.5,42,planned_48h,summer,0.0,True,2017-07-01 01:00:00+00:00,2017-07-01 01:00:00+00:00,0.0,0.0,0.0,0.0,0.0,0.0,0.0,0.0,0.0,False,12.0,7.833645083774958,9.705273720935638,0.0,False,,,,,,,,,,,,,,,,,,,,,,,,,,,,,
2017-07-01 02:00:00+00:00,2.35,0.0,0.16,0.0,0.0,0.0,0.0,4.1425,4.1425,0.0,0.0,2.35,0.0,0.0,0.376,0.0,0.0,-0.0,0.376,0.376,0.0,0.0,0.0,0.376,stochastic,False,7.787373443923266,9.80416902921108,10.24193709196859,7.787373443923266,0.0,8.881784197001252e-16,0.1942847999744117,0.0,True,planned,sampled,2.5,42,planned_48h,summer,0.0,True,2017-07-01 02:00:00+00:00,2017-07-01 02:00:00+00:00,0.0,0.0,0.0,0.0,0.0,0.0,0.0,0.0,0.0,False,12.0,7.787373443923266,10.24193709196859,0.0,False,,,,,,,,,,,,,,,,,,,,,,,,,,,,,
2017-07-01 03:00:00+00:00,2.35,0.0,0.16,0.0,0.0,0.0,0.0,4.1425,4.1425,0.0,0.0,2.35,0.0,0.0,0.376,0.0,0.0,-0.0,0.376,0.376,0.0,0.0,0.0,0.376,stochastic,False,7.824382916329368,8.900457127511162,9.446952031366258,7.824382916329368,0.0,4.329869796038111e-14,0.296190100023523,0.0,True,planned,sampled,2.5,42,planned_48h,summer,0.0,True,2017-07-01 03:00:00+00:00,2017-07-01 03:00:00+00:00,0.0,0.0,0.0003778366815476,0.0,0.0045340401785714,0.0,0.0,0.0012531425047264,0.0,False,12.0,7.824382916329368,9.446952031366258,0.0,False,,,,,,,,,,,,,,,,,,,,,,,,,,,,,
2017-07-01 04:00:00+00:00,2.35,0.10546875,0.16,0.0,0.0,0.0,0.0,4.1425,4.1425,0.10546875,0.0,2.24453125,0.0,0.0,0.359125,0.0,0.0,-0.0,0.359125,0.359125,0.0,0.0,0.0,0.359125,stochastic,False,8.40763404577157,9.973004436924962,10.270199363580684,8.40763404577157,0.0,4.329869796038111e-14,0.2469813000643625,0.0,True,planned,sampled,2.5,42,planned_48h,summer,0.0,True,2017-07-01 04:00:00+00:00,2017-07-01 04:00:00+00:00,0.0,0.0220563616071428,0.02490234375,0.0,0.0740094866071428,0.0032784598214285,0.0656389508928571,0.0239419264353573,-0.0834123883928571,True,12.0,8.40763404577157,10.270199363580684,0.0,False,,,,,,,,,,,,,,,,,,,,,,,,,,,,,
2017-07-01 05:00:00+00:00,2.35,0.25,0.16,0.1280130836960839,0.0,0.1280130836960839,0.0,4.1425,4.26411242951128,0.25,0.0,2.228013083696084,0.0,0.1280130836960839,0.3564820933913734,0.0012801308369608,0.0,-0.0218902373120303,0.3577622242283342,0.3358719869163039,0.0,0.0,8.326672684688674e-17,0.3577622242283342,stochastic,False,8.199927318696417,10.256684238737265,10.313926980397731,8.199927318696417,0.0,2.5979218776228663e-14,0.2854121000273153,0.0,True,planned,sampled,2.5,42,planned_48h,summer,0.0,True,2017-07-01 05:00:00+00:00,2017-07-01 05:00:00+00:00,0.0,0.1059105282738095,0.1257672991071428,0.0170200892857142,0.2432338169642857,0.0230887276785714,0.2432338169642857,0.0921826556954103,-0.1440894717261904,True,12.0,8.199927318696417,10.313926980397731,0.0,False,,,,,,,,,,,,,,,,,,,,,,,,,,,,,
2017-07-01 06:00:00+00:00,2.8000000000000003,0.3798828125,0.16,0.0,0.2677036830357147,0.0,0.2677036830357147,4.26411242951128,3.9823190789473695,0.3798828125,0.0,2.1524135044642856,0.0,0.2677036830357147,0.3443861607142857,0.0026770368303571,0.0,0.0507228031015038,0.3470631975446428,0.3977860006461466,0.0,0.0,0.0,0.3470631975446428,stochastic,False,7.688422292653126,9.733358083872565,10.152796776579438,7.688422292653126,0.0,8.881784197001252e-16,0.3415277999592945,0.0,True,planned,sampled,2.5,42,planned_48h,summer,0.0,True,2017-07-01 06:00:00+00:00,2017-07-01 06:00:00+00:00,0.0,0.2635184151785714,0.2595738002232143,0.0322963169642857,0.4582170758928572,0.091796875,0.4582170758928572,0.129565010679347,-0.1163643973214285,True,12.0,7.688422292653126,10.152796776579438,0.0,False,,,,,,,,,,,,,,,,,,,,,,,,,,,,,
2017-07-01 07:00:00+00:00,2.8000000000000003,1.0400390625,0.16,0.0,0.032212611607143,0.0,0.032212611607143,3.9823190789473695,3.948411066729324,1.0400390625,0.0,1.7277483258928572,0.0,0.032212611607143,0.2764397321428571,0.0003221261160714,0.0,0.0061034421992481,0.2767618582589286,0.2828653004581767,0.0,0.0,0.0,0.2767618582589286,stochastic,False,7.576221275780706,9.714074340456406,9.714074340456406,7.576221275780706,0.0,8.881784197001252e-16,0.3163103999104351,0.0,True,planned,sampled,2.5,42,planned_48h,summer,0.0,True,2017-07-01 07:00:00+00:00,2017-07-01 07:00:00+00:00,0.0,0.680830310639881,0.7401820591517859,0.2677873883928572,0.9568219866071428,0.2677873883928572,0.9568219866071428,0.2410700007889194,-0.359208751860119,True,12.0,7.576221275780706,9.714074340456406,0.0,False,,,,,,,,,,,,,,,,,,,,,,,,,,,,,
2017-07-01 08:00:00+00:00,2.8000000000000003,1.349609375,0.175,0.0,0.5516652832031251,0.0,0.5516652832031251,3.948411066729324,3.3677107686207712,1.349609375,0.0,0.898725341796875,0.0,0.5516652832031251,0.1572769348144531,0.0055166528320312,0.0,0.1045260536595394,0.1627935876464843,0.2673196413060238,0.0,0.0,0.0,0.1627935876464843,stochastic,False,7.426022945696383,8.263150093675966,8.85132688385457,7.426022945696383,0.0,6.661338147750939e-15,0.30165170005057,0.0,True,planned,sampled,2.5,42,planned_48h,summer,0.0,True,2017-07-01 08:00:00+00:00,2017-07-01 08:00:00+00:00,0.0,1.2855236235119047,1.4206310453869044,0.2047293526785714,1.9150390625,0.8849051339285714,1.7132393973214284,0.4422847516547554,-0.0640857514880952,True,12.0,7.426022945696383,8.85132688385457,0.0,False,,,,,,,,,,,,,,,,,,,,,,,,,,,,,
2017-07-01 09:00:00+00:00,2.35,2.46484375,0.175,0.0,0.0,0.0,0.0,3.3677107686207712,3.3677107686207712,2.35,0.1148437499999999,0.0,0.0,0.0,0.0,0.0,0.0,-0.0,0.0,0.0,0.0,0.0,0.0,0.0,stochastic,False,8.126378495601402,9.68470583736016,9.855091489209295,8.126378495601402,0.0,1.3322676295501878e-15,0.3310613000066951,0.0,True,planned,sampled,2.5,42,planned_48h,summer,0.0,True,2017-07-01 09:00:00+00:00,2017-07-01 09:00:00+00:00,0.0,1.7745779854910713,1.5163399832589282,0.1629464285714283,2.3748604910714284,0.7170758928571428,2.260184151785714,0.7106312887727518,-0.6902657645089287,True,12.0,8.126378495601402,9.855091489209295,0.0,False,,,,,,,,,,,,,,,,,,,,,,,,,,,,,
2017-07-01 10:00:00+00:00,2.35,2.25,0.175,0.993819754464286,0.0,0.993819754464286,0.0,3.3677107686207712,4.311839535361843,2.25,0.0,1.093819754464286,0.0,0.993819754464286,0.19141845703125,0.0099381975446428,0.0,-0.1699431780133928,0.2013566545758929,0.0314134765625,0.0,0.0,0.0,0.2013566545758929,stochastic,False,7.65258367270158,8.577352383418267,9.432234751524202,7.65258367270158,0.0,4.440892098500626e-16,0.1955588000128045,0.0,True,planned,sampled,2.5,42,planned_48h,summer,0.0,True,2017-07-01 10:00:00+00:00,2017-07-01 10:00:00+00:00,0.0,2.1643543061755954,2.5856294177827386,1.0055106026785716,3.513532366071429,1.7607421875,3.343819754464286,0.6829395045124804,-0.0856456938244045,True,12.0,7.65258367270158,9.432234751524202,0.0,False,,,,,,,,,,,,,,,,,,,,,,,,,,,,,
2017-07-01 11:00:00+00:00,2.35,2.490234375,0.175,1.0388310929461808,0.0,1.0388310929461808,0.0,4.311839535361843,5.298729073660715,2.490234375,0.0,0.8985967179461811,0.0,1.0388310929461808,0.1572544256405816,0.0103883109294618,0.0,-0.1776401168937969,0.1676427365700434,-0.0099973803237534,0.0,0.0,2.220446049250313e-16,0.1676427365700434,stochastic,False,7.868497444079879,9.615599729479566,9.628822482610769,7.868497444079879,0.0,4.440892098500626e-16,0.1867898000637069,0.0,True,planned,sampled,2.5,42,planned_48h,summer,0.0,True,2017-07-01 11:00:00+00:00,2017-07-01 11:00:00+00:00,0.0,2.357924107142857,2.4537295386904763,1.0777064732142856,3.8646763392857135,1.2041015625,3.52490234375,0.9995981037852808,-0.132310267857143,True,12.0,7.868497444079879,9.628822482610769,0.0,False,,,,,,,,,,,,,,,,,,,,,,,,,,,,,
2017-07-01 12:00:00+00:00,2.35,3.53515625,0.175,0.2779994419642859,0.0,0.2779994419642859,0.0,5.298729073660715,5.562828543526786,2.627999441964286,0.907156808035714,0.0,0.0,0.2779994419642859,0.0,0.0027799944196428,0.0,-0.0475379045758928,0.0027799944196428,-0.0447579101562499,0.0,0.0,0.0,0.0027799944196428,stochastic,False,7.707305264104275,8.367418555011799,10.061522711786388,7.707305264104275,0.0,8.881784197001252e-16,0.2797851000213995,0.0,True,planned,sampled,2.5,42,planned_48h,summer,0.0,True,2017-07-01 12:00:00+00:00,2017-07-01 12:00:00+00:00,0.0,2.359293619791667,2.138387044270833,0.127999441964286,3.1530412946428577,0.83056640625,3.1530412946428577,0.9982284219525211,-1.175862630208333,True,12.0,7.707305264104275,10.061522711786388,0.0,False,,,,,,,,,,,,,,,,,,,,,,,,,,,,,
2017-07-01 13:00:00+00:00,2.35,3.125,0.175,0.4325753348214278,0.0,0.4325753348214278,0.0,5.562828543526786,5.973775111607142,2.782575334821428,0.342424665178572,0.0,0.0,0.4325753348214278,0.0,0.0043257533482142,0.0,-0.0739703822544641,0.0043257533482142,-0.0696446289062498,0.0,0.0,0.0,0.0043257533482142,stochastic,False,7.681088197338647,9.819790549444903,10.301524241585415,7.681088197338647,0.0,8.881784197001252e-16,0.2197250000899657,0.0,True,planned,sampled,2.5,42,planned_48h,summer,0.0,True,2017-07-01 13:00:00+00:00,2017-07-01 13:00:00+00:00,0.0,2.344811430431548,2.5739571707589284,0.2825753348214279,3.676199776785714,0.7726004464285712,3.349609375,0.9655823795131496,-0.7801885695684527,True,12.0,7.681088197338647,10.301524241585415,0.0,False,,,,,,,,,,,,,,,,,,,,,,,,,,,,,
2017-07-01 14:00:00+00:00,2.35,1.7802734375,0.175,0.3700753348214287,0.0,0.3700753348214287,0.0,5.973775111607142,6.325346679687499,1.7802734375,0.0,0.9398018973214288,0.0,0.3700753348214287,0.16446533203125,0.0037007533482142,0.0,-0.0632828822544642,0.1681660853794643,0.104883203125,0.0,0.0,0.0,0.1681660853794643,stochastic,False,7.235589079686727,7.580621085006219,9.045700865654943,7.235589079686727,0.0,1.2656542480726783e-14,0.2905752999940887,0.0,True,planned,sampled,2.5,42,planned_48h,summer,0.0,True,2017-07-01 14:00:00+00:00,2017-07-01 14:00:00+00:00,0.0,1.804375930059524,1.558140345982143,0.2200753348214288,2.981794084821429,0.3968331473214286,2.464564732142857,0.95202722927416,0.0241024925595239,True,12.0,7.235589079686727,9.045700865654943,0.0,False,,,,,,,,,,,,,,,,,,,,,,,,,,,,,
2017-07-01 15:00:00+00:00,2.35,1.099609375,0.175,0.0190011160714287,0.0,0.0190011160714287,0.0,6.325346679687499,6.343397739955356,1.099609375,0.0,1.2693917410714288,0.0,0.0190011160714287,0.2221435546875,0.0001900111607142,0.0,-0.0032491908482142,0.2223335658482143,0.219084375,0.0,0.0,0.0,0.2223335658482143,stochastic,False,7.775230787468756,9.573719670422395,9.67518743641534,7.775230787468756,0.0,1.2656542480726783e-14,0.2500949000241235,0.0,True,planned,sampled,2.5,42,planned_48h,summer,0.0,True,2017-07-01 15:00:00+00:00,2017-07-01 15:00:00+00:00,0.0,1.272573707217262,1.3426048642113095,0.1588309151785716,2.369001116071429,0.2750418526785716,2.1452985491071432,0.7740328142370898,0.172964332217262,True,12.0,7.775230787468756,9.67518743641534,0.0,False,,,,,,,,,,,,,,,,,,,,,,,,,,,,,
2017-07-01 16:00:00+00:00,2.35,0.775390625,0.175,0.0,0.0,0.0,0.0,6.343397739955356,6.343397739955356,0.775390625,0.0,1.574609375,0.0,0.0,0.275556640625,0.0,0.0,-0.0,0.275556640625,0.275556640625,0.0,0.0,0.0,0.275556640625,stochastic,False,8.317858936240343,9.67776228269037,9.731169249407294,8.317858936240343,0.0,8.881784197001252e-16,0.1815499000949785,0.0,True,planned,sampled,2.5,42,planned_48h,summer,0.0,True,2017-07-01 16:00:00+00:00,2017-07-01 16:00:00+00:00,0.0,0.7651774088541667,0.6583310081845238,0.0174386160714286,1.6739676339285714,0.0174386160714286,1.2769252232142858,0.5045634571575192,-0.0102132161458332,True,12.0,8.317858936240343,9.731169249407294,0.0,False,,,,,,,,,,,,,,,,,,,,,,,,,,,,,
2017-07-01 17:00:00+00:00,3.2,0.57421875,0.2,0.0,2.390778459821429,0.0,2.390778459821429,6.343397739955356,3.8267888348801673,0.57421875,0.0,0.2350027901785711,0.0,2.390778459821429,0.0470005580357142,0.0239077845982142,0.0,0.4529896029135339,0.0709083426339285,0.5238979455474625,0.0,0.0,0.0,0.0709083426339285,stochastic,False,8.671634881311352,9.815509903818388,10.08197182481554,8.671634881311352,0.0,4.440892098500626e-16,0.1997650999110192,0.0,True,planned,sampled,2.5,42,planned_48h,summer,0.0,True,2017-07-01 17:00:00+00:00,2017-07-01 17:00:00+00:00,0.0,0.3129138764880952,0.4079182942708332,0.1593889508928571,0.8092215401785714,0.1951729910714285,0.60205078125,0.2033455347843694,-0.2613048735119048,True,12.0,8.671634881311352,10.08197182481554,0.0,False,,,,,,,,,,,,,,,,,,,,,,,,,,,,,
2017-07-01 18:00:00+00:00,3.2,0.0751953125,0.2,0.0,0.8354493931361583,0.0,0.8354493931361583,3.8267888348801673,2.9473684210526323,0.0751953125,0.0,2.2893552943638418,0.0,0.8354493931361583,0.4578710588727683,0.0083544939313615,0.0,0.1582956744889563,0.4662255528041299,0.6245212272930862,0.0,0.0,0.0,0.4662255528041299,stochastic,False,8.323489460073425,9.809020939311171,10.077493252117318,8.323489460073425,0.0,8.881784197001252e-16,0.2079137999098748,0.0,True,planned,sampled,2.5,42,planned_48h,summer,0.0,True,2017-07-01 18:00:00+00:00,2017-07-01 18:00:00+00:00,0.0,0.0406389508928571,0.0664876302083333,0.0,0.1323939732142857,0.0348772321428571,0.10888671875,0.0352513053519713,-0.0345563616071428,True,12.0,8.323489460073425,10.077493252117318,0.0,False,,,,,,,,,,,,,,,,,,,,,,,,,,,,,
2017-07-01 19:00:00+00:00,3.2,0.0,0.2,0.0,0.7000000000000002,0.0,0.7000000000000002,2.9473684210526323,2.2105263157894743,0.0,0.0,2.5,0.0,0.7000000000000002,0.5,0.007,0.0,0.1326315789473684,0.507,0.6396315789473684,0.0,0.0,0.0,0.507,stochastic,False,8.064795512239302,9.648265039526242,10.07876761673793,8.064795512239302,0.0,8.881784197001252e-16,0.3339049000060186,0.0,True,planned,sampled,2.5,42,planned_48h,summer,0.0,True,2017-07-01 19:00:00+00:00,2017-07-01 19:00:00+00:00,0.0,0.0,0.0010695684523809,0.0,0.0048828125,0.0,0.0048828125,0.001901226850517,0.0,False,12.0,8.064795512239302,10.07876761673793,0.0,False,,,,,,,,,,,,,,,,,,,,,,,,,,,,,
2017-07-01 20:00:00+00:00,3.2,0.0,0.2,0.0,0.7000000000000002,0.0,0.7000000000000002,2.2105263157894743,1.4736842105263164,0.0,0.0,2.5,0.0,0.7000000000000002,0.5,0.007,0.0,0.1326315789473684,0.507,0.6396315789473684,0.0,0.0,0.0,0.507,stochastic,False,7.852852674084488,9.659437679699868,9.801475379733516,7.852852674084488,0.0,1.1102230246251563e-15,0.3564573000185191,0.0,True,planned,sampled,2.5,42,planned_48h,summer,0.0,True,2017-07-01 20:00:00+00:00,2017-07-01 20:00:00+00:00,0.0,0.0,0.0,0.0,0.0,0.0,0.0,0.0,0.0,False,12.0,7.852852674084488,9.801475379733516,0.0,False,,,,,,,,,,,,,,,,,,,,,,,,,,,,,
2017-07-01 21:00:00+00:00,3.2,0.0,0.2,0.0,0.7000000000000002,0.0,0.7000000000000002,1.4736842105263164,0.7368421052631583,0.0,0.0,2.5,0.0,0.7000000000000002,0.5,0.007,0.0,0.1326315789473684,0.507,0.6396315789473684,0.0,0.0,0.0,0.507,stochastic,False,7.878626280370324,9.413978761794493,10.01621359129346,7.878626280370324,0.0,8.881784197001252e-16,0.2918701999587938,0.0,True,planned,sampled,2.5,42,planned_48h,summer,0.0,True,2017-07-01 21:00:00+00:00,2017-07-01 21:00:00+00:00,0.0,0.0,0.0,0.0,0.0,0.0,0.0,0.0,0.0,False,12.0,7.878626280370324,10.01621359129346,0.0,False,,,,,,,,,,,,,,,,,,,,,,,,,,,,,
2017-07-01 22:00:00+00:00,3.2,0.0,0.16,0.0,0.7000000000000002,0.0,0.7000000000000002,0.7368421052631583,2.220446049250313e-16,0.0,0.0,2.5,0.0,0.7000000000000002,0.4,0.007,0.0,0.1326315789473684,0.407,0.5396315789473685,0.0,0.0,0.0,0.407,stochastic,False,7.355573686359757,8.764468725653566,9.917010856738113,7.355573686359757,0.0,8.881784197001252e-16,0.2281944999704137,0.0,True,planned,sampled,2.5,42,planned_48h,summer,0.0,True,2017-07-01 22:00:00+00:00,2017-07-01 22:00:00+00:00,0.0,0.0,0.0,0.0,0.0,0.0,0.0,0.0,0.0,False,12.0,7.355573686359757,9.917010856738113,0.0,False,,,,,,,,,,,,,,,,,,,,,,,,,,,,,
2017-07-01 23:00:00+00:00,2.35,0.0,0.16,0.1500000000000001,0.0,0.1499999999999999,0.0,2.220446049250313e-16,0.1425000000000001,0.0,0.0,2.5,0.0,0.1499999999999999,0.4,0.0014999999999999,0.0,-0.0256499999999999,0.4015,0.37585,2.220446049250313e-16,0.0,0.0,0.4015,stochastic,False,8.605717032253322,10.158378008716795,10.199857228778152,8.605717032253322,0.0,1.5987211554602254e-14,0.3178138000657782,0.0,True,planned,sampled,2.5,42,planned_48h,summer,0.0,True,2017-07-01 23:00:00+00:00,2017-07-01 23:00:00+00:00,0.0,0.0,0.0,0.0,0.0,0.0,0.0,0.0,0.0,False,12.0,8.605717032253322,10.199857228778152,0.0,False,,,,,,,,,,,,,,,,,,,,,,,,,,,,,
2017-07-02 00:00:00+00:00,2.35,0.0,0.16,0.1499999999999999,0.0,0.1499999999999999,0.0,0.1425000000000001,0.285,0.0,0.0,2.5,0.0,0.1499999999999999,0.4,0.0014999999999999,0.0,-0.0256499999999999,0.4015,0.37585,0.0,0.0,0.0,0.4015,stochastic,False,8.339788965612465,9.692013856985186,9.692013856985186,8.339788965612465,0.0,4.8627768478581856e-14,0.2168939000694081,0.0,True,planned,sampled,2.5,42,planned_48h,summer,0.0,True,2017-07-02 00:00:00+00:00,2017-07-02 00:00:00+00:00,0.0,0.0,0.0,0.0,0.0,0.0,0.0,0.0,0.0,False,12.0,8.339788965612465,9.692013856985186,0.0,False,,,,,,,,,,,,,,,,,,,,,,,,,,,,,
2017-07-02 01:00:00+00:00,2.35,0.0,0.16,0.1499999999999999,0.0,0.1499999999999999,0.0,0.285,0.4274999999999999,0.0,0.0,2.5,0.0,0.1499999999999999,0.4,0.0014999999999999,0.0,-0.0256499999999999,0.4015,0.37585,0.0,0.0,0.0,0.4015,stochastic,False,7.995324617466969,9.651763856985186,9.793801557018831,7.995324617466969,0.0,1.7763568394002505e-15,0.2389926000032574,0.0,True,planned,sampled,2.5,42,planned_48h,summer,0.0,True,2017-07-02 01:00:00+00:00,2017-07-02 01:00:00+00:00,0.0,0.0,0.0,0.0,0.0,0.0,0.0,0.0,0.0,False,12.0,7.995324617466969,9.793801557018831,0.0,False,,,,,,,,,,,,,,,,,,,,,,,,,,,,,
2017-07-02 02:00:00+00:00,2.35,0.0,0.16,0.1499999999999999,0.0,0.1499999999999999,0.0,0.4274999999999999,0.5699999999999998,0.0,0.0,2.5,0.0,0.1499999999999999,0.4,0.0014999999999999,0.0,-0.0256499999999999,0.4015,0.37585,0.0,0.0,0.0,0.4015,stochastic,False,7.541571680145603,8.694827451415339,8.736850844698866,7.541571680145603,0.0,8.881784197001252e-16,0.3489699000492692,0.0,True,planned,sampled,2.5,42,planned_48h,summer,0.0,True,2017-07-02 02:00:00+00:00,2017-07-02 02:00:00+00:00,0.0,0.0,0.0,0.0,0.0,0.0,0.0,0.0,0.0,False,12.0,7.541571680145603,8.736850844698866,0.0,False,,,,,,,,,,,,,,,,,,,,,,,,,,,,,
2017-07-02 03:00:00+00:00,2.35,0.0,0.16,0.1499999999999999,0.0,0.1499999999999999,0.0,0.5699999999999998,0.7124999999999997,0.0,0.0,2.5,0.0,0.1499999999999999,0.4,0.0014999999999999,0.0,-0.0256499999999999,0.4015,0.3758500000000001,0.0,0.0,0.0,0.4015,stochastic,False,8.175902099961771,10.037628008716796,10.079107228778152,8.175902099961771,0.0,1.7763568394002505e-15,0.2548251000698656,0.0,True,planned,sampled,2.5,42,planned_48h,summer,0.0,True,2017-07-02 03:00:00+00:00,2017-07-02 03:00:00+00:00,0.0,0.0,0.0007556733630952,0.0,0.0045340401785714,0.0,0.0045340401785714,0.0016897370086668,0.0,False,12.0,8.175902099961771,10.079107228778152,0.0,False,,,,,,,,,,,,,,,,,,,,,,,,,,,,,
2017-07-02 04:00:00+00:00,2.35,0.009765625,0.16,0.1531389508928571,0.0,0.1531389508928571,0.0,0.7124999999999997,0.857982003348214,0.009765625,0.0,2.493373325892857,0.0,0.1531389508928571,0.3989397321428571,0.0015313895089285,0.0,-0.0261867606026785,0.4004711216517857,0.3742843610491072,0.0,0.0,0.0,0.4004711216517857,stochastic,False,7.0967058323649495,7.724381105158042,9.618965462104326,7.0967058323649495,0.0,8.881784197001252e-16,0.1897018000017851,0.0,True,planned,sampled,2.5,42,planned_48h,summer,0.0,True,2017-07-02 04:00:00+00:00,2017-07-02 04:00:00+00:00,0.0,0.0270786830357142,0.0479910714285714,0.0031389508928571,0.0788225446428571,0.0126953125,0.0788225446428571,0.0260330912685124,0.0173130580357142,True,12.0,7.0967058323649495,9.618965462104326,0.0,False,,,,,,,,,,,,,,,,,,,,,,,,,,,,,
2017-07-02 05:00:00+00:00,2.35,0.060546875,0.16,0.1827845982142855,0.0,0.1827845982142855,0.0,0.857982003348214,1.0316273716517852,0.060546875,0.0,2.4722377232142856,0.0,0.1827845982142855,0.3955580357142857,0.0018278459821428,0.0,-0.0312561662946428,0.3973858816964286,0.3661297154017857,0.0,0.0,0.0,0.3973858816964286,stochastic,False,7.620862082371902,9.413044791962944,9.413044791962944,7.620862082371902,0.0,1.3322676295501878e-15,0.3642086000181734,0.0,True,planned,sampled,2.5,42,planned_48h,summer,0.0,True,2017-07-02 05:00:00+00:00,2017-07-02 05:00:00+00:00,0.0,0.1216750372023809,0.1233433314732143,0.0327845982142857,0.3074776785714286,0.0505719866071428,0.3074776785714286,0.0886664400587429,0.0611281622023809,True,12.0,7.620862082371902,9.413044791962944,0.0,False,,,,,,,,,,,,,,,,,,,,,,,,,,,,,
2017-07-02 06:00:00+00:00,2.8000000000000003,0.1396484375,0.16,0.0,0.2420340401785718,0.0,0.2420340401785718,1.0316273716517852,0.7768546977796043,0.1396484375,0.0,2.4183175223214284,0.0,0.2420340401785718,0.3869308035714285,0.0024203404017857,0.0,0.0458590812969925,0.3893511439732143,0.4352102252702068,0.0,0.0,0.0,0.3893511439732143,stochastic,False,7.463841699215181,8.233933477589172,9.623588723797956,7.463841699215181,0.0,1.3322676295501878e-15,0.302977200015448,0.0,True,planned,sampled,2.5,42,planned_48h,summer,0.0,True,2017-07-02 06:00:00+00:00,2017-07-02 06:00:00+00:00,0.0,0.2891880580357142,0.3016531808035714,0.0579659598214284,0.48388671875,0.1030273437499999,0.4704938616071428,0.1369453902013488,0.1495396205357142,True,12.0,7.463841699215181,9.623588723797956,0.0,False,,,,,,,,,,,,,,,,,,,,,,,,,,,,,
2017-07-02 07:00:00+00:00,2.8000000000000003,0.4599609375,0.16,0.0736746651785709,0.0,0.0736746651785709,0.0,0.7768546977796043,0.8468456296992466,0.4599609375,0.0,2.413713727678571,0.0,0.0736746651785709,0.3861941964285714,0.0007367466517857,0.0,-0.0125983677455356,0.3869309430803571,0.3743325753348214,0.0,0.0,0.0,0.3869309430803571,stochastic,False,7.571395958893007,9.809136054465936,9.809136054465936,7.571395958893007,0.0,5.10702591327572e-15,0.2242377999937161,0.0,True,planned,sampled,2.5,42,planned_48h,summer,0.0,True,2017-07-02 07:00:00+00:00,2017-07-02 07:00:00+00:00,0.0,0.7544212704613096,0.7754196893601191,0.3736746651785714,1.1260463169642858,0.3736746651785714,0.96630859375,0.2331806823573329,0.2944603329613096,True,12.0,7.571395958893007,9.809136054465936,0.0,False,,,,,,,,,,,,,,,,,,,,,,,,,,,,,
2017-07-02 08:00:00+00:00,2.8000000000000003,0.560546875,0.175,0.0,0.0113560267857146,0.0,0.0113560267857146,0.8468456296992466,0.8348919172932311,0.560546875,0.0,2.2280970982142856,0.0,0.0113560267857146,0.3899169921875,0.0001135602678571,0.0,0.0021516682330827,0.3900305524553571,0.3921822206884399,0.0,0.0,0.0,0.3900305524553571,stochastic,False,7.599367324259839,9.257493878733378,9.7788316191791,7.599367324259839,0.0,1.3322676295501878e-15,0.2862975000170991,0.0,True,planned,sampled,2.5,42,planned_48h,summer,0.0,True,2017-07-02 08:00:00+00:00,2017-07-02 08:00:00+00:00,0.0,1.3694382440476192,1.1286621093750002,0.2886439732142858,1.9989536830357144,0.46875,1.7360491071428572,0.5636475071825066,0.8088913690476192,True,12.0,7.599367324259839,9.7788316191791,0.0,False,,,,,,,,,,,,,,,,,,,,,,,,,,,,,
2017-07-02 09:00:00+00:00,2.35,0.3095703125,0.175,0.2950195312499999,0.0,0.2950195312499999,0.0,0.8348919172932311,1.1151604719807309,0.3095703125,0.0,2.33544921875,0.0,0.2950195312499999,0.40870361328125,0.0029501953124999,0.0,-0.0504483398437499,0.41165380859375,0.36120546875,0.0,0.0,0.0,0.41165380859375,stochastic,False,7.119015375306473,7.686500039894661,7.825996909010938,7.119015375306473,0.0,2.664535259100376e-15,0.2671814999775961,0.0,True,planned,sampled,2.5,42,planned_48h,summer,0.0,True,2017-07-02 09:00:00+00:00,2017-07-02 09:00:00+00:00,0.0,1.9163190569196429,2.087832496279762,1.3221261160714288,2.64501953125,1.3776506696428572,2.5166015625,0.4160152837064293,1.6067487444196429,True,12.0,7.119015375306473,7.825996909010938,0.0,False,,,,,,,,,,,,,,,,,,,,,,,,,,,,,
2017-07-02 10:00:00+00:00,2.35,0.4951171875,0.175,0.6553013392857143,0.0,0.6451171874999999,0.0,1.1151604719807309,1.7280218001057308,0.4951171875,0.0,2.5,0.0,0.6451171874999999,0.4375,0.0064511718749999,0.0,-0.1103150390624999,0.443951171875,0.3336361328125,0.0101841517857144,0.0,0.0,0.443951171875,stochastic,False,7.560706199058818,9.091195287354903,9.715898924274091,7.560706199058818,0.0,8.881784197001252e-15,0.3302208000095561,0.0,True,planned,sampled,2.5,42,planned_48h,summer,0.0,True,2017-07-02 10:00:00+00:00,2017-07-02 10:00:00+00:00,0.0,2.252942475818452,2.308558872767857,0.5053013392857144,3.6021205357142856,0.5053013392857144,3.432407924107143,1.0759515799065578,1.7578252883184522,True,12.0,7.560706199058818,9.715898924274091,0.0,False,,,,,,,,,,,,,,,,,,,,,,,,,,,,,
2017-07-02 11:00:00+00:00,2.35,0.5947265625,0.175,1.1826450892857143,0.0,0.7447265624999999,0.0,1.7280218001057308,2.435512034480731,0.5947265625,0.0,2.5,0.0,0.7447265624999999,0.4375,0.0074472656249999,0.0,-0.1273482421875,0.444947265625,0.3175990234375,0.4379185267857144,0.0,0.0,0.444947265625,stochastic,False,7.141136090734232,7.89255207923695,9.109889051707276,7.141136090734232,0.0,1.3322676295501878e-15,0.2741624999325722,0.0,True,planned,sampled,2.5,42,planned_48h,summer,0.0,True,2017-07-02 11:00:00+00:00,2017-07-02 11:00:00+00:00,0.0,2.441838727678572,2.635021391369048,1.0326450892857144,3.948590959821429,1.2880161830357144,3.6088169642857135,0.9628982605053072,1.847112165178572,True,12.0,7.141136090734232,9.109889051707276,0.0,False,,,,,,,,,,,,,,,,,,,,,,,,,,,,,
2017-07-02 12:00:00+00:00,2.35,0.515625,0.175,1.567550223214286,0.0,0.6656249999999999,0.0,2.435512034480731,3.067855784480731,0.515625,0.0,2.5,0.0,0.6656249999999999,0.4375,0.0066562499999999,0.0,-0.1138218749999999,0.44415625,0.3303343749999999,0.901925223214286,0.0,0.0,0.44415625,stochastic,False,7.470079157336554,8.588185801063364,9.060394788975463,7.470079157336554,0.0,8.881784197001252e-16,0.2869154999498278,0.0,True,planned,sampled,2.5,42,planned_48h,summer,0.0,True,2017-07-02 12:00:00+00:00,2017-07-02 12:00:00+00:00,0.0,2.535423642113096,2.8890206473214284,1.417550223214286,4.074776785714286,1.5525948660714284,3.463099888392857,0.7803780289284872,2.019798642113096,True,12.0,7.470079157336554,9.060394788975463,0.0,False,,,,,,,,,,,,,,,,,,,,,,,,,,,,,
2017-07-02 13:00:00+00:00,2.35,0.5947265625,0.175,1.4695452008928571,0.0,0.7447265624999999,0.0,3.067855784480731,3.77534601885573,0.5947265625,0.0,2.5,0.0,0.7447265624999999,0.4375,0.0074472656249999,0.0,-0.1273482421874999,0.444947265625,0.3175990234375,0.7248186383928572,0.0,0.0,0.444947265625,stochastic,False,7.26789556080142,8.945384904766803,8.945384904766803,7.26789556080142,0.0,1.1390888232654106e-12,0.3371893999865278,0.0,True,planned,sampled,2.5,42,planned_48h,summer,0.0,True,2017-07-02 13:00:00+00:00,2017-07-02 13:00:00+00:00,0.0,2.4962483723958333,2.712268647693453,1.3195452008928572,3.82763671875,1.3195452008928572,3.272112165178572,0.7204646224523468,1.9015218098958333,True,12.0,7.26789556080142,8.945384904766803,0.0,False,,,,,,,,,,,,,,,,,,,,,,,,,,,,,
2017-07-02 14:00:00+00:00,2.35,0.2646484375,0.175,0.1499999999999999,0.0,0.1499999999999999,0.0,3.77534601885573,3.91784601885573,0.2646484375,0.0,2.2353515625,0.0,0.1499999999999999,0.3911865234375,0.0014999999999999,0.0,-0.02565,0.3926865234375,0.3670365234375,0.0,0.0,0.0,0.3926865234375,stochastic,False,7.4936334086982415,9.08366508166232,9.119406257840671,7.4936334086982415,0.0,8.881784197001252e-16,0.3183560000034049,0.0,True,planned,sampled,2.5,42,planned_48h,summer,0.0,True,2017-07-02 14:00:00+00:00,2017-07-02 14:00:00+00:00,0.0,1.8586449032738093,1.6997128441220235,0.0,2.85302734375,0.0,2.85302734375,1.1203698815384913,1.5939964657738095,True,12.0,7.4936334086982415,9.119406257840671,0.0,False,,,,,,,,,,,,,,,,,,,,,,,,,,,,,
2017-07-02 15:00:00+00:00,2.35,0.46484375,0.175,0.2125053716734305,0.0,0.2125053716734305,0.0,3.91784601885573,4.11972612194549,0.46484375,0.0,2.0976616216734305,0.0,0.2125053716734305,0.3670907837928503,0.0021250537167343,0.0,-0.0363384185561567,0.3692158375095846,0.3328774189534279,0.0,0.0,-1.3877787807814454e-16,0.3692158375095846,stochastic,False,7.361960795272497,8.924792755855254,9.498422671607363,7.361960795272497,0.0,2.731148640577885e-14,0.4623498000437394,0.0,True,planned,sampled,2.5,42,planned_48h,summer,0.0,True,2017-07-02 15:00:00+00:00,2017-07-02 15:00:00+00:00,0.0,1.301870582217262,1.3334786551339286,0.2168666294642858,2.254115513392857,0.3043387276785716,2.254115513392857,0.8293135561267336,0.837026832217262,True,12.0,7.361960795272497,9.498422671607363,0.0,False,,,,,,,,,,,,,,,,,,,,,,,,,,,,,
2017-07-02 16:00:00+00:00,2.35,0.23046875,0.175,0.0074064169469722,0.0,0.0074064169469722,0.0,4.11972612194549,4.126762218045114,0.23046875,0.0,2.126937666946972,0.0,0.0074064169469722,0.3722140917157201,7.406416946972248e-05,0.0,-0.0012664972979322,0.3722881558851898,0.3710216585872575,0.0,0.0,-1.6393136847980827e-16,0.3722881558851898,stochastic,False,7.578462778221875,9.31652198423047,9.607812044606831,7.578462778221875,0.0,5.52891066263328e-14,0.3430394000606611,0.0,True,planned,sampled,2.5,42,planned_48h,summer,0.0,True,2017-07-02 16:00:00+00:00,2017-07-02 16:00:00+00:00,0.0,0.7669910249255952,1.0011683872767858,0.3572823660714285,1.50537109375,0.5016741071428571,1.4650530133928572,0.4117151539344923,0.5365222749255952,True,12.0,7.578462778221875,9.607812044606831,0.0,False,,,,,,,,,,,,,,,,,,,,,,,,,,,,,
2017-07-02 17:00:00+00:00,3.2,0.1044921875,0.2,0.0,0.4853655133928574,0.0,0.4853655133928574,4.126762218045114,3.6158511513157903,0.1044921875,0.0,2.5,0.1101422991071428,0.4853655133928574,0.5,0.0048536551339285,1.101422991071428,0.0919639920112782,1.6062766462053566,1.6982406382166348,0.0,0.0,0.0,0.5048536551339285,stochastic,False,7.203635120556926,9.016999164047814,9.32782691620816,7.203635120556926,0.0,1.2989609388114334e-13,0.2822204000549391,0.0,True,planned,sampled,2.5,42,planned_48h,summer,0.0,True,2017-07-02 17:00:00+00:00,2017-07-02 17:00:00+00:00,0.0,0.3274925595238095,0.4419061569940476,0.1512974330357143,0.7201450892857143,0.1576450892857143,0.6817103794642857,0.2057595640729704,0.2230003720238095,True,12.0,7.203635120556926,9.32782691620816,0.0,False,,,,,,,,,,,,,,,,,,,,,,,,,,,,,
2017-07-02 18:00:00+00:00,3.2,0.015625,0.2,0.0,0.6350585937500001,0.0,0.6350585937500001,3.6158511513157903,2.9473684210526323,0.015625,0.0,2.5,0.04931640625,0.6350585937500001,0.5,0.0063505859375,0.4931640625,0.1203268914473684,0.9995146484375,1.1198415398848685,0.0,0.0,0.0,0.5063505859375,stochastic,False,6.960100112746264,9.11198604391839,9.155670175359052,6.960100112746264,0.0,7.327471962526033e-14,0.5993820000439882,0.0,True,planned,sampled,2.5,42,planned_48h,summer,0.0,True,2017-07-02 18:00:00+00:00,2017-07-02 18:00:00+00:00,0.0,0.0416852678571428,0.0706263950892857,0.0088588169642857,0.1102120535714285,0.0254603794642857,0.1099330357142857,0.0324662198486698,0.0260602678571428,True,12.0,6.960100112746264,9.155670175359052,0.0,False,,,,,,,,,,,,,,,,,,,,,,,,,,,,,
2017-07-02 19:00:00+00:00,3.2,0.0,0.2,0.0,0.7000000000000001,0.0,0.7000000000000001,2.9473684210526323,2.2105263157894743,0.0,0.0,2.5,0.0,0.7000000000000001,0.5,0.007,0.0,0.1326315789473684,0.507,0.6396315789473684,0.0,0.0,0.0,0.507,stochastic,False,7.496477981556676,9.069986300908525,9.323239364776486,7.496477981556676,0.0,1.1768364061026661e-14,0.3046562001109123,0.0,True,planned,sampled,2.5,42,planned_48h,summer,0.0,True,2017-07-02 19:00:00+00:00,2017-07-02 19:00:00+00:00,0.0,0.0,0.0023425874255952,0.0,0.0250418526785714,0.0,0.0030691964285714,0.006896023988102,0.0,False,12.0,7.496477981556676,9.323239364776486,0.0,False,,,,,,,,,,,,,,,,,,,,,,,,,,,,,
2017-07-02 20:00:00+00:00,3.2,0.0,0.2,0.0,0.7000000000000003,0.0,0.7000000000000003,2.2105263157894743,1.4736842105263162,0.0,0.0,2.5,0.0,0.7000000000000003,0.5,0.007,0.0,0.1326315789473684,0.507,0.6396315789473684,0.0,0.0,0.0,0.507,stochastic,False,6.903569895036869,8.61287610519218,8.957076415793308,6.903569895036869,0.0,1.858513343222512e-13,0.3940285000717267,0.0,True,planned,sampled,2.5,42,planned_48h,summer,0.0,True,2017-07-02 20:00:00+00:00,2017-07-02 20:00:00+00:00,0.0,0.0,0.0,0.0,0.0,0.0,0.0,0.0,0.0,False,12.0,6.903569895036869,8.957076415793308,0.0,False,,,,,,,,,,,,,,,,,,,,,,,,,,,,,
2017-07-02 21:00:00+00:00,3.2,0.0,0.2,0.0,0.7000000000000002,0.0,0.7000000000000002,1.4736842105263162,0.7368421052631581,0.0,0.0,2.5,0.0,0.7000000000000002,0.5,0.007,0.0,0.1326315789473684,0.507,0.6396315789473684,0.0,0.0,0.0,0.507,stochastic,False,6.568170840610132,7.602026422403666,8.402991130713747,6.568170840610132,0.0,4.7441901409063e-14,0.2707783000078052,0.0,True,planned,sampled,2.5,42,planned_48h,summer,0.0,True,2017-07-02 21:00:00+00:00,2017-07-02 21:00:00+00:00,0.0,0.0,0.0,0.0,0.0,0.0,0.0,0.0,0.0,False,12.0,6.568170840610132,8.402991130713747,0.0,False,,,,,,,,,,,,,,,,,,,,,,,,,,,,,
2017-07-02 22:00:00+00:00,3.2,0.0,0.16,0.0,0.7000000000000002,0.0,0.7000000000000001,0.7368421052631581,1.1102230246251563e-16,0.0,0.0,2.5,0.0,0.7000000000000001,0.4,0.007,0.0,0.1326315789473684,0.407,0.5396315789473685,0.0,1.1102230246251563e-16,0.0,0.407,stochastic,False,6.963050105145675,8.926653320018797,9.175788932869894,6.963050105145675,0.0,1.3322676295501878e-14,0.3322471999563277,0.0,True,planned,sampled,2.5,42,planned_48h,summer,0.0,True,2017-07-02 22:00:00+00:00,2017-07-02 22:00:00+00:00,0.0,0.0,0.0,0.0,0.0,0.0,0.0,0.0,0.0,False,12.0,6.963050105145675,9.175788932869894,0.0,False,,,,,,,,,,,,,,,,,,,,,,,,,,,,,
2017-07-02 23:00:00+00:00,2.35,0.0,0.16,0.1499999999999998,0.0,0.1499999999999998,0.0,1.1102230246251563e-16,0.1424999999999999,0.0,0.0,2.5,0.0,0.1499999999999998,0.4,0.0014999999999999,0.0,-0.0256499999999999,0.4015,0.3758500000000001,0.0,0.0,8.326672684688674e-17,0.4015,stochastic,False,7.53672680171007,9.175984476492744,9.175984476492744,7.53672680171007,0.0,7.993605777301127e-15,0.3206858999328688,0.0,True,planned,sampled,2.5,42,planned_48h,summer,0.0,True,2017-07-02 23:00:00+00:00,2017-07-02 23:00:00+00:00,0.0,0.0,0.0,0.0,0.0,0.0,0.0,0.0,0.0,False,12.0,7.53672680171007,9.175984476492744,0.0,False,,,,,,,,,,,,,,,,,,,,,,,,,,,,,
2017-07-01 00:00:00+00:00,2.35,0.0,0.16,0.1499999999999999,0.0,0.1499999999999999,0.0,4.0,4.1425,0.0,0.0,2.5,0.0,0.1499999999999999,0.4,0.0014999999999999,0.0,-0.02565,0.4015,0.37585,0.0,0.0,0.0,0.4015,cvar_0.5,False,7.947273421282085,9.972298007463728,9.972298007463726,8.959785714372906,0.0,2.5979218776228663e-14,0.2582583000184968,0.0,True,planned,sampled,2.5,42,planned_48h,summer,0.5,True,2017-07-01 00:00:00+00:00,2017-07-01 00:00:00+00:00,0.0,0.0,0.0,0.0,0.0,0.0,0.0,0.0,0.0,False,12.0,7.947273421282085,9.972298007463726,0.0,False,,,,,,,,,,,,,,,,,,,,,,,,,,,,,
2017-07-01 01:00:00+00:00,2.35,0.0,0.16,0.0,0.0,0.0,0.0,4.1425,4.1425,0.0,0.0,2.35,0.0,0.0,0.376,0.0,0.0,-0.0,0.376,0.376,0.0,0.0,0.0,0.376,cvar_0.5,False,7.833645083774958,9.556108512137277,9.705273720935638,8.769459402355299,0.0,1.0658141036401504e-14,0.194403399946168,0.0,True,planned,sampled,2.5,42,planned_48h,summer,0.5,True,2017-07-01 01:00:00+00:00,2017-07-01 01:00:00+00:00,0.0,0.0,0.0,0.0,0.0,0.0,0.0,0.0,0.0,False,12.0,7.833645083774958,9.705273720935638,0.0,False,,,,,,,,,,,,,,,,,,,,,,,,,,,,,
2017-07-01 02:00:00+00:00,2.35,0.0,0.16,0.0,0.0,0.0,0.0,4.1425,4.1425,0.0,0.0,2.35,0.0,0.0,0.376,0.0,0.0,-0.0,0.376,0.376,0.0,0.0,0.0,0.376,cvar_0.5,False,7.787373443923266,9.80416902921108,10.24193709196859,9.014655267945928,0.0,8.881784197001252e-16,0.235966800013557,0.0,True,planned,sampled,2.5,42,planned_48h,summer,0.5,True,2017-07-01 02:00:00+00:00,2017-07-01 02:00:00+00:00,0.0,0.0,0.0,0.0,0.0,0.0,0.0,0.0,0.0,False,12.0,7.787373443923266,10.24193709196859,0.0,False,,,,,,,,,,,,,,,,,,,,,,,,,,,,,
2017-07-01 03:00:00+00:00,2.35,0.0,0.16,0.1499999999999999,0.0,0.1499999999999999,0.0,4.1425,4.285,0.0,0.0,2.5,0.0,0.1499999999999999,0.4,0.0014999999999999,0.0,-0.02565,0.4015,0.37585,0.0,0.0,0.0,0.4015,cvar_0.5,False,7.824480572579369,8.900235877511163,9.44673078136626,8.635605676972814,0.0,4.329869796038111e-14,0.2370950999902561,0.0,True,planned,sampled,2.5,42,planned_48h,summer,0.5,True,2017-07-01 03:00:00+00:00,2017-07-01 03:00:00+00:00,0.0,0.0,0.0003778366815476,0.0,0.0045340401785714,0.0,0.0,0.0012531425047264,0.0,False,12.0,7.824480572579369,9.44673078136626,0.0,False,,,,,,,,,,,,,,,,,,,,,,,,,,,,,
2017-07-01 04:00:00+00:00,2.35,0.10546875,0.16,0.0,0.0,0.0,0.0,4.285,4.285,0.10546875,0.0,2.24453125,0.0,0.0,0.359125,0.0,0.0,-0.0,0.359125,0.359125,0.0,0.0,0.0,0.359125,cvar_0.5,False,8.408497757510231,9.972666593191969,10.270083681291853,9.339290719401042,0.0,4.329869796038111e-14,0.3021788999903947,0.0,True,planned,sampled,2.5,42,planned_48h,summer,0.5,True,2017-07-01 04:00:00+00:00,2017-07-01 04:00:00+00:00,0.0,0.0220563616071428,0.02490234375,0.0,0.0740094866071428,0.0032784598214285,0.0656389508928571,0.0239419264353573,-0.0834123883928571,True,12.0,8.408497757510231,10.270083681291853,0.0,False,,,,,,,,,,,,,,,,,,,,,,,,,,,,,
2017-07-01 05:00:00+00:00,2.35,0.25,0.16,0.1360843515037598,0.0,0.1360843515037598,0.0,4.285,4.414280133928572,0.25,0.0,2.23608435150376,0.0,0.1360843515037598,0.3577734962406015,0.0013608435150375,0.0,-0.0232704241071429,0.3591343397556392,0.3358639156484962,0.0,0.0,-1.1102230246251563e-16,0.3591343397556392,cvar_0.5,False,8.200162568040689,10.256601083617246,10.313843825277717,9.257003196659202,0.0,3.552713678800501e-15,0.1988161000190302,0.0,True,planned,sampled,2.5,42,planned_48h,summer,0.5,True,2017-07-01 05:00:00+00:00,2017-07-01 05:00:00+00:00,0.0,0.1059105282738095,0.1257672991071428,0.0170200892857142,0.2432338169642857,0.0230887276785714,0.2432338169642857,0.0921826556954103,-0.1440894717261904,True,12.0,8.200162568040689,10.313843825277717,0.0,False,,,,,,,,,,,,,,,,,,,,,,,,,,,,,
2017-07-01 06:00:00+00:00,2.8000000000000003,0.3798828125,0.16,0.0,0.2677036830357147,0.0,0.2677036830357147,4.414280133928572,4.132486783364662,0.3798828125,0.0,2.1524135044642856,0.0,0.2677036830357147,0.3443861607142857,0.0026770368303571,0.0,0.0507228031015037,0.3470631975446428,0.3977860006461466,0.0,0.0,0.0,0.3470631975446428,cvar_0.5,False,7.688991118656428,9.731145086123256,10.15236537374438,8.920678246200405,0.0,3.552713678800501e-15,0.2182661000406369,0.0,True,planned,sampled,2.5,42,planned_48h,summer,0.5,True,2017-07-01 06:00:00+00:00,2017-07-01 06:00:00+00:00,0.0,0.2635184151785714,0.2595738002232143,0.0322963169642857,0.4582170758928572,0.091796875,0.4582170758928572,0.129565010679347,-0.1163643973214285,True,12.0,7.688991118656428,10.15236537374438,0.0,False,,,,,,,,,,,,,,,,,,,,,,,,,,,,,
2017-07-01 07:00:00+00:00,2.8000000000000003,1.0400390625,0.16,0.0,0.032212611607143,0.0,0.032212611607143,4.132486783364662,4.098578771146617,1.0400390625,0.0,1.7277483258928572,0.0,0.032212611607143,0.2764397321428571,0.0003221261160714,0.0,0.0061034421992481,0.2767618582589286,0.2828653004581767,0.0,0.0,0.0,0.2767618582589286,cvar_0.5,False,7.580638379770508,9.7118613427071,9.7118613427071,8.646249861238804,0.0,1.7763568394002505e-15,0.3672878999495879,0.0,True,planned,sampled,2.5,42,planned_48h,summer,0.5,True,2017-07-01 07:00:00+00:00,2017-07-01 07:00:00+00:00,0.0,0.680830310639881,0.7401820591517859,0.2677873883928572,0.9568219866071428,0.2677873883928572,0.9568219866071428,0.2410700007889194,-0.359208751860119,True,12.0,7.580638379770508,9.7118613427071,0.0,False,,,,,,,,,,,,,,,,,,,,,,,,,,,,,
2017-07-01 08:00:00+00:00,2.8000000000000003,1.349609375,0.175,0.0,0.095270647321429,0.0,0.095270647321429,4.098578771146617,3.998293879229323,1.349609375,0.0,1.3551199776785712,0.0,0.095270647321429,0.2371459960937499,0.0009527064732142,0.0,0.0180512805451128,0.2380987025669642,0.2561499831120771,0.0,0.0,0.0,0.2380987025669642,cvar_0.5,False,7.44138917569648,8.251665143926715,8.832360673955336,8.136874924825907,0.0,1.7763568394002505e-15,0.326285499962978,0.0,True,planned,sampled,2.5,42,planned_48h,summer,0.5,True,2017-07-01 08:00:00+00:00,2017-07-01 08:00:00+00:00,0.0,1.2855236235119047,1.4206310453869044,0.2047293526785714,1.9150390625,0.8849051339285714,1.7132393973214284,0.4422847516547554,-0.0640857514880952,True,12.0,7.44138917569648,8.832360673955336,0.0,False,,,,,,,,,,,,,,,,,,,,,,,,,,,,,
2017-07-01 09:00:00+00:00,2.35,2.46484375,0.175,0.0,0.0,0.0,0.0,3.998293879229323,3.998293879229323,2.35,0.1148437499999999,0.0,0.0,0.0,0.0,0.0,0.0,-0.0,0.0,0.0,0.0,0.0,0.0,0.0,cvar_0.5,False,8.133320633900434,9.675413033624874,9.850282686524386,8.99180166021241,0.0,3.7470027081099025e-15,0.2229416000191122,0.0,True,planned,sampled,2.5,42,planned_48h,summer,0.5,True,2017-07-01 09:00:00+00:00,2017-07-01 09:00:00+00:00,0.0,1.7745779854910713,1.5163399832589282,0.1629464285714283,2.3748604910714284,0.7170758928571428,2.260184151785714,0.7106312887727518,-0.6902657645089287,True,12.0,8.133320633900434,9.850282686524386,0.0,False,,,,,,,,,,,,,,,,,,,,,,,,,,,,,
2017-07-01 10:00:00+00:00,2.35,2.25,0.175,0.4778459821428575,0.0,0.4778459821428575,0.0,3.998293879229323,4.452247562265038,2.25,0.0,0.5778459821428577,0.0,0.4778459821428575,0.101123046875,0.0047784598214285,0.0,-0.0817116629464286,0.1059015066964286,0.0241898437499999,0.0,0.0,0.0,0.1059015066964286,cvar_0.5,False,7.671841300018935,8.570058546592314,9.424940914698247,8.548391107358592,0.0,1.0658141036401504e-14,0.3108427000697702,0.0,True,planned,sampled,2.5,42,planned_48h,summer,0.5,True,2017-07-01 10:00:00+00:00,2017-07-01 10:00:00+00:00,0.0,2.1643543061755954,2.5856294177827386,1.0055106026785716,3.513532366071429,1.7607421875,3.343819754464286,0.6829395045124804,-0.0856456938244045,True,12.0,7.671841300018935,9.424940914698247,0.0,False,,,,,,,,,,,,,,,,,,,,,,,,,,,,,
2017-07-01 11:00:00+00:00,2.35,2.490234375,0.175,1.0180245535714283,0.0,1.0180245535714283,0.0,4.452247562265038,5.419370888157895,2.490234375,0.0,0.8777901785714284,0.0,1.0180245535714283,0.1536132812499999,0.0101802455357142,0.0,-0.1740821986607142,0.1637935267857142,-0.0102886718749999,0.0,0.0,0.0,0.1637935267857142,cvar_0.5,False,7.872170344633136,9.615248117021071,9.628470870152272,8.750320607392704,0.0,1.2656542480726783e-14,0.2779142999788746,0.0,True,planned,sampled,2.5,42,planned_48h,summer,0.5,True,2017-07-01 11:00:00+00:00,2017-07-01 11:00:00+00:00,0.0,2.357924107142857,2.4537295386904763,1.0777064732142856,3.8646763392857135,1.2041015625,3.52490234375,0.9995981037852808,-0.132310267857143,True,12.0,7.872170344633136,9.628470870152272,0.0,False,,,,,,,,,,,,,,,,,,,,,,,,,,,,,
2017-07-01 12:00:00+00:00,2.35,3.53515625,0.175,0.2779994419642859,0.0,0.2779994419642859,0.0,5.419370888157895,5.683470358023966,2.627999441964286,0.907156808035714,0.0,0.0,0.2779994419642859,0.0,0.0027799944196428,0.0,-0.0475379045758928,0.0027799944196428,-0.0447579101562499,0.0,0.0,0.0,0.0027799944196428,cvar_0.5,False,7.707244943197026,8.367358234104554,10.06146239087914,8.884353667038082,0.0,2.664535259100376e-15,0.1918303000275045,0.0,True,planned,sampled,2.5,42,planned_48h,summer,0.5,True,2017-07-01 12:00:00+00:00,2017-07-01 12:00:00+00:00,0.0,2.359293619791667,2.138387044270833,0.127999441964286,3.1530412946428577,0.83056640625,3.1530412946428577,0.9982284219525211,-1.175862630208333,True,12.0,7.707244943197026,10.06146239087914,0.0,False,,,,,,,,,,,,,,,,,,,,,,,,,,,,,
2017-07-01 13:00:00+00:00,2.35,3.125,0.175,0.4325753348214278,0.0,0.4325753348214278,0.0,5.683470358023966,6.094416926104322,2.782575334821428,0.342424665178572,0.0,0.0,0.4325753348214278,0.0,0.0043257533482142,0.0,-0.0739703822544641,0.0043257533482142,-0.0696446289062498,0.0,0.0,0.0,0.0043257533482142,cvar_0.5,False,7.681027876431399,9.819730228537656,10.301463920678168,8.991245898554784,0.0,5.3290705182007506e-15,0.2586887000361457,0.0,True,planned,sampled,2.5,42,planned_48h,summer,0.5,True,2017-07-01 13:00:00+00:00,2017-07-01 13:00:00+00:00,0.0,2.344811430431548,2.5739571707589284,0.2825753348214279,3.676199776785714,0.7726004464285712,3.349609375,0.9655823795131496,-0.7801885695684527,True,12.0,7.681027876431399,10.301463920678168,0.0,False,,,,,,,,,,,,,,,,,,,,,,,,,,,,,
2017-07-01 14:00:00+00:00,2.35,1.7802734375,0.175,0.1145647321428571,0.0,0.1145647321428571,0.0,6.094416926104322,6.203253421640036,1.7802734375,0.0,0.6842912946428572,0.0,0.1145647321428571,0.1197509765625,0.0011456473214285,0.0,-0.0195905691964285,0.1208966238839285,0.1013060546875,0.0,0.0,0.0,0.1208966238839285,cvar_0.5,False,7.2357991741673136,7.577104983197743,9.042184763846468,8.138991969006891,0.0,1.2656542480726783e-14,0.2291542999446392,0.0,True,planned,sampled,2.5,42,planned_48h,summer,0.5,True,2017-07-01 14:00:00+00:00,2017-07-01 14:00:00+00:00,0.0,1.804375930059524,1.558140345982143,0.2200753348214288,2.981794084821429,0.3968331473214286,2.464564732142857,0.95202722927416,0.0241024925595239,True,12.0,7.2357991741673136,9.042184763846468,0.0,False,,,,,,,,,,,,,,,,,,,,,,,,,,,,,
2017-07-01 15:00:00+00:00,2.35,1.099609375,0.175,0.0,0.0,0.0,0.0,6.203253421640036,6.203253421640036,1.099609375,0.0,1.250390625,0.0,0.0,0.218818359375,0.0,0.0,-0.0,0.218818359375,0.218818359375,0.0,0.0,0.0,0.218818359375,cvar_0.5,False,7.775311943612288,9.573523726956555,9.674991492949498,8.725151718280893,0.0,1.2656542480726783e-14,0.251894999993965,0.0,True,planned,sampled,2.5,42,planned_48h,summer,0.5,True,2017-07-01 15:00:00+00:00,2017-07-01 15:00:00+00:00,0.0,1.272573707217262,1.3426048642113095,0.1588309151785716,2.369001116071429,0.2750418526785716,2.1452985491071432,0.7740328142370898,0.172964332217262,True,12.0,7.775311943612288,9.674991492949498,0.0,False,,,,,,,,,,,,,,,,,,,,,,,,,,,,,
2017-07-01 16:00:00+00:00,2.35,0.775390625,0.175,0.0,0.0,0.0,0.0,6.203253421640036,6.203253421640036,0.775390625,0.0,1.574609375,0.0,0.0,0.275556640625,0.0,0.0,-0.0,0.275556640625,0.275556640625,0.0,0.0,0.0,0.275556640625,cvar_0.5,False,8.317929008399501,9.677832354849528,9.731239321566452,9.024584164982976,0.0,7.327471962526033e-15,0.3326779999770224,0.0,True,planned,sampled,2.5,42,planned_48h,summer,0.5,True,2017-07-01 16:00:00+00:00,2017-07-01 16:00:00+00:00,0.0,0.7651774088541667,0.6583310081845238,0.0174386160714286,1.6739676339285714,0.0174386160714286,1.2769252232142858,0.5045634571575192,-0.0102132161458332,True,12.0,8.317929008399501,9.731239321566452,0.0,False,,,,,,,,,,,,,,,,,,,,,,,,,,,,,
2017-07-01 17:00:00+00:00,3.2,0.57421875,0.2,0.0,2.390778459821429,0.0,2.390778459821429,6.203253421640036,3.686644516564847,0.57421875,0.0,0.2350027901785711,0.0,2.390778459821429,0.0470005580357142,0.0239077845982142,0.0,0.4529896029135339,0.0709083426339285,0.5238979455474625,0.0,0.0,0.0,0.0709083426339285,cvar_0.5,False,8.67170495347051,9.815579975977546,10.082041896974696,9.376873425222602,0.0,1.7763568394002505e-15,0.2533706999383867,0.0,True,planned,sampled,2.5,42,planned_48h,summer,0.5,True,2017-07-01 17:00:00+00:00,2017-07-01 17:00:00+00:00,0.0,0.3129138764880952,0.4079182942708332,0.1593889508928571,0.8092215401785714,0.1951729910714285,0.60205078125,0.2033455347843694,-0.2613048735119048,True,12.0,8.67170495347051,10.082041896974696,0.0,False,,,,,,,,,,,,,,,,,,,,,,,,,,,,,
2017-07-01 18:00:00+00:00,3.2,0.0751953125,0.2,0.0,0.7023122907366042,0.0,0.7023122907366042,3.686644516564847,2.9473684210526323,0.0751953125,0.0,2.422492396763396,0.0,0.7023122907366042,0.4844984793526792,0.007023122907366,0.0,0.1330696971921986,0.4915216022600452,0.6245912994522439,0.0,0.0,0.0,0.4915216022600452,cvar_0.5,False,8.323559532232583,9.80909101147033,10.077563324276475,9.20056142825453,0.0,7.993605777301127e-15,0.2539361000526696,0.0,True,planned,sampled,2.5,42,planned_48h,summer,0.5,True,2017-07-01 18:00:00+00:00,2017-07-01 18:00:00+00:00,0.0,0.0406389508928571,0.0664876302083333,0.0,0.1323939732142857,0.0348772321428571,0.10888671875,0.0352513053519713,-0.0345563616071428,True,12.0,8.323559532232583,10.077563324276475,0.0,False,,,,,,,,,,,,,,,,,,,,,,,,,,,,,
2017-07-01 19:00:00+00:00,3.2,0.0,0.2,0.0,0.7000000000000002,0.0,0.7000000000000002,2.9473684210526323,2.2105263157894743,0.0,0.0,2.5,0.0,0.7000000000000002,0.5,0.007,0.0,0.1326315789473684,0.507,0.6396315789473684,0.0,0.0,0.0,0.507,cvar_0.5,False,8.064795512239304,9.648265039526242,10.07876761673793,9.071781564488616,0.0,2.664535259100376e-15,0.3529123000334948,0.0,True,planned,sampled,2.5,42,planned_48h,summer,0.5,True,2017-07-01 19:00:00+00:00,2017-07-01 19:00:00+00:00,0.0,0.0,0.0010695684523809,0.0,0.0048828125,0.0,0.0048828125,0.001901226850517,0.0,False,12.0,8.064795512239304,10.07876761673793,0.0,False,,,,,,,,,,,,,,,,,,,,,,,,,,,,,
2017-07-01 20:00:00+00:00,3.2,0.0,0.2,0.0,0.7000000000000002,0.0,0.7000000000000002,2.2105263157894743,1.4736842105263164,0.0,0.0,2.5,0.0,0.7000000000000002,0.5,0.007,0.0,0.1326315789473684,0.507,0.6396315789473684,0.0,0.0,0.0,0.507,cvar_0.5,False,7.852852674084488,9.659437679699868,9.801475379733516,8.827164026909003,0.0,1.915134717478395e-15,0.3422998999012634,0.0,True,planned,sampled,2.5,42,planned_48h,summer,0.5,True,2017-07-01 20:00:00+00:00,2017-07-01 20:00:00+00:00,0.0,0.0,0.0,0.0,0.0,0.0,0.0,0.0,0.0,False,12.0,7.852852674084488,9.801475379733516,0.0,False,,,,,,,,,,,,,,,,,,,,,,,,,,,,,
2017-07-01 21:00:00+00:00,3.2,0.0,0.2,0.0,0.7000000000000002,0.0,0.7000000000000002,1.4736842105263164,0.7368421052631583,0.0,0.0,2.5,0.0,0.7000000000000002,0.5,0.007,0.0,0.1326315789473684,0.507,0.6396315789473684,0.0,0.0,0.0,0.507,cvar_0.5,False,7.878626280370324,9.413978761794494,10.01621359129346,8.947419935831892,0.0,3.552713678800501e-15,0.3248398000141606,0.0,True,planned,sampled,2.5,42,planned_48h,summer,0.5,True,2017-07-01 21:00:00+00:00,2017-07-01 21:00:00+00:00,0.0,0.0,0.0,0.0,0.0,0.0,0.0,0.0,0.0,False,12.0,7.878626280370324,10.01621359129346,0.0,False,,,,,,,,,,,,,,,,,,,,,,,,,,,,,
2017-07-01 22:00:00+00:00,3.2,0.0,0.16,0.0,0.7000000000000002,0.0,0.7000000000000002,0.7368421052631583,2.220446049250313e-16,0.0,0.0,2.5,0.0,0.7000000000000002,0.4,0.007,0.0,0.1326315789473684,0.407,0.5396315789473685,0.0,0.0,0.0,0.407,cvar_0.5,False,7.355573686359757,8.764468725653568,9.917010856738113,8.636292271548935,0.0,1.0658141036401504e-14,0.2554426999995485,0.0,True,planned,sampled,2.5,42,planned_48h,summer,0.5,True,2017-07-01 22:00:00+00:00,2017-07-01 22:00:00+00:00,0.0,0.0,0.0,0.0,0.0,0.0,0.0,0.0,0.0,False,12.0,7.355573686359757,9.917010856738113,0.0,False,,,,,,,,,,,,,,,,,,,,,,,,,,,,,
2017-07-01 23:00:00+00:00,2.35,0.0,0.16,0.1500000000000001,0.0,0.1499999999999999,0.0,2.220446049250313e-16,0.1425000000000001,0.0,0.0,2.5,0.0,0.1499999999999999,0.4,0.0014999999999999,0.0,-0.0256499999999999,0.4015,0.37585,2.220446049250313e-16,0.0,0.0,0.4015,cvar_0.5,False,8.605717032253322,10.158378008716792,10.199857228778152,9.402787130515735,0.0,1.7763568394002505e-15,0.3667028999188915,0.0,True,planned,sampled,2.5,42,planned_48h,summer,0.5,True,2017-07-01 23:00:00+00:00,2017-07-01 23:00:00+00:00,0.0,0.0,0.0,0.0,0.0,0.0,0.0,0.0,0.0,False,12.0,8.605717032253322,10.199857228778152,0.0,False,,,,,,,,,,,,,,,,,,,,,,,,,,,,,
2017-07-02 00:00:00+00:00,2.35,0.0,0.16,0.1499999999999999,0.0,0.1499999999999999,0.0,0.1425000000000001,0.285,0.0,0.0,2.5,0.0,0.1499999999999999,0.4,0.0014999999999999,0.0,-0.0256499999999999,0.4015,0.37585,0.0,0.0,0.0,0.4015,cvar_0.5,False,8.339788965612467,9.692013856985186,9.692013856985186,9.015901411298827,0.0,5.773159728050814e-15,0.412071599974297,0.0,True,planned,sampled,2.5,42,planned_48h,summer,0.5,True,2017-07-02 00:00:00+00:00,2017-07-02 00:00:00+00:00,0.0,0.0,0.0,0.0,0.0,0.0,0.0,0.0,0.0,False,12.0,8.339788965612467,9.692013856985186,0.0,False,,,,,,,,,,,,,,,,,,,,,,,,,,,,,
2017-07-02 01:00:00+00:00,2.35,0.0,0.16,0.1499999999999999,0.0,0.1499999999999999,0.0,0.285,0.4274999999999999,0.0,0.0,2.5,0.0,0.1499999999999999,0.4,0.0014999999999999,0.0,-0.0256499999999999,0.4015,0.37585,0.0,0.0,0.0,0.4015,cvar_0.5,False,7.995324617466968,9.651763856985182,9.793801557018831,8.8945630872429,0.0,4.0634162701280736e-14,0.3716573000419885,0.0,True,planned,sampled,2.5,42,planned_48h,summer,0.5,True,2017-07-02 01:00:00+00:00,2017-07-02 01:00:00+00:00,0.0,0.0,0.0,0.0,0.0,0.0,0.0,0.0,0.0,False,12.0,7.995324617466968,9.793801557018831,0.0,False,,,,,,,,,,,,,,,,,,,,,,,,,,,,,
2017-07-02 02:00:00+00:00,2.35,0.0,0.16,0.1499999999999999,0.0,0.1499999999999999,0.0,0.4274999999999999,0.5699999999999998,0.0,0.0,2.5,0.0,0.1499999999999999,0.4,0.0014999999999999,0.0,-0.0256499999999999,0.4015,0.37585,0.0,0.0,0.0,0.4015,cvar_0.5,False,7.541571680145607,8.694827451415339,8.736850844698866,8.139211262422236,0.0,2.220446049250313e-15,0.3263341999845579,0.0,True,planned,sampled,2.5,42,planned_48h,summer,0.5,True,2017-07-02 02:00:00+00:00,2017-07-02 02:00:00+00:00,0.0,0.0,0.0,0.0,0.0,0.0,0.0,0.0,0.0,False,12.0,7.541571680145607,8.736850844698866,0.0,False,,,,,,,,,,,,,,,,,,,,,,,,,,,,,
2017-07-02 03:00:00+00:00,2.35,0.0,0.16,0.1499999999999999,0.0,0.1499999999999999,0.0,0.5699999999999998,0.7124999999999997,0.0,0.0,2.5,0.0,0.1499999999999999,0.4,0.0014999999999999,0.0,-0.0256499999999999,0.4015,0.3758500000000001,0.0,0.0,0.0,0.4015,cvar_0.5,False,8.175902099961771,10.037628008716796,10.079107228778152,9.127504664369962,0.0,2.220446049250313e-15,0.3906828999752179,0.0,True,planned,sampled,2.5,42,planned_48h,summer,0.5,True,2017-07-02 03:00:00+00:00,2017-07-02 03:00:00+00:00,0.0,0.0,0.0007556733630952,0.0,0.0045340401785714,0.0,0.0045340401785714,0.0016897370086668,0.0,False,12.0,8.175902099961771,10.079107228778152,0.0,False,,,,,,,,,,,,,,,,,,,,,,,,,,,,,
2017-07-02 04:00:00+00:00,2.35,0.009765625,0.16,0.1531389508928571,0.0,0.1531389508928571,0.0,0.7124999999999997,0.857982003348214,0.009765625,0.0,2.493373325892857,0.0,0.1531389508928571,0.3989397321428571,0.0015313895089285,0.0,-0.0261867606026785,0.4004711216517857,0.3742843610491072,0.0,0.0,0.0,0.4004711216517857,cvar_0.5,False,7.0967058323649495,7.724381105158042,9.618965462104326,8.357835647234637,0.0,1.199040866595169e-14,0.2534083999926224,0.0,True,planned,sampled,2.5,42,planned_48h,summer,0.5,True,2017-07-02 04:00:00+00:00,2017-07-02 04:00:00+00:00,0.0,0.0270786830357142,0.0479910714285714,0.0031389508928571,0.0788225446428571,0.0126953125,0.0788225446428571,0.0260330912685124,0.0173130580357142,True,12.0,7.0967058323649495,9.618965462104326,0.0,False,,,,,,,,,,,,,,,,,,,,,,,,,,,,,
2017-07-02 05:00:00+00:00,2.35,0.060546875,0.16,0.1827845982142855,0.0,0.1827845982142855,0.0,0.857982003348214,1.0316273716517852,0.060546875,0.0,2.4722377232142856,0.0,0.1827845982142855,0.3955580357142857,0.0018278459821428,0.0,-0.0312561662946428,0.3973858816964286,0.3661297154017857,0.0,0.0,0.0,0.3973858816964286,cvar_0.5,False,7.620862082371902,9.413044791962944,9.413044791962944,8.516953437167423,0.0,6.217248937900877e-15,0.2874657000647858,0.0,True,planned,sampled,2.5,42,planned_48h,summer,0.5,True,2017-07-02 05:00:00+00:00,2017-07-02 05:00:00+00:00,0.0,0.1216750372023809,0.1233433314732143,0.0327845982142857,0.3074776785714286,0.0505719866071428,0.3074776785714286,0.0886664400587429,0.0611281622023809,True,12.0,7.620862082371902,9.413044791962944,0.0,False,,,,,,,,,,,,,,,,,,,,,,,,,,,,,
2017-07-02 06:00:00+00:00,2.8000000000000003,0.1396484375,0.16,0.0,0.2420340401785718,0.0,0.2420340401785718,1.0316273716517852,0.7768546977796043,0.1396484375,0.0,2.4183175223214284,0.0,0.2420340401785718,0.3869308035714285,0.0024203404017857,0.0,0.0458590812969925,0.3893511439732143,0.4352102252702068,0.0,0.0,0.0,0.3893511439732143,cvar_0.5,False,7.463841699215181,8.233933477589172,9.623588723797956,8.54371521150657,0.0,3.108624468950439e-15,0.4455414999974891,0.0,True,planned,sampled,2.5,42,planned_48h,summer,0.5,True,2017-07-02 06:00:00+00:00,2017-07-02 06:00:00+00:00,0.0,0.2891880580357142,0.3016531808035714,0.0579659598214284,0.48388671875,0.1030273437499999,0.4704938616071428,0.1369453902013488,0.1495396205357142,True,12.0,7.463841699215181,9.623588723797956,0.0,False,,,,,,,,,,,,,,,,,,,,,,,,,,,,,
2017-07-02 07:00:00+00:00,2.8000000000000003,0.4599609375,0.16,0.0736746651785709,0.0,0.0736746651785709,0.0,0.7768546977796043,0.8468456296992466,0.4599609375,0.0,2.413713727678571,0.0,0.0736746651785709,0.3861941964285714,0.0007367466517857,0.0,-0.0125983677455356,0.3869309430803571,0.3743325753348214,0.0,0.0,0.0,0.3869309430803571,cvar_0.5,False,7.571395958893007,9.809136054465936,9.809136054465936,8.69026600667947,0.0,7.993605777301127e-15,0.3295804000226781,0.0,True,planned,sampled,2.5,42,planned_48h,summer,0.5,True,2017-07-02 07:00:00+00:00,2017-07-02 07:00:00+00:00,0.0,0.7544212704613096,0.7754196893601191,0.3736746651785714,1.1260463169642858,0.3736746651785714,0.96630859375,0.2331806823573329,0.2944603329613096,True,12.0,7.571395958893007,9.809136054465936,0.0,False,,,,,,,,,,,,,,,,,,,,,,,,,,,,,
2017-07-02 08:00:00+00:00,2.8000000000000003,0.560546875,0.175,0.0,0.0113560267857146,0.0,0.0113560267857146,0.8468456296992466,0.8348919172932311,0.560546875,0.0,2.2280970982142856,0.0,0.0113560267857146,0.3899169921875,0.0001135602678571,0.0,0.0021516682330827,0.3900305524553571,0.3921822206884399,0.0,0.0,0.0,0.3900305524553571,cvar_0.5,False,7.599367324259839,9.257493878733378,9.7788316191791,8.68909947171947,0.0,3.3306690738754696e-15,0.339471900020726,0.0,True,planned,sampled,2.5,42,planned_48h,summer,0.5,True,2017-07-02 08:00:00+00:00,2017-07-02 08:00:00+00:00,0.0,1.3694382440476192,1.1286621093750002,0.2886439732142858,1.9989536830357144,0.46875,1.7360491071428572,0.5636475071825066,0.8088913690476192,True,12.0,7.599367324259839,9.7788316191791,0.0,False,,,,,,,,,,,,,,,,,,,,,,,,,,,,,
2017-07-02 09:00:00+00:00,2.35,0.3095703125,0.175,0.2950195312499999,0.0,0.2950195312499999,0.0,0.8348919172932311,1.1151604719807309,0.3095703125,0.0,2.33544921875,0.0,0.2950195312499999,0.40870361328125,0.0029501953124999,0.0,-0.0504483398437499,0.41165380859375,0.36120546875,0.0,0.0,0.0,0.41165380859375,cvar_0.5,False,7.119015375306473,7.686500039894661,7.825996909010938,7.472506142158705,0.0,3.552713678800501e-15,0.3640885999193415,0.0,True,planned,sampled,2.5,42,planned_48h,summer,0.5,True,2017-07-02 09:00:00+00:00,2017-07-02 09:00:00+00:00,0.0,1.9163190569196429,2.087832496279762,1.3221261160714288,2.64501953125,1.3776506696428572,2.5166015625,0.4160152837064293,1.6067487444196429,True,12.0,7.119015375306473,7.825996909010938,0.0,False,,,,,,,,,,,,,,,,,,,,,,,,,,,,,
2017-07-02 10:00:00+00:00,2.35,0.4951171875,0.175,0.6553013392857143,0.0,0.6451171874999999,0.0,1.1151604719807309,1.7280218001057308,0.4951171875,0.0,2.5,0.0,0.6451171874999999,0.4375,0.0064511718749999,0.0,-0.1103150390624999,0.443951171875,0.3336361328125,0.0101841517857144,0.0,0.0,0.443951171875,cvar_0.5,False,7.560706199058818,9.091195287354903,9.715898924274091,8.638302561666455,0.0,2.375877272697836e-14,0.2811784000368789,0.0,True,planned,sampled,2.5,42,planned_48h,summer,0.5,True,2017-07-02 10:00:00+00:00,2017-07-02 10:00:00+00:00,0.0,2.252942475818452,2.308558872767857,0.5053013392857144,3.6021205357142856,0.5053013392857144,3.432407924107143,1.0759515799065578,1.7578252883184522,True,12.0,7.560706199058818,9.715898924274091,0.0,False,,,,,,,,,,,,,,,,,,,,,,,,,,,,,
2017-07-02 11:00:00+00:00,2.35,0.5947265625,0.175,1.1826450892857143,0.0,0.7447265624999999,0.0,1.7280218001057308,2.435512034480731,0.5947265625,0.0,2.5,0.0,0.7447265624999999,0.4375,0.0074472656249999,0.0,-0.1273482421875,0.444947265625,0.3175990234375,0.4379185267857144,0.0,0.0,0.444947265625,cvar_0.5,False,7.141136090734232,7.89255207923695,9.109889051707276,8.125512571220753,0.0,3.996802888650564e-15,0.3593803999247029,0.0,True,planned,sampled,2.5,42,planned_48h,summer,0.5,True,2017-07-02 11:00:00+00:00,2017-07-02 11:00:00+00:00,0.0,2.441838727678572,2.635021391369048,1.0326450892857144,3.948590959821429,1.2880161830357144,3.6088169642857135,0.9628982605053072,1.847112165178572,True,12.0,7.141136090734232,9.109889051707276,0.0,False,,,,,,,,,,,,,,,,,,,,,,,,,,,,,
2017-07-02 12:00:00+00:00,2.35,0.515625,0.175,1.567550223214286,0.0,0.6656249999999999,0.0,2.435512034480731,3.067855784480731,0.515625,0.0,2.5,0.0,0.6656249999999999,0.4375,0.0066562499999999,0.0,-0.1138218749999999,0.44415625,0.3303343749999999,0.901925223214286,0.0,0.0,0.44415625,cvar_0.5,False,7.470078993413561,8.588185801063364,9.060393149745552,8.265236071579556,0.0,2.664535259100376e-15,0.3219958000117913,0.0,True,planned,sampled,2.5,42,planned_48h,summer,0.5,True,2017-07-02 12:00:00+00:00,2017-07-02 12:00:00+00:00,0.0,2.535423642113096,2.8890206473214284,1.417550223214286,4.074776785714286,1.5525948660714284,3.463099888392857,0.7803780289284872,2.019798642113096,True,12.0,7.470078993413561,9.060393149745552,0.0,False,,,,,,,,,,,,,,,,,,,,,,,,,,,,,
2017-07-02 13:00:00+00:00,2.35,0.5947265625,0.175,1.0858863724896153,0.0,0.7447265624999999,0.0,3.067855784480731,3.77534601885573,0.5947265625,0.0,2.5,0.0,0.7447265624999999,0.4375,0.0074472656249999,0.0,-0.1273482421874999,0.444947265625,0.3175990234375,0.3411598099896153,0.0,0.0,0.444947265625,cvar_0.5,False,7.268697874807548,8.940195919112648,8.940195919112648,8.104446896960098,0.0,7.7937656328686e-14,0.4417704000370577,0.0,True,planned,sampled,2.5,42,planned_48h,summer,0.5,True,2017-07-02 13:00:00+00:00,2017-07-02 13:00:00+00:00,0.0,2.4962483723958333,2.712268647693453,1.3195452008928572,3.82763671875,1.3195452008928572,3.272112165178572,0.7204646224523468,1.9015218098958333,True,12.0,7.268697874807548,8.940195919112648,0.0,False,,,,,,,,,,,,,,,,,,,,,,,,,,,,,
2017-07-02 14:00:00+00:00,2.35,0.2646484375,0.175,0.1499999999999999,0.0,0.1499999999999999,0.0,3.77534601885573,3.91784601885573,0.2646484375,0.0,2.2353515625,0.0,0.1499999999999999,0.3911865234375,0.0014999999999999,0.0,-0.02565,0.3926865234375,0.3670365234375,0.0,0.0,0.0,0.3926865234375,cvar_0.5,False,7.4936334086982415,9.08366508166232,9.119406257840671,8.306519833269457,0.0,3.552713678800501e-15,0.3600513000274077,0.0,True,planned,sampled,2.5,42,planned_48h,summer,0.5,True,2017-07-02 14:00:00+00:00,2017-07-02 14:00:00+00:00,0.0,1.8586449032738093,1.6997128441220235,0.0,2.85302734375,0.0,2.85302734375,1.1203698815384913,1.5939964657738095,True,12.0,7.4936334086982415,9.119406257840671,0.0,False,,,,,,,,,,,,,,,,,,,,,,,,,,,,,
2017-07-02 15:00:00+00:00,2.35,0.46484375,0.175,0.2125053716734305,0.0,0.2125053716734305,0.0,3.91784601885573,4.11972612194549,0.46484375,0.0,2.0976616216734305,0.0,0.2125053716734305,0.3670907837928503,0.0021250537167343,0.0,-0.0363384185561567,0.3692158375095846,0.3328774189534279,0.0,0.0,-1.3877787807814454e-16,0.3692158375095846,cvar_0.5,False,7.361960795272497,8.924792755855254,9.498422671607363,8.43019173343993,0.0,3.552713678800501e-15,0.2945945999817922,0.0,True,planned,sampled,2.5,42,planned_48h,summer,0.5,True,2017-07-02 15:00:00+00:00,2017-07-02 15:00:00+00:00,0.0,1.301870582217262,1.3334786551339286,0.2168666294642858,2.254115513392857,0.3043387276785716,2.254115513392857,0.8293135561267336,0.837026832217262,True,12.0,7.361960795272497,9.498422671607363,0.0,False,,,,,,,,,,,,,,,,,,,,,,,,,,,,,
2017-07-02 16:00:00+00:00,2.35,0.23046875,0.175,0.0074064169469722,0.0,0.0074064169469722,0.0,4.11972612194549,4.126762218045114,0.23046875,0.0,2.126937666946972,0.0,0.0074064169469722,0.3722140917157201,7.406416946972248e-05,0.0,-0.0012664972979322,0.3722881558851898,0.3710216585872575,0.0,0.0,-1.6393136847980827e-16,0.3722881558851898,cvar_0.5,False,7.578462614298885,9.31652198423047,9.607812044606836,8.59313732945286,0.0,3.3306690738754696e-15,0.4922699000453576,0.0,True,planned,sampled,2.5,42,planned_48h,summer,0.5,True,2017-07-02 16:00:00+00:00,2017-07-02 16:00:00+00:00,0.0,0.7669910249255952,1.0011683872767858,0.3572823660714285,1.50537109375,0.5016741071428571,1.4650530133928572,0.4117151539344923,0.5365222749255952,True,12.0,7.578462614298885,9.607812044606836,0.0,False,,,,,,,,,,,,,,,,,,,,,,,,,,,,,
2017-07-02 17:00:00+00:00,3.2,0.1044921875,0.2,0.0,0.4663351424914128,0.0,0.4663351424914128,4.126762218045114,3.635883120685732,0.1044921875,0.0,2.5,0.1291726700085873,0.4663351424914128,0.5,0.0046633514249141,1.2917267000858734,0.0883582375246887,1.7963900515107876,1.8847482890354763,0.0,0.0,0.0,0.5046633514249141,cvar_0.5,False,7.203634956633935,9.203494831806076,9.203494831806076,8.203564894220007,0.0,6.061817714453356e-14,0.5214227000251412,0.0,True,planned,sampled,2.5,42,planned_48h,summer,0.5,True,2017-07-02 17:00:00+00:00,2017-07-02 17:00:00+00:00,0.0,0.3274925595238095,0.4419061569940476,0.1512974330357143,0.7201450892857143,0.1576450892857143,0.6817103794642857,0.2057595640729704,0.2230003720238095,True,12.0,7.203634956633935,9.203494831806076,0.0,False,,,,,,,,,,,,,,,,,,,,,,,,,,,,,
2017-07-02 18:00:00+00:00,3.2,0.015625,0.2,0.0,0.6540889646514446,0.0,0.6540889646514446,3.635883120685732,2.9473684210526323,0.015625,0.0,2.5,0.0302860353485554,0.6540889646514446,0.5,0.0065408896465144,0.3028603534855545,0.1239326459339579,0.809401243132069,0.9333338890660268,0.0,0.0,0.0,0.5065408896465144,cvar_0.5,False,6.9102755838863725,8.977899350828345,9.089629915082812,7.999952749484592,0.0,3.26405569239796e-14,0.4312324000056833,0.0,True,planned,sampled,2.5,42,planned_48h,summer,0.5,True,2017-07-02 18:00:00+00:00,2017-07-02 18:00:00+00:00,0.0,0.0416852678571428,0.0706263950892857,0.0088588169642857,0.1102120535714285,0.0254603794642857,0.1099330357142857,0.0324662198486698,0.0260602678571428,True,12.0,6.9102755838863725,9.089629915082812,0.0,False,,,,,,,,,,,,,,,,,,,,,,,,,,,,,
2017-07-02 19:00:00+00:00,3.2,0.0,0.2,0.0,0.7000000000000003,0.0,0.7000000000000003,2.9473684210526323,2.2105263157894743,0.0,0.0,2.5,0.0,0.7000000000000003,0.5,0.007,0.0,0.1326315789473684,0.507,0.6396315789473684,0.0,0.0,0.0,0.507,cvar_0.5,False,7.496477739770263,9.069986300908525,9.323239364776486,8.409858552273374,0.0,3.219646771412954e-15,0.3803684999002144,0.0,True,planned,sampled,2.5,42,planned_48h,summer,0.5,True,2017-07-02 19:00:00+00:00,2017-07-02 19:00:00+00:00,0.0,0.0,0.0023425874255952,0.0,0.0250418526785714,0.0,0.0030691964285714,0.006896023988102,0.0,False,12.0,7.496477739770263,9.323239364776486,0.0,False,,,,,,,,,,,,,,,,,,,,,,,,,,,,,
2017-07-02 20:00:00+00:00,3.2,0.0,0.2,0.0,0.7000000000000003,0.0,0.7000000000000003,2.2105263157894743,1.4736842105263162,0.0,0.0,2.5,0.0,0.7000000000000003,0.5,0.007,0.0,0.1326315789473684,0.507,0.6396315789473684,0.0,0.0,0.0,0.507,cvar_0.5,False,6.903569895036871,8.61287610519218,8.957076415793308,7.930323155415089,0.0,1.532107773982716e-14,0.5058576000155881,0.0,True,planned,sampled,2.5,42,planned_48h,summer,0.5,True,2017-07-02 20:00:00+00:00,2017-07-02 20:00:00+00:00,0.0,0.0,0.0,0.0,0.0,0.0,0.0,0.0,0.0,False,12.0,6.903569895036871,8.957076415793308,0.0,False,,,,,,,,,,,,,,,,,,,,,,,,,,,,,
2017-07-02 21:00:00+00:00,3.2,0.0,0.2,0.0,0.7000000000000002,0.0,0.7000000000000002,1.4736842105263162,0.7368421052631581,0.0,0.0,2.5,0.0,0.7000000000000002,0.5,0.007,0.0,0.1326315789473684,0.507,0.6396315789473684,0.0,0.0,0.0,0.507,cvar_0.5,False,6.568170840610132,7.602026422403667,8.402991130713747,7.48558098566194,0.0,2.664535259100376e-15,0.2895321999676525,0.0,True,planned,sampled,2.5,42,planned_48h,summer,0.5,True,2017-07-02 21:00:00+00:00,2017-07-02 21:00:00+00:00,0.0,0.0,0.0,0.0,0.0,0.0,0.0,0.0,0.0,False,12.0,6.568170840610132,8.402991130713747,0.0,False,,,,,,,,,,,,,,,,,,,,,,,,,,,,,
2017-07-02 22:00:00+00:00,3.2,0.0,0.16,0.0,0.7000000000000002,0.0,0.7000000000000001,0.7368421052631581,1.1102230246251563e-16,0.0,0.0,2.5,0.0,0.7000000000000001,0.4,0.007,0.0,0.1326315789473684,0.407,0.5396315789473685,0.0,1.1102230246251563e-16,0.0,0.407,cvar_0.5,False,6.963050105145675,8.926653320018797,9.175788932869894,8.069419519007784,0.0,3.885780586188048e-15,0.2796248999657109,0.0,True,planned,sampled,2.5,42,planned_48h,summer,0.5,True,2017-07-02 22:00:00+00:00,2017-07-02 22:00:00+00:00,0.0,0.0,0.0,0.0,0.0,0.0,0.0,0.0,0.0,False,12.0,6.963050105145675,9.175788932869894,0.0,False,,,,,,,,,,,,,,,,,,,,,,,,,,,,,
2017-07-02 23:00:00+00:00,2.35,0.0,0.16,0.1499999999999998,0.0,0.1499999999999998,0.0,1.1102230246251563e-16,0.1424999999999999,0.0,0.0,2.5,0.0,0.1499999999999998,0.4,0.0014999999999999,0.0,-0.0256499999999999,0.4015,0.3758500000000001,0.0,0.0,8.326672684688674e-17,0.4015,cvar_0.5,False,7.5367271276118,9.175984476492744,9.175984476492744,8.356355802052272,0.0,8.881784197001252e-16,0.4092374000465497,0.0,True,planned,sampled,2.5,42,planned_48h,summer,0.5,True,2017-07-02 23:00:00+00:00,2017-07-02 23:00:00+00:00,0.0,0.0,0.0,0.0,0.0,0.0,0.0,0.0,0.0,False,12.0,7.5367271276118,9.175984476492744,0.0,False,,,,,,,,,,,,,,,,,,,,,,,,,,,,,
2017-01-01 00:00:00+00:00,2.35,0.0,0.16,0.1499999999999999,0.0,0.1499999999999999,0.0,4.0,4.1425,0.0,0.0,2.5,0.0,0.1499999999999999,0.4,0.0014999999999999,0.0,-0.02565,0.4015,0.37585,0.0,0.0,0.0,0.4015,perfect_foresight,False,19.8495734136946,19.8495734136946,19.8495734136946,19.8495734136946,0.0410102000460028,6.217248937900877e-15,,0.0,False,deficit_discharge,sampled,2.5,42,deficit_discharge_48h,winter,0.0,True,,,,,,,,,,,,,,,,,,,,,,,,,,,,,,,,,,,,,,,,,,,,,,
2017-01-01 01:00:00+00:00,2.35,0.0,0.16,0.1499999999999999,0.0,0.1499999999999999,0.0,4.1425,4.285,0.0,0.0,2.5,0.0,0.1499999999999999,0.4,0.0014999999999999,0.0,-0.02565,0.4015,0.37585,0.0,0.0,0.0,0.4015,perfect_foresight,False,19.8495734136946,19.8495734136946,19.8495734136946,19.8495734136946,0.0,6.217248937900877e-15,,0.0,False,deficit_discharge,sampled,2.5,42,deficit_discharge_48h,winter,0.0,True,,,,,,,,,,,,,,,,,,,,,,,,,,,,,,,,,,,,,,,,,,,,,,
2017-01-01 02:00:00+00:00,2.35,0.0,0.16,0.1499999999999999,0.0,0.1499999999999999,0.0,4.285,4.4275,0.0,0.0,2.5,0.0,0.1499999999999999,0.4,0.0014999999999999,0.0,-0.02565,0.4015,0.37585,0.0,0.0,0.0,0.4015,perfect_foresight,False,19.8495734136946,19.8495734136946,19.8495734136946,19.8495734136946,0.0,6.217248937900877e-15,,0.0,False,deficit_discharge,sampled,2.5,42,deficit_discharge_48h,winter,0.0,True,,,,,,,,,,,,,,,,,,,,,,,,,,,,,,,,,,,,,,,,,,,,,,
2017-01-01 03:00:00+00:00,2.35,0.0,0.16,0.1499999999999999,0.0,0.1499999999999999,0.0,4.4275,4.57,0.0,0.0,2.5,0.0,0.1499999999999999,0.4,0.0014999999999999,0.0,-0.02565,0.4015,0.37585,0.0,0.0,0.0,0.4015,perfect_foresight,False,19.8495734136946,19.8495734136946,19.8495734136946,19.8495734136946,0.0,6.217248937900877e-15,,0.0,False,deficit_discharge,sampled,2.5,42,deficit_discharge_48h,winter,0.0,True,,,,,,,,,,,,,,,,,,,,,,,,,,,,,,,,,,,,,,,,,,,,,,
2017-01-01 04:00:00+00:00,2.35,0.0,0.16,0.1499999999999999,0.0,0.1499999999999999,0.0,4.57,4.7125,0.0,0.0,2.5,0.0,0.1499999999999999,0.4,0.0014999999999999,0.0,-0.02565,0.4015,0.37585,0.0,0.0,0.0,0.4015,perfect_foresight,False,19.8495734136946,19.8495734136946,19.8495734136946,19.8495734136946,0.0,6.217248937900877e-15,,0.0,False,deficit_discharge,sampled,2.5,42,deficit_discharge_48h,winter,0.0,True,,,,,,,,,,,,,,,,,,,,,,,,,,,,,,,,,,,,,,,,,,,,,,
2017-01-01 05:00:00+00:00,2.35,0.0,0.16,0.1499999999999999,0.0,0.1499999999999999,0.0,4.7125,4.855,0.0,0.0,2.5,0.0,0.1499999999999999,0.4,0.0014999999999999,0.0,-0.02565,0.4015,0.37585,0.0,0.0,0.0,0.4015,perfect_foresight,False,19.8495734136946,19.8495734136946,19.8495734136946,19.8495734136946,0.0,6.217248937900877e-15,,0.0,False,deficit_discharge,sampled,2.5,42,deficit_discharge_48h,winter,0.0,True,,,,,,,,,,,,,,,,,,,,,,,,,,,,,,,,,,,,,,,,,,,,,,
2017-01-01 06:00:00+00:00,2.8000000000000003,0.0,0.16,0.0,0.3000000000000002,0.0,0.3000000000000002,4.855,4.53921052631579,0.0,0.0,2.5,0.0,0.3000000000000002,0.4,0.003,0.0,0.0568421052631579,0.403,0.4598421052631579,0.0,0.0,0.0,0.403,perfect_foresight,False,19.8495734136946,19.8495734136946,19.8495734136946,19.8495734136946,0.0,6.217248937900877e-15,,0.0,False,deficit_discharge,sampled,2.5,42,deficit_discharge_48h,winter,0.0,True,,,,,,,,,,,,,,,,,,,,,,,,,,,,,,,,,,,,,,,,,,,,,,
2017-01-01 07:00:00+00:00,2.8000000000000003,0.0,0.16,0.0,0.3000000000000002,0.0,0.3000000000000002,4.53921052631579,4.223421052631579,0.0,0.0,2.5,0.0,0.3000000000000002,0.4,0.003,0.0,0.0568421052631579,0.403,0.4598421052631579,0.0,0.0,0.0,0.403,perfect_foresight,False,19.8495734136946,19.8495734136946,19.8495734136946,19.8495734136946,0.0,6.217248937900877e-15,,0.0,False,deficit_discharge,sampled,2.5,42,deficit_discharge_48h,winter,0.0,True,,,,,,,,,,,,,,,,,,,,,,,,,,,,,,,,,,,,,,,,,,,,,,
2017-01-01 08:00:00+00:00,2.8000000000000003,0.0654296875,0.175,0.0,0.2345703125000002,0.0,0.2345703125000002,4.223421052631579,3.976504934210526,0.0654296875,0.0,2.5,0.0,0.2345703125000002,0.4375,0.002345703125,0.0,0.0444449013157895,0.439845703125,0.4842906044407895,0.0,0.0,0.0,0.439845703125,perfect_foresight,False,19.8495734136946,19.8495734136946,19.8495734136946,19.8495734136946,0.0,6.217248937900877e-15,,0.0,False,deficit_discharge,sampled,2.5,42,deficit_discharge_48h,winter,0.0,True,,,,,,,,,,,,,,,,,,,,,,,,,,,,,,,,,,,,,,,,,,,,,,
2017-01-01 09:00:00+00:00,2.35,0.205078125,0.175,0.0,0.0,0.0,0.0,3.976504934210526,3.976504934210526,0.205078125,0.0,2.144921875,0.0,0.0,0.375361328125,0.0,0.0,-0.0,0.375361328125,0.375361328125,0.0,0.0,0.0,0.375361328125,perfect_foresight,False,19.8495734136946,19.8495734136946,19.8495734136946,19.8495734136946,0.0,6.217248937900877e-15,,0.0,False,deficit_discharge,sampled,2.5,42,deficit_discharge_48h,winter,0.0,True,,,,,,,,,,,,,,,,,,,,,,,,,,,,,,,,,,,,,,,,,,,,,,
2017-01-01 10:00:00+00:00,2.35,0.32421875,0.175,0.0,0.0,0.0,0.0,3.976504934210526,3.976504934210526,0.32421875,0.0,2.02578125,0.0,0.0,0.35451171875,0.0,0.0,-0.0,0.35451171875,0.35451171875,0.0,0.0,0.0,0.35451171875,perfect_foresight,False,19.8495734136946,19.8495734136946,19.8495734136946,19.8495734136946,0.0,6.217248937900877e-15,,0.0,False,deficit_discharge,sampled,2.5,42,deficit_discharge_48h,winter,0.0,True,,,,,,,,,,,,,,,,,,,,,,,,,,,,,,,,,,,,,,,,,,,,,,
2017-01-01 11:00:00+00:00,2.35,0.400390625,0.175,0.0,0.0,0.0,0.0,3.976504934210526,3.976504934210526,0.400390625,0.0,1.949609375,0.0,0.0,0.341181640625,0.0,0.0,-0.0,0.341181640625,0.341181640625,0.0,0.0,0.0,0.341181640625,perfect_foresight,False,19.8495734136946,19.8495734136946,19.8495734136946,19.8495734136946,0.0,6.217248937900877e-15,,0.0,False,deficit_discharge,sampled,2.5,42,deficit_discharge_48h,winter,0.0,True,,,,,,,,,,,,,,,,,,,,,,,,,,,,,,,,,,,,,,,,,,,,,,
2017-01-01 12:00:00+00:00,2.35,0.9794921875,0.175,0.0,0.0,0.0,0.0,3.976504934210526,3.976504934210526,0.9794921875,0.0,1.3705078125,0.0,0.0,0.2398388671875,0.0,0.0,-0.0,0.2398388671875,0.2398388671875,0.0,0.0,0.0,0.2398388671875,perfect_foresight,False,19.8495734136946,19.8495734136946,19.8495734136946,19.8495734136946,0.0,6.217248937900877e-15,,0.0,False,deficit_discharge,sampled,2.5,42,deficit_discharge_48h,winter,0.0,True,,,,,,,,,,,,,,,,,,,,,,,,,,,,,,,,,,,,,,,,,,,,,,
2017-01-01 13:00:00+00:00,2.35,1.4052734375,0.175,0.0,0.0,0.0,0.0,3.976504934210526,3.976504934210526,1.4052734375,0.0,0.9447265625,0.0,0.0,0.1653271484375,0.0,0.0,-0.0,0.1653271484375,0.1653271484375,0.0,0.0,0.0,0.1653271484375,perfect_foresight,False,19.8495734136946,19.8495734136946,19.8495734136946,19.8495734136946,0.0,6.217248937900877e-15,,0.0,False,deficit_discharge,sampled,2.5,42,deficit_discharge_48h,winter,0.0,True,,,,,,,,,,,,,,,,,,,,,,,,,,,,,,,,,,,,,,,,,,,,,,
2017-01-01 14:00:00+00:00,2.35,0.5703125,0.175,0.4679449445983396,0.0,0.4679449445983396,0.0,3.976504934210526,4.421052631578949,0.5703125,0.0,2.24763244459834,0.0,0.4679449445983396,0.3933356778047094,0.0046794494459833,0.0,-0.080018585526316,0.3980151272506929,0.3179965417243768,0.0,0.0,1.1102230246251563e-16,0.3980151272506929,perfect_foresight,False,19.8495734136946,19.8495734136946,19.8495734136946,19.8495734136946,0.0,6.217248937900877e-15,,0.0,False,deficit_discharge,sampled,2.5,42,deficit_discharge_48h,winter,0.0,True,,,,,,,,,,,,,,,,,,,,,,,,,,,,,,,,,,,,,,,,,,,,,,
2017-01-01 15:00:00+00:00,2.35,0.009765625,0.175,0.0,0.0,0.0,0.0,4.421052631578949,4.421052631578949,0.009765625,0.0,2.340234375,0.0,0.0,0.409541015625,0.0,0.0,-0.0,0.409541015625,0.409541015625,0.0,0.0,0.0,0.409541015625,perfect_foresight,False,19.8495734136946,19.8495734136946,19.8495734136946,19.8495734136946,0.0,6.217248937900877e-15,,0.0,False,deficit_discharge,sampled,2.5,42,deficit_discharge_48h,winter,0.0,True,,,,,,,,,,,,,,,,,,,,,,,,,,,,,,,,,,,,,,,,,,,,,,
2017-01-01 16:00:00+00:00,2.35,0.0,0.175,0.0,0.0,0.0,0.0,4.421052631578949,4.421052631578949,0.0,0.0,2.35,0.0,0.0,0.41125,0.0,0.0,-0.0,0.41125,0.41125,0.0,0.0,0.0,0.41125,perfect_foresight,False,19.8495734136946,19.8495734136946,19.8495734136946,19.8495734136946,0.0,6.217248937900877e-15,,0.0,False,deficit_discharge,sampled,2.5,42,deficit_discharge_48h,winter,0.0,True,,,,,,,,,,,,,,,,,,,,,,,,,,,,,,,,,,,,,,,,,,,,,,
2017-01-01 17:00:00+00:00,3.2,0.0,0.2,0.0,0.7000000000000002,0.0,0.7000000000000002,4.421052631578949,3.684210526315791,0.0,0.0,2.5,0.0,0.7000000000000002,0.5,0.007,0.0,0.1326315789473684,0.507,0.6396315789473684,0.0,0.0,0.0,0.507,perfect_foresight,False,19.8495734136946,19.8495734136946,19.8495734136946,19.8495734136946,0.0,6.217248937900877e-15,,0.0,False,deficit_discharge,sampled,2.5,42,deficit_discharge_48h,winter,0.0,True,,,,,,,,,,,,,,,,,,,,,,,,,,,,,,,,,,,,,,,,,,,,,,
2017-01-01 18:00:00+00:00,3.2,0.0,0.2,0.0,0.7000000000000002,0.0,0.7000000000000002,3.684210526315791,2.9473684210526327,0.0,0.0,2.5,0.0,0.7000000000000002,0.5,0.007,0.0,0.1326315789473684,0.507,0.6396315789473684,0.0,0.0,0.0,0.507,perfect_foresight,False,19.8495734136946,19.8495734136946,19.8495734136946,19.8495734136946,0.0,6.217248937900877e-15,,0.0,False,deficit_discharge,sampled,2.5,42,deficit_discharge_48h,winter,0.0,True,,,,,,,,,,,,,,,,,,,,,,,,,,,,,,,,,,,,,,,,,,,,,,
2017-01-01 19:00:00+00:00,3.2,0.0,0.2,0.0,0.7000000000000002,0.0,0.7000000000000002,2.9473684210526327,2.210526315789475,0.0,0.0,2.5,0.0,0.7000000000000002,0.5,0.007,0.0,0.1326315789473684,0.507,0.6396315789473684,0.0,0.0,0.0,0.507,perfect_foresight,False,19.8495734136946,19.8495734136946,19.8495734136946,19.8495734136946,0.0,6.217248937900877e-15,,0.0,False,deficit_discharge,sampled,2.5,42,deficit_discharge_48h,winter,0.0,True,,,,,,,,,,,,,,,,,,,,,,,,,,,,,,,,,,,,,,,,,,,,,,
2017-01-01 20:00:00+00:00,3.2,0.0,0.2,0.0,0.7000000000000002,0.0,0.7000000000000002,2.210526315789475,1.4736842105263168,0.0,0.0,2.5,0.0,0.7000000000000002,0.5,0.007,0.0,0.1326315789473684,0.507,0.6396315789473684,0.0,0.0,0.0,0.507,perfect_foresight,False,19.8495734136946,19.8495734136946,19.8495734136946,19.8495734136946,0.0,6.217248937900877e-15,,0.0,False,deficit_discharge,sampled,2.5,42,deficit_discharge_48h,winter,0.0,True,,,,,,,,,,,,,,,,,,,,,,,,,,,,,,,,,,,,,,,,,,,,,,
2017-01-01 21:00:00+00:00,3.2,0.0,0.2,0.0,0.7000000000000002,0.0,0.7000000000000002,1.4736842105263168,0.7368421052631587,0.0,0.0,2.5,0.0,0.7000000000000002,0.5,0.007,0.0,0.1326315789473684,0.507,0.6396315789473684,0.0,0.0,0.0,0.507,perfect_foresight,False,19.8495734136946,19.8495734136946,19.8495734136946,19.8495734136946,0.0,6.217248937900877e-15,,0.0,False,deficit_discharge,sampled,2.5,42,deficit_discharge_48h,winter,0.0,True,,,,,,,,,,,,,,,,,,,,,,,,,,,,,,,,,,,,,,,,,,,,,,
2017-01-01 22:00:00+00:00,3.2,0.0,0.16,0.0,0.7000000000000002,0.0,0.7000000000000002,0.7368421052631587,6.661338147750939e-16,0.0,0.0,2.5,0.0,0.7000000000000002,0.4,0.007,0.0,0.1326315789473684,0.407,0.5396315789473685,0.0,0.0,0.0,0.407,perfect_foresight,False,19.8495734136946,19.8495734136946,19.8495734136946,19.8495734136946,0.0,6.217248937900877e-15,,0.0,False,deficit_discharge,sampled,2.5,42,deficit_discharge_48h,winter,0.0,True,,,,,,,,,,,,,,,,,,,,,,,,,,,,,,,,,,,,,,,,,,,,,,
2017-01-01 23:00:00+00:00,2.35,0.0,0.16,0.1499999999999999,0.0,0.1499999999999999,0.0,6.661338147750939e-16,0.1425000000000005,0.0,0.0,2.5,0.0,0.1499999999999999,0.4,0.0014999999999999,0.0,-0.0256499999999999,0.4015,0.37585,0.0,0.0,0.0,0.4015,perfect_foresight,False,19.8495734136946,19.8495734136946,19.8495734136946,19.8495734136946,0.0,6.217248937900877e-15,,0.0,False,deficit_discharge,sampled,2.5,42,deficit_discharge_48h,winter,0.0,True,,,,,,,,,,,,,,,,,,,,,,,,,,,,,,,,,,,,,,,,,,,,,,
2017-01-02 00:00:00+00:00,2.1,0.0,0.16,0.3999999999999999,0.0,0.3999999999999999,0.0,0.1425000000000005,0.5225000000000004,0.0,0.0,2.5,0.0,0.3999999999999999,0.4,0.0039999999999999,0.0,-0.0683999999999999,0.404,0.3356,0.0,0.0,0.0,0.404,perfect_foresight,False,19.8495734136946,19.8495734136946,19.8495734136946,19.8495734136946,0.0,6.217248937900877e-15,,0.0,False,deficit_discharge,sampled,2.5,42,deficit_discharge_48h,winter,0.0,True,,,,,,,,,,,,,,,,,,,,,,,,,,,,,,,,,,,,,,,,,,,,,,
2017-01-02 01:00:00+00:00,2.1,0.0,0.16,0.3999999999999999,0.0,0.3999999999999999,0.0,0.5225000000000004,0.9025000000000004,0.0,0.0,2.5,0.0,0.3999999999999999,0.4,0.0039999999999999,0.0,-0.0683999999999999,0.404,0.3356,0.0,0.0,0.0,0.404,perfect_foresight,False,19.8495734136946,19.8495734136946,19.8495734136946,19.8495734136946,0.0,6.217248937900877e-15,,0.0,False,deficit_discharge,sampled,2.5,42,deficit_discharge_48h,winter,0.0,True,,,,,,,,,,,,,,,,,,,,,,,,,,,,,,,,,,,,,,,,,,,,,,
2017-01-02 02:00:00+00:00,2.1,0.0,0.16,0.3999999999999999,0.0,0.3999999999999999,0.0,0.9025000000000004,1.2825000000000002,0.0,0.0,2.5,0.0,0.3999999999999999,0.4,0.0039999999999999,0.0,-0.0683999999999999,0.404,0.3356,0.0,0.0,0.0,0.404,perfect_foresight,False,19.8495734136946,19.8495734136946,19.8495734136946,19.8495734136946,0.0,6.217248937900877e-15,,0.0,False,deficit_discharge,sampled,2.5,42,deficit_discharge_48h,winter,0.0,True,,,,,,,,,,,,,,,,,,,,,,,,,,,,,,,,,,,,,,,,,,,,,,
2017-01-02 03:00:00+00:00,2.1,0.0,0.16,0.3999999999999999,0.0,0.3999999999999999,0.0,1.2825000000000002,1.6625,0.0,0.0,2.5,0.0,0.3999999999999999,0.4,0.0039999999999999,0.0,-0.0683999999999999,0.404,0.3356,0.0,0.0,0.0,0.404,perfect_foresight,False,19.8495734136946,19.8495734136946,19.8495734136946,19.8495734136946,0.0,6.217248937900877e-15,,0.0,False,deficit_discharge,sampled,2.5,42,deficit_discharge_48h,winter,0.0,True,,,,,,,,,,,,,,,,,,,,,,,,,,,,,,,,,,,,,,,,,,,,,,
2017-01-02 04:00:00+00:00,2.1,0.0,0.16,0.3999999999999999,0.0,0.3999999999999999,0.0,1.6625,2.0425,0.0,0.0,2.5,0.0,0.3999999999999999,0.4,0.0039999999999999,0.0,-0.0683999999999999,0.404,0.3356,0.0,0.0,0.0,0.404,perfect_foresight,False,19.8495734136946,19.8495734136946,19.8495734136946,19.8495734136946,0.0,6.217248937900877e-15,,0.0,False,deficit_discharge,sampled,2.5,42,deficit_discharge_48h,winter,0.0,True,,,,,,,,,,,,,,,,,,,,,,,,,,,,,,,,,,,,,,,,,,,,,,
2017-01-02 05:00:00+00:00,2.1,0.0,0.16,0.3999999999999999,0.0,0.3999999999999999,0.0,2.0425,2.4225,0.0,0.0,2.5,0.0,0.3999999999999999,0.4,0.0039999999999999,0.0,-0.0683999999999999,0.404,0.3356,0.0,0.0,0.0,0.404,perfect_foresight,False,19.8495734136946,19.8495734136946,19.8495734136946,19.8495734136946,0.0,6.217248937900877e-15,,0.0,False,deficit_discharge,sampled,2.5,42,deficit_discharge_48h,winter,0.0,True,,,,,,,,,,,,,,,,,,,,,,,,,,,,,,,,,,,,,,,,,,,,,,
2017-01-02 06:00:00+00:00,2.5500000000000003,0.0,0.16,0.0,0.0500000000000002,0.0,0.0500000000000002,2.4225,2.369868421052632,0.0,0.0,2.5,0.0,0.0500000000000002,0.4,0.0005,0.0,0.0094736842105263,0.4005,0.4099736842105264,0.0,0.0,0.0,0.4005,perfect_foresight,False,19.8495734136946,19.8495734136946,19.8495734136946,19.8495734136946,0.0,6.217248937900877e-15,,0.0,False,deficit_discharge,sampled,2.5,42,deficit_discharge_48h,winter,0.0,True,,,,,,,,,,,,,,,,,,,,,,,,,,,,,,,,,,,,,,,,,,,,,,
2017-01-02 07:00:00+00:00,2.5500000000000003,0.0,0.16,0.0,0.0500000000000002,0.0,0.0500000000000002,2.369868421052632,2.3172368421052627,0.0,0.0,2.5,0.0,0.0500000000000002,0.4,0.0005,0.0,0.0094736842105263,0.4005,0.4099736842105264,0.0,0.0,0.0,0.4005,perfect_foresight,False,19.8495734136946,19.8495734136946,19.8495734136946,19.8495734136946,0.0,6.217248937900877e-15,,0.0,False,deficit_discharge,sampled,2.5,42,deficit_discharge_48h,winter,0.0,True,,,,,,,,,,,,,,,,,,,,,,,,,,,,,,,,,,,,,,,,,,,,,,
2017-01-02 08:00:00+00:00,2.5500000000000003,0.0498046875,0.175,0.0,0.0001953125000002,0.0,0.0001953125000002,2.3172368421052627,2.3170312499999994,0.0498046875,0.0,2.5,0.0,0.0001953125000002,0.4375,1.9531250000026644e-06,0.0,3.700657894738946e-05,0.437501953125,0.4375389597039474,0.0,0.0,0.0,0.437501953125,perfect_foresight,False,19.8495734136946,19.8495734136946,19.8495734136946,19.8495734136946,0.0,6.217248937900877e-15,,0.0,False,deficit_discharge,sampled,2.5,42,deficit_discharge_48h,winter,0.0,True,,,,,,,,,,,,,,,,,,,,,,,,,,,,,,,,,,,,,,,,,,,,,,
2017-01-02 09:00:00+00:00,2.1,0.1552734375,0.175,0.0,0.0,0.0,0.0,2.3170312499999994,2.3170312499999994,0.1552734375,0.0,1.9447265625,0.0,0.0,0.3403271484375,0.0,0.0,-0.0,0.3403271484375,0.3403271484375,0.0,0.0,0.0,0.3403271484375,perfect_foresight,False,19.8495734136946,19.8495734136946,19.8495734136946,19.8495734136946,0.0,6.217248937900877e-15,,0.0,False,deficit_discharge,sampled,2.5,42,deficit_discharge_48h,winter,0.0,True,,,,,,,,,,,,,,,,,,,,,,,,,,,,,,,,,,,,,,,,,,,,,,
2017-01-02 10:00:00+00:00,2.1,0.1953125,0.175,0.0,0.0,0.0,0.0,2.3170312499999994,2.3170312499999994,0.1953125,0.0,1.9046875,0.0,0.0,0.3333203125,0.0,0.0,-0.0,0.3333203125,0.3333203125,0.0,0.0,0.0,0.3333203125,perfect_foresight,False,19.8495734136946,19.8495734136946,19.8495734136946,19.8495734136946,0.0,6.217248937900877e-15,,0.0,False,deficit_discharge,sampled,2.5,42,deficit_discharge_48h,winter,0.0,True,,,,,,,,,,,,,,,,,,,,,,,,,,,,,,,,,,,,,,,,,,,,,,
2017-01-02 11:00:00+00:00,2.1,0.705078125,0.175,0.0,0.0,0.0,0.0,2.3170312499999994,2.3170312499999994,0.705078125,0.0,1.394921875,0.0,0.0,0.244111328125,0.0,0.0,-0.0,0.244111328125,0.244111328125,0.0,0.0,0.0,0.244111328125,perfect_foresight,False,19.8495734136946,19.8495734136946,19.8495734136946,19.8495734136946,0.0,6.217248937900877e-15,,0.0,False,deficit_discharge,sampled,2.5,42,deficit_discharge_48h,winter,0.0,True,,,,,,,,,,,,,,,,,,,,,,,,,,,,,,,,,,,,,,,,,,,,,,
2017-01-02 12:00:00+00:00,2.1,1.57421875,0.175,0.0,0.0,0.0,0.0,2.3170312499999994,2.3170312499999994,1.57421875,0.0,0.5257812500000001,0.0,0.0,0.09201171875,0.0,0.0,-0.0,0.09201171875,0.09201171875,0.0,0.0,0.0,0.09201171875,perfect_foresight,False,19.8495734136946,19.8495734136946,19.8495734136946,19.8495734136946,0.0,6.217248937900877e-15,,0.0,False,deficit_discharge,sampled,2.5,42,deficit_discharge_48h,winter,0.0,True,,,,,,,,,,,,,,,,,,,,,,,,,,,,,,,,,,,,,,,,,,,,,,
2017-01-02 13:00:00+00:00,2.1,0.375,0.175,0.0,0.0,0.0,0.0,2.3170312499999994,2.3170312499999994,0.375,0.0,1.725,0.0,0.0,0.301875,0.0,0.0,-0.0,0.301875,0.301875,0.0,0.0,0.0,0.301875,perfect_foresight,False,19.8495734136946,19.8495734136946,19.8495734136946,19.8495734136946,0.0,6.217248937900877e-15,,0.0,False,deficit_discharge,sampled,2.5,42,deficit_discharge_48h,winter,0.0,True,,,,,,,,,,,,,,,,,,,,,,,,,,,,,,,,,,,,,,,,,,,,,,
2017-01-02 14:00:00+00:00,2.1,0.0302734375,0.175,0.0,0.0,0.0,0.0,2.3170312499999994,2.3170312499999994,0.0302734375,0.0,2.0697265625,0.0,0.0,0.3622021484375,0.0,0.0,-0.0,0.3622021484375,0.3622021484375,0.0,0.0,0.0,0.3622021484375,perfect_foresight,False,19.8495734136946,19.8495734136946,19.8495734136946,19.8495734136946,0.0,6.217248937900877e-15,,0.0,False,deficit_discharge,sampled,2.5,42,deficit_discharge_48h,winter,0.0,True,,,,,,,,,,,,,,,,,,,,,,,,,,,,,,,,,,,,,,,,,,,,,,
2017-01-02 15:00:00+00:00,2.1,0.0,0.175,0.1527094875346217,0.0,0.1527094875346217,0.0,2.3170312499999994,2.46210526315789,0.0,0.0,2.252709487534622,0.0,0.1527094875346217,0.3942241603185588,0.0015270948753462,0.0,-0.0261133223684202,0.3957512551939049,0.3696379328254847,0.0,0.0,0.0,0.3957512551939049,perfect_foresight,False,19.8495734136946,19.8495734136946,19.8495734136946,19.8495734136946,0.0,6.217248937900877e-15,,0.0,False,deficit_discharge,sampled,2.5,42,deficit_discharge_48h,winter,0.0,True,,,,,,,,,,,,,,,,,,,,,,,,,,,,,,,,,,,,,,,,,,,,,,
2017-01-02 16:00:00+00:00,2.1,0.0,0.175,0.3999999999999999,0.0,0.3999999999999999,0.0,2.46210526315789,2.84210526315789,0.0,0.0,2.5,0.0,0.3999999999999999,0.4375,0.0039999999999999,0.0,-0.0683999999999999,0.4415,0.3731,0.0,0.0,0.0,0.4415,perfect_foresight,False,19.8495734136946,19.8495734136946,19.8495734136946,19.8495734136946,0.0,6.217248937900877e-15,,0.0,False,deficit_discharge,sampled,2.5,42,deficit_discharge_48h,winter,0.0,True,,,,,,,,,,,,,,,,,,,,,,,,,,,,,,,,,,,,,,,,,,,,,,
2017-01-02 17:00:00+00:00,2.95,0.0,0.2,0.0,0.4500000000000002,0.0,0.4500000000000002,2.84210526315789,2.368421052631574,0.0,0.0,2.5,0.0,0.4500000000000002,0.5,0.0045,0.0,0.0852631578947368,0.5045,0.5897631578947368,0.0,0.0,0.0,0.5045,perfect_foresight,False,19.8495734136946,19.8495734136946,19.8495734136946,19.8495734136946,0.0,6.217248937900877e-15,,0.0,False,deficit_discharge,sampled,2.5,42,deficit_discharge_48h,winter,0.0,True,,,,,,,,,,,,,,,,,,,,,,,,,,,,,,,,,,,,,,,,,,,,,,
2017-01-02 18:00:00+00:00,2.95,0.0,0.2,0.0,0.4500000000000002,0.0,0.4500000000000002,2.368421052631574,1.894736842105258,0.0,0.0,2.5,0.0,0.4500000000000002,0.5,0.0045,0.0,0.0852631578947368,0.5045,0.5897631578947368,0.0,0.0,0.0,0.5045,perfect_foresight,False,19.8495734136946,19.8495734136946,19.8495734136946,19.8495734136946,0.0,6.217248937900877e-15,,0.0,False,deficit_discharge,sampled,2.5,42,deficit_discharge_48h,winter,0.0,True,,,,,,,,,,,,,,,,,,,,,,,,,,,,,,,,,,,,,,,,,,,,,,
2017-01-02 19:00:00+00:00,2.95,0.0,0.2,0.0,0.4500000000000002,0.0,0.4500000000000002,1.894736842105258,1.421052631578942,0.0,0.0,2.5,0.0,0.4500000000000002,0.5,0.0045,0.0,0.0852631578947368,0.5045,0.5897631578947368,0.0,0.0,0.0,0.5045,perfect_foresight,False,19.8495734136946,19.8495734136946,19.8495734136946,19.8495734136946,0.0,6.217248937900877e-15,,0.0,False,deficit_discharge,sampled,2.5,42,deficit_discharge_48h,winter,0.0,True,,,,,,,,,,,,,,,,,,,,,,,,,,,,,,,,,,,,,,,,,,,,,,
2017-01-02 20:00:00+00:00,2.95,0.0,0.2,0.0,0.4500000000000002,0.0,0.4500000000000002,1.421052631578942,0.947368421052626,0.0,0.0,2.5,0.0,0.4500000000000002,0.5,0.0045,0.0,0.0852631578947368,0.5045,0.5897631578947368,0.0,0.0,0.0,0.5045,perfect_foresight,False,19.8495734136946,19.8495734136946,19.8495734136946,19.8495734136946,0.0,6.217248937900877e-15,,0.0,False,deficit_discharge,sampled,2.5,42,deficit_discharge_48h,winter,0.0,True,,,,,,,,,,,,,,,,,,,,,,,,,,,,,,,,,,,,,,,,,,,,,,
2017-01-02 21:00:00+00:00,2.95,0.0,0.2,0.0,0.4500000000000002,0.0,0.4500000000000002,0.947368421052626,0.4736842105263101,0.0,0.0,2.5,0.0,0.4500000000000002,0.5,0.0045,0.0,0.0852631578947368,0.5045,0.5897631578947369,0.0,0.0,0.0,0.5045,perfect_foresight,False,19.8495734136946,19.8495734136946,19.8495734136946,19.8495734136946,0.0,6.217248937900877e-15,,0.0,False,deficit_discharge,sampled,2.5,42,deficit_discharge_48h,winter,0.0,True,,,,,,,,,,,,,,,,,,,,,,,,,,,,,,,,,,,,,,,,,,,,,,
2017-01-02 22:00:00+00:00,2.95,0.0,0.16,0.0,0.4500000000000002,0.0,0.4499999999999945,0.4736842105263101,5.551115123125783e-17,0.0,0.0,2.5,5.773159728050814e-15,0.4499999999999945,0.4,0.0044999999999999,5.773159728050814e-14,0.0852631578947358,0.4045000000000577,0.4897631578947935,0.0,5.6621374255882976e-15,0.0,0.4044999999999999,perfect_foresight,False,19.8495734136946,19.8495734136946,19.8495734136946,19.8495734136946,0.0,6.217248937900877e-15,,0.0,False,deficit_discharge,sampled,2.5,42,deficit_discharge_48h,winter,0.0,True,,,,,,,,,,,,,,,,,,,,,,,,,,,,,,,,,,,,,,,,,,,,,,
2017-01-02 23:00:00+00:00,2.1,0.0,0.16,0.3999999999999999,0.0,0.3999999999999999,0.0,5.551115123125783e-17,0.3799999999999999,0.0,0.0,2.5,0.0,0.3999999999999999,0.4,0.0039999999999999,0.0,-0.0683999999999999,0.404,0.3356,0.0,0.0,0.0,0.404,perfect_foresight,False,19.8495734136946,19.8495734136946,19.8495734136946,19.8495734136946,0.0,6.217248937900877e-15,,0.0,False,deficit_discharge,sampled,2.5,42,deficit_discharge_48h,winter,0.0,True,,,,,,,,,,,,,,,,,,,,,,,,,,,,,,,,,,,,,,,,,,,,,,
2017-01-01 00:00:00+00:00,2.35,0.0,0.16,0.1499999999999999,0.0,0.1499999999999999,0.0,4.0,4.1425,0.0,0.0,2.5,0.0,0.1499999999999999,0.4,0.0014999999999999,0.0,-0.02565,0.4015,0.37585,0.0,0.0,0.0,0.4015,deterministic,False,9.91006845727922,9.91006845727922,9.91006845727922,9.91006845727922,0.0257221000501886,6.661338147750939e-16,,0.0,False,deficit_discharge,sampled,2.5,42,deficit_discharge_48h,winter,0.0,True,2017-01-01 00:00:00+00:00,2017-01-01 00:00:00+00:00,0.0,0.0,0.0,0.0,0.0,0.0,0.0,0.0,0.0,False,1.0,9.91006845727922,9.91006845727922,0.0,False,29.0,0.0999999999999999,1.0,a9af91ac018fe74e7c8c2d7f9bd291448fa689c3bfde8d99facab5ac8fefcf0c,1.0,1.0,1.0,1e-09,True,True,False,False,False,False,False,False,True,True,True,True,1.0,2.0,1.5,0.0,1.0,0.5,0.5,0.0,0.0
2017-01-01 01:00:00+00:00,2.35,0.0,0.16,0.1499999999999999,0.0,0.1499999999999999,0.0,4.1425,4.285,0.0,0.0,2.5,0.0,0.1499999999999999,0.4,0.0014999999999999,0.0,-0.02565,0.4015,0.37585,0.0,0.0,0.0,0.4015,deterministic,False,9.869818457279225,9.869818457279225,9.869818457279225,9.869818457279225,0.0250320000341162,6.661338147750939e-16,,0.0,False,deficit_discharge,sampled,2.5,42,deficit_discharge_48h,winter,0.0,True,2017-01-01 01:00:00+00:00,2017-01-01 01:00:00+00:00,0.0,0.0,0.0,0.0,0.0,0.0,0.0,0.0,0.0,False,1.0,9.869818457279225,9.869818457279225,0.0,False,29.0,0.0999999999999999,1.0,abe2e08bae8d63f9a1b669d0ef60a16297f8b05701c59074b5d4cb018e275127,1.0,1.0,1.0,1e-09,True,True,False,False,False,False,False,False,True,True,True,True,1.0,2.0,1.5,0.0,1.0,0.5,0.5,0.0,0.0
2017-01-01 02:00:00+00:00,2.35,0.0,0.16,0.1499999999999999,0.0,0.1499999999999999,0.0,4.285,4.4275,0.0,0.0,2.5,0.0,0.1499999999999999,0.4,0.0014999999999999,0.0,-0.02565,0.4015,0.37585,0.0,0.0,0.0,0.4015,deterministic,False,9.82956845727922,9.82956845727922,9.82956845727922,9.82956845727922,0.0363422000082209,2.458033776520097e-13,,0.0,False,deficit_discharge,sampled,2.5,42,deficit_discharge_48h,winter,0.0,True,2017-01-01 02:00:00+00:00,2017-01-01 02:00:00+00:00,0.0,0.0,0.0,0.0,0.0,0.0,0.0,0.0,0.0,False,1.0,9.82956845727922,9.82956845727922,0.0,False,29.0,0.0999999999999999,1.0,e2b522adae104afc33337bf1733d702bc76fa9fa353ad4323f88f732d1fc1c9b,1.0,1.0,1.0,1e-09,True,True,False,False,False,False,False,False,True,True,True,True,1.0,2.0,1.5,0.0,1.0,0.5,0.5,0.0,0.0
2017-01-01 03:00:00+00:00,2.35,0.0,0.16,0.1499999999999999,0.0,0.1499999999999999,0.0,4.4275,4.57,0.0,0.0,2.5,0.0,0.1499999999999999,0.4,0.0014999999999999,0.0,-0.02565,0.4015,0.37585,0.0,0.0,0.0,0.4015,deterministic,False,9.78931845727922,9.78931845727922,9.78931845727922,9.78931845727922,0.0262920000823214,5.6621374255882976e-15,,0.0,False,deficit_discharge,sampled,2.5,42,deficit_discharge_48h,winter,0.0,True,2017-01-01 03:00:00+00:00,2017-01-01 03:00:00+00:00,0.0,0.0,0.0,0.0,0.0,0.0,0.0,0.0,0.0,False,1.0,9.78931845727922,9.78931845727922,0.0,False,29.0,0.0999999999999999,1.0,c5f1be79c068c21a6977b6f7b225a814ae807385471dbb89b6c52942f94ada6d,1.0,1.0,1.0,1e-09,True,True,False,False,False,False,False,False,True,True,True,True,1.0,2.0,1.5,0.0,1.0,0.5,0.5,0.0,0.0
2017-01-01 04:00:00+00:00,2.35,0.0,0.16,0.1499999999999999,0.0,0.1499999999999999,0.0,4.57,4.7125,0.0,0.0,2.5,0.0,0.1499999999999999,0.4,0.0014999999999999,0.0,-0.02565,0.4015,0.37585,0.0,0.0,0.0,0.4015,deterministic,False,9.749068457279222,9.749068457279222,9.749068457279222,9.749068457279222,0.0276356999529525,6.661338147750939e-16,,0.0,False,deficit_discharge,sampled,2.5,42,deficit_discharge_48h,winter,0.0,True,2017-01-01 04:00:00+00:00,2017-01-01 04:00:00+00:00,0.0,0.0,0.0,0.0,0.0,0.0,0.0,0.0,0.0,False,1.0,9.749068457279222,9.749068457279222,0.0,False,29.0,0.0999999999999999,1.0,7d93cfeb4acbd5262e9fb2763023962be097e0dfa8eb8d8add63785fa3e0e7bf,1.0,1.0,1.0,1e-09,True,True,False,False,False,False,False,False,True,True,True,True,1.0,2.0,1.5,0.0,1.0,0.5,0.5,0.0,0.0
2017-01-01 05:00:00+00:00,2.35,0.0,0.16,0.1500488281250001,0.0,0.1499999999999999,0.0,4.7125,4.855,0.0,0.0,2.5,0.0,0.1499999999999999,0.4,0.0014999999999999,0.0,-0.02565,0.4015,0.37585,4.882812500017764e-05,0.0,0.0,0.4015,deterministic,False,9.708818457279223,9.708818457279223,9.708818457279223,9.708818457279223,0.0319976999890059,1.9317880628477724e-14,,0.0,False,deficit_discharge,sampled,2.5,42,deficit_discharge_48h,winter,0.0,True,2017-01-01 05:00:00+00:00,2017-01-01 05:00:00+00:00,0.0,4.8828125e-05,4.8828125e-05,4.8828125e-05,4.8828125e-05,4.8828125e-05,4.8828125e-05,0.0,4.8828125e-05,True,1.0,9.708818457279223,9.708818457279223,0.0,False,29.0,0.0999999999999999,1.0,c4b38462fdc2afc03e6db77329fa866c72bdd7d0371cbfffafb2be009264a048,1.0,1.0,0.0,1e-09,False,False,False,False,True,False,True,False,False,False,False,False,1.0,1.0,1.0,0.0,0.5,0.25,0.5,0.0,0.0
2017-01-01 06:00:00+00:00,2.8000000000000003,0.0,0.16,0.0,0.2858398437500002,0.0,0.3000000000000002,4.855,4.53921052631579,0.0,0.0,2.5,0.0,0.3000000000000002,0.4,0.003,0.0,0.0568421052631579,0.403,0.4598421052631579,0.0,0.0,0.0,0.403,deterministic,False,9.668569140872972,9.668569140872972,9.668569140872972,9.668569140872972,0.0313382999738678,1.3322676295501878e-13,,0.01416015625,False,deficit_discharge,sampled,2.5,42,deficit_discharge_48h,winter,0.0,True,2017-01-01 06:00:00+00:00,2017-01-01 06:00:00+00:00,0.0,0.01416015625,0.01416015625,0.01416015625,0.01416015625,0.01416015625,0.01416015625,0.0,0.01416015625,True,1.0,9.668569140872972,9.668569140872972,0.0,False,29.0,0.0999999999999999,1.0,39930689a5c258d5a937f7d18a5936a9af107ddba1f1a59d1cb4e1a97883c489,1.0,1.0,0.0,1e-09,False,False,False,False,True,False,True,False,False,False,False,False,1.0,1.0,1.0,0.0,0.5,0.25,0.5,0.0,0.0
2017-01-01 07:00:00+00:00,2.8000000000000003,0.0,0.16,0.0,0.1960774739583337,0.0,0.3000000000000002,4.53921052631579,4.223421052631579,0.0,0.0,2.5,0.0,0.3000000000000002,0.4,0.003,0.0,0.0568421052631579,0.403,0.4598421052631579,0.0,0.0,0.0,0.403,deterministic,False,9.61892037875386,9.61892037875386,9.61892037875386,9.61892037875386,0.0329165000002831,8.79296635503124e-14,,0.1039225260416665,False,deficit_discharge,sampled,2.5,42,deficit_discharge_48h,winter,0.0,True,2017-01-01 07:00:00+00:00,2017-01-01 07:00:00+00:00,0.0,0.1039225260416666,0.1039225260416666,0.1039225260416666,0.1039225260416666,0.1039225260416666,0.1039225260416666,0.0,0.1039225260416666,True,1.0,9.61892037875386,9.61892037875386,0.0,False,29.0,0.0999999999999999,1.0,059bd7ee62a38b7dd4026d5981ece1f2feece13c4890a7642dc01c1ef6e231d7,1.0,1.0,0.0,1e-09,False,False,False,False,True,False,True,False,False,False,False,False,1.0,1.0,1.0,0.0,0.5,0.25,0.5,0.0,0.0
2017-01-01 08:00:00+00:00,2.8000000000000003,0.0654296875,0.175,0.0,0.0,0.0,0.2345703125000002,4.223421052631579,3.976504934210526,0.0654296875,0.0,2.5,0.0,0.2345703125000002,0.4375,0.002345703125,0.0,0.0444449013157895,0.439845703125,0.4842906044407895,0.0,0.0,0.0,0.439845703125,deterministic,False,9.572515912896575,9.572515912896575,9.572515912896575,9.572515912896575,0.0418555999640375,8.881784197001252e-16,,0.2345703125000002,False,deficit_discharge,sampled,2.5,42,deficit_discharge_48h,winter,0.0,True,2017-01-01 08:00:00+00:00,2017-01-01 08:00:00+00:00,0.0,0.3493198939732143,0.3493198939732143,0.3493198939732143,0.3493198939732143,0.3493198939732143,0.3493198939732143,0.0,0.2838902064732143,True,1.0,9.572515912896575,9.572515912896575,0.0,False,29.0,0.0999999999999999,1.0,62127acdfdf8349a5b99e40823346319f8d9703a3922abb59bfe722cc7d670db,1.0,1.0,0.0,1e-09,False,False,False,False,True,False,True,False,False,False,False,False,1.0,1.0,1.0,0.0,0.5,0.25,0.5,0.0,0.0
2017-01-01 09:00:00+00:00,2.35,0.205078125,0.175,0.0,0.0,0.0,0.0,3.976504934210526,3.976504934210526,0.205078125,0.0,2.144921875,0.0,0.0,0.375361328125,0.0,0.0,-0.0,0.375361328125,0.375361328125,0.0,0.0,0.0,0.375361328125,deterministic,False,9.52968063703345,9.52968063703345,9.52968063703345,9.52968063703345,0.0405569999711588,8.881784197001252e-16,,0.0,False,deficit_discharge,sampled,2.5,42,deficit_discharge_48h,winter,0.0,True,2017-01-01 09:00:00+00:00,2017-01-01 09:00:00+00:00,0.0,0.6690592447916667,0.6690592447916667,0.6690592447916667,0.6690592447916667,0.6690592447916667,0.6690592447916667,0.0,0.4639811197916667,True,1.0,9.52968063703345,9.52968063703345,0.0,False,29.0,0.0999999999999999,1.0,db8bf09a8f0b0e21ad3365ed8c924ee0fbad22cdca96e12ae48a1ef7ba5b481b,1.0,1.0,0.0,1e-09,False,False,False,False,True,False,True,False,False,False,False,False,1.0,1.0,1.0,0.0,0.5,0.25,0.5,0.0,0.0
2017-01-01 10:00:00+00:00,2.35,0.32421875,0.175,0.0,0.0,0.0,0.0,3.976504934210526,3.976504934210526,0.32421875,0.0,2.02578125,0.0,0.0,0.35451171875,0.0,0.0,-0.0,0.35451171875,0.35451171875,0.0,0.0,0.0,0.35451171875,deterministic,False,9.481668348621994,9.481668348621994,9.481668348621994,9.481668348621994,0.043683199910447,8.881784197001252e-16,,0.0,False,deficit_discharge,sampled,2.5,42,deficit_discharge_48h,winter,0.0,True,2017-01-01 10:00:00+00:00,2017-01-01 10:00:00+00:00,0.0,1.0831112816220236,1.0831112816220236,1.0831112816220236,1.0831112816220236,1.0831112816220236,1.0831112816220236,0.0,0.7588925316220236,True,1.0,9.481668348621994,9.481668348621994,0.0,False,29.0,0.0999999999999999,1.0,a6fb9d444746404782307235402ddbb4eaa68f224e93b06a0bbbb6b2ee3c4519,1.0,1.0,0.0,1e-09,False,False,False,False,True,False,True,False,False,False,False,False,1.0,1.0,1.0,0.0,0.5,0.25,0.5,0.0,0.0
2017-01-01 11:00:00+00:00,2.35,0.400390625,0.175,0.4679449445983386,0.0,0.4679449445983386,0.0,3.976504934210526,4.421052631578948,0.400390625,0.0,2.417554319598339,0.0,0.4679449445983386,0.4230720059297093,0.0046794494459833,0.0,-0.0800185855263159,0.4277514553756926,0.3477328698493767,0.0,0.0,1.6653345369377348e-16,0.4277514553756926,deterministic,False,9.439531711252204,9.439531711252204,9.439531711252204,9.439531711252204,0.0440843000542372,8.881784197001252e-16,,0.0,False,deficit_discharge,sampled,2.5,42,deficit_discharge_48h,winter,0.0,True,2017-01-01 11:00:00+00:00,2017-01-01 11:00:00+00:00,0.0,1.2832903180803572,1.2832903180803572,1.2832903180803572,1.2832903180803572,1.2832903180803572,1.2832903180803572,0.0,0.8828996930803572,True,1.0,9.439531711252204,9.439531711252204,0.0,False,29.0,0.0999999999999999,1.0,2b6fb7286dcb5bd0b282557d3a9ee4bd074cff0953d0786786572939b5ed2ba7,1.0,1.0,0.0,1e-09,False,False,False,False,True,False,True,False,False,False,False,False,1.0,1.0,1.0,0.0,0.5,0.25,0.5,0.0,0.0
2017-01-01 12:00:00+00:00,2.35,0.9794921875,0.175,0.0,0.0,0.0,0.0,4.421052631578948,4.421052631578948,0.9794921875,0.0,1.3705078125,0.0,0.0,0.2398388671875,0.0,0.0,-0.0,0.2398388671875,0.2398388671875,0.0,0.0,0.0,0.2398388671875,deterministic,False,9.394162122652824,9.394162122652824,9.394162122652824,9.394162122652824,0.0386886999476701,4.440892098500626e-16,,0.0,False,deficit_discharge,sampled,2.5,42,deficit_discharge_48h,winter,0.0,True,2017-01-01 12:00:00+00:00,2017-01-01 12:00:00+00:00,0.0,1.324286179315476,1.324286179315476,1.324286179315476,1.324286179315476,1.324286179315476,1.324286179315476,0.0,0.3447939918154761,True,1.0,9.394162122652824,9.394162122652824,0.0,False,29.0,0.0999999999999999,1.0,a2a9bf3af1a987ea21ccdcb876f0cf7c83763c5c742ae97bd801ebe89e0a355d,1.0,1.0,0.0,1e-09,False,False,False,False,True,False,True,False,False,False,False,False,1.0,1.0,1.0,0.0,0.5,0.25,0.5,0.0,0.0
2017-01-01 13:00:00+00:00,2.35,1.4052734375,0.175,0.0,0.0,0.0,0.0,4.421052631578948,4.421052631578948,1.4052734375,0.0,0.9447265625,0.0,0.0,0.1653271484375,0.0,0.0,-0.0,0.1653271484375,0.1653271484375,0.0,0.0,0.0,0.1653271484375,deterministic,False,9.356885918225744,9.356885918225744,9.356885918225744,9.356885918225744,0.0374019999289885,4.440892098500626e-16,,0.0,False,deficit_discharge,sampled,2.5,42,deficit_discharge_48h,winter,0.0,True,2017-01-01 13:00:00+00:00,2017-01-01 13:00:00+00:00,0.0,1.023089890252976,1.023089890252976,1.023089890252976,1.023089890252976,1.023089890252976,1.023089890252976,0.0,-0.3821835472470238,True,1.0,9.356885918225744,9.356885918225744,0.0,False,29.0,0.0999999999999999,1.0,a1fc6cf73386c38ed61d6eb85dca2e0231df1c86c80ad4af61f302db2a2b1d48,1.0,1.0,0.0,1e-09,False,False,False,False,False,True,False,True,False,False,False,False,2.0,2.0,2.0,0.5,1.0,0.75,0.5,0.0,0.0
2017-01-01 14:00:00+00:00,2.35,0.5703125,0.175,0.0,0.0,0.0,0.0,4.421052631578948,4.421052631578948,0.5703125,0.0,1.7796875,0.0,0.0,0.3114453125,0.0,0.0,-0.0,0.3114453125,0.3114453125,0.0,0.0,0.0,0.3114453125,deterministic,False,9.307492200777826,9.307492200777826,9.307492200777826,9.307492200777826,0.0375771999824792,4.440892098500626e-16,,0.0,False,deficit_discharge,sampled,2.5,42,deficit_discharge_48h,winter,0.0,True,2017-01-01 14:00:00+00:00,2017-01-01 14:00:00+00:00,0.0,0.6441859654017856,0.6441859654017856,0.6441859654017856,0.6441859654017856,0.6441859654017856,0.6441859654017856,0.0,0.0738734654017856,True,1.0,9.307492200777826,9.307492200777826,0.0,False,29.0,0.0999999999999999,1.0,17d6f738882e2d67a55e0bb22e082c24d06d300d0ff903cc88d05d38f2a93f1c,1.0,1.0,0.0,1e-09,False,False,False,False,True,False,True,False,False,False,False,False,1.0,1.0,1.0,0.0,0.5,0.25,0.5,0.0,0.0
2017-01-01 15:00:00+00:00,2.35,0.009765625,0.175,0.0,0.0,0.0,0.0,4.421052631578948,4.421052631578948,0.009765625,0.0,2.340234375,0.0,0.0,0.409541015625,0.0,0.0,-0.0,0.409541015625,0.409541015625,0.0,0.0,0.0,0.409541015625,deterministic,False,9.252454765881993,9.252454765881993,9.252454765881993,9.252454765881993,0.0389404000015929,4.440892098500626e-16,,0.0,False,deficit_discharge,sampled,2.5,42,deficit_discharge_48h,winter,0.0,True,2017-01-01 15:00:00+00:00,2017-01-01 15:00:00+00:00,0.0,0.1107793898809523,0.1107793898809523,0.1107793898809523,0.1107793898809523,0.1107793898809523,0.1107793898809523,0.0,0.1010137648809523,True,1.0,9.252454765881993,9.252454765881993,0.0,False,29.0,0.0999999999999999,1.0,37407b6f4b51d759c32c5fbef46732cb8bfab55dfaa6b947e2e6ab4f6cc0a761,1.0,1.0,0.0,1e-09,False,False,False,False,True,False,True,False,False,False,False,False,1.0,1.0,1.0,0.0,0.5,0.25,0.5,0.0,0.0
2017-01-01 16:00:00+00:00,2.35,0.0,0.175,0.0,0.0,0.0,0.0,4.421052631578948,4.421052631578948,0.0,0.0,2.35,0.0,0.0,0.41125,0.0,0.0,-0.0,0.41125,0.41125,0.0,0.0,0.0,0.41125,deterministic,False,9.209695569918448,9.209695569918448,9.209695569918448,9.209695569918448,0.040676699951291,4.440892098500626e-16,,0.0,False,deficit_discharge,sampled,2.5,42,deficit_discharge_48h,winter,0.0,True,2017-01-01 16:00:00+00:00,2017-01-01 16:00:00+00:00,0.0,0.0035807291666666,0.0035807291666666,0.0035807291666666,0.0035807291666666,0.0035807291666666,0.0035807291666666,0.0,0.0035807291666666,True,1.0,9.209695569918448,9.209695569918448,0.0,False,29.0,0.0999999999999999,1.0,3f6de092ec3eb98ac89167e36b311b050470de4bdd240f070fa3edb4e8d9b42a,1.0,1.0,0.0,1e-09,False,False,False,False,True,False,True,False,False,False,False,False,1.0,1.0,1.0,0.0,0.5,0.25,0.5,0.0,0.0
2017-01-01 17:00:00+00:00,3.2,0.0,0.2,0.0,0.7000000000000002,0.0,0.7000000000000002,4.421052631578948,3.68421052631579,0.0,0.0,2.5,0.0,0.7000000000000002,0.5,0.007,0.0,0.1326315789473684,0.507,0.6396315789473684,0.0,0.0,0.0,0.507,deterministic,False,9.166195814059074,9.166195814059074,9.166195814059074,9.166195814059074,0.0367983999894931,4.440892098500626e-16,,0.0,False,deficit_discharge,sampled,2.5,42,deficit_discharge_48h,winter,0.0,True,2017-01-01 17:00:00+00:00,2017-01-01 17:00:00+00:00,0.0,0.0,0.0,0.0,0.0,0.0,0.0,0.0,0.0,False,1.0,9.166195814059074,9.166195814059074,0.0,False,29.0,0.0999999999999999,1.0,59f2fc68a507523634ab9fb81c2c46b3b0e3c2cc7ebf7ae45586df1ce647c5e9,1.0,1.0,1.0,1e-09,True,True,False,False,False,False,False,False,True,True,True,True,1.0,2.0,1.5,0.0,1.0,0.5,0.5,0.0,0.0
2017-01-01 18:00:00+00:00,3.2,0.0,0.2,0.0,0.7000000000000002,0.0,0.7000000000000002,3.68421052631579,2.947368421052632,0.0,0.0,2.5,0.0,0.7000000000000002,0.5,0.007,0.0,0.1326315789473684,0.507,0.6396315789473684,0.0,0.0,0.0,0.507,deterministic,False,9.115346377460988,9.115346377460988,9.115346377460988,9.115346377460988,0.0393283000448718,4.440892098500626e-16,,0.0,False,deficit_discharge,sampled,2.5,42,deficit_discharge_48h,winter,0.0,True,2017-01-01 18:00:00+00:00,2017-01-01 18:00:00+00:00,0.0,0.0,0.0,0.0,0.0,0.0,0.0,0.0,0.0,False,1.0,9.115346377460988,9.115346377460988,0.0,False,29.0,0.0999999999999999,1.0,b583ca6547d5460c70211c6b17001255e9b86fe18bc9fd20e0f2c10137241333,1.0,1.0,1.0,1e-09,True,True,False,False,False,False,False,False,True,True,True,True,1.0,2.0,1.5,0.0,1.0,0.5,0.5,0.0,0.0
2017-01-01 19:00:00+00:00,3.2,0.0,0.2,0.0,0.6999999999999997,0.0,0.7000000000000002,2.947368421052632,2.210526315789474,0.0,0.0,2.5,0.0,0.7000000000000002,0.5,0.007,0.0,0.1326315789473684,0.507,0.6396315789473684,0.0,0.0,0.0,0.507,deterministic,False,9.065714798513618,9.065714798513618,9.065714798513618,9.065714798513618,0.0368698000675067,4.440892098500626e-16,,4.440892098500626e-16,False,deficit_discharge,sampled,2.5,42,deficit_discharge_48h,winter,0.0,True,2017-01-01 19:00:00+00:00,2017-01-01 19:00:00+00:00,0.0,0.0,0.0,0.0,0.0,0.0,0.0,0.0,0.0,False,1.0,9.065714798513618,9.065714798513618,0.0,False,29.0,0.0999999999999999,1.0,192b9578edd3df99c1e7e224bccbefb4240f27c47efb08eeb86688a2821f4c75,1.0,1.0,1.0,1e-09,True,True,False,False,False,False,False,False,True,True,True,True,1.0,2.0,1.5,0.0,1.0,0.5,0.5,0.0,0.0
2017-01-01 20:00:00+00:00,3.2,0.0,0.2,0.0,0.7000000000000002,0.0,0.7000000000000002,2.210526315789474,1.473684210526316,0.0,0.0,2.5,0.0,0.7000000000000002,0.5,0.007,0.0,0.1326315789473684,0.507,0.6396315789473684,0.0,0.0,0.0,0.507,deterministic,False,9.016083219566248,9.016083219566248,9.016083219566248,9.016083219566248,0.0370459000114351,2.220446049250313e-16,,0.0,False,deficit_discharge,sampled,2.5,42,deficit_discharge_48h,winter,0.0,True,2017-01-01 20:00:00+00:00,2017-01-01 20:00:00+00:00,0.0,0.0,0.0,0.0,0.0,0.0,0.0,0.0,0.0,False,1.0,9.016083219566248,9.016083219566248,0.0,False,29.0,0.0999999999999999,1.0,1e11440847568f8029a3248e7b6395deda9f78fbe9e88618aad8c78f413a64bd,1.0,1.0,1.0,1e-09,True,True,False,False,False,False,False,False,True,True,True,True,1.0,2.0,1.5,0.0,1.0,0.5,0.5,0.0,0.0
2017-01-01 21:00:00+00:00,3.2,0.0,0.2,0.0,0.7,0.0,0.7000000000000002,1.473684210526316,0.7368421052631579,0.0,0.0,2.5,0.0,0.7000000000000002,0.5,0.007,0.0,0.1326315789473684,0.507,0.6396315789473684,0.0,0.0,0.0,0.507,deterministic,False,8.966451640618882,8.966451640618882,8.966451640618882,8.966451640618882,0.0387919000349938,0.0,,2.220446049250313e-16,False,deficit_discharge,sampled,2.5,42,deficit_discharge_48h,winter,0.0,True,2017-01-01 21:00:00+00:00,2017-01-01 21:00:00+00:00,0.0,0.0,0.0,0.0,0.0,0.0,0.0,0.0,0.0,False,1.0,8.966451640618882,8.966451640618882,0.0,False,29.0,0.0999999999999999,1.0,adbddf864cfad6712a868485e634ec6976fc30c7944e700c706350ea38932e28,1.0,1.0,1.0,1e-09,True,True,False,False,False,False,False,False,True,True,True,True,1.0,2.0,1.5,0.0,1.0,0.5,0.5,0.0,0.0
2017-01-01 22:00:00+00:00,3.2,0.0,0.16,0.0,0.7000000000000002,0.0,0.6999999999999998,0.7368421052631579,1.1102230246251563e-16,0.0,0.0,2.5,4.440892098500626e-16,0.6999999999999998,0.4,0.0069999999999999,4.440892098500626e-15,0.1326315789473683,0.4070000000000044,0.5396315789473729,0.0,3.3306690738754696e-16,0.0,0.407,deterministic,False,8.916820061671514,8.916820061671514,8.916820061671514,8.916820061671514,0.0386148999677971,6.661338147750939e-16,,0.0,False,deficit_discharge,sampled,2.5,42,deficit_discharge_48h,winter,0.0,True,2017-01-01 22:00:00+00:00,2017-01-01 22:00:00+00:00,0.0,0.0,0.0,0.0,0.0,0.0,0.0,0.0,0.0,False,1.0,8.916820061671514,8.916820061671514,0.0,False,29.0,0.0999999999999999,1.0,c9be28906ed7bc30d2d2d42cb92d5335c3a3fe7b3c14a5ed280cef9a3a42aad1,1.0,1.0,1.0,1e-09,True,True,False,False,False,False,False,False,True,True,True,True,1.0,2.0,1.5,0.0,1.0,0.5,0.5,0.0,0.0
2017-01-01 23:00:00+00:00,2.35,0.0,0.16,0.1499999999999998,0.0,0.1499999999999998,0.0,1.1102230246251563e-16,0.1424999999999999,0.0,0.0,2.5,0.0,0.1499999999999998,0.4,0.0014999999999999,0.0,-0.0256499999999999,0.4015,0.3758500000000001,0.0,0.0,8.326672684688674e-17,0.4015,deterministic,False,8.872974192442326,8.872974192442326,8.872974192442326,8.872974192442326,0.0397633999818936,1.1102230246251563e-16,,0.0,False,deficit_discharge,sampled,2.5,42,deficit_discharge_48h,winter,0.0,True,2017-01-01 23:00:00+00:00,2017-01-01 23:00:00+00:00,0.0,0.0,0.0,0.0,0.0,0.0,0.0,0.0,0.0,False,1.0,8.872974192442326,8.872974192442326,0.0,False,29.0,0.0999999999999999,1.0,e63a2f63f5a372e464377c28186de6e053f865d5bc7298c0ee21ecff4ea05d4b,1.0,1.0,1.0,1e-09,True,True,False,False,False,False,False,False,True,True,True,True,1.0,2.0,1.5,0.0,1.0,0.5,0.5,0.0,0.0
2017-01-02 00:00:00+00:00,2.1,0.0,0.16,0.3999999999999999,0.0,0.3999999999999999,0.0,0.1424999999999999,0.5224999999999999,0.0,0.0,2.5,0.0,0.3999999999999999,0.4,0.0039999999999999,0.0,-0.0683999999999999,0.404,0.3356,0.0,0.0,0.0,0.404,deterministic,False,8.832724192442328,8.832724192442328,8.832724192442328,8.832724192442328,0.0407368999440223,2.220446049250313e-16,,0.0,False,deficit_discharge,sampled,2.5,42,deficit_discharge_48h,winter,0.0,True,2017-01-02 00:00:00+00:00,2017-01-02 00:00:00+00:00,0.0,0.0,0.0,0.0,0.0,0.0,0.0,0.0,0.0,False,1.0,8.832724192442328,8.832724192442328,0.0,False,29.0,0.0999999999999999,1.0,06e1b3a0854bdf63dc3e69ae68e37b53a7c3632745b230aabf3a0e70b8c05f7d,1.0,1.0,1.0,1e-09,True,True,False,False,False,False,False,False,True,True,True,True,1.0,2.0,1.5,0.0,1.0,0.5,0.5,0.0,0.0
2017-01-02 01:00:00+00:00,2.1,0.0,0.16,0.3999999999999999,0.0,0.3999999999999999,0.0,0.5224999999999999,0.9024999999999996,0.0,0.0,2.5,0.0,0.3999999999999999,0.4,0.0039999999999999,0.0,-0.0683999999999999,0.404,0.3356,0.0,0.0,0.0,0.404,deterministic,False,8.832724192442326,8.832724192442326,8.832724192442326,8.832724192442326,0.0411391999805346,0.0,,0.0,False,deficit_discharge,sampled,2.5,42,deficit_discharge_48h,winter,0.0,True,2017-01-02 01:00:00+00:00,2017-01-02 01:00:00+00:00,0.0,0.0,0.0,0.0,0.0,0.0,0.0,0.0,0.0,False,1.0,8.832724192442326,8.832724192442326,0.0,False,29.0,0.0999999999999999,1.0,6180c480c6b096035dc2ae125b48c1bcecc2ac31744dc68357a2f8bf2adc74ad,1.0,1.0,1.0,1e-09,True,True,False,False,False,False,False,False,True,True,True,True,1.0,2.0,1.5,0.0,1.0,0.5,0.5,0.0,0.0
2017-01-02 02:00:00+00:00,2.1,0.0,0.16,0.3999999999999999,0.0,0.3999999999999999,0.0,0.9024999999999996,1.2824999999999998,0.0,0.0,2.5,0.0,0.3999999999999999,0.4,0.0039999999999999,0.0,-0.0684,0.404,0.3356,0.0,0.0,0.0,0.404,deterministic,False,8.832724192442326,8.832724192442326,8.832724192442326,8.832724192442326,0.041448300005868,0.0,,0.0,False,deficit_discharge,sampled,2.5,42,deficit_discharge_48h,winter,0.0,True,2017-01-02 02:00:00+00:00,2017-01-02 02:00:00+00:00,0.0,0.0,0.0,0.0,0.0,0.0,0.0,0.0,0.0,False,1.0,8.832724192442326,8.832724192442326,0.0,False,29.0,0.0999999999999999,1.0,6feca8814e25b24a6ee8ec3f008cda943a6071b707c1afefca5eb4697579ad01,1.0,1.0,1.0,1e-09,True,True,False,False,False,False,False,False,True,True,True,True,1.0,2.0,1.5,0.0,1.0,0.5,0.5,0.0,0.0
2017-01-02 03:00:00+00:00,2.1,0.0,0.16,0.3999999999999999,0.0,0.3999999999999999,0.0,1.2824999999999998,1.6624999999999996,0.0,0.0,2.5,0.0,0.3999999999999999,0.4,0.0039999999999999,0.0,-0.0683999999999999,0.404,0.3356,0.0,0.0,0.0,0.404,deterministic,False,8.832724192442328,8.832724192442328,8.832724192442328,8.832724192442328,0.0405056999297812,0.0,,0.0,False,deficit_discharge,sampled,2.5,42,deficit_discharge_48h,winter,0.0,True,2017-01-02 03:00:00+00:00,2017-01-02 03:00:00+00:00,0.0,0.0,0.0,0.0,0.0,0.0,0.0,0.0,0.0,False,1.0,8.832724192442328,8.832724192442328,0.0,False,29.0,0.0999999999999999,1.0,849f8d7c1c8793ea7912819fd98ad6c9aee769040ea396ba64248648fa4afa7f,1.0,1.0,1.0,1e-09,True,True,False,False,False,False,False,False,True,True,True,True,1.0,2.0,1.5,0.0,1.0,0.5,0.5,0.0,0.0
2017-01-02 04:00:00+00:00,2.1,0.0,0.16,0.3999999999999999,0.0,0.3999999999999999,0.0,1.6624999999999996,2.0424999999999995,0.0,0.0,2.5,0.0,0.3999999999999999,0.4,0.0039999999999999,0.0,-0.0683999999999999,0.404,0.3356,0.0,0.0,0.0,0.404,deterministic,False,8.832724192442328,8.832724192442328,8.832724192442328,8.832724192442328,0.0418275999836623,0.0,,0.0,False,deficit_discharge,sampled,2.5,42,deficit_discharge_48h,winter,0.0,True,2017-01-02 04:00:00+00:00,2017-01-02 04:00:00+00:00,0.0,0.0,0.0,0.0,0.0,0.0,0.0,0.0,0.0,False,1.0,8.832724192442328,8.832724192442328,0.0,False,29.0,0.0999999999999999,1.0,78a00dcc0397ffe861f87920de0202ee22895ab4bcc5b971bfe93250c27f5b38,1.0,1.0,1.0,1e-09,True,True,False,False,False,False,False,False,True,True,True,True,1.0,2.0,1.5,0.0,1.0,0.5,0.5,0.0,0.0
2017-01-02 05:00:00+00:00,2.1,0.0,0.16,0.4000488281250001,0.0,0.3999999999999999,0.0,2.0424999999999995,2.4224999999999994,0.0,0.0,2.5,0.0,0.3999999999999999,0.4,0.0039999999999999,0.0,-0.0683999999999999,0.404,0.3356,4.882812500017764e-05,0.0,0.0,0.404,deterministic,False,8.832724192442328,8.832724192442328,8.832724192442328,8.832724192442328,0.0412369999103248,0.0,,0.0,False,deficit_discharge,sampled,2.5,42,deficit_discharge_48h,winter,0.0,True,2017-01-02 05:00:00+00:00,2017-01-02 05:00:00+00:00,0.0,4.8828125e-05,4.8828125e-05,4.8828125e-05,4.8828125e-05,4.8828125e-05,4.8828125e-05,0.0,4.8828125e-05,True,1.0,8.832724192442328,8.832724192442328,0.0,False,29.0,0.0999999999999999,1.0,c1bfb05d18754543d568ed51556f7dad17a75adeb199b61b0db8e5559c4a6153,1.0,1.0,0.0,1e-09,False,False,False,False,True,False,True,False,False,False,False,False,1.0,1.0,1.0,0.0,0.5,0.25,0.5,0.0,0.0
2017-01-02 06:00:00+00:00,2.5500000000000003,0.0,0.16,0.0,0.0358398437500002,0.0,0.0500000000000002,2.4224999999999994,2.369868421052631,0.0,0.0,2.5,0.0,0.0500000000000002,0.4,0.0005,0.0,0.0094736842105263,0.4005,0.4099736842105264,0.0,0.0,0.0,0.4005,deterministic,False,8.832724876036076,8.832724876036076,8.832724876036076,8.832724876036076,0.0345946999732404,0.0,,0.01416015625,False,deficit_discharge,sampled,2.5,42,deficit_discharge_48h,winter,0.0,True,2017-01-02 06:00:00+00:00,2017-01-02 06:00:00+00:00,0.0,0.01416015625,0.01416015625,0.01416015625,0.01416015625,0.01416015625,0.01416015625,0.0,0.01416015625,True,1.0,8.832724876036076,8.832724876036076,0.0,False,29.0,0.0999999999999999,1.0,029035e60a91708f45a2f5dbcc6df08a239889936d9dbbbb2eb15a798301fecc,1.0,1.0,0.0,1e-09,False,False,False,False,True,False,True,False,False,False,False,False,1.0,1.0,1.0,0.0,0.5,0.25,0.5,0.0,0.0
2017-01-02 07:00:00+00:00,2.5500000000000003,0.0,0.16,0.0535737537202378,0.0,0.0,0.0500000000000002,2.369868421052631,2.3172368421052623,0.0,0.0,2.5,0.0,0.0500000000000002,0.4,0.0005,0.0,0.0094736842105263,0.4005,0.4099736842105264,0.0535737537202378,0.0,0.0,0.4005,deterministic,False,8.832944534969595,8.832944534969595,8.832944534969595,8.832944534969595,0.0348081000847741,0.0,,0.0500000000000002,False,deficit_discharge,sampled,2.5,42,deficit_discharge_48h,winter,0.0,True,2017-01-02 07:00:00+00:00,2017-01-02 07:00:00+00:00,0.0,0.1035737537202381,0.1035737537202381,0.1035737537202381,0.1035737537202381,0.1035737537202381,0.1035737537202381,0.0,0.1035737537202381,True,1.0,8.832944534969595,8.832944534969595,0.0,False,29.0,0.0999999999999999,1.0,5b942b5bddccbb513cc51d95081e80ed732de63038d8bb4753f92a812c7531df,1.0,1.0,0.0,1e-09,False,False,False,False,True,False,True,False,False,False,False,False,1.0,1.0,1.0,0.0,0.5,0.25,0.5,0.0,0.0
2017-01-02 08:00:00+00:00,2.5500000000000003,0.0498046875,0.175,0.0,0.0,0.0,0.0001953125000002,2.3172368421052623,2.317031249999999,0.0498046875,0.0,2.5,0.0,0.0001953125000002,0.4375,1.9531250000026644e-06,0.0,3.700657894738946e-05,0.437501953125,0.4375389597039474,0.0,0.0,0.0,0.437501953125,deterministic,False,8.835003638056001,8.835003638056001,8.835003638056001,8.835003638056001,0.0394072000635787,8.881784197001252e-16,,0.0001953125000002,False,deficit_discharge,sampled,2.5,42,deficit_discharge_48h,winter,0.0,True,2017-01-02 08:00:00+00:00,2017-01-02 08:00:00+00:00,0.0,0.3536446707589286,0.3536446707589286,0.3536446707589286,0.3536446707589286,0.3536446707589286,0.3536446707589286,0.0,0.3038399832589286,True,1.0,8.835003638056001,8.835003638056001,0.0,False,29.0,0.0999999999999999,1.0,9d89c9232759cc89829a6fd4528ecf90600ca9d84e84899750bd343b5a539f8c,1.0,1.0,0.0,1e-09,False,False,False,False,True,False,True,False,False,False,False,False,1.0,1.0,1.0,0.0,0.5,0.25,0.5,0.0,0.0
2017-01-02 09:00:00+00:00,2.1,0.1552734375,0.175,0.0,0.0,0.0,0.0,2.317031249999999,2.317031249999999,0.1552734375,0.0,1.9447265625,0.0,0.0,0.3403271484375,0.0,0.0,-0.0,0.3403271484375,0.3403271484375,0.0,0.0,0.0,0.3403271484375,deterministic,False,8.838534581245854,8.838534581245854,8.838534581245854,8.838534581245854,0.0422570999944582,0.0,,0.0,False,deficit_discharge,sampled,2.5,42,deficit_discharge_48h,winter,0.0,True,2017-01-02 09:00:00+00:00,2017-01-02 09:00:00+00:00,0.0,0.6747791108630952,0.6747791108630952,0.6747791108630952,0.6747791108630952,0.6747791108630952,0.6747791108630952,0.0,0.5195056733630952,True,1.0,8.838534581245854,8.838534581245854,0.0,False,29.0,0.0999999999999999,1.0,0a9b0fe40886c4c5f465d5782b92f2d15751aa0e056671f32197ce65337dda97,1.0,1.0,0.0,1e-09,False,False,False,False,True,False,True,False,False,False,False,False,1.0,1.0,1.0,0.0,0.5,0.25,0.5,0.0,0.0
2017-01-02 10:00:00+00:00,2.1,0.1953125,0.175,0.0,0.0,0.0,0.0,2.317031249999999,2.317031249999999,0.1953125,0.0,1.9046875,0.0,0.0,0.3333203125,0.0,0.0,-0.0,0.3333203125,0.3333203125,0.0,0.0,0.0,0.3333203125,deterministic,False,8.845305414579187,8.845305414579187,8.845305414579187,8.845305414579187,0.069022599956952,0.0,,0.0,False,deficit_discharge,sampled,2.5,42,deficit_discharge_48h,winter,0.0,True,2017-01-02 10:00:00+00:00,2017-01-02 10:00:00+00:00,0.0,1.0505359468005953,1.0505359468005953,1.0505359468005953,1.0505359468005953,1.0505359468005953,1.0505359468005953,0.0,0.8552234468005953,True,1.0,8.845305414579187,8.845305414579187,0.0,False,29.0,0.0999999999999999,1.0,24eebacbea932c805a38534d41d3bcf81666008b576c7241e97c42ee13092423,1.0,1.0,0.0,1e-09,False,False,False,False,True,False,True,False,False,False,False,False,1.0,1.0,1.0,0.0,0.5,0.25,0.5,0.0,0.0
2017-01-02 11:00:00+00:00,2.1,0.705078125,0.175,0.0,0.0,0.0,0.0,2.317031249999999,2.317031249999999,0.705078125,0.0,1.394921875,0.0,0.0,0.244111328125,0.0,0.0,-0.0,0.244111328125,0.244111328125,0.0,0.0,0.0,0.244111328125,deterministic,False,8.86213891067294,8.86213891067294,8.86213891067294,8.86213891067294,0.0395931999664753,0.0,,0.0,False,deficit_discharge,sampled,2.5,42,deficit_discharge_48h,winter,0.0,True,2017-01-02 11:00:00+00:00,2017-01-02 11:00:00+00:00,0.0,1.2465297154017856,1.2465297154017856,1.2465297154017856,1.2465297154017856,1.2465297154017856,1.2465297154017856,0.0,0.5414515904017856,True,1.0,8.86213891067294,8.86213891067294,0.0,False,29.0,0.0999999999999999,1.0,ad0c09f80f0f8c5403e1758449cfcfa71926a6b858626740b0300db9b6f84f4c,1.0,1.0,0.0,1e-09,False,False,False,False,True,False,True,False,False,False,False,False,1.0,1.0,1.0,0.0,0.5,0.25,0.5,0.0,0.0
2017-01-02 12:00:00+00:00,2.1,1.57421875,0.175,0.0412325530108183,0.0,0.0412325530108183,0.0,2.317031249999999,2.356202175360276,1.57421875,0.0,0.5670138030108185,0.0,0.0412325530108183,0.0992274155268932,0.0004123255301081,0.0,-0.0070507665648498,0.0996397410570014,0.0925889744921515,0.0,0.0,6.938893903907227e-17,0.0996397410570014,deterministic,False,8.879027338407314,8.879027338407314,8.879027338407314,8.879027338407314,0.0406094999052584,4.440892098500626e-16,,0.0,False,deficit_discharge,sampled,2.5,42,deficit_discharge_48h,winter,0.0,True,2017-01-02 12:00:00+00:00,2017-01-02 12:00:00+00:00,0.0,1.3270763578869047,1.3270763578869047,1.3270763578869047,1.3270763578869047,1.3270763578869047,1.3270763578869047,0.0,-0.2471423921130953,True,1.0,8.879027338407314,8.879027338407314,0.0,False,29.0,0.0999999999999999,1.0,684477d9bd1f8854909a2617f2cee70b8b51da529714939df83b4afc0934e830,1.0,1.0,0.0,1e-09,False,False,False,False,False,True,False,True,False,False,False,False,2.0,2.0,2.0,0.5,1.0,0.75,0.5,0.0,0.0
2017-01-02 13:00:00+00:00,2.1,0.375,0.175,0.107896205357143,0.0,0.107896205357143,0.0,2.356202175360276,2.458703570449562,0.375,0.0,1.8328962053571431,0.0,0.107896205357143,0.3207568359375,0.0010789620535714,0.0,-0.0184502511160714,0.3218357979910715,0.303385546875,0.0,0.0,0.0,0.3218357979910715,deterministic,False,8.875998503889122,8.875998503889122,8.875998503889122,8.875998503889122,0.0429821000434458,8.881784197001252e-16,,0.0,False,deficit_discharge,sampled,2.5,42,deficit_discharge_48h,winter,0.0,True,2017-01-02 13:00:00+00:00,2017-01-02 13:00:00+00:00,0.0,1.1002383277529764,1.1002383277529764,1.1002383277529764,1.1002383277529764,1.1002383277529764,1.1002383277529764,0.0,0.7252383277529764,True,1.0,8.875998503889122,8.875998503889122,0.0,False,29.0,0.0999999999999999,1.0,840cd6604d1e04dd428edfd714bbbcc1bfb8a99857af52d4bdde050cda672115,1.0,1.0,0.0,1e-09,False,False,False,False,True,False,True,False,False,False,False,False,1.0,1.0,1.0,0.0,0.5,0.25,0.5,0.0,0.0
2017-01-02 14:00:00+00:00,2.1,0.0302734375,0.175,0.0,0.0,0.0,0.0,2.458703570449562,2.458703570449562,0.0302734375,0.0,2.0697265625,0.0,0.0,0.3622021484375,0.0,0.0,-0.0,0.3622021484375,0.3622021484375,0.0,0.0,0.0,0.3622021484375,deterministic,False,8.859697104149538,8.859697104149538,8.859697104149538,8.859697104149538,0.0411715999944135,4.440892098500626e-16,,0.0,False,deficit_discharge,sampled,2.5,42,deficit_discharge_48h,winter,0.0,True,2017-01-02 14:00:00+00:00,2017-01-02 14:00:00+00:00,0.0,0.6796212332589285,0.6796212332589285,0.6796212332589285,0.6796212332589285,0.6796212332589285,0.6796212332589285,0.0,0.6493477957589285,True,1.0,8.859697104149538,8.859697104149538,0.0,False,29.0,0.0999999999999999,1.0,769fb10b5f696667f5158c05f643c0ca31af053e31c79a1813047ccd3013d9ac,1.0,1.0,0.0,1e-09,False,False,False,False,True,False,True,False,False,False,False,False,1.0,1.0,1.0,0.0,0.5,0.25,0.5,0.0,0.0
2017-01-02 15:00:00+00:00,2.1,0.0,0.175,0.0,0.0,0.0,0.0,2.458703570449562,2.458703570449562,0.0,0.0,2.1,0.0,0.0,0.3675,0.0,0.0,-0.0,0.3675,0.3675,0.0,0.0,0.0,0.3675,deterministic,False,8.877010743472454,8.877010743472454,8.877010743472454,8.877010743472454,0.0407198000466451,4.440892098500626e-16,,0.0,False,deficit_discharge,sampled,2.5,42,deficit_discharge_48h,winter,0.0,True,2017-01-02 15:00:00+00:00,2017-01-02 15:00:00+00:00,0.0,0.1114769345238095,0.1114769345238095,0.1114769345238095,0.1114769345238095,0.1114769345238095,0.1114769345238095,0.0,0.1114769345238095,True,1.0,8.877010743472454,8.877010743472454,0.0,False,29.0,0.0999999999999999,1.0,68e1b8a44b74836174def16a755e89ce25529f815a4c4695f5ad34182d6ebe78,1.0,1.0,0.0,1e-09,False,False,False,False,True,False,True,False,False,False,False,False,1.0,1.0,1.0,0.0,0.5,0.25,0.5,0.0,0.0
2017-01-02 16:00:00+00:00,2.1,0.0,0.175,0.4035807291666668,0.0,0.3999999999999999,0.0,2.458703570449562,2.838703570449562,0.0,0.0,2.5,0.0,0.3999999999999999,0.4375,0.0039999999999999,0.0,-0.0683999999999999,0.4415,0.3731,0.0035807291666669,0.0,0.0,0.4415,deterministic,False,8.883832439435997,8.883832439435997,8.883832439435997,8.883832439435997,0.0367130000377073,4.440892098500626e-16,,0.0,False,deficit_discharge,sampled,2.5,42,deficit_discharge_48h,winter,0.0,True,2017-01-02 16:00:00+00:00,2017-01-02 16:00:00+00:00,0.0,0.0035807291666666,0.0035807291666666,0.0035807291666666,0.0035807291666666,0.0035807291666666,0.0035807291666666,0.0,0.0035807291666666,True,1.0,8.883832439435997,8.883832439435997,0.0,False,29.0,0.0999999999999999,1.0,0aa16f25e2154ddb6fca1dacf6e639e29fad680a40dfa4765967f3f2bd22944c,1.0,1.0,0.0,1e-09,False,False,False,False,True,False,True,False,False,False,False,False,1.0,1.0,1.0,0.0,0.5,0.25,0.5,0.0,0.0
2017-01-02 17:00:00+00:00,2.95,0.0,0.2,0.0,0.4500000000000002,0.0,0.4500000000000002,2.838703570449562,2.365019359923246,0.0,0.0,2.5,0.0,0.4500000000000002,0.5,0.0045,0.0,0.0852631578947368,0.5045,0.5897631578947368,0.0,0.0,0.0,0.5045,deterministic,False,8.910226083641726,8.910226083641726,8.910226083641726,8.910226083641726,0.0365351000800728,0.0,,0.0,False,deficit_discharge,sampled,2.5,42,deficit_discharge_48h,winter,0.0,True,2017-01-02 17:00:00+00:00,2017-01-02 17:00:00+00:00,0.0,0.0,0.0,0.0,0.0,0.0,0.0,0.0,0.0,False,1.0,8.910226083641726,8.910226083641726,0.0,False,29.0,0.0999999999999999,1.0,670d8f86e17d9194bbc0b8a41fb8c502c9b0038d5718f83c75667154d5e911dc,1.0,1.0,1.0,1e-09,True,True,False,False,False,False,False,False,True,True,True,True,1.0,2.0,1.5,0.0,1.0,0.5,0.5,0.0,0.0
2017-01-02 18:00:00+00:00,2.95,0.0,0.2,0.0,0.4500000000000002,0.0,0.4500000000000002,2.365019359923246,1.89133514939693,0.0,0.0,2.5,0.0,0.4500000000000002,0.5,0.0045,0.0,0.0852631578947368,0.5045,0.5897631578947368,0.0,0.0,0.0,0.5045,deterministic,False,8.909128372365242,8.909128372365242,8.909128372365242,8.909128372365242,0.0378153000492602,0.0,,0.0,False,deficit_discharge,sampled,2.5,42,deficit_discharge_48h,winter,0.0,True,2017-01-02 18:00:00+00:00,2017-01-02 18:00:00+00:00,0.0,0.0,0.0,0.0,0.0,0.0,0.0,0.0,0.0,False,1.0,8.909128372365242,8.909128372365242,0.0,False,29.0,0.0999999999999999,1.0,a8f83c5268e9bcb59c7799a176cc811990bedcdaf3ba081c73fadf094009aa30,1.0,1.0,1.0,1e-09,True,True,False,False,False,False,False,False,True,True,True,True,1.0,2.0,1.5,0.0,1.0,0.5,0.5,0.0,0.0
2017-01-02 19:00:00+00:00,2.95,0.0,0.2,0.0,0.4500000000000002,0.0,0.4500000000000002,1.89133514939693,1.4176509388706142,0.0,0.0,2.5,0.0,0.4500000000000002,0.5,0.0045,0.0,0.0852631578947368,0.5045,0.5897631578947368,0.0,0.0,0.0,0.5045,deterministic,False,8.909365214470506,8.909365214470506,8.909365214470506,8.909365214470506,0.0369406000245362,0.0,,0.0,False,deficit_discharge,sampled,2.5,42,deficit_discharge_48h,winter,0.0,True,2017-01-02 19:00:00+00:00,2017-01-02 19:00:00+00:00,0.0,0.0,0.0,0.0,0.0,0.0,0.0,0.0,0.0,False,1.0,8.909365214470506,8.909365214470506,0.0,False,29.0,0.0999999999999999,1.0,4963862f6232510246001ada863f186fd5badc1b312a75d545205332de710aff,1.0,1.0,1.0,1e-09,True,True,False,False,False,False,False,False,True,True,True,True,1.0,2.0,1.5,0.0,1.0,0.5,0.5,0.0,0.0
2017-01-02 20:00:00+00:00,2.95,0.0,0.2,0.0,0.4500000000000002,0.0,0.4500000000000002,1.4176509388706142,0.9439667283442984,0.0,0.0,2.5,0.0,0.4500000000000002,0.5,0.0045,0.0,0.0852631578947368,0.5045,0.5897631578947368,0.0,0.0,0.0,0.5045,deterministic,False,8.909602056575768,8.909602056575768,8.909602056575768,8.909602056575768,0.0379832000471651,0.0,,0.0,False,deficit_discharge,sampled,2.5,42,deficit_discharge_48h,winter,0.0,True,2017-01-02 20:00:00+00:00,2017-01-02 20:00:00+00:00,0.0,0.0,0.0,0.0,0.0,0.0,0.0,0.0,0.0,False,1.0,8.909602056575768,8.909602056575768,0.0,False,29.0,0.0999999999999999,1.0,64296d8b7a39323b3d7ef1460802e498826cea89ed9548119d83bd07b37cae8f,1.0,1.0,1.0,1e-09,True,True,False,False,False,False,False,False,True,True,True,True,1.0,2.0,1.5,0.0,1.0,0.5,0.5,0.0,0.0
2017-01-02 21:00:00+00:00,2.95,0.0,0.2,0.0,0.4500000000000002,0.0,0.4500000000000002,0.9439667283442984,0.4702825178179823,0.0,0.0,2.5,0.0,0.4500000000000002,0.5,0.0045,0.0,0.0852631578947368,0.5045,0.5897631578947369,0.0,0.0,0.0,0.5045,deterministic,False,8.909838898681032,8.909838898681032,8.909838898681032,8.909838898681032,0.0384805999929085,0.0,,0.0,False,deficit_discharge,sampled,2.5,42,deficit_discharge_48h,winter,0.0,True,2017-01-02 21:00:00+00:00,2017-01-02 21:00:00+00:00,0.0,0.0,0.0,0.0,0.0,0.0,0.0,0.0,0.0,False,1.0,8.909838898681032,8.909838898681032,0.0,False,29.0,0.0999999999999999,1.0,e0860a9ca0d982b90a7918d5cba1e1076f14f7461506592454de8e8172b848aa,1.0,1.0,1.0,1e-09,True,True,False,False,False,False,False,False,True,True,True,True,1.0,2.0,1.5,0.0,1.0,0.5,0.5,0.0,0.0
2017-01-02 22:00:00+00:00,2.95,0.0,0.16,0.0,0.4467683919270828,0.0,0.4467683919270831,0.4702825178179823,5.551115123125783e-17,0.0,0.0,2.5,0.0032316080729168,0.4467683919270831,0.4,0.0044676839192708,0.0323160807291689,0.0846508532072368,0.4367837646484397,0.5214346178556766,0.0,0.0,0.0,0.4044676839192708,deterministic,False,8.910075740786299,8.910075740786299,8.910075740786299,8.910075740786299,0.0391754999291151,3.885780586188048e-16,,2.7755575615628914e-16,False,deficit_discharge,sampled,2.5,42,deficit_discharge_48h,winter,0.0,True,2017-01-02 22:00:00+00:00,2017-01-02 22:00:00+00:00,0.0,0.0,0.0,0.0,0.0,0.0,0.0,0.0,0.0,False,1.0,8.910075740786299,8.910075740786299,0.0,False,29.0,0.0999999999999999,1.0,e4aad8fd8a2b2202e1ba90627fef7fbd984b7e5a79796c675a3c4eae813687d9,1.0,1.0,1.0,1e-09,True,True,False,False,False,False,False,False,True,True,True,True,1.0,2.0,1.5,0.0,1.0,0.5,0.5,0.0,0.0
2017-01-02 23:00:00+00:00,2.1,0.0,0.16,0.3999999999999999,0.0,0.3999999999999999,0.0,5.551115123125783e-17,0.3799999999999999,0.0,0.0,2.5,0.0,0.3999999999999999,0.4,0.0039999999999999,0.0,-0.0683999999999999,0.404,0.3356,0.0,0.0,0.0,0.404,deterministic,False,8.881104075254827,8.881104075254827,8.881104075254827,8.881104075254827,0.0386363000143319,0.0,,0.0,False,deficit_discharge,sampled,2.5,42,deficit_discharge_48h,winter,0.0,True,2017-01-02 23:00:00+00:00,2017-01-02 23:00:00+00:00,0.0,0.0,0.0,0.0,0.0,0.0,0.0,0.0,0.0,False,1.0,8.881104075254827,8.881104075254827,0.0,False,29.0,0.0999999999999999,1.0,bd7ad546531f0d5bd99c957425a119a3f777576ca9d6771c294e394a5c7bacf7,1.0,1.0,1.0,1e-09,True,True,False,False,False,False,False,False,True,True,True,True,1.0,2.0,1.5,0.0,1.0,0.5,0.5,0.0,0.0
2017-01-01 00:00:00+00:00,2.35,0.0,0.16,0.1499999999999999,0.0,0.1499999999999999,0.0,4.0,4.1425,0.0,0.0,2.5,0.0,0.1499999999999999,0.4,0.0014999999999999,0.0,-0.02565,0.4015,0.37585,0.0,0.0,0.0,0.4015,stochastic,False,9.986733170086792,10.754745033443498,10.900573418589648,9.986733170086792,0.297563900006935,7.194245199571014e-14,,0.0,False,deficit_discharge,sampled,2.5,42,deficit_discharge_48h,winter,0.0,True,2017-01-01 00:00:00+00:00,2017-01-01 00:00:00+00:00,0.0,0.0,0.0,0.0,0.0,0.0,0.0,0.0,0.0,False,12.0,9.986733170086792,10.900573418589648,0.0,False,29.0,1.1999999999999995,10.0,94d49a0645eb19ab96b00a93c8afa9b84000e4a2c229ef0c31db106ee954a18c,12.0,1.0,12.0,1e-09,True,True,False,False,False,False,False,False,True,True,True,True,1.0,13.0,7.0,0.0,1.0,0.5,0.0769230769230769,0.6923076923076923,0.8461538461538461
2017-01-01 01:00:00+00:00,2.35,0.0,0.16,0.1499999999999999,0.0,0.1499999999999999,0.0,4.1425,4.285,0.0,0.0,2.5,0.0,0.1499999999999999,0.4,0.0014999999999999,0.0,-0.02565,0.4015,0.37585,0.0,0.0,0.0,0.4015,stochastic,False,10.122289220420193,10.845166865547402,10.882102057273633,10.122289220420193,0.3372857000213116,3.1308289294429414e-14,,0.0,False,deficit_discharge,sampled,2.5,42,deficit_discharge_48h,winter,0.0,True,2017-01-01 01:00:00+00:00,2017-01-01 01:00:00+00:00,0.0,0.0,0.0,0.0,0.0,0.0,0.0,0.0,0.0,False,12.0,10.122289220420193,10.882102057273633,0.0,False,29.0,1.1999999999999995,11.0,65963112040ed68a7410871a080c4d7f7b42de3007097c3691f5862ffa346182,12.0,1.0,12.0,1e-09,True,True,False,False,False,False,False,False,True,True,True,True,1.0,13.0,7.0,0.0,1.0,0.5,0.0769230769230769,0.6923076923076923,0.8461538461538461
2017-01-01 02:00:00+00:00,2.35,0.0,0.16,0.1499999999999999,0.0,0.1499999999999999,0.0,4.285,4.4275,0.0,0.0,2.5,0.0,0.1499999999999999,0.4,0.0014999999999999,0.0,-0.02565,0.4015,0.37585,0.0,0.0,0.0,0.4015,stochastic,False,9.952859809889778,10.723977383052098,10.791426951798185,9.952859809889778,0.341413400019519,5.728750807065809e-14,,0.0,False,deficit_discharge,sampled,2.5,42,deficit_discharge_48h,winter,0.0,True,2017-01-01 02:00:00+00:00,2017-01-01 02:00:00+00:00,0.0,0.0,0.0,0.0,0.0,0.0,0.0,0.0,0.0,False,12.0,9.952859809889778,10.791426951798185,0.0,False,29.0,1.1999999999999995,10.0,1ca3a7271b1f89e0dff4b525791b6751f6c62a392c0a40436b969fac2b20e44d,12.0,1.0,12.0,1e-09,True,True,False,False,False,False,False,False,True,True,True,True,1.0,13.0,7.0,0.0,1.0,0.5,0.0769230769230769,0.6923076923076923,0.8461538461538461
2017-01-01 03:00:00+00:00,2.35,0.0,0.16,0.1499999999999999,0.0,0.1499999999999999,0.0,4.4275,4.57,0.0,0.0,2.5,0.0,0.1499999999999999,0.4,0.0014999999999999,0.0,-0.02565,0.4015,0.37585,0.0,0.0,0.0,0.4015,stochastic,False,9.854969612304943,10.779220178053585,10.779220178053585,9.854969612304943,0.2510137000354007,5.440092820663267e-15,,0.0,False,deficit_discharge,sampled,2.5,42,deficit_discharge_48h,winter,0.0,True,2017-01-01 03:00:00+00:00,2017-01-01 03:00:00+00:00,0.0,0.0,0.0,0.0,0.0,0.0,0.0,0.0,0.0,False,12.0,9.854969612304943,10.779220178053585,0.0,False,29.0,1.1999999999999995,10.0,c41e4b400dfc13bbe3b690d90024ea02a334b5065efe2d1d908ad86c22337c74,12.0,1.0,12.0,1e-09,True,True,False,False,False,False,False,False,True,True,True,True,1.0,13.0,7.0,0.0,1.0,0.5,0.0769230769230769,0.6923076923076923,0.8461538461538461
2017-01-01 04:00:00+00:00,2.35,0.0,0.16,0.1499999999999999,0.0,0.1499999999999999,0.0,4.57,4.7125,0.0,0.0,2.5,0.0,0.1499999999999999,0.4,0.0014999999999999,0.0,-0.02565,0.4015,0.37585,0.0,0.0,0.0,0.4015,stochastic,False,9.96930861634452,10.610017029286826,10.742285417896868,9.96930861634452,0.2682996999938041,3.552713678800501e-15,,0.0,False,deficit_discharge,sampled,2.5,42,deficit_discharge_48h,winter,0.0,True,2017-01-01 04:00:00+00:00,2017-01-01 04:00:00+00:00,0.0,0.0,0.0,0.0,0.0,0.0,0.0,0.0,0.0,False,12.0,9.96930861634452,10.742285417896868,0.0,False,29.0,1.1999999999999995,7.0,02e675a12c329b1dcf562e84fd79f40026fcb7f77de0040d854cd15eda6108ff,12.0,1.0,12.0,1e-09,True,True,False,False,False,False,False,False,True,True,True,True,1.0,13.0,7.0,0.0,1.0,0.5,0.0769230769230769,0.6923076923076923,0.8461538461538461
2017-01-01 05:00:00+00:00,2.35,0.0,0.16,0.1499999999999999,0.0,0.1499999999999999,0.0,4.7125,4.855,0.0,0.0,2.5,0.0,0.1499999999999999,0.4,0.0014999999999999,0.0,-0.02565,0.4015,0.37585,0.0,0.0,0.0,0.4015,stochastic,False,9.89889134067887,10.569767029286826,10.569767029286828,9.89889134067887,0.3254739999538287,3.552713678800501e-15,,0.0,False,deficit_discharge,sampled,2.5,42,deficit_discharge_48h,winter,0.0,True,2017-01-01 05:00:00+00:00,2017-01-01 05:00:00+00:00,0.0,4.8828125e-05,0.0,0.0,0.0,0.0,0.0,0.0,4.8828125e-05,True,12.0,9.89889134067887,10.569767029286828,0.0,False,29.0,1.1999999999999995,10.0,b243407eba7d57da781fec43882062f7eb8ec3f0c3c5c60c20cb1f31c32fdd75,12.0,1.0,12.0,1e-09,True,True,False,False,False,False,False,False,True,True,True,True,1.0,13.0,7.0,0.0,1.0,0.5,0.0769230769230769,0.6923076923076923,0.8461538461538461
2017-01-01 06:00:00+00:00,2.8000000000000003,0.0,0.16,0.0,0.3000000000000002,0.0,0.3000000000000002,4.855,4.53921052631579,0.0,0.0,2.5,0.0,0.3000000000000002,0.4,0.003,0.0,0.0568421052631579,0.403,0.4598421052631579,0.0,0.0,0.0,0.403,stochastic,False,9.9777187845101,10.529517029286827,10.529517029286827,9.9777187845101,0.3990765999769792,2.664535259100376e-15,,0.0,False,deficit_discharge,sampled,2.5,42,deficit_discharge_48h,winter,0.0,True,2017-01-01 06:00:00+00:00,2017-01-01 06:00:00+00:00,0.0,0.01416015625,0.0,0.0,0.0,0.0,0.0,0.0,0.01416015625,True,12.0,9.9777187845101,10.529517029286827,0.0,False,29.0,1.1999999999999995,9.0,a9eb2293c98a6f499935524160316d633430fb727d8b48ba3e0fb1147c00cbb9,12.0,1.0,12.0,1e-09,True,True,False,False,False,False,False,False,True,True,True,True,1.0,13.0,7.0,0.0,1.0,0.5,0.0769230769230769,0.6923076923076923,0.8461538461538461
2017-01-01 07:00:00+00:00,2.8000000000000003,0.0,0.16,0.0,0.3000000000000002,0.0,0.3000000000000002,4.53921052631579,4.223421052631579,0.0,0.0,2.5,0.0,0.3000000000000002,0.4,0.003,0.0,0.0568421052631579,0.403,0.4598421052631579,0.0,0.0,0.0,0.403,stochastic,False,10.061615656109334,10.671504589032203,10.671504589032203,10.061615656109334,0.3751632000785321,1.3322676295501878e-15,,0.0,False,deficit_discharge,sampled,2.5,42,deficit_discharge_48h,winter,0.0,True,2017-01-01 07:00:00+00:00,2017-01-01 07:00:00+00:00,0.0,0.1039225260416666,0.009550548735119,0.0,0.0194614955357142,0.0,0.0145786830357142,0.0063202868607309,0.1039225260416666,True,12.0,10.061615656109334,10.671504589032203,0.0,False,29.0,1.1999999999999995,11.0,52c9bececd2e2aca9467bc3039bb65ce5d2e7050881c2741c58c64cbe1fd97a0,12.0,9.0,3.0,1e-09,True,True,False,False,False,False,False,False,True,False,True,False,1.0,4.0,2.5,0.0,0.3076923076923077,0.1538461538461538,0.0769230769230769,0.6923076923076923,0.8461538461538461
2017-01-01 08:00:00+00:00,2.8000000000000003,0.0654296875,0.175,0.0,0.3000000000000002,0.0,0.3000000000000002,4.223421052631579,3.907631578947369,0.0654296875,0.0,2.4345703125,0.0,0.3000000000000002,0.4260498046875,0.003,0.0,0.0568421052631579,0.4290498046875,0.4858919099506579,0.0,0.0,0.0,0.4290498046875,stochastic,False,9.909768770604297,10.55793987891707,10.611020119802488,9.909768770604297,0.381224500015378,1.7763568394002505e-15,,0.0,False,deficit_discharge,sampled,2.5,42,deficit_discharge_48h,winter,0.0,True,2017-01-01 08:00:00+00:00,2017-01-01 08:00:00+00:00,0.0,0.3493198939732143,0.2581496465773809,0.0,0.5565011160714286,0.0,0.5565011160714286,0.1910106311659347,0.2838902064732143,True,12.0,9.909768770604297,10.611020119802488,0.0,False,29.0,1.1999999999999995,9.0,7637e9787a5c4fe8480612e366781fb865d69cc5ae8aa778106cd3134f4bac14,12.0,8.0,0.0,1e-09,True,True,True,True,False,False,False,False,False,False,False,False,3.0,3.0,3.0,0.1538461538461538,0.2307692307692307,0.1923076923076923,0.0769230769230769,0.6923076923076923,0.8461538461538461
2017-01-01 09:00:00+00:00,2.35,0.205078125,0.175,0.1816681016892554,0.0,0.1816681016892554,0.0,3.907631578947369,4.080216275552162,0.205078125,0.0,2.3265899766892555,0.0,0.1816681016892554,0.4071532459206197,0.0018166810168925,0.0,-0.0310652453888627,0.4089699269375122,0.3779046815486495,0.0,0.0,-5.551115123125783e-17,0.4089699269375122,stochastic,False,10.010802860804164,10.536830067033849,10.555406969902998,10.010802860804164,0.4293500001076609,3.552713678800501e-15,,0.0,False,deficit_discharge,sampled,2.5,42,deficit_discharge_48h,winter,0.0,True,2017-01-01 09:00:00+00:00,2017-01-01 09:00:00+00:00,0.0,0.6690592447916667,0.4411562965029762,0.0373883928571429,1.1761300223214286,0.0929827008928571,1.1761300223214286,0.3605399853834033,0.4639811197916667,True,12.0,10.010802860804164,10.555406969902998,0.0,False,29.0,1.1999999999999995,9.0,bd78a0c4b753cf54d883b5299f18931d54955db4f0f42e825aa2bb4a0b79f007,12.0,9.0,0.0,1e-09,True,True,True,True,False,False,False,False,False,False,False,False,4.0,4.0,4.0,0.2307692307692307,0.3076923076923077,0.2692307692307693,0.0769230769230769,0.6923076923076923,0.8461538461538461
2017-01-01 10:00:00+00:00,2.35,0.32421875,0.175,0.0,0.0,0.0,0.0,4.080216275552162,4.080216275552162,0.32421875,0.0,2.02578125,0.0,0.0,0.35451171875,0.0,0.0,-0.0,0.35451171875,0.35451171875,0.0,0.0,0.0,0.35451171875,stochastic,False,9.818134405014815,10.45968754478971,10.462090892024989,9.818134405014815,0.362079199985601,8.881784197001252e-16,,0.0,False,deficit_discharge,sampled,2.5,42,deficit_discharge_48h,winter,0.0,True,2017-01-01 10:00:00+00:00,2017-01-01 10:00:00+00:00,0.0,1.0831112816220236,0.6918480282738094,0.0,2.2894810267857144,0.0048130580357139,1.1101422991071428,0.6075995663794751,0.7588925316220236,True,12.0,9.818134405014815,10.462090892024989,0.0,False,29.0,1.1999999999999995,10.0,e2c902ed5ab00cac3980ec89973405450e54fcfc7f5170c00c6b981333860c27,12.0,10.0,0.0,1e-09,True,True,True,True,False,False,False,False,False,False,False,False,5.0,5.0,5.0,0.3076923076923077,0.3846153846153846,0.3461538461538461,0.0769230769230769,0.6923076923076923,0.8461538461538461
2017-01-01 11:00:00+00:00,2.35,0.400390625,0.175,0.048758370535713,0.0,0.048758370535713,0.0,4.080216275552162,4.126536727561089,0.400390625,0.0,1.9983677455357127,0.0,0.048758370535713,0.3497143554687498,0.0004875837053571,0.0,-0.0083376813616069,0.3502019391741069,0.3418642578124999,0.0,0.0,0.0,0.3502019391741069,stochastic,False,9.823254922656169,10.419663846628293,10.443356837650768,9.823254922656169,0.3522437000647187,3.108624468950439e-15,,0.0,False,deficit_discharge,sampled,2.5,42,deficit_discharge_48h,winter,0.0,True,2017-01-01 11:00:00+00:00,2017-01-01 11:00:00+00:00,0.0,1.2832903180803572,0.8900030226934524,0.0094168526785716,2.014927455357143,0.0850306919642858,1.7478376116071428,0.6387835296852711,0.8828996930803572,True,12.0,9.823254922656169,10.443356837650768,0.0,False,29.0,1.1999999999999995,11.0,4d57ab38e23029e378a60437a63faa8acdbd718de75f01da000451b3dc9f697f,12.0,11.0,0.0,1e-09,True,True,True,True,False,False,False,False,False,False,False,False,5.0,5.0,5.0,0.3076923076923077,0.3846153846153846,0.3461538461538461,0.0769230769230769,0.6923076923076923,0.8461538461538461
2017-01-01 12:00:00+00:00,2.35,0.9794921875,0.175,0.1499999999999999,0.0,0.1499999999999999,0.0,4.126536727561089,4.269036727561089,0.9794921875,0.0,1.5205078125,0.0,0.1499999999999999,0.2660888671874999,0.0014999999999999,0.0,-0.02565,0.2675888671874999,0.2419388671874999,0.0,0.0,0.0,0.2675888671874999,stochastic,False,9.92891925853452,10.412000221011516,10.413602122595718,9.92891925853452,0.3947958999779075,4.440892098500626e-15,,0.0,False,deficit_discharge,sampled,2.5,42,deficit_discharge_48h,winter,0.0,True,2017-01-01 12:00:00+00:00,2017-01-01 12:00:00+00:00,0.0,1.324286179315476,0.8656994047619045,0.0,2.672154017857143,0.0244838169642855,2.389439174107143,0.8987422925188575,0.3447939918154761,True,12.0,9.92891925853452,10.413602122595718,0.0,False,29.0,1.1999999999999995,11.0,51fcbce3f3c4519fb08f26f615abd3acbb94a6ea6b746092eb4567a134be31a8,12.0,11.0,0.0,1e-09,True,True,True,True,False,False,False,False,False,False,False,False,10.0,10.0,10.0,0.6923076923076923,0.7692307692307693,0.7307692307692308,0.0769230769230769,0.6923076923076923,0.8461538461538461
2017-01-01 13:00:00+00:00,2.35,1.4052734375,0.175,0.1499999999999999,0.0,0.1499999999999999,0.0,4.269036727561089,4.4115367275610895,1.4052734375,0.0,1.0947265625,0.0,0.1499999999999999,0.1915771484374999,0.0014999999999999,0.0,-0.02565,0.1930771484374999,0.1674271484374999,0.0,0.0,0.0,0.1930771484374999,stochastic,False,9.960942051733744,10.39031872944079,10.39031872944079,9.960942051733744,0.3753558000316843,4.440892098500626e-16,,0.0,False,deficit_discharge,sampled,2.5,42,deficit_discharge_48h,winter,0.0,True,2017-01-01 13:00:00+00:00,2017-01-01 13:00:00+00:00,0.0,1.023089890252976,0.7192440941220237,0.0,1.8447265625,0.0945870535714284,1.7369559151785714,0.6841890678351489,-0.3821835472470238,True,12.0,9.960942051733744,10.39031872944079,0.0,False,29.0,1.1999999999999995,11.0,ed206769351e4b8f6996817af602f9cb9e3fef253e332f9c967a3c5b70f59476,12.0,11.0,0.0,1e-09,True,True,True,True,False,False,False,False,False,False,False,False,9.0,9.0,9.0,0.6153846153846154,0.6923076923076923,0.6538461538461539,0.0769230769230769,0.6923076923076923,0.8461538461538461
2017-01-01 14:00:00+00:00,2.35,0.5703125,0.175,0.0,0.0,0.0,0.0,4.4115367275610895,4.4115367275610895,0.5703125,0.0,1.7796875,0.0,0.0,0.3114453125,0.0,0.0,-0.0,0.3114453125,0.3114453125,0.0,0.0,0.0,0.3114453125,stochastic,False,9.692256825453931,10.250668778513669,10.331105573014568,9.692256825453931,0.3323471000185236,1.199040866595169e-14,,0.0,False,deficit_discharge,sampled,2.5,42,deficit_discharge_48h,winter,0.0,True,2017-01-01 14:00:00+00:00,2017-01-01 14:00:00+00:00,0.0,0.6441859654017856,0.5288260323660714,0.1303710937499999,1.0433872767857142,0.2064034598214285,0.8544921874999999,0.2620125010073954,0.0738734654017856,True,12.0,9.692256825453931,10.331105573014568,0.0,False,29.0,1.1999999999999995,10.0,67a77be52a34557799b26a86f7d16ca82a809e795f470df73d67e93c78c9a403,12.0,10.0,0.0,1e-09,True,True,True,True,False,False,False,False,False,False,False,False,9.0,9.0,9.0,0.6153846153846154,0.6923076923076923,0.6538461538461539,0.0769230769230769,0.6923076923076923,0.8461538461538461
2017-01-01 15:00:00+00:00,2.35,0.009765625,0.175,0.0100167410714307,0.0,0.0100167410714307,0.0,4.4115367275610895,4.421052631578949,0.009765625,0.0,2.350251116071431,0.0,0.0100167410714307,0.4112939453125003,0.0001001674107143,0.0,-0.0017128627232146,0.4113941127232146,0.40968125,0.0,0.0,-2.4286128663675305e-17,0.4113941127232146,stochastic,False,9.669427680631427,10.10910604783443,10.197845296060787,9.669427680631427,0.3309066999936476,4.440892098500626e-16,,0.0,False,deficit_discharge,sampled,2.5,42,deficit_discharge_48h,winter,0.0,True,2017-01-01 15:00:00+00:00,2017-01-01 15:00:00+00:00,0.0,0.1107793898809523,0.0134393601190476,0.0035574776785714,0.0315290178571428,0.0035574776785714,0.0265764508928571,0.008723693713504,0.1010137648809523,True,12.0,9.669427680631427,10.197845296060787,0.0,False,29.0,1.1999999999999995,8.0,2d5c048de2efaade059546571cc7f8fc9d5a74eebdd929b09d6c5b563f9617ca,12.0,7.0,0.0,1e-09,True,True,True,True,False,False,False,False,False,False,False,False,4.0,4.0,4.0,0.2307692307692307,0.3076923076923077,0.2692307692307693,0.0769230769230769,0.6923076923076923,0.8461538461538461
2017-01-01 16:00:00+00:00,2.35,0.0,0.175,0.0,0.0,0.0,0.0,4.421052631578949,4.421052631578949,0.0,0.0,2.35,0.0,0.0,0.41125,0.0,0.0,-0.0,0.41125,0.41125,0.0,0.0,0.0,0.41125,stochastic,False,9.488561064526552,10.090218228554786,10.161626442183747,9.488561064526552,0.2333830000134185,4.440892098500626e-16,,0.0,False,deficit_discharge,sampled,2.5,42,deficit_discharge_48h,winter,0.0,True,2017-01-01 16:00:00+00:00,2017-01-01 16:00:00+00:00,0.0,0.0035807291666666,0.0,0.0,0.0,0.0,0.0,0.0,0.0035807291666666,True,12.0,9.488561064526552,10.161626442183747,0.0,False,29.0,1.1999999999999995,10.0,5d7f68d69d5b32e39274bea0ba57570b7c908e40b4e54fe72a1a6c251034c2ea,12.0,1.0,12.0,1e-09,True,True,False,False,False,False,False,False,True,True,True,True,1.0,13.0,7.0,0.0,1.0,0.5,0.0769230769230769,0.6923076923076923,0.8461538461538461
2017-01-01 17:00:00+00:00,3.2,0.0,0.2,0.0,0.7000000000000005,0.0,0.7000000000000005,4.421052631578949,3.6842105263157903,0.0,0.0,2.5,0.0,0.7000000000000005,0.4999999999999999,0.007,0.0,0.1326315789473685,0.5069999999999999,0.6396315789473684,0.0,0.0,0.0,0.5069999999999999,stochastic,False,9.340560167263863,10.171197308946192,10.171197308946194,9.340560167263863,0.1974126000422984,4.440892098500626e-16,,0.0,False,deficit_discharge,sampled,2.5,42,deficit_discharge_48h,winter,0.0,True,2017-01-01 17:00:00+00:00,2017-01-01 17:00:00+00:00,0.0,0.0,0.0,0.0,0.0,0.0,0.0,0.0,0.0,False,12.0,9.340560167263863,10.171197308946194,0.0,False,29.0,1.1999999999999995,10.0,07ae7cc4d3b14d6aaca82ecb57c6c63438147568fa0559902a82864f5beb9496,12.0,1.0,12.0,1e-09,True,True,False,False,False,False,False,False,True,True,True,True,1.0,13.0,7.0,0.0,1.0,0.5,0.0769230769230769,0.6923076923076923,0.8461538461538461
2017-01-01 18:00:00+00:00,3.2,0.0,0.2,0.0,0.7000000000000001,0.0,0.7000000000000002,3.6842105263157903,2.9473684210526323,0.0,0.0,2.5,0.0,0.7000000000000002,0.5,0.007,0.0,0.1326315789473684,0.507,0.6396315789473684,0.0,0.0,0.0,0.507,stochastic,False,9.649280055061666,10.087497718955593,10.087813357906484,9.649280055061666,0.1999940000241622,4.440892098500626e-16,,1.1102230246251563e-16,False,deficit_discharge,sampled,2.5,42,deficit_discharge_48h,winter,0.0,True,2017-01-01 18:00:00+00:00,2017-01-01 18:00:00+00:00,0.0,0.0,0.0,0.0,0.0,0.0,0.0,0.0,0.0,False,12.0,9.649280055061666,10.087813357906484,0.0,False,29.0,1.1999999999999995,9.0,13018ddeb7ae3faf9248c25707824fb62fd5a549694f22e80251047afd405a5f,12.0,1.0,12.0,1e-09,True,True,False,False,False,False,False,False,True,True,True,True,1.0,13.0,7.0,0.0,1.0,0.5,0.0769230769230769,0.6923076923076923,0.8461538461538461
2017-01-01 19:00:00+00:00,3.2,0.0,0.2,0.0,0.7000000000000001,0.0,0.7000000000000002,2.9473684210526323,2.2105263157894743,0.0,0.0,2.5,0.0,0.7000000000000002,0.5,0.007,0.0,0.1326315789473684,0.507,0.6396315789473684,0.0,0.0,0.0,0.507,stochastic,False,9.76254743279096,10.070793734874291,10.077798245662985,9.76254743279096,0.1621039999881759,4.440892098500626e-16,,1.1102230246251563e-16,False,deficit_discharge,sampled,2.5,42,deficit_discharge_48h,winter,0.0,True,2017-01-01 19:00:00+00:00,2017-01-01 19:00:00+00:00,0.0,0.0,0.0,0.0,0.0,0.0,0.0,0.0,0.0,False,12.0,9.76254743279096,10.077798245662985,0.0,False,29.0,1.1999999999999995,10.0,60a33e3a4d6918533b9e158cbbadb57e9020636d09f9a6d06fc8127721fa4bf3,12.0,1.0,12.0,1e-09,True,True,False,False,False,False,False,False,True,True,True,True,1.0,13.0,7.0,0.0,1.0,0.5,0.0769230769230769,0.6923076923076923,0.8461538461538461
2017-01-01 20:00:00+00:00,3.2,0.0,0.2,0.0,0.7000000000000003,0.0,0.7000000000000003,2.2105263157894743,1.4736842105263162,0.0,0.0,2.5,0.0,0.7000000000000003,0.5,0.007,0.0,0.1326315789473684,0.507,0.6396315789473684,0.0,0.0,0.0,0.507,stochastic,False,9.287473356314065,9.806449544319785,9.881558826313832,9.287473356314065,0.2306012000190094,4.440892098500626e-16,,0.0,False,deficit_discharge,sampled,2.5,42,deficit_discharge_48h,winter,0.0,True,2017-01-01 20:00:00+00:00,2017-01-01 20:00:00+00:00,0.0,0.0,0.0,0.0,0.0,0.0,0.0,0.0,0.0,False,12.0,9.287473356314065,9.881558826313832,0.0,False,29.0,1.1999999999999995,10.0,e79155414822914e062220707c273d9429cb08d1efbf0b4e88d41d4536421b68,12.0,1.0,12.0,1e-09,True,True,False,False,False,False,False,False,True,True,True,True,1.0,13.0,7.0,0.0,1.0,0.5,0.0769230769230769,0.6923076923076923,0.8461538461538461
2017-01-01 21:00:00+00:00,3.2,0.0,0.2,0.0,0.7000000000000002,0.0,0.7000000000000002,1.4736842105263162,0.7368421052631581,0.0,0.0,2.5,0.0,0.7000000000000002,0.5,0.007,0.0,0.1326315789473684,0.507,0.6396315789473684,0.0,0.0,0.0,0.507,stochastic,False,9.3348964824797,9.798571243832235,9.915264359066612,9.3348964824797,0.2740779999876395,4.440892098500626e-16,,0.0,False,deficit_discharge,sampled,2.5,42,deficit_discharge_48h,winter,0.0,True,2017-01-01 21:00:00+00:00,2017-01-01 21:00:00+00:00,0.0,0.0,0.0,0.0,0.0,0.0,0.0,0.0,0.0,False,12.0,9.3348964824797,9.915264359066612,0.0,False,29.0,1.1999999999999995,11.0,b0c930676c1c828cadb8e16f83d8b9aba4a72b58afb9bd8ffde51186dd0ddecf,12.0,1.0,12.0,1e-09,True,True,False,False,False,False,False,False,True,True,True,True,1.0,13.0,7.0,0.0,1.0,0.5,0.0769230769230769,0.6923076923076923,0.8461538461538461
2017-01-01 22:00:00+00:00,3.2,0.0,0.16,0.0,0.7000000000000002,0.0,0.7000000000000001,0.7368421052631581,1.1102230246251563e-16,0.0,0.0,2.5,0.0,0.7000000000000001,0.4,0.007,0.0,0.1326315789473684,0.407,0.5396315789473685,0.0,1.1102230246251563e-16,0.0,0.407,stochastic,False,9.26591362339444,9.92314598450021,9.951419913984951,9.26591362339444,0.2222406999208033,5.498041138034348e-15,,0.0,False,deficit_discharge,sampled,2.5,42,deficit_discharge_48h,winter,0.0,True,2017-01-01 22:00:00+00:00,2017-01-01 22:00:00+00:00,0.0,0.0,0.0,0.0,0.0,0.0,0.0,0.0,0.0,False,12.0,9.26591362339444,9.951419913984951,0.0,False,29.0,1.1999999999999995,10.0,319d03de314efad2aba6a596c04aaaf90ff3021fb5be15ff8a1967bca179937a,12.0,1.0,12.0,1e-09,True,True,False,False,False,False,False,False,True,True,True,True,1.0,13.0,7.0,0.0,1.0,0.5,0.0769230769230769,0.6923076923076923,0.8461538461538461
2017-01-01 23:00:00+00:00,2.35,0.0,0.16,0.1499999999999998,0.0,0.1499999999999998,0.0,1.1102230246251563e-16,0.1424999999999999,0.0,0.0,2.5,0.0,0.1499999999999998,0.4,0.0014999999999999,0.0,-0.0256499999999999,0.4015,0.3758500000000001,0.0,0.0,8.326672684688674e-17,0.4015,stochastic,False,9.335693768820182,9.847561600534542,9.88168258607817,9.335693768820182,0.3336475999094546,3.1308289294429414e-14,,0.0,False,deficit_discharge,sampled,2.5,42,deficit_discharge_48h,winter,0.0,True,2017-01-01 23:00:00+00:00,2017-01-01 23:00:00+00:00,0.0,0.0,0.0,0.0,0.0,0.0,0.0,0.0,0.0,False,12.0,9.335693768820182,9.88168258607817,0.0,False,29.0,1.1999999999999995,9.0,7800a2281a16b6a3edb096425c91e2239e1828d85debcbf76d0da3369f3c9b02,12.0,1.0,12.0,1e-09,True,True,False,False,False,False,False,False,True,True,True,True,1.0,13.0,7.0,0.0,1.0,0.5,0.0769230769230769,0.6923076923076923,0.8461538461538461
2017-01-02 00:00:00+00:00,2.1,0.0,0.16,0.3999999999999999,0.0,0.3999999999999999,0.0,0.1424999999999999,0.5224999999999999,0.0,0.0,2.5,0.0,0.3999999999999999,0.4,0.0039999999999999,0.0,-0.0683999999999999,0.404,0.3356,0.0,0.0,0.0,0.404,stochastic,False,9.316337441053292,9.80731160053454,9.80731160053454,9.316337441053292,0.244043199927546,4.196643033083093e-14,,0.0,False,deficit_discharge,sampled,2.5,42,deficit_discharge_48h,winter,0.0,True,2017-01-02 00:00:00+00:00,2017-01-02 00:00:00+00:00,0.0,0.0,0.0,0.0,0.0,0.0,0.0,0.0,0.0,False,12.0,9.316337441053292,9.80731160053454,0.0,False,29.0,1.1999999999999995,9.0,939a207ca4c8ffb4dc37081d5cceebcff919ec1d7a15209df5144879873feee4,12.0,1.0,12.0,1e-09,True,True,False,False,False,False,False,False,True,True,True,True,1.0,13.0,7.0,0.0,1.0,0.5,0.0769230769230769,0.6923076923076923,0.8461538461538461
2017-01-02 01:00:00+00:00,2.1,0.0,0.16,0.3999999999999999,0.0,0.3999999999999999,0.0,0.5224999999999999,0.9024999999999996,0.0,0.0,2.5,0.0,0.3999999999999999,0.4,0.0039999999999999,0.0,-0.0683999999999999,0.404,0.3356,0.0,0.0,0.0,0.404,stochastic,False,9.128567294588883,9.807311600534542,9.862832673628716,9.128567294588883,0.3324600000632927,5.3290705182007527e-14,,0.0,False,deficit_discharge,sampled,2.5,42,deficit_discharge_48h,winter,0.0,True,2017-01-02 01:00:00+00:00,2017-01-02 01:00:00+00:00,0.0,0.0,0.0,0.0,0.0,0.0,0.0,0.0,0.0,False,12.0,9.128567294588883,9.862832673628716,0.0,False,29.0,1.1999999999999995,10.0,e26d7978524c4f211179588e593da7a188023b6d81fcfbb43982a40f65993ae4,12.0,1.0,12.0,1e-09,True,True,False,False,False,False,False,False,True,True,True,True,1.0,13.0,7.0,0.0,1.0,0.5,0.0769230769230769,0.6923076923076923,0.8461538461538461
2017-01-02 02:00:00+00:00,2.1,0.0,0.16,0.3999999999999999,0.0,0.3999999999999999,0.0,0.9024999999999996,1.2824999999999998,0.0,0.0,2.5,0.0,0.3999999999999999,0.4,0.0039999999999999,0.0,-0.0684,0.404,0.3356,0.0,0.0,0.0,0.404,stochastic,False,9.209416843066723,9.873936888247552,9.873936888247552,9.209416843066723,0.3027986000524834,1.199040866595169e-14,,0.0,False,deficit_discharge,sampled,2.5,42,deficit_discharge_48h,winter,0.0,True,2017-01-02 02:00:00+00:00,2017-01-02 02:00:00+00:00,0.0,0.0,0.0,0.0,0.0,0.0,0.0,0.0,0.0,False,12.0,9.209416843066723,9.873936888247552,0.0,False,29.0,1.1999999999999995,8.0,6b788fb4b89e4688db7d7c445e23b50dbfe539d4630d01a4112e4cc6de29c770,12.0,1.0,12.0,1e-09,True,True,False,False,False,False,False,False,True,True,True,True,1.0,13.0,7.0,0.0,1.0,0.5,0.0769230769230769,0.6923076923076923,0.8461538461538461
2017-01-02 03:00:00+00:00,2.1,0.0,0.16,0.3999999999999999,0.0,0.3999999999999999,0.0,1.2824999999999998,1.6624999999999996,0.0,0.0,2.5,0.0,0.3999999999999999,0.4,0.0039999999999999,0.0,-0.0683999999999999,0.404,0.3356,0.0,0.0,0.0,0.404,stochastic,False,9.311016730669447,9.714821441517548,9.791492837382314,9.311016730669447,0.2548439999809488,3.6637359812630166e-14,,0.0,False,deficit_discharge,sampled,2.5,42,deficit_discharge_48h,winter,0.0,True,2017-01-02 03:00:00+00:00,2017-01-02 03:00:00+00:00,0.0,0.0,0.0,0.0,0.0,0.0,0.0,0.0,0.0,False,12.0,9.311016730669447,9.791492837382314,0.0,False,29.0,1.1999999999999995,10.0,784879cfe3ee267f21c9b5589c0e94c9e7f29229207684824f8cbd7f93ae3313,12.0,1.0,12.0,1e-09,True,True,False,False,False,False,False,False,True,True,True,True,1.0,13.0,7.0,0.0,1.0,0.5,0.0769230769230769,0.6923076923076923,0.8461538461538461
2017-01-02 04:00:00+00:00,2.1,0.0,0.16,0.3999999999999999,0.0,0.3999999999999999,0.0,1.6624999999999996,2.0424999999999995,0.0,0.0,2.5,0.0,0.3999999999999999,0.4,0.0039999999999999,0.0,-0.0683999999999999,0.404,0.3356,0.0,0.0,0.0,0.404,stochastic,False,9.31250586132336,9.682009070399069,9.813674989121395,9.31250586132336,0.3219246000517159,1.9539925233402755e-14,,0.0,False,deficit_discharge,sampled,2.5,42,deficit_discharge_48h,winter,0.0,True,2017-01-02 04:00:00+00:00,2017-01-02 04:00:00+00:00,0.0,0.0,0.0,0.0,0.0,0.0,0.0,0.0,0.0,False,12.0,9.31250586132336,9.813674989121395,0.0,False,29.0,1.1999999999999995,9.0,4b8adce5a4d80c4ab9061502490879c774d7bb746b289adc920d0e1af727ddc7,12.0,1.0,12.0,1e-09,True,True,False,False,False,False,False,False,True,True,True,True,1.0,13.0,7.0,0.0,1.0,0.5,0.0769230769230769,0.6923076923076923,0.8461538461538461
2017-01-02 05:00:00+00:00,2.1,0.0,0.16,0.3999999999999999,0.0,0.3999999999999999,0.0,2.0424999999999995,2.4224999999999994,0.0,0.0,2.5,0.0,0.3999999999999999,0.4,0.0039999999999999,0.0,-0.0683999999999999,0.404,0.3356,0.0,0.0,0.0,0.404,stochastic,False,8.807324859132052,9.682009070399069,9.841948918606136,8.807324859132052,0.3873339999699965,4.440892098500626e-16,,0.0,False,deficit_discharge,sampled,2.5,42,deficit_discharge_48h,winter,0.0,True,2017-01-02 05:00:00+00:00,2017-01-02 05:00:00+00:00,0.0,4.8828125e-05,0.0,0.0,0.0,0.0,0.0,0.0,4.8828125e-05,True,12.0,8.807324859132052,9.841948918606136,0.0,False,29.0,1.1999999999999995,11.0,9d6ffbb4abc8f682afd151965f606e6140f593b594e296a28da1c574add0a0ee,12.0,1.0,12.0,1e-09,True,True,False,False,False,False,False,False,True,True,True,True,1.0,13.0,7.0,0.0,1.0,0.5,0.0769230769230769,0.6923076923076923,0.8461538461538461
2017-01-02 06:00:00+00:00,2.5500000000000003,0.0,0.16,0.0,0.0500000000000002,0.0,0.0500000000000002,2.4224999999999994,2.369868421052631,0.0,0.0,2.5,0.0,0.0500000000000002,0.4,0.0005,0.0,0.0094736842105263,0.4005,0.4099736842105264,0.0,0.0,0.0,0.4005,stochastic,False,8.899973705562527,9.80731160053454,9.834558744143974,8.899973705562527,0.2502898999955505,2.398081733190338e-14,,0.0,False,deficit_discharge,sampled,2.5,42,deficit_discharge_48h,winter,0.0,True,2017-01-02 06:00:00+00:00,2017-01-02 06:00:00+00:00,0.0,0.01416015625,0.0,0.0,0.0,0.0,0.0,0.0,0.01416015625,True,12.0,8.899973705562527,9.834558744143974,0.0,False,29.0,1.1999999999999995,10.0,0557b36aca22dd1aa936036ea3bbac1148328334b3a5a6724c8471d321c11b15,12.0,1.0,12.0,1e-09,True,True,False,False,False,False,False,False,True,True,True,True,1.0,13.0,7.0,0.0,1.0,0.5,0.0769230769230769,0.6923076923076923,0.8461538461538461
2017-01-02 07:00:00+00:00,2.5500000000000003,0.0,0.16,0.0,0.0500000000000002,0.0,0.0500000000000002,2.369868421052631,2.3172368421052623,0.0,0.0,2.5,0.0,0.0500000000000002,0.4,0.0005,0.0,0.0094736842105263,0.4005,0.4099736842105264,0.0,0.0,0.0,0.4005,stochastic,False,9.11350139278668,9.807245189260676,9.83454767559833,9.11350139278668,0.276818300015293,3.4416913763379853e-15,,0.0,False,deficit_discharge,sampled,2.5,42,deficit_discharge_48h,winter,0.0,True,2017-01-02 07:00:00+00:00,2017-01-02 07:00:00+00:00,0.0,0.1035737537202381,0.0109281994047619,0.0,0.0313895089285714,0.0,0.01806640625,0.0081910441794159,0.1035737537202381,True,12.0,9.11350139278668,9.83454767559833,0.0,False,29.0,1.1999999999999995,8.0,395c78693ccca2e707d2c828854d8b54f476fca2f54baa86e1e037303618fb37,12.0,7.0,2.0,1e-09,True,True,False,False,False,False,False,False,True,False,True,False,1.0,3.0,2.0,0.0,0.2307692307692307,0.1153846153846153,0.0769230769230769,0.6923076923076923,0.8461538461538461
2017-01-02 08:00:00+00:00,2.5500000000000003,0.0498046875,0.175,0.0,0.0345842633928574,0.0,0.0345842633928574,2.3172368421052623,2.280832354323307,0.0498046875,0.0,2.465611049107143,0.0,0.0345842633928574,0.43148193359375,0.0003458426339285,0.0,0.0065528078007519,0.4318277762276785,0.4383805840284305,0.0,0.0,0.0,0.4318277762276785,stochastic,False,9.317167649552506,9.68309976414876,9.813856771413016,9.317167649552506,0.41922510007862,8.659739592076221e-15,,0.0,False,deficit_discharge,sampled,2.5,42,deficit_discharge_48h,winter,0.0,True,2017-01-02 08:00:00+00:00,2017-01-02 08:00:00+00:00,0.0,0.3536446707589286,0.2194359188988095,0.0154157366071428,0.5479910714285714,0.0660574776785714,0.4649135044642857,0.1767105825308853,0.3038399832589286,True,12.0,9.317167649552506,9.813856771413016,0.0,False,29.0,1.1999999999999995,10.0,d406806661f9c9d3d1170650149bd166429c96a3af6d19be2eb43ba5da044473,12.0,10.0,0.0,1e-09,True,False,True,False,False,False,True,False,False,False,False,False,2.0,2.0,2.0,0.0769230769230769,0.1538461538461538,0.1153846153846153,0.0769230769230769,0.6923076923076923,0.8461538461538461
2017-01-02 09:00:00+00:00,2.1,0.1552734375,0.175,0.0,0.0,0.0,0.0,2.280832354323307,2.280832354323307,0.1552734375,0.0,1.9447265625,0.0,0.0,0.3403271484375,0.0,0.0,-0.0,0.3403271484375,0.3403271484375,0.0,0.0,0.0,0.3403271484375,stochastic,False,9.104929148859313,9.817068799285428,9.83874747208233,9.104929148859313,0.3117300000740215,1.3322676295501878e-15,,0.0,False,deficit_discharge,sampled,2.5,42,deficit_discharge_48h,winter,0.0,True,2017-01-02 09:00:00+00:00,2017-01-02 09:00:00+00:00,0.0,0.6747791108630952,0.523007347470238,0.0987025669642855,1.4573102678571428,0.0989815848214284,1.0891462053571428,0.4270071647209491,0.5195056733630952,True,12.0,9.104929148859313,9.83874747208233,0.0,False,29.0,1.1999999999999995,11.0,cc64f822118596a76ed599562d3192f71161a42b037d41705d3bcfbd92fd8847,12.0,11.0,0.0,1e-09,True,True,True,True,False,False,False,False,False,False,False,False,4.0,4.0,4.0,0.2307692307692307,0.3076923076923077,0.2692307692307693,0.0769230769230769,0.6923076923076923,0.8461538461538461
2017-01-02 10:00:00+00:00,2.1,0.1953125,0.175,0.1908135882469359,0.0,0.1908135882469359,0.0,2.280832354323307,2.462105263157896,0.1953125,0.0,2.095501088246936,0.0,0.1908135882469359,0.3667126904432138,0.0019081358824693,0.0,-0.032629123590226,0.3686208263256831,0.3359917027354571,0.0,0.0,0.0,0.3686208263256831,stochastic,False,9.58267361602495,9.823244290503707,9.84706194468555,9.58267361602495,0.2865983999799937,4.440892098500626e-16,,0.0,False,deficit_discharge,sampled,2.5,42,deficit_discharge_48h,winter,0.0,True,2017-01-02 10:00:00+00:00,2017-01-02 10:00:00+00:00,0.0,1.0505359468005953,0.3220098586309524,0.0,1.5041155133928572,0.0,0.4337332589285714,0.3884413921484877,0.8552234468005953,True,12.0,9.58267361602495,9.84706194468555,0.0,False,29.0,1.1999999999999995,9.0,d5eb05835363c727ea84c4bdd308b96c1c74648b0738f0b37dccb9e8d2186d6a,12.0,8.0,0.0,1e-09,True,True,True,True,False,False,False,False,False,False,False,False,6.0,6.0,6.0,0.3846153846153846,0.4615384615384615,0.4230769230769231,0.0769230769230769,0.6923076923076923,0.8461538461538461
2017-01-02 11:00:00+00:00,2.1,0.705078125,0.175,0.0680385044642855,0.0,0.0680385044642855,0.0,2.462105263157896,2.526741842398968,0.705078125,0.0,1.4629603794642856,0.0,0.0680385044642855,0.2560180664062499,0.0006803850446428,0.0,-0.0116345842633928,0.2566984514508928,0.2450638671875,0.0,0.0,0.0,0.2566984514508928,stochastic,False,8.953864450195619,9.491456831899084,9.80601567315506,8.953864450195619,0.305110500077717,0.0,,0.0,False,deficit_discharge,sampled,2.5,42,deficit_discharge_48h,winter,0.0,True,2017-01-02 11:00:00+00:00,2017-01-02 11:00:00+00:00,0.0,1.2465297154017856,1.20024181547619,0.1570870535714283,2.1680385044642856,0.1720145089285711,2.0335518973214284,0.7334058704268681,0.5414515904017856,True,12.0,8.953864450195619,9.80601567315506,0.0,False,29.0,1.1999999999999995,12.0,02256c06bc497ba6ef42706bd40e7731e758fcccd928cc31fa6c633444fa41ab,12.0,12.0,0.0,1e-09,True,True,True,True,False,False,False,False,False,False,False,False,6.0,6.0,6.0,0.3846153846153846,0.4615384615384615,0.4230769230769231,0.0769230769230769,0.6923076923076923,0.8461538461538461
2017-01-02 12:00:00+00:00,2.1,1.57421875,0.175,0.3319614955357138,0.0,0.3319614955357138,0.0,2.526741842398968,2.842105263157896,1.57421875,0.0,0.8577427455357141,0.0,0.3319614955357138,0.1501049804687499,0.0033196149553571,0.0,-0.056765415736607,0.153424595424107,0.0966591796875,0.0,0.0,1.6653345369377348e-16,0.153424595424107,stochastic,False,9.428541262253942,9.811895800781253,9.876062399631078,9.428541262253942,0.2119765999959781,4.440892098500626e-16,,0.0,False,deficit_discharge,sampled,2.5,42,deficit_discharge_48h,winter,0.0,True,2017-01-02 12:00:00+00:00,2017-01-02 12:00:00+00:00,0.0,1.3270763578869047,0.5594540550595238,0.0,1.9280831473214288,0.1891043526785714,1.248256138392857,0.5107324275718611,-0.2471423921130953,True,12.0,9.428541262253942,9.876062399631078,0.0,False,29.0,1.1999999999999995,10.0,1bd1563773d13b1ad9486562eb257ed3e67777a54ec92724d3598a7b0eb05572,12.0,10.0,0.0,1e-09,True,False,True,False,False,False,False,True,False,False,False,False,12.0,12.0,12.0,0.8461538461538461,0.9230769230769232,0.8846153846153846,0.0769230769230769,0.6923076923076923,0.8461538461538461
2017-01-02 13:00:00+00:00,2.1,0.375,0.175,0.2311244419642855,0.0,0.2311244419642855,0.0,2.842105263157896,3.061673483023967,0.375,0.0,1.9561244419642856,0.0,0.2311244419642855,0.3423217773437499,0.0023112444196428,0.0,-0.0395222795758928,0.3446330217633928,0.3051107421875,0.0,0.0,0.0,0.3446330217633928,stochastic,False,9.320250584207916,9.805698549101026,9.86784979207663,9.320250584207916,0.2272311999695375,4.440892098500626e-16,,0.0,False,deficit_discharge,sampled,2.5,42,deficit_discharge_48h,winter,0.0,True,2017-01-02 13:00:00+00:00,2017-01-02 13:00:00+00:00,0.0,1.1002383277529764,0.7980201357886907,0.0174386160714288,2.3311244419642856,0.1717354910714287,2.180803571428572,0.845673830694918,0.7252383277529764,True,12.0,9.320250584207916,9.86784979207663,0.0,False,29.0,1.1999999999999995,10.0,3ecbbdeb47bb83361e11b2c0ab8379cad39d0fe3ac5ca49f09b613c9ff395f07,12.0,10.0,0.0,1e-09,True,True,True,True,False,False,False,False,False,False,False,False,7.0,7.0,7.0,0.4615384615384615,0.5384615384615384,0.5,0.0769230769230769,0.6923076923076923,0.8461538461538461
2017-01-02 14:00:00+00:00,2.1,0.0302734375,0.175,0.0,0.0,0.0,0.0,3.061673483023967,3.061673483023967,0.0302734375,0.0,2.0697265625,0.0,0.0,0.3622021484375,0.0,0.0,-0.0,0.3622021484375,0.3622021484375,0.0,0.0,0.0,0.3622021484375,stochastic,False,9.313358416818414,9.66290308301883,9.822400864643296,9.313358416818414,0.2731593999778852,4.440892098500626e-16,,0.0,False,deficit_discharge,sampled,2.5,42,deficit_discharge_48h,winter,0.0,True,2017-01-02 14:00:00+00:00,2017-01-02 14:00:00+00:00,0.0,0.6796212332589285,0.4125918433779761,0.2215401785714285,1.3344029017857144,0.2878069196428571,0.4587751116071429,0.2834832834855657,0.6493477957589285,True,12.0,9.313358416818414,9.822400864643296,0.0,False,29.0,1.1999999999999995,9.0,29d6ea702b4c2cbbf822adb304be2c9904f8f2b0c0044dbc6eef7885e3299f7e,12.0,9.0,0.0,1e-09,False,False,False,False,True,False,True,False,False,False,False,False,1.0,1.0,1.0,0.0,0.0769230769230769,0.0384615384615384,0.0769230769230769,0.6923076923076923,0.8461538461538461
2017-01-02 15:00:00+00:00,2.1,0.0,0.175,0.0,0.0,0.0,0.0,3.061673483023967,3.061673483023967,0.0,0.0,2.1,0.0,0.0,0.3675,0.0,0.0,-0.0,0.3675,0.3675,0.0,0.0,0.0,0.3675,stochastic,False,9.236951763711035,9.85776111432757,9.8867002554951,9.236951763711035,0.19401969993487,4.440892098500626e-16,,0.0,False,deficit_discharge,sampled,2.5,42,deficit_discharge_48h,winter,0.0,True,2017-01-02 15:00:00+00:00,2017-01-02 15:00:00+00:00,0.0,0.1114769345238095,0.0250767299107142,0.0035574776785714,0.0592912946428571,0.00390625,0.0443638392857142,0.0175822650304357,0.1114769345238095,True,12.0,9.236951763711035,9.8867002554951,0.0,False,29.0,1.1999999999999995,11.0,144ae589c4f28e5f740b1b3f6ec9d7cd7c217bf34662538c34d868ee87136e31,12.0,11.0,0.0,1e-09,False,False,False,False,True,False,True,False,False,False,False,False,1.0,1.0,1.0,0.0,0.0769230769230769,0.0384615384615384,0.0769230769230769,0.6923076923076923,0.8461538461538461
2017-01-02 16:00:00+00:00,2.1,0.0,0.175,0.0,0.0,0.0,0.0,3.061673483023967,3.061673483023967,0.0,0.0,2.1,0.0,0.0,0.3675,0.0,0.0,-0.0,0.3675,0.3675,0.0,0.0,0.0,0.3675,stochastic,False,9.322788113568018,9.850844852114417,9.897061149184402,9.322788113568018,0.1756762000732123,4.440892098500626e-16,,0.0,False,deficit_discharge,sampled,2.5,42,deficit_discharge_48h,winter,0.0,True,2017-01-02 16:00:00+00:00,2017-01-02 16:00:00+00:00,0.0,0.0035807291666666,0.0,0.0,0.0,0.0,0.0,0.0,0.0035807291666666,True,12.0,9.322788113568018,9.897061149184402,0.0,False,29.0,1.1999999999999995,10.0,6f0f4a389ef46e427037b8a4e6366edd42754c6a570d20bc1aa7b494bab9f372,12.0,1.0,12.0,1e-09,True,True,False,False,False,False,False,False,True,True,True,True,1.0,13.0,7.0,0.0,1.0,0.5,0.0769230769230769,0.6923076923076923,0.8461538461538461
2017-01-02 17:00:00+00:00,2.95,0.0,0.2,0.0,0.658589808872768,0.0,0.658589808872768,3.061673483023967,2.36842105263158,0.0,0.0,2.291410191127232,0.0,0.658589808872768,0.4582820382254464,0.0065858980887276,0.0,0.1247854374706297,0.4648679363141741,0.5896533737848038,0.0,0.0,0.0,0.4648679363141741,stochastic,False,9.165172788593798,9.805380743233814,9.874930303780689,9.165172788593798,0.2114020000444725,4.440892098500626e-16,,0.0,False,deficit_discharge,sampled,2.5,42,deficit_discharge_48h,winter,0.0,True,2017-01-02 17:00:00+00:00,2017-01-02 17:00:00+00:00,0.0,0.0,0.0,0.0,0.0,0.0,0.0,0.0,0.0,False,12.0,9.165172788593798,9.874930303780689,0.0,False,29.0,1.1999999999999995,11.0,6f553e5e8f7b57834bbcd864e5fe6c359253e1b5531683f23a6430e50483f007,12.0,1.0,12.0,1e-09,True,True,False,False,False,False,False,False,True,True,True,True,1.0,13.0,7.0,0.0,1.0,0.5,0.0769230769230769,0.6923076923076923,0.8461538461538461
2017-01-02 18:00:00+00:00,2.95,0.0,0.2,0.0,0.4500000000000002,0.0,0.4500000000000002,2.36842105263158,1.894736842105264,0.0,0.0,2.5,0.0,0.4500000000000002,0.5,0.0045,0.0,0.0852631578947368,0.5045,0.5897631578947368,0.0,0.0,0.0,0.5045,stochastic,False,9.430422207872589,9.80447631681743,9.842815114250469,9.430422207872589,0.2250394999282434,4.440892098500626e-16,,0.0,False,deficit_discharge,sampled,2.5,42,deficit_discharge_48h,winter,0.0,True,2017-01-02 18:00:00+00:00,2017-01-02 18:00:00+00:00,0.0,0.0,0.0,0.0,0.0,0.0,0.0,0.0,0.0,False,12.0,9.430422207872589,9.842815114250469,0.0,False,29.0,1.1999999999999995,11.0,5b3160c997a716f0a63788d269ef21b1de76b918499754c957e8331f3c0fd936,12.0,1.0,12.0,1e-09,True,True,False,False,False,False,False,False,True,True,True,True,1.0,13.0,7.0,0.0,1.0,0.5,0.0769230769230769,0.6923076923076923,0.8461538461538461
2017-01-02 19:00:00+00:00,2.95,0.0,0.2,0.0,0.4500000000000002,0.0,0.4500000000000002,1.894736842105264,1.4210526315789478,0.0,0.0,2.5,0.0,0.4500000000000002,0.5,0.0045,0.0,0.0852631578947368,0.5045,0.5897631578947368,0.0,0.0,0.0,0.5045,stochastic,False,9.3927212658156,9.809290795641449,9.868342309313322,9.3927212658156,0.2744790000142529,4.440892098500626e-16,,0.0,False,deficit_discharge,sampled,2.5,42,deficit_discharge_48h,winter,0.0,True,2017-01-02 19:00:00+00:00,2017-01-02 19:00:00+00:00,0.0,0.0,0.0,0.0,0.0,0.0,0.0,0.0,0.0,False,12.0,9.3927212658156,9.868342309313322,0.0,False,29.0,1.1999999999999995,11.0,f6c3e3a47bdc092e0bece28887c1b9d4b93047b3b04b7a8c15d5e0b0190b0f4c,12.0,1.0,12.0,1e-09,True,True,False,False,False,False,False,False,True,True,True,True,1.0,13.0,7.0,0.0,1.0,0.5,0.0769230769230769,0.6923076923076923,0.8461538461538461
2017-01-02 20:00:00+00:00,2.95,0.0,0.2,0.0,0.4500000000000002,0.0,0.4500000000000002,1.4210526315789478,0.947368421052632,0.0,0.0,2.5,0.0,0.4500000000000002,0.5,0.0045,0.0,0.0852631578947368,0.5045,0.5897631578947368,0.0,0.0,0.0,0.5045,stochastic,False,9.4189337244922,9.850956557947605,9.897131106868734,9.4189337244922,0.2156268999679014,4.440892098500626e-16,,0.0,False,deficit_discharge,sampled,2.5,42,deficit_discharge_48h,winter,0.0,True,2017-01-02 20:00:00+00:00,2017-01-02 20:00:00+00:00,0.0,0.0,0.0,0.0,0.0,0.0,0.0,0.0,0.0,False,12.0,9.4189337244922,9.897131106868734,0.0,False,29.0,1.1999999999999995,11.0,bda9ec1d3c8d9e8d2265afe53d5f7de08deac6fa114116c657798b1b2c77ddd5,12.0,1.0,12.0,1e-09,True,True,False,False,False,False,False,False,True,True,True,True,1.0,13.0,7.0,0.0,1.0,0.5,0.0769230769230769,0.6923076923076923,0.8461538461538461
2017-01-02 21:00:00+00:00,2.95,0.0,0.2,0.0,0.4500000000000002,0.0,0.4500000000000002,0.947368421052632,0.4736842105263159,0.0,0.0,2.5,0.0,0.4500000000000002,0.5,0.0045,0.0,0.0852631578947368,0.5045,0.5897631578947369,0.0,0.0,0.0,0.5045,stochastic,False,9.103324986937864,9.75954649715108,9.797580118802866,9.103324986937864,0.2036650000372901,4.440892098500626e-16,,0.0,False,deficit_discharge,sampled,2.5,42,deficit_discharge_48h,winter,0.0,True,2017-01-02 21:00:00+00:00,2017-01-02 21:00:00+00:00,0.0,0.0,0.0,0.0,0.0,0.0,0.0,0.0,0.0,False,12.0,9.103324986937864,9.797580118802866,0.0,False,29.0,1.1999999999999995,9.0,1aee67bfc5076d61f1521985cf4719f4d72ee29da2202d05daf78e4fa2a91176,12.0,1.0,12.0,1e-09,True,True,False,False,False,False,False,False,True,True,True,True,1.0,13.0,7.0,0.0,1.0,0.5,0.0769230769230769,0.6923076923076923,0.8461538461538461
2017-01-02 22:00:00+00:00,2.95,0.0,0.16,0.0,0.4500000000000002,0.0,0.45,0.4736842105263159,5.551115123125783e-17,0.0,0.0,2.5,0.0,0.45,0.4,0.0045,0.0,0.0852631578947368,0.4045,0.4897631578947369,0.0,1.6653345369377348e-16,0.0,0.4045,stochastic,False,9.218103525965793,9.851430242158129,9.882641005271967,9.218103525965793,0.2224024999886751,4.440892098500626e-16,,0.0,False,deficit_discharge,sampled,2.5,42,deficit_discharge_48h,winter,0.0,True,2017-01-02 22:00:00+00:00,2017-01-02 22:00:00+00:00,0.0,0.0,0.0,0.0,0.0,0.0,0.0,0.0,0.0,False,12.0,9.218103525965793,9.882641005271967,0.0,False,29.0,1.1999999999999995,10.0,3642a2a8fb03031bea4cbaac3793ea7fcd9bd99026fdd01b75120fff692f3b5f,12.0,1.0,12.0,1e-09,True,True,False,False,False,False,False,False,True,True,True,True,1.0,13.0,7.0,0.0,1.0,0.5,0.0769230769230769,0.6923076923076923,0.8461538461538461
2017-01-02 23:00:00+00:00,2.1,0.0,0.16,0.3999999999999999,0.0,0.3999999999999999,0.0,5.551115123125783e-17,0.3799999999999999,0.0,0.0,2.5,0.0,0.3999999999999999,0.4,0.0039999999999999,0.0,-0.0683999999999999,0.404,0.3356,0.0,0.0,0.0,0.404,stochastic,False,9.358970659456002,9.88594050678454,9.907587642201207,9.358970659456002,0.2134513999335467,3.219646771412954e-15,,0.0,False,deficit_discharge,sampled,2.5,42,deficit_discharge_48h,winter,0.0,True,2017-01-02 23:00:00+00:00,2017-01-02 23:00:00+00:00,0.0,0.0,0.0,0.0,0.0,0.0,0.0,0.0,0.0,False,12.0,9.358970659456002,9.907587642201207,0.0,False,29.0,1.1999999999999995,10.0,76f474197f78a6563d8fa7538ff3e9c09cc0d5630442a052f63bb3fa5aba576c,12.0,1.0,12.0,1e-09,True,True,False,False,False,False,False,False,True,True,True,True,1.0,13.0,7.0,0.0,1.0,0.5,0.0769230769230769,0.6923076923076923,0.8461538461538461
2017-01-01 00:00:00+00:00,2.35,0.0,0.16,0.1499999999999999,0.0,0.1499999999999999,0.0,4.0,4.1425,0.0,0.0,2.5,0.0,0.1499999999999999,0.4,0.0014999999999999,0.0,-0.02565,0.4015,0.37585,0.0,0.0,0.0,0.4015,cvar_0.5,False,9.986733170086792,10.754745033443498,10.900573418589648,10.44365329433822,0.3348311999579891,3.552713678800501e-15,,0.0,False,deficit_discharge,sampled,2.5,42,deficit_discharge_48h,winter,0.5,True,2017-01-01 00:00:00+00:00,2017-01-01 00:00:00+00:00,0.0,0.0,0.0,0.0,0.0,0.0,0.0,0.0,0.0,False,12.0,9.986733170086792,10.900573418589648,0.0,False,29.0,1.1999999999999995,10.0,94d49a0645eb19ab96b00a93c8afa9b84000e4a2c229ef0c31db106ee954a18c,12.0,1.0,12.0,1e-09,True,True,False,False,False,False,False,False,True,True,True,True,1.0,13.0,7.0,0.0,1.0,0.5,0.0769230769230769,0.6923076923076923,0.8461538461538461
2017-01-01 01:00:00+00:00,2.35,0.0,0.16,0.1499999999999999,0.0,0.1499999999999999,0.0,4.1425,4.285,0.0,0.0,2.5,0.0,0.1499999999999999,0.4,0.0014999999999999,0.0,-0.02565,0.4015,0.37585,0.0,0.0,0.0,0.4015,cvar_0.5,False,10.122289220420194,10.845166865547402,10.882102057273633,10.502195638846914,0.3357757999328896,5.46229728115577e-14,,0.0,False,deficit_discharge,sampled,2.5,42,deficit_discharge_48h,winter,0.5,True,2017-01-01 01:00:00+00:00,2017-01-01 01:00:00+00:00,0.0,0.0,0.0,0.0,0.0,0.0,0.0,0.0,0.0,False,12.0,10.122289220420194,10.882102057273633,0.0,False,29.0,1.1999999999999995,11.0,65963112040ed68a7410871a080c4d7f7b42de3007097c3691f5862ffa346182,12.0,1.0,12.0,1e-09,True,True,False,False,False,False,False,False,True,True,True,True,1.0,13.0,7.0,0.0,1.0,0.5,0.0769230769230769,0.6923076923076923,0.8461538461538461
2017-01-01 02:00:00+00:00,2.35,0.0,0.16,0.1499999999999999,0.0,0.1499999999999999,0.0,4.285,4.4275,0.0,0.0,2.5,0.0,0.1499999999999999,0.4,0.0014999999999999,0.0,-0.02565,0.4015,0.37585,0.0,0.0,0.0,0.4015,cvar_0.5,False,9.952859809889778,10.723977383052098,10.791426951798185,10.37214338084398,0.3508842999581247,8.881784197001252e-15,,0.0,False,deficit_discharge,sampled,2.5,42,deficit_discharge_48h,winter,0.5,True,2017-01-01 02:00:00+00:00,2017-01-01 02:00:00+00:00,0.0,0.0,0.0,0.0,0.0,0.0,0.0,0.0,0.0,False,12.0,9.952859809889778,10.791426951798185,0.0,False,29.0,1.1999999999999995,10.0,1ca3a7271b1f89e0dff4b525791b6751f6c62a392c0a40436b969fac2b20e44d,12.0,1.0,12.0,1e-09,True,True,False,False,False,False,False,False,True,True,True,True,1.0,13.0,7.0,0.0,1.0,0.5,0.0769230769230769,0.6923076923076923,0.8461538461538461
2017-01-01 03:00:00+00:00,2.35,0.0,0.16,0.1499999999999999,0.0,0.1499999999999999,0.0,4.4275,4.57,0.0,0.0,2.5,0.0,0.1499999999999999,0.4,0.0014999999999999,0.0,-0.02565,0.4015,0.37585,0.0,0.0,0.0,0.4015,cvar_0.5,False,9.854969612304943,10.779220178053585,10.779220178053585,10.317094895179263,0.2372234999202191,4.9293902293356957e-14,,0.0,False,deficit_discharge,sampled,2.5,42,deficit_discharge_48h,winter,0.5,True,2017-01-01 03:00:00+00:00,2017-01-01 03:00:00+00:00,0.0,0.0,0.0,0.0,0.0,0.0,0.0,0.0,0.0,False,12.0,9.854969612304943,10.779220178053585,0.0,False,29.0,1.1999999999999995,10.0,c41e4b400dfc13bbe3b690d90024ea02a334b5065efe2d1d908ad86c22337c74,12.0,1.0,12.0,1e-09,True,True,False,False,False,False,False,False,True,True,True,True,1.0,13.0,7.0,0.0,1.0,0.5,0.0769230769230769,0.6923076923076923,0.8461538461538461
2017-01-01 04:00:00+00:00,2.35,0.0,0.16,0.1499999999999999,0.0,0.1499999999999999,0.0,4.57,4.7125,0.0,0.0,2.5,0.0,0.1499999999999999,0.4,0.0014999999999999,0.0,-0.02565,0.4015,0.37585,0.0,0.0,0.0,0.4015,cvar_0.5,False,9.96930861634452,10.610017029286826,10.742285417896868,10.355797017120691,0.4036460999632254,3.552713678800501e-15,,0.0,False,deficit_discharge,sampled,2.5,42,deficit_discharge_48h,winter,0.5,True,2017-01-01 04:00:00+00:00,2017-01-01 04:00:00+00:00,0.0,0.0,0.0,0.0,0.0,0.0,0.0,0.0,0.0,False,12.0,9.96930861634452,10.742285417896868,0.0,False,29.0,1.1999999999999995,7.0,02e675a12c329b1dcf562e84fd79f40026fcb7f77de0040d854cd15eda6108ff,12.0,1.0,12.0,1e-09,True,True,False,False,False,False,False,False,True,True,True,True,1.0,13.0,7.0,0.0,1.0,0.5,0.0769230769230769,0.6923076923076923,0.8461538461538461
2017-01-01 05:00:00+00:00,2.35,0.0,0.16,0.1499999999999999,0.0,0.1499999999999999,0.0,4.7125,4.855,0.0,0.0,2.5,0.0,0.1499999999999999,0.4,0.0014999999999999,0.0,-0.02565,0.4015,0.37585,0.0,0.0,0.0,0.4015,cvar_0.5,False,9.89889134067887,10.569767029286826,10.569767029286828,10.23432918498285,0.3107008999213576,8.881784197001252e-15,,0.0,False,deficit_discharge,sampled,2.5,42,deficit_discharge_48h,winter,0.5,True,2017-01-01 05:00:00+00:00,2017-01-01 05:00:00+00:00,0.0,4.8828125e-05,0.0,0.0,0.0,0.0,0.0,0.0,4.8828125e-05,True,12.0,9.89889134067887,10.569767029286828,0.0,False,29.0,1.1999999999999995,10.0,b243407eba7d57da781fec43882062f7eb8ec3f0c3c5c60c20cb1f31c32fdd75,12.0,1.0,12.0,1e-09,True,True,False,False,False,False,False,False,True,True,True,True,1.0,13.0,7.0,0.0,1.0,0.5,0.0769230769230769,0.6923076923076923,0.8461538461538461
2017-01-01 06:00:00+00:00,2.8000000000000003,0.0,0.16,0.0,0.3000000000000002,0.0,0.3000000000000002,4.855,4.53921052631579,0.0,0.0,2.5,0.0,0.3000000000000002,0.4,0.003,0.0,0.0568421052631579,0.403,0.4598421052631579,0.0,0.0,0.0,0.403,cvar_0.5,False,9.977718784510104,10.529517029286826,10.529517029286826,10.253617906898464,0.2925374000333249,1.0880185641326534e-14,,0.0,False,deficit_discharge,sampled,2.5,42,deficit_discharge_48h,winter,0.5,True,2017-01-01 06:00:00+00:00,2017-01-01 06:00:00+00:00,0.0,0.01416015625,0.0,0.0,0.0,0.0,0.0,0.0,0.01416015625,True,12.0,9.977718784510104,10.529517029286826,0.0,False,29.0,1.1999999999999995,9.0,a9eb2293c98a6f499935524160316d633430fb727d8b48ba3e0fb1147c00cbb9,12.0,1.0,12.0,1e-09,True,True,False,False,False,False,False,False,True,True,True,True,1.0,13.0,7.0,0.0,1.0,0.5,0.0769230769230769,0.6923076923076923,0.8461538461538461
2017-01-01 07:00:00+00:00,2.8000000000000003,0.0,0.16,0.0,0.3000000000000002,0.0,0.3000000000000002,4.53921052631579,4.223421052631579,0.0,0.0,2.5,0.0,0.3000000000000002,0.4,0.003,0.0,0.0568421052631579,0.403,0.4598421052631579,0.0,0.0,0.0,0.403,cvar_0.5,False,10.061615656109334,10.671504589032203,10.671504589032203,10.366560122570768,0.5078817999456078,8.260059303211167e-14,,0.0,False,deficit_discharge,sampled,2.5,42,deficit_discharge_48h,winter,0.5,True,2017-01-01 07:00:00+00:00,2017-01-01 07:00:00+00:00,0.0,0.1039225260416666,0.009550548735119,0.0,0.0194614955357142,0.0,0.0145786830357142,0.0063202868607309,0.1039225260416666,True,12.0,10.061615656109334,10.671504589032203,0.0,False,29.0,1.1999999999999995,11.0,52c9bececd2e2aca9467bc3039bb65ce5d2e7050881c2741c58c64cbe1fd97a0,12.0,9.0,3.0,1e-09,True,True,False,False,False,False,False,False,True,False,True,False,1.0,4.0,2.5,0.0,0.3076923076923077,0.1538461538461538,0.0769230769230769,0.6923076923076923,0.8461538461538461
2017-01-01 08:00:00+00:00,2.8000000000000003,0.0654296875,0.175,0.0,0.3000000000000002,0.0,0.3000000000000002,4.223421052631579,3.907631578947369,0.0654296875,0.0,2.4345703125,0.0,0.3000000000000002,0.4260498046875,0.003,0.0,0.0568421052631579,0.4290498046875,0.4858919099506579,0.0,0.0,0.0,0.4290498046875,cvar_0.5,False,9.909768770604297,10.55793987891707,10.611020119802486,10.260394445203392,0.3912715000333264,1.8651746813702636e-14,,0.0,False,deficit_discharge,sampled,2.5,42,deficit_discharge_48h,winter,0.5,True,2017-01-01 08:00:00+00:00,2017-01-01 08:00:00+00:00,0.0,0.3493198939732143,0.2581496465773809,0.0,0.5565011160714286,0.0,0.5565011160714286,0.1910106311659347,0.2838902064732143,True,12.0,9.909768770604297,10.611020119802486,0.0,False,29.0,1.1999999999999995,9.0,7637e9787a5c4fe8480612e366781fb865d69cc5ae8aa778106cd3134f4bac14,12.0,8.0,0.0,1e-09,True,True,True,True,False,False,False,False,False,False,False,False,3.0,3.0,3.0,0.1538461538461538,0.2307692307692307,0.1923076923076923,0.0769230769230769,0.6923076923076923,0.8461538461538461
2017-01-01 09:00:00+00:00,2.35,0.205078125,0.175,0.0,0.0,0.0,0.0,3.907631578947369,3.907631578947369,0.205078125,0.0,2.144921875,0.0,0.0,0.375361328125,0.0,0.0,-0.0,0.375361328125,0.375361328125,0.0,0.0,0.0,0.375361328125,cvar_0.5,False,10.010802860804164,10.536830067033849,10.555406969902998,10.28310491535358,0.4734921000199392,3.9968028886505635e-15,,0.0,False,deficit_discharge,sampled,2.5,42,deficit_discharge_48h,winter,0.5,True,2017-01-01 09:00:00+00:00,2017-01-01 09:00:00+00:00,0.0,0.6690592447916667,0.4411562965029762,0.0373883928571429,1.1761300223214286,0.0929827008928571,1.1761300223214286,0.3605399853834033,0.4639811197916667,True,12.0,10.010802860804164,10.555406969902998,0.0,False,29.0,1.1999999999999995,9.0,bd78a0c4b753cf54d883b5299f18931d54955db4f0f42e825aa2bb4a0b79f007,12.0,9.0,0.0,1e-09,True,True,True,True,False,False,False,False,False,False,False,False,4.0,4.0,4.0,0.2307692307692307,0.3076923076923077,0.2692307692307693,0.0769230769230769,0.6923076923076923,0.8461538461538461
2017-01-01 10:00:00+00:00,2.35,0.32421875,0.175,0.0,0.0,0.0,0.0,3.907631578947369,3.907631578947369,0.32421875,0.0,2.02578125,0.0,0.0,0.35451171875,0.0,0.0,-0.0,0.35451171875,0.35451171875,0.0,0.0,0.0,0.35451171875,cvar_0.5,False,9.820628825914287,10.46223089821336,10.464634245448636,10.142631535681462,0.3265546000329777,5.6621374255882984e-14,,0.0,False,deficit_discharge,sampled,2.5,42,deficit_discharge_48h,winter,0.5,True,2017-01-01 10:00:00+00:00,2017-01-01 10:00:00+00:00,0.0,1.0831112816220236,0.6918480282738094,0.0,2.2894810267857144,0.0048130580357139,1.1101422991071428,0.6075995663794751,0.7588925316220236,True,12.0,9.820628825914287,10.464634245448636,0.0,False,29.0,1.1999999999999995,10.0,e2c902ed5ab00cac3980ec89973405450e54fcfc7f5170c00c6b981333860c27,12.0,10.0,0.0,1e-09,True,True,True,True,False,False,False,False,False,False,False,False,5.0,5.0,5.0,0.3076923076923077,0.3846153846153846,0.3461538461538461,0.0769230769230769,0.6923076923076923,0.8461538461538461
2017-01-01 11:00:00+00:00,2.35,0.400390625,0.175,0.0,0.0,0.0,0.0,3.907631578947369,3.907631578947369,0.400390625,0.0,1.949609375,0.0,0.0,0.341181640625,0.0,0.0,-0.0,0.341181640625,0.341181640625,0.0,0.0,0.0,0.341181640625,cvar_0.5,False,9.82579827607982,10.42220720005194,10.445900191074418,10.13584923357712,0.3771278000203892,1.7763568394002505e-15,,0.0,False,deficit_discharge,sampled,2.5,42,deficit_discharge_48h,winter,0.5,True,2017-01-01 11:00:00+00:00,2017-01-01 11:00:00+00:00,0.0,1.2832903180803572,0.8900030226934524,0.0094168526785716,2.014927455357143,0.0850306919642858,1.7478376116071428,0.6387835296852711,0.8828996930803572,True,12.0,9.82579827607982,10.445900191074418,0.0,False,29.0,1.1999999999999995,11.0,4d57ab38e23029e378a60437a63faa8acdbd718de75f01da000451b3dc9f697f,12.0,11.0,0.0,1e-09,True,True,True,True,False,False,False,False,False,False,False,False,5.0,5.0,5.0,0.3076923076923077,0.3846153846153846,0.3461538461538461,0.0769230769230769,0.6923076923076923,0.8461538461538461
2017-01-01 12:00:00+00:00,2.35,0.9794921875,0.175,0.1499999999999999,0.0,0.1499999999999999,0.0,3.907631578947369,4.050131578947369,0.9794921875,0.0,1.5205078125,0.0,0.1499999999999999,0.2660888671874999,0.0014999999999999,0.0,-0.02565,0.2675888671874999,0.2419388671874999,0.0,0.0,0.0,0.2675888671874999,cvar_0.5,False,9.93214522914567,10.415226191622663,10.416828093206863,10.174486661176267,0.332075500045903,3.552713678800501e-15,,0.0,False,deficit_discharge,sampled,2.5,42,deficit_discharge_48h,winter,0.5,True,2017-01-01 12:00:00+00:00,2017-01-01 12:00:00+00:00,0.0,1.324286179315476,0.8656994047619045,0.0,2.672154017857143,0.0244838169642855,2.389439174107143,0.8987422925188575,0.3447939918154761,True,12.0,9.93214522914567,10.416828093206863,0.0,False,29.0,1.1999999999999995,11.0,51fcbce3f3c4519fb08f26f615abd3acbb94a6ea6b746092eb4567a134be31a8,12.0,11.0,0.0,1e-09,True,True,True,True,False,False,False,False,False,False,False,False,10.0,10.0,10.0,0.6923076923076923,0.7692307692307693,0.7307692307692308,0.0769230769230769,0.6923076923076923,0.8461538461538461
2017-01-01 13:00:00+00:00,2.35,1.4052734375,0.175,0.0,0.0,0.0,0.0,4.050131578947369,4.050131578947369,1.4052734375,0.0,0.9447265625,0.0,0.0,0.1653271484375,0.0,0.0,-0.0,0.1653271484375,0.1653271484375,0.0,0.0,0.0,0.1653271484375,cvar_0.5,False,9.964168022344897,10.39354470005194,10.39354470005194,10.178856361198417,0.3246131000341847,4.9960036108132044e-14,,0.0,False,deficit_discharge,sampled,2.5,42,deficit_discharge_48h,winter,0.5,True,2017-01-01 13:00:00+00:00,2017-01-01 13:00:00+00:00,0.0,1.023089890252976,0.7192440941220237,0.0,1.8447265625,0.0945870535714284,1.7369559151785714,0.6841890678351489,-0.3821835472470238,True,12.0,9.964168022344897,10.39354470005194,0.0,False,29.0,1.1999999999999995,11.0,ed206769351e4b8f6996817af602f9cb9e3fef253e332f9c967a3c5b70f59476,12.0,11.0,0.0,1e-09,True,True,True,True,False,False,False,False,False,False,False,False,9.0,9.0,9.0,0.6153846153846154,0.6923076923076923,0.6538461538461539,0.0769230769230769,0.6923076923076923,0.8461538461538461
2017-01-01 14:00:00+00:00,2.35,0.5703125,0.175,0.2404432132964022,0.0,0.2404432132964022,0.0,4.050131578947369,4.27855263157895,0.5703125,0.0,2.0201307132964024,0.0,0.2404432132964022,0.3535228748268704,0.002404432132964,0.0,-0.0411157894736847,0.3559273069598344,0.3148115174861497,0.0,0.0,0.0,0.3559273069598344,cvar_0.5,False,9.697582796065085,10.255994749124817,10.336431543625718,10.0170071698454,0.3658301000250503,4.440892098500626e-15,,0.0,False,deficit_discharge,sampled,2.5,42,deficit_discharge_48h,winter,0.5,True,2017-01-01 14:00:00+00:00,2017-01-01 14:00:00+00:00,0.0,0.6441859654017856,0.5288260323660714,0.1303710937499999,1.0433872767857142,0.2064034598214285,0.8544921874999999,0.2620125010073954,0.0738734654017856,True,12.0,9.697582796065085,10.336431543625718,0.0,False,29.0,1.1999999999999995,10.0,67a77be52a34557799b26a86f7d16ca82a809e795f470df73d67e93c78c9a403,12.0,10.0,0.0,1e-09,True,True,True,True,False,False,False,False,False,False,False,False,9.0,9.0,9.0,0.6153846153846154,0.6923076923076923,0.6538461538461539,0.0769230769230769,0.6923076923076923,0.8461538461538461
2017-01-01 15:00:00+00:00,2.35,0.009765625,0.175,0.1499999999999977,0.0,0.1499999999999977,0.0,4.27855263157895,4.421052631578948,0.009765625,0.0,2.490234374999998,0.0,0.1499999999999977,0.4357910156249996,0.0014999999999999,0.0,-0.0256499999999995,0.4372910156249996,0.4116410156250001,0.0,0.0,0.0,0.4372910156249996,cvar_0.5,False,9.671387446256428,10.11106581345943,10.19980506168579,9.93559625397111,0.2293050000444054,2.275957200481571e-15,,0.0,False,deficit_discharge,sampled,2.5,42,deficit_discharge_48h,winter,0.5,True,2017-01-01 15:00:00+00:00,2017-01-01 15:00:00+00:00,0.0,0.1107793898809523,0.0134393601190476,0.0035574776785714,0.0315290178571428,0.0035574776785714,0.0265764508928571,0.008723693713504,0.1010137648809523,True,12.0,9.671387446256428,10.19980506168579,0.0,False,29.0,1.1999999999999995,8.0,2d5c048de2efaade059546571cc7f8fc9d5a74eebdd929b09d6c5b563f9617ca,12.0,7.0,0.0,1e-09,True,True,True,True,False,False,False,False,False,False,False,False,4.0,4.0,4.0,0.2307692307692307,0.3076923076923077,0.2692307692307693,0.0769230769230769,0.6923076923076923,0.8461538461538461
2017-01-01 16:00:00+00:00,2.35,0.0,0.175,0.0,0.0,0.0,0.0,4.421052631578948,4.421052631578948,0.0,0.0,2.35,0.0,0.0,0.41125,0.0,0.0,-0.0,0.41125,0.41125,0.0,0.0,0.0,0.41125,cvar_0.5,False,9.488561064526552,10.090218228554786,10.161626442183747,9.82509375335515,0.1951118999859318,1.7763568394002505e-15,,0.0,False,deficit_discharge,sampled,2.5,42,deficit_discharge_48h,winter,0.5,True,2017-01-01 16:00:00+00:00,2017-01-01 16:00:00+00:00,0.0,0.0035807291666666,0.0,0.0,0.0,0.0,0.0,0.0,0.0035807291666666,True,12.0,9.488561064526552,10.161626442183747,0.0,False,29.0,1.1999999999999995,10.0,5d7f68d69d5b32e39274bea0ba57570b7c908e40b4e54fe72a1a6c251034c2ea,12.0,1.0,12.0,1e-09,True,True,False,False,False,False,False,False,True,True,True,True,1.0,13.0,7.0,0.0,1.0,0.5,0.0769230769230769,0.6923076923076923,0.8461538461538461
2017-01-01 17:00:00+00:00,3.2,0.0,0.2,0.0,0.6999999999999997,0.0,0.7000000000000002,4.421052631578948,3.68421052631579,0.0,0.0,2.5,0.0,0.7000000000000002,0.5,0.007,0.0,0.1326315789473684,0.507,0.6396315789473684,0.0,0.0,0.0,0.507,cvar_0.5,False,9.340560167263863,10.171197308946192,10.171197308946194,9.755878738105029,0.2366796000860631,4.440892098500626e-16,,4.440892098500626e-16,False,deficit_discharge,sampled,2.5,42,deficit_discharge_48h,winter,0.5,True,2017-01-01 17:00:00+00:00,2017-01-01 17:00:00+00:00,0.0,0.0,0.0,0.0,0.0,0.0,0.0,0.0,0.0,False,12.0,9.340560167263863,10.171197308946194,0.0,False,29.0,1.1999999999999995,10.0,07ae7cc4d3b14d6aaca82ecb57c6c63438147568fa0559902a82864f5beb9496,12.0,1.0,12.0,1e-09,True,True,False,False,False,False,False,False,True,True,True,True,1.0,13.0,7.0,0.0,1.0,0.5,0.0769230769230769,0.6923076923076923,0.8461538461538461
2017-01-01 18:00:00+00:00,3.2,0.0,0.2,0.0,0.6999999999999997,0.0,0.7000000000000002,3.68421052631579,2.947368421052632,0.0,0.0,2.5,0.0,0.7000000000000002,0.5,0.007,0.0,0.1326315789473684,0.507,0.6396315789473684,0.0,0.0,0.0,0.507,cvar_0.5,False,9.649280055061666,10.087497718955593,10.087813357906484,9.868546706484077,0.2811160000273958,4.440892098500626e-16,,4.440892098500626e-16,False,deficit_discharge,sampled,2.5,42,deficit_discharge_48h,winter,0.5,True,2017-01-01 18:00:00+00:00,2017-01-01 18:00:00+00:00,0.0,0.0,0.0,0.0,0.0,0.0,0.0,0.0,0.0,False,12.0,9.649280055061666,10.087813357906484,0.0,False,29.0,1.1999999999999995,9.0,13018ddeb7ae3faf9248c25707824fb62fd5a549694f22e80251047afd405a5f,12.0,1.0,12.0,1e-09,True,True,False,False,False,False,False,False,True,True,True,True,1.0,13.0,7.0,0.0,1.0,0.5,0.0769230769230769,0.6923076923076923,0.8461538461538461
2017-01-01 19:00:00+00:00,3.2,0.0,0.2,0.0,0.6999999999999997,0.0,0.7000000000000002,2.947368421052632,2.210526315789474,0.0,0.0,2.5,0.0,0.7000000000000002,0.5,0.007,0.0,0.1326315789473684,0.507,0.6396315789473684,0.0,0.0,0.0,0.507,cvar_0.5,False,9.76254743279096,10.070793734874291,10.07779824566298,9.920172839226971,0.170287000015378,4.440892098500626e-16,,4.440892098500626e-16,False,deficit_discharge,sampled,2.5,42,deficit_discharge_48h,winter,0.5,True,2017-01-01 19:00:00+00:00,2017-01-01 19:00:00+00:00,0.0,0.0,0.0,0.0,0.0,0.0,0.0,0.0,0.0,False,12.0,9.76254743279096,10.07779824566298,0.0,False,29.0,1.1999999999999995,10.0,60a33e3a4d6918533b9e158cbbadb57e9020636d09f9a6d06fc8127721fa4bf3,12.0,1.0,12.0,1e-09,True,True,False,False,False,False,False,False,True,True,True,True,1.0,13.0,7.0,0.0,1.0,0.5,0.0769230769230769,0.6923076923076923,0.8461538461538461
2017-01-01 20:00:00+00:00,3.2,0.0,0.2,0.0,0.6999999999999998,0.0,0.7000000000000002,2.210526315789474,1.473684210526316,0.0,0.0,2.5,0.0,0.7000000000000002,0.5,0.007,0.0,0.1326315789473684,0.507,0.6396315789473684,0.0,0.0,0.0,0.507,cvar_0.5,False,9.287473356314065,9.806449544319785,9.881558826313832,9.584516091313947,0.1888038000324741,3.497202527569243e-15,,3.3306690738754696e-16,False,deficit_discharge,sampled,2.5,42,deficit_discharge_48h,winter,0.5,True,2017-01-01 20:00:00+00:00,2017-01-01 20:00:00+00:00,0.0,0.0,0.0,0.0,0.0,0.0,0.0,0.0,0.0,False,12.0,9.287473356314065,9.881558826313832,0.0,False,29.0,1.1999999999999995,10.0,e79155414822914e062220707c273d9429cb08d1efbf0b4e88d41d4536421b68,12.0,1.0,12.0,1e-09,True,True,False,False,False,False,False,False,True,True,True,True,1.0,13.0,7.0,0.0,1.0,0.5,0.0769230769230769,0.6923076923076923,0.8461538461538461
2017-01-01 21:00:00+00:00,3.2,0.0,0.2,0.0,0.7,0.0,0.7000000000000002,1.473684210526316,0.7368421052631579,0.0,0.0,2.5,0.0,0.7000000000000002,0.5,0.007,0.0,0.1326315789473684,0.507,0.6396315789473684,0.0,0.0,0.0,0.507,cvar_0.5,False,9.3348964824797,9.798571243832235,9.915264359066612,9.625080420773156,0.2319652000442147,4.440892098500626e-16,,2.220446049250313e-16,False,deficit_discharge,sampled,2.5,42,deficit_discharge_48h,winter,0.5,True,2017-01-01 21:00:00+00:00,2017-01-01 21:00:00+00:00,0.0,0.0,0.0,0.0,0.0,0.0,0.0,0.0,0.0,False,12.0,9.3348964824797,9.915264359066612,0.0,False,29.0,1.1999999999999995,11.0,b0c930676c1c828cadb8e16f83d8b9aba4a72b58afb9bd8ffde51186dd0ddecf,12.0,1.0,12.0,1e-09,True,True,False,False,False,False,False,False,True,True,True,True,1.0,13.0,7.0,0.0,1.0,0.5,0.0769230769230769,0.6923076923076923,0.8461538461538461
2017-01-01 22:00:00+00:00,3.2,0.0,0.16,0.0,0.7000000000000002,0.0,0.6999999999999998,0.7368421052631579,1.1102230246251563e-16,0.0,0.0,2.5,4.440892098500626e-16,0.6999999999999998,0.4,0.0069999999999999,4.440892098500626e-15,0.1326315789473683,0.4070000000000044,0.5396315789473729,0.0,3.3306690738754696e-16,0.0,0.407,cvar_0.5,False,9.26591362339444,9.92314598450021,9.951419913984951,9.608666768689696,0.3052048999816179,1.7763568394002505e-15,,0.0,False,deficit_discharge,sampled,2.5,42,deficit_discharge_48h,winter,0.5,True,2017-01-01 22:00:00+00:00,2017-01-01 22:00:00+00:00,0.0,0.0,0.0,0.0,0.0,0.0,0.0,0.0,0.0,False,12.0,9.26591362339444,9.951419913984951,0.0,False,29.0,1.1999999999999995,10.0,319d03de314efad2aba6a596c04aaaf90ff3021fb5be15ff8a1967bca179937a,12.0,1.0,12.0,1e-09,True,True,False,False,False,False,False,False,True,True,True,True,1.0,13.0,7.0,0.0,1.0,0.5,0.0769230769230769,0.6923076923076923,0.8461538461538461
2017-01-01 23:00:00+00:00,2.35,0.0,0.16,0.1499999999999998,0.0,0.1499999999999998,0.0,1.1102230246251563e-16,0.1424999999999999,0.0,0.0,2.5,0.0,0.1499999999999998,0.4,0.0014999999999999,0.0,-0.0256499999999999,0.4015,0.3758500000000001,0.0,0.0,8.326672684688674e-17,0.4015,cvar_0.5,False,9.335693768820182,9.847561600534542,9.881682586078169,9.608688177449174,0.3222121000289917,3.552713678800501e-15,,0.0,False,deficit_discharge,sampled,2.5,42,deficit_discharge_48h,winter,0.5,True,2017-01-01 23:00:00+00:00,2017-01-01 23:00:00+00:00,0.0,0.0,0.0,0.0,0.0,0.0,0.0,0.0,0.0,False,12.0,9.335693768820182,9.881682586078169,0.0,False,29.0,1.1999999999999995,9.0,7800a2281a16b6a3edb096425c91e2239e1828d85debcbf76d0da3369f3c9b02,12.0,1.0,12.0,1e-09,True,True,False,False,False,False,False,False,True,True,True,True,1.0,13.0,7.0,0.0,1.0,0.5,0.0769230769230769,0.6923076923076923,0.8461538461538461
2017-01-02 00:00:00+00:00,2.1,0.0,0.16,0.3999999999999999,0.0,0.3999999999999999,0.0,0.1424999999999999,0.5224999999999999,0.0,0.0,2.5,0.0,0.3999999999999999,0.4,0.0039999999999999,0.0,-0.0683999999999999,0.404,0.3356,0.0,0.0,0.0,0.404,cvar_0.5,False,9.316337441053292,9.807311600534542,9.80731160053454,9.561824520793916,0.2898409999907017,5.329070518200751e-15,,0.0,False,deficit_discharge,sampled,2.5,42,deficit_discharge_48h,winter,0.5,True,2017-01-02 00:00:00+00:00,2017-01-02 00:00:00+00:00,0.0,0.0,0.0,0.0,0.0,0.0,0.0,0.0,0.0,False,12.0,9.316337441053292,9.80731160053454,0.0,False,29.0,1.1999999999999995,9.0,939a207ca4c8ffb4dc37081d5cceebcff919ec1d7a15209df5144879873feee4,12.0,1.0,12.0,1e-09,True,True,False,False,False,False,False,False,True,True,True,True,1.0,13.0,7.0,0.0,1.0,0.5,0.0769230769230769,0.6923076923076923,0.8461538461538461
2017-01-02 01:00:00+00:00,2.1,0.0,0.16,0.3999999999999999,0.0,0.3999999999999999,0.0,0.5224999999999999,0.9024999999999996,0.0,0.0,2.5,0.0,0.3999999999999999,0.4,0.0039999999999999,0.0,-0.0683999999999999,0.404,0.3356,0.0,0.0,0.0,0.404,cvar_0.5,False,9.128567294588883,9.807311600534543,9.86283267362872,9.495699984108802,0.3496158999623731,2.26485497023532e-14,,0.0,False,deficit_discharge,sampled,2.5,42,deficit_discharge_48h,winter,0.5,True,2017-01-02 01:00:00+00:00,2017-01-02 01:00:00+00:00,0.0,0.0,0.0,0.0,0.0,0.0,0.0,0.0,0.0,False,12.0,9.128567294588883,9.86283267362872,0.0,False,29.0,1.1999999999999995,10.0,e26d7978524c4f211179588e593da7a188023b6d81fcfbb43982a40f65993ae4,12.0,1.0,12.0,1e-09,True,True,False,False,False,False,False,False,True,True,True,True,1.0,13.0,7.0,0.0,1.0,0.5,0.0769230769230769,0.6923076923076923,0.8461538461538461
2017-01-02 02:00:00+00:00,2.1,0.0,0.16,0.3999999999999999,0.0,0.3999999999999999,0.0,0.9024999999999996,1.2824999999999998,0.0,0.0,2.5,0.0,0.3999999999999999,0.4,0.0039999999999999,0.0,-0.0684,0.404,0.3356,0.0,0.0,0.0,0.404,cvar_0.5,False,9.209416843066723,9.873936888247552,9.873936888247552,9.541676865657138,0.358473900007084,1.3322676295501878e-15,,0.0,False,deficit_discharge,sampled,2.5,42,deficit_discharge_48h,winter,0.5,True,2017-01-02 02:00:00+00:00,2017-01-02 02:00:00+00:00,0.0,0.0,0.0,0.0,0.0,0.0,0.0,0.0,0.0,False,12.0,9.209416843066723,9.873936888247552,0.0,False,29.0,1.1999999999999995,8.0,6b788fb4b89e4688db7d7c445e23b50dbfe539d4630d01a4112e4cc6de29c770,12.0,1.0,12.0,1e-09,True,True,False,False,False,False,False,False,True,True,True,True,1.0,13.0,7.0,0.0,1.0,0.5,0.0769230769230769,0.6923076923076923,0.8461538461538461
2017-01-02 03:00:00+00:00,2.1,0.0,0.16,0.3999999999999999,0.0,0.3999999999999999,0.0,1.2824999999999998,1.6624999999999996,0.0,0.0,2.5,0.0,0.3999999999999999,0.4,0.0039999999999999,0.0,-0.0683999999999999,0.404,0.3356,0.0,0.0,0.0,0.404,cvar_0.5,False,9.311016730669447,9.714821441517548,9.791492837382314,9.551254784025884,0.2174414000473916,2.6867397195928788e-14,,0.0,False,deficit_discharge,sampled,2.5,42,deficit_discharge_48h,winter,0.5,True,2017-01-02 03:00:00+00:00,2017-01-02 03:00:00+00:00,0.0,0.0,0.0,0.0,0.0,0.0,0.0,0.0,0.0,False,12.0,9.311016730669447,9.791492837382314,0.0,False,29.0,1.1999999999999995,10.0,784879cfe3ee267f21c9b5589c0e94c9e7f29229207684824f8cbd7f93ae3313,12.0,1.0,12.0,1e-09,True,True,False,False,False,False,False,False,True,True,True,True,1.0,13.0,7.0,0.0,1.0,0.5,0.0769230769230769,0.6923076923076923,0.8461538461538461
2017-01-02 04:00:00+00:00,2.1,0.0,0.16,0.3999999999999999,0.0,0.3999999999999999,0.0,1.6624999999999996,2.0424999999999995,0.0,0.0,2.5,0.0,0.3999999999999999,0.4,0.0039999999999999,0.0,-0.0683999999999999,0.404,0.3356,0.0,0.0,0.0,0.404,cvar_0.5,False,9.31250586132336,9.682009070399069,9.813674989121395,9.563090425222375,0.2281472000759095,5.795364188543317e-14,,0.0,False,deficit_discharge,sampled,2.5,42,deficit_discharge_48h,winter,0.5,True,2017-01-02 04:00:00+00:00,2017-01-02 04:00:00+00:00,0.0,0.0,0.0,0.0,0.0,0.0,0.0,0.0,0.0,False,12.0,9.31250586132336,9.813674989121395,0.0,False,29.0,1.1999999999999995,9.0,4b8adce5a4d80c4ab9061502490879c774d7bb746b289adc920d0e1af727ddc7,12.0,1.0,12.0,1e-09,True,True,False,False,False,False,False,False,True,True,True,True,1.0,13.0,7.0,0.0,1.0,0.5,0.0769230769230769,0.6923076923076923,0.8461538461538461
2017-01-02 05:00:00+00:00,2.1,0.0,0.16,0.3999999999999999,0.0,0.3999999999999999,0.0,2.0424999999999995,2.4224999999999994,0.0,0.0,2.5,0.0,0.3999999999999999,0.4,0.0039999999999999,0.0,-0.0683999999999999,0.404,0.3356,0.0,0.0,0.0,0.404,cvar_0.5,False,8.807324859132052,9.682009070399063,9.841948918606136,9.324636888869094,0.4153457999927923,1.7763568394002505e-15,,0.0,False,deficit_discharge,sampled,2.5,42,deficit_discharge_48h,winter,0.5,True,2017-01-02 05:00:00+00:00,2017-01-02 05:00:00+00:00,0.0,4.8828125e-05,0.0,0.0,0.0,0.0,0.0,0.0,4.8828125e-05,True,12.0,8.807324859132052,9.841948918606136,0.0,False,29.0,1.1999999999999995,11.0,9d6ffbb4abc8f682afd151965f606e6140f593b594e296a28da1c574add0a0ee,12.0,1.0,12.0,1e-09,True,True,False,False,False,False,False,False,True,True,True,True,1.0,13.0,7.0,0.0,1.0,0.5,0.0769230769230769,0.6923076923076923,0.8461538461538461
2017-01-02 06:00:00+00:00,2.5500000000000003,0.0,0.16,0.0,0.0500000000000002,0.0,0.0500000000000002,2.4224999999999994,2.369868421052631,0.0,0.0,2.5,0.0,0.0500000000000002,0.4,0.0005,0.0,0.0094736842105263,0.4005,0.4099736842105264,0.0,0.0,0.0,0.4005,cvar_0.5,False,8.899973705562527,9.80731160053454,9.834558744143974,9.36726622485325,0.2934835000196472,2.3203661214665772e-14,,0.0,False,deficit_discharge,sampled,2.5,42,deficit_discharge_48h,winter,0.5,True,2017-01-02 06:00:00+00:00,2017-01-02 06:00:00+00:00,0.0,0.01416015625,0.0,0.0,0.0,0.0,0.0,0.0,0.01416015625,True,12.0,8.899973705562527,9.834558744143974,0.0,False,29.0,1.1999999999999995,10.0,0557b36aca22dd1aa936036ea3bbac1148328334b3a5a6724c8471d321c11b15,12.0,1.0,12.0,1e-09,True,True,False,False,False,False,False,False,True,True,True,True,1.0,13.0,7.0,0.0,1.0,0.5,0.0769230769230769,0.6923076923076923,0.8461538461538461
2017-01-02 07:00:00+00:00,2.5500000000000003,0.0,0.16,0.0,0.0500000000000002,0.0,0.0500000000000002,2.369868421052631,2.3172368421052623,0.0,0.0,2.5,0.0,0.0500000000000002,0.4,0.0005,0.0,0.0094736842105263,0.4005,0.4099736842105264,0.0,0.0,0.0,0.4005,cvar_0.5,False,9.11350139278668,9.807245189260676,9.83454767559833,9.474024534192504,0.3501504999585449,5.995204332975845e-15,,0.0,False,deficit_discharge,sampled,2.5,42,deficit_discharge_48h,winter,0.5,True,2017-01-02 07:00:00+00:00,2017-01-02 07:00:00+00:00,0.0,0.1035737537202381,0.0109281994047619,0.0,0.0313895089285714,0.0,0.01806640625,0.0081910441794159,0.1035737537202381,True,12.0,9.11350139278668,9.83454767559833,0.0,False,29.0,1.1999999999999995,8.0,395c78693ccca2e707d2c828854d8b54f476fca2f54baa86e1e037303618fb37,12.0,7.0,2.0,1e-09,True,True,False,False,False,False,False,False,True,False,True,False,1.0,3.0,2.0,0.0,0.2307692307692307,0.1153846153846153,0.0769230769230769,0.6923076923076923,0.8461538461538461
2017-01-02 08:00:00+00:00,2.5500000000000003,0.0498046875,0.175,0.0,0.0345842633928574,0.0,0.0345842633928574,2.3172368421052623,2.280832354323307,0.0498046875,0.0,2.465611049107143,0.0,0.0345842633928574,0.43148193359375,0.0003458426339285,0.0,0.0065528078007519,0.4318277762276785,0.4383805840284305,0.0,0.0,0.0,0.4318277762276785,cvar_0.5,False,9.317167649552506,9.68309976414876,9.813856771413016,9.56551221048276,0.487755800015293,6.661338147750939e-15,,0.0,False,deficit_discharge,sampled,2.5,42,deficit_discharge_48h,winter,0.5,True,2017-01-02 08:00:00+00:00,2017-01-02 08:00:00+00:00,0.0,0.3536446707589286,0.2194359188988095,0.0154157366071428,0.5479910714285714,0.0660574776785714,0.4649135044642857,0.1767105825308853,0.3038399832589286,True,12.0,9.317167649552506,9.813856771413016,0.0,False,29.0,1.1999999999999995,10.0,d406806661f9c9d3d1170650149bd166429c96a3af6d19be2eb43ba5da044473,12.0,10.0,0.0,1e-09,True,False,True,False,False,False,True,False,False,False,False,False,2.0,2.0,2.0,0.0769230769230769,0.1538461538461538,0.1153846153846153,0.0769230769230769,0.6923076923076923,0.8461538461538461
2017-01-02 09:00:00+00:00,2.1,0.1552734375,0.175,0.0,0.0,0.0,0.0,2.280832354323307,2.280832354323307,0.1552734375,0.0,1.9447265625,0.0,0.0,0.3403271484375,0.0,0.0,-0.0,0.3403271484375,0.3403271484375,0.0,0.0,0.0,0.3403271484375,cvar_0.5,False,9.104929148859313,9.817068799285428,9.83874747208233,9.471838310470822,0.3274210999952629,5.329070518200751e-15,,0.0,False,deficit_discharge,sampled,2.5,42,deficit_discharge_48h,winter,0.5,True,2017-01-02 09:00:00+00:00,2017-01-02 09:00:00+00:00,0.0,0.6747791108630952,0.523007347470238,0.0987025669642855,1.4573102678571428,0.0989815848214284,1.0891462053571428,0.4270071647209491,0.5195056733630952,True,12.0,9.104929148859313,9.83874747208233,0.0,False,29.0,1.1999999999999995,11.0,cc64f822118596a76ed599562d3192f71161a42b037d41705d3bcfbd92fd8847,12.0,11.0,0.0,1e-09,True,True,True,True,False,False,False,False,False,False,False,False,4.0,4.0,4.0,0.2307692307692307,0.3076923076923077,0.2692307692307693,0.0769230769230769,0.6923076923076923,0.8461538461538461
2017-01-02 10:00:00+00:00,2.1,0.1953125,0.175,0.1908135882469354,0.0,0.1908135882469354,0.0,2.280832354323307,2.462105263157896,0.1953125,0.0,2.095501088246936,0.0,0.1908135882469354,0.3667126904432137,0.0019081358824693,0.0,-0.0326291235902259,0.368620826325683,0.3359917027354571,0.0,0.0,2.775557561562892e-17,0.368620826325683,cvar_0.5,False,9.58267361602495,9.823244290503707,9.847061944685551,9.71486778035525,0.4754459999967366,5.384581669432009e-15,,0.0,False,deficit_discharge,sampled,2.5,42,deficit_discharge_48h,winter,0.5,True,2017-01-02 10:00:00+00:00,2017-01-02 10:00:00+00:00,0.0,1.0505359468005953,0.3220098586309524,0.0,1.5041155133928572,0.0,0.4337332589285714,0.3884413921484877,0.8552234468005953,True,12.0,9.58267361602495,9.847061944685551,0.0,False,29.0,1.1999999999999995,9.0,d5eb05835363c727ea84c4bdd308b96c1c74648b0738f0b37dccb9e8d2186d6a,12.0,8.0,0.0,1e-09,True,True,True,True,False,False,False,False,False,False,False,False,6.0,6.0,6.0,0.3846153846153846,0.4615384615384615,0.4230769230769231,0.0769230769230769,0.6923076923076923,0.8461538461538461
2017-01-02 11:00:00+00:00,2.1,0.705078125,0.175,0.0680385044642855,0.0,0.0680385044642855,0.0,2.462105263157896,2.526741842398967,0.705078125,0.0,1.4629603794642856,0.0,0.0680385044642855,0.2560180664062499,0.0006803850446428,0.0,-0.0116345842633928,0.2566984514508928,0.2450638671875,0.0,0.0,0.0,0.2566984514508928,cvar_0.5,False,8.953864450195619,9.491456831899084,9.80601567315506,9.379940061675338,0.3783974000252783,8.881784197001252e-15,,0.0,False,deficit_discharge,sampled,2.5,42,deficit_discharge_48h,winter,0.5,True,2017-01-02 11:00:00+00:00,2017-01-02 11:00:00+00:00,0.0,1.2465297154017856,1.20024181547619,0.1570870535714283,2.1680385044642856,0.1720145089285711,2.0335518973214284,0.7334058704268681,0.5414515904017856,True,12.0,8.953864450195619,9.80601567315506,0.0,False,29.0,1.1999999999999995,12.0,02256c06bc497ba6ef42706bd40e7731e758fcccd928cc31fa6c633444fa41ab,12.0,12.0,0.0,1e-09,True,True,True,True,False,False,False,False,False,False,False,False,6.0,6.0,6.0,0.3846153846153846,0.4615384615384615,0.4230769230769231,0.0769230769230769,0.6923076923076923,0.8461538461538461
2017-01-02 12:00:00+00:00,2.1,1.57421875,0.175,0.0,0.0,0.0,0.0,2.526741842398967,2.526741842398967,1.57421875,0.0,0.5257812500000001,0.0,0.0,0.09201171875,0.0,0.0,-0.0,0.09201171875,0.09201171875,0.0,0.0,0.0,0.09201171875,cvar_0.5,False,9.428541262253942,9.811895800781253,9.876062399631078,9.652301830942507,0.2883276999928057,6.827871601444713e-15,,0.0,False,deficit_discharge,sampled,2.5,42,deficit_discharge_48h,winter,0.5,True,2017-01-02 12:00:00+00:00,2017-01-02 12:00:00+00:00,0.0,1.3270763578869047,0.5594540550595238,0.0,1.9280831473214288,0.1891043526785714,1.248256138392857,0.5107324275718611,-0.2471423921130953,True,12.0,9.428541262253942,9.876062399631078,0.0,False,29.0,1.1999999999999995,10.0,1bd1563773d13b1ad9486562eb257ed3e67777a54ec92724d3598a7b0eb05572,12.0,10.0,0.0,1e-09,True,False,True,False,False,False,False,True,False,False,False,False,12.0,12.0,12.0,0.8461538461538461,0.9230769230769232,0.8846153846153846,0.0769230769230769,0.6923076923076923,0.8461538461538461
2017-01-02 13:00:00+00:00,2.1,0.375,0.175,0.3319614955357121,0.0,0.3319614955357121,0.0,2.526741842398967,2.8421052631578934,0.375,0.0,2.0569614955357123,0.0,0.3319614955357121,0.3599682617187496,0.0033196149553571,0.0,-0.0567654157366067,0.3632878766741067,0.3065224609374999,0.0,0.0,1.1102230246251563e-16,0.3632878766741067,cvar_0.5,False,9.32177208706785,9.80722005196096,9.869371294936562,9.595571691002206,0.2075264999875798,7.827072323607354e-15,,0.0,False,deficit_discharge,sampled,2.5,42,deficit_discharge_48h,winter,0.5,True,2017-01-02 13:00:00+00:00,2017-01-02 13:00:00+00:00,0.0,1.1002383277529764,0.7980201357886907,0.0174386160714288,2.3311244419642856,0.1717354910714287,2.180803571428572,0.845673830694918,0.7252383277529764,True,12.0,9.32177208706785,9.869371294936562,0.0,False,29.0,1.1999999999999995,10.0,3ecbbdeb47bb83361e11b2c0ab8379cad39d0fe3ac5ca49f09b613c9ff395f07,12.0,10.0,0.0,1e-09,True,True,True,True,False,False,False,False,False,False,False,False,7.0,7.0,7.0,0.4615384615384615,0.5384615384615384,0.5,0.0769230769230769,0.6923076923076923,0.8461538461538461
2017-01-02 14:00:00+00:00,2.1,0.0302734375,0.175,0.0,0.0,0.0,0.0,2.8421052631578934,2.8421052631578934,0.0302734375,0.0,2.0697265625,0.0,0.0,0.3622021484375,0.0,0.0,-0.0,0.3622021484375,0.3622021484375,0.0,0.0,0.0,0.3622021484375,cvar_0.5,False,9.313468200928346,9.66301286712876,9.82251064875323,9.567989424840787,0.2199162000324577,5.329070518200751e-15,,0.0,False,deficit_discharge,sampled,2.5,42,deficit_discharge_48h,winter,0.5,True,2017-01-02 14:00:00+00:00,2017-01-02 14:00:00+00:00,0.0,0.6796212332589285,0.4125918433779761,0.2215401785714285,1.3344029017857144,0.2878069196428571,0.4587751116071429,0.2834832834855657,0.6493477957589285,True,12.0,9.313468200928346,9.82251064875323,0.0,False,29.0,1.1999999999999995,9.0,29d6ea702b4c2cbbf822adb304be2c9904f8f2b0c0044dbc6eef7885e3299f7e,12.0,9.0,0.0,1e-09,False,False,False,False,True,False,True,False,False,False,False,False,1.0,1.0,1.0,0.0,0.0769230769230769,0.0384615384615384,0.0769230769230769,0.6923076923076923,0.8461538461538461
2017-01-02 15:00:00+00:00,2.1,0.0,0.175,0.0,0.0,0.0,0.0,2.8421052631578934,2.8421052631578934,0.0,0.0,2.1,0.0,0.0,0.3675,0.0,0.0,-0.0,0.3675,0.3675,0.0,0.0,0.0,0.3675,cvar_0.5,False,9.237061547820968,9.857870898437502,9.886810039605034,9.561935793713,0.2586851000087335,2.220446049250313e-15,,0.0,False,deficit_discharge,sampled,2.5,42,deficit_discharge_48h,winter,0.5,True,2017-01-02 15:00:00+00:00,2017-01-02 15:00:00+00:00,0.0,0.1114769345238095,0.0250767299107142,0.0035574776785714,0.0592912946428571,0.00390625,0.0443638392857142,0.0175822650304357,0.1114769345238095,True,12.0,9.237061547820968,9.886810039605034,0.0,False,29.0,1.1999999999999995,11.0,144ae589c4f28e5f740b1b3f6ec9d7cd7c217bf34662538c34d868ee87136e31,12.0,11.0,0.0,1e-09,False,False,False,False,True,False,True,False,False,False,False,False,1.0,1.0,1.0,0.0,0.0769230769230769,0.0384615384615384,0.0769230769230769,0.6923076923076923,0.8461538461538461
2017-01-02 16:00:00+00:00,2.1,0.0,0.175,0.0,0.0,0.0,0.0,2.8421052631578934,2.8421052631578934,0.0,0.0,2.1,0.0,0.0,0.3675,0.0,0.0,-0.0,0.3675,0.3675,0.0,0.0,0.0,0.3675,cvar_0.5,False,9.32289789767795,9.85095463622435,9.897170933294335,9.610034415486144,0.2567726999986917,2.220446049250313e-15,,0.0,False,deficit_discharge,sampled,2.5,42,deficit_discharge_48h,winter,0.5,True,2017-01-02 16:00:00+00:00,2017-01-02 16:00:00+00:00,0.0,0.0035807291666666,0.0,0.0,0.0,0.0,0.0,0.0,0.0035807291666666,True,12.0,9.32289789767795,9.897170933294335,0.0,False,29.0,1.1999999999999995,10.0,6f0f4a389ef46e427037b8a4e6366edd42754c6a570d20bc1aa7b494bab9f372,12.0,1.0,12.0,1e-09,True,True,False,False,False,False,False,False,True,True,True,True,1.0,13.0,7.0,0.0,1.0,0.5,0.0769230769230769,0.6923076923076923,0.8461538461538461
2017-01-02 17:00:00+00:00,2.95,0.0,0.2,0.0,0.449999999999998,0.0,0.4500000000000002,2.8421052631578934,2.368421052631577,0.0,0.0,2.5,0.0,0.4500000000000002,0.5,0.0045,0.0,0.0852631578947368,0.5045,0.5897631578947368,0.0,0.0,0.0,0.5045,cvar_0.5,False,9.165282572703733,9.805490527343746,9.875040087890625,9.520161330297178,0.1816309998976066,2.220446049250313e-15,,2.1094237467877974e-15,False,deficit_discharge,sampled,2.5,42,deficit_discharge_48h,winter,0.5,True,2017-01-02 17:00:00+00:00,2017-01-02 17:00:00+00:00,0.0,0.0,0.0,0.0,0.0,0.0,0.0,0.0,0.0,False,12.0,9.165282572703733,9.875040087890625,0.0,False,29.0,1.1999999999999995,11.0,6f553e5e8f7b57834bbcd864e5fe6c359253e1b5531683f23a6430e50483f007,12.0,1.0,12.0,1e-09,True,True,False,False,False,False,False,False,True,True,True,True,1.0,13.0,7.0,0.0,1.0,0.5,0.0769230769230769,0.6923076923076923,0.8461538461538461
2017-01-02 18:00:00+00:00,2.95,0.0,0.2,0.0,0.449999999999998,0.0,0.4500000000000002,2.368421052631577,1.8947368421052613,0.0,0.0,2.5,0.0,0.4500000000000002,0.5,0.0045,0.0,0.0852631578947368,0.5045,0.5897631578947368,0.0,0.0,0.0,0.5045,cvar_0.5,False,9.430422207872589,9.80447631681743,9.842815114250469,9.636618661061528,0.2068137000314891,2.220446049250313e-15,,2.1094237467877974e-15,False,deficit_discharge,sampled,2.5,42,deficit_discharge_48h,winter,0.5,True,2017-01-02 18:00:00+00:00,2017-01-02 18:00:00+00:00,0.0,0.0,0.0,0.0,0.0,0.0,0.0,0.0,0.0,False,12.0,9.430422207872589,9.842815114250469,0.0,False,29.0,1.1999999999999995,11.0,5b3160c997a716f0a63788d269ef21b1de76b918499754c957e8331f3c0fd936,12.0,1.0,12.0,1e-09,True,True,False,False,False,False,False,False,True,True,True,True,1.0,13.0,7.0,0.0,1.0,0.5,0.0769230769230769,0.6923076923076923,0.8461538461538461
2017-01-02 19:00:00+00:00,2.95,0.0,0.2,0.0,0.449999999999998,0.0,0.4500000000000002,1.8947368421052613,1.4210526315789456,0.0,0.0,2.5,0.0,0.4500000000000002,0.5,0.0045,0.0,0.0852631578947368,0.5045,0.5897631578947368,0.0,0.0,0.0,0.5045,cvar_0.5,False,9.3927212658156,9.809290795641449,9.868342309313322,9.63053178756446,0.3207704999949783,2.220446049250313e-15,,2.1094237467877974e-15,False,deficit_discharge,sampled,2.5,42,deficit_discharge_48h,winter,0.5,True,2017-01-02 19:00:00+00:00,2017-01-02 19:00:00+00:00,0.0,0.0,0.0,0.0,0.0,0.0,0.0,0.0,0.0,False,12.0,9.3927212658156,9.868342309313322,0.0,False,29.0,1.1999999999999995,11.0,f6c3e3a47bdc092e0bece28887c1b9d4b93047b3b04b7a8c15d5e0b0190b0f4c,12.0,1.0,12.0,1e-09,True,True,False,False,False,False,False,False,True,True,True,True,1.0,13.0,7.0,0.0,1.0,0.5,0.0769230769230769,0.6923076923076923,0.8461538461538461
2017-01-02 20:00:00+00:00,2.95,0.0,0.2,0.0,0.449999999999998,0.0,0.4500000000000002,1.4210526315789456,0.9473684210526296,0.0,0.0,2.5,0.0,0.4500000000000002,0.5,0.0045,0.0,0.0852631578947368,0.5045,0.5897631578947368,0.0,0.0,0.0,0.5045,cvar_0.5,False,9.4189337244922,9.850956557947605,9.897131106868734,9.658032415680466,0.2396520000183954,2.220446049250313e-15,,2.1094237467877974e-15,False,deficit_discharge,sampled,2.5,42,deficit_discharge_48h,winter,0.5,True,2017-01-02 20:00:00+00:00,2017-01-02 20:00:00+00:00,0.0,0.0,0.0,0.0,0.0,0.0,0.0,0.0,0.0,False,12.0,9.4189337244922,9.897131106868734,0.0,False,29.0,1.1999999999999995,11.0,bda9ec1d3c8d9e8d2265afe53d5f7de08deac6fa114116c657798b1b2c77ddd5,12.0,1.0,12.0,1e-09,True,True,False,False,False,False,False,False,True,True,True,True,1.0,13.0,7.0,0.0,1.0,0.5,0.0769230769230769,0.6923076923076923,0.8461538461538461
2017-01-02 21:00:00+00:00,2.95,0.0,0.2,0.0,0.449999999999998,0.0,0.4500000000000002,0.9473684210526296,0.4736842105263136,0.0,0.0,2.5,0.0,0.4500000000000002,0.5,0.0045,0.0,0.0852631578947368,0.5045,0.5897631578947369,0.0,0.0,0.0,0.5045,cvar_0.5,False,9.103324986937864,9.75954649715108,9.797580118802866,9.450452552870368,0.1898768000537529,2.220446049250313e-15,,2.1094237467877974e-15,False,deficit_discharge,sampled,2.5,42,deficit_discharge_48h,winter,0.5,True,2017-01-02 21:00:00+00:00,2017-01-02 21:00:00+00:00,0.0,0.0,0.0,0.0,0.0,0.0,0.0,0.0,0.0,False,12.0,9.103324986937864,9.797580118802866,0.0,False,29.0,1.1999999999999995,9.0,1aee67bfc5076d61f1521985cf4719f4d72ee29da2202d05daf78e4fa2a91176,12.0,1.0,12.0,1e-09,True,True,False,False,False,False,False,False,True,True,True,True,1.0,13.0,7.0,0.0,1.0,0.5,0.0769230769230769,0.6923076923076923,0.8461538461538461
2017-01-02 22:00:00+00:00,2.95,0.0,0.16,0.0,0.4500000000000002,0.0,0.4499999999999979,0.4736842105263136,5.551115123125783e-17,0.0,0.0,2.5,2.220446049250313e-15,0.4499999999999979,0.4,0.0044999999999999,2.220446049250313e-14,0.0852631578947364,0.4045000000000222,0.4897631578947586,0.0,2.275957200481571e-15,0.0,0.4045,cvar_0.5,False,9.218103525965793,9.851430242158129,9.882641005271967,9.55037226561888,0.250877899932675,2.275957200481571e-15,,0.0,False,deficit_discharge,sampled,2.5,42,deficit_discharge_48h,winter,0.5,True,2017-01-02 22:00:00+00:00,2017-01-02 22:00:00+00:00,0.0,0.0,0.0,0.0,0.0,0.0,0.0,0.0,0.0,False,12.0,9.218103525965793,9.882641005271967,0.0,False,29.0,1.1999999999999995,10.0,3642a2a8fb03031bea4cbaac3793ea7fcd9bd99026fdd01b75120fff692f3b5f,12.0,1.0,12.0,1e-09,True,True,False,False,False,False,False,False,True,True,True,True,1.0,13.0,7.0,0.0,1.0,0.5,0.0769230769230769,0.6923076923076923,0.8461538461538461
2017-01-02 23:00:00+00:00,2.1,0.0,0.16,0.3999999999999999,0.0,0.3999999999999999,0.0,5.551115123125783e-17,0.3799999999999999,0.0,0.0,2.5,0.0,0.3999999999999999,0.4,0.0039999999999999,0.0,-0.0683999999999999,0.404,0.3356,0.0,0.0,0.0,0.404,cvar_0.5,False,9.358970659456002,9.88594050678454,9.907587642201207,9.633279150828605,0.244662299985066,3.6637359812630166e-14,,0.0,False,deficit_discharge,sampled,2.5,42,deficit_discharge_48h,winter,0.5,True,2017-01-02 23:00:00+00:00,2017-01-02 23:00:00+00:00,0.0,0.0,0.0,0.0,0.0,0.0,0.0,0.0,0.0,False,12.0,9.358970659456002,9.907587642201207,0.0,False,29.0,1.1999999999999995,10.0,76f474197f78a6563d8fa7538ff3e9c09cc0d5630442a052f63bb3fa5aba576c,12.0,1.0,12.0,1e-09,True,True,False,False,False,False,False,False,True,True,True,True,1.0,13.0,7.0,0.0,1.0,0.5,0.0769230769230769,0.6923076923076923,0.8461538461538461
2017-07-01 00:00:00+00:00,2.35,0.0,0.16,0.1499999999999999,0.0,0.1499999999999999,0.0,4.0,4.1425,0.0,0.0,2.5,0.0,0.1499999999999999,0.4,0.0014999999999999,0.0,-0.02565,0.4015,0.37585,0.0,0.0,0.0,0.4015,perfect_foresight,False,17.5726690391139,17.5726690391139,17.5726690391139,17.5726690391139,0.046408100053668,1.9984014443252818e-15,,0.0,False,deficit_discharge,sampled,2.5,42,deficit_discharge_48h,summer,0.0,True,,,,,,,,,,,,,,,,,,,,,,,,,,,,,,,,,,,,,,,,,,,,,,
2017-07-01 01:00:00+00:00,2.35,0.0,0.16,0.1497841282894737,0.0,0.1497841282894737,0.0,4.1425,4.284794921875,0.0,0.0,2.4997841282894737,0.0,0.1497841282894737,0.3999654605263158,0.0014978412828947,0.0,-0.0256130859375,0.4014633018092106,0.3758502158717106,0.0,0.0,-1.1102230246251563e-16,0.4014633018092106,perfect_foresight,False,17.5726690391139,17.5726690391139,17.5726690391139,17.5726690391139,0.0,1.9984014443252818e-15,,0.0,False,deficit_discharge,sampled,2.5,42,deficit_discharge_48h,summer,0.0,True,,,,,,,,,,,,,,,,,,,,,,,,,,,,,,,,,,,,,,,,,,,,,,
2017-07-01 02:00:00+00:00,2.35,0.0,0.16,0.1499999999999999,0.0,0.1499999999999999,0.0,4.284794921875,4.427294921875,0.0,0.0,2.5,0.0,0.1499999999999999,0.4,0.0014999999999999,0.0,-0.02565,0.4015,0.37585,0.0,0.0,0.0,0.4015,perfect_foresight,False,17.5726690391139,17.5726690391139,17.5726690391139,17.5726690391139,0.0,1.9984014443252818e-15,,0.0,False,deficit_discharge,sampled,2.5,42,deficit_discharge_48h,summer,0.0,True,,,,,,,,,,,,,,,,,,,,,,,,,,,,,,,,,,,,,,,,,,,,,,
2017-07-01 03:00:00+00:00,2.35,0.0,0.16,0.1499999999999999,0.0,0.1499999999999999,0.0,4.427294921875,4.569794921875,0.0,0.0,2.5,0.0,0.1499999999999999,0.4,0.0014999999999999,0.0,-0.02565,0.4015,0.37585,0.0,0.0,0.0,0.4015,perfect_foresight,False,17.5726690391139,17.5726690391139,17.5726690391139,17.5726690391139,0.0,1.9984014443252818e-15,,0.0,False,deficit_discharge,sampled,2.5,42,deficit_discharge_48h,summer,0.0,True,,,,,,,,,,,,,,,,,,,,,,,,,,,,,,,,,,,,,,,,,,,,,,
2017-07-01 04:00:00+00:00,2.35,0.10546875,0.16,0.2554687499999999,0.0,0.2554687499999999,0.0,4.569794921875,4.812490234375,0.10546875,0.0,2.5,0.0,0.2554687499999999,0.4,0.0025546874999999,0.0,-0.0436851562499999,0.4025546875,0.3588695312500001,0.0,0.0,0.0,0.4025546875,perfect_foresight,False,17.5726690391139,17.5726690391139,17.5726690391139,17.5726690391139,0.0,1.9984014443252818e-15,,0.0,False,deficit_discharge,sampled,2.5,42,deficit_discharge_48h,summer,0.0,True,,,,,,,,,,,,,,,,,,,,,,,,,,,,,,,,,,,,,,,,,,,,,,
2017-07-01 05:00:00+00:00,2.35,0.25,0.16,0.3999999999999999,0.0,0.3999999999999999,0.0,4.812490234375,5.192490234375,0.25,0.0,2.5,0.0,0.3999999999999999,0.4,0.0039999999999999,0.0,-0.0683999999999999,0.404,0.3356,0.0,0.0,0.0,0.404,perfect_foresight,False,17.5726690391139,17.5726690391139,17.5726690391139,17.5726690391139,0.0,1.9984014443252818e-15,,0.0,False,deficit_discharge,sampled,2.5,42,deficit_discharge_48h,summer,0.0,True,,,,,,,,,,,,,,,,,,,,,,,,,,,,,,,,,,,,,,,,,,,,,,
2017-07-01 06:00:00+00:00,2.8000000000000003,0.3798828125,0.16,0.0,0.0,0.0,0.0,5.192490234375,5.192490234375,0.3798828125,0.0,2.4201171875000003,0.0,0.0,0.38721875,0.0,0.0,-0.0,0.38721875,0.38721875,0.0,0.0,0.0,0.38721875,perfect_foresight,False,17.5726690391139,17.5726690391139,17.5726690391139,17.5726690391139,0.0,1.9984014443252818e-15,,0.0,False,deficit_discharge,sampled,2.5,42,deficit_discharge_48h,summer,0.0,True,,,,,,,,,,,,,,,,,,,,,,,,,,,,,,,,,,,,,,,,,,,,,,
2017-07-01 07:00:00+00:00,2.8000000000000003,1.0400390625,0.16,0.7400390624999997,0.0,0.7400390624999997,0.0,5.192490234375,5.89552734375,1.0400390625,0.0,2.5,0.0,0.7400390624999997,0.4,0.0074003906249999,0.0,-0.1265466796874999,0.407400390625,0.2808537109375,0.0,0.0,0.0,0.407400390625,perfect_foresight,False,17.5726690391139,17.5726690391139,17.5726690391139,17.5726690391139,0.0,1.9984014443252818e-15,,0.0,False,deficit_discharge,sampled,2.5,42,deficit_discharge_48h,summer,0.0,True,,,,,,,,,,,,,,,,,,,,,,,,,,,,,,,,,,,,,,,,,,,,,,
2017-07-01 08:00:00+00:00,2.8000000000000003,1.349609375,0.175,0.0,0.0,0.0,0.0,5.89552734375,5.89552734375,1.349609375,0.0,1.4503906250000005,0.0,0.0,0.253818359375,0.0,0.0,-0.0,0.253818359375,0.253818359375,0.0,0.0,0.0,0.253818359375,perfect_foresight,False,17.5726690391139,17.5726690391139,17.5726690391139,17.5726690391139,0.0,1.9984014443252818e-15,,0.0,False,deficit_discharge,sampled,2.5,42,deficit_discharge_48h,summer,0.0,True,,,,,,,,,,,,,,,,,,,,,,,,,,,,,,,,,,,,,,,,,,,,,,
2017-07-01 09:00:00+00:00,2.35,2.46484375,0.175,0.1148437499999999,0.0,0.1148437499999999,0.0,5.89552734375,6.00462890625,2.46484375,0.0,0.0,0.0,0.1148437499999999,0.0,0.0011484374999999,0.0,-0.01963828125,0.0011484374999999,-0.01848984375,0.0,0.0,0.0,0.0011484374999999,perfect_foresight,False,17.5726690391139,17.5726690391139,17.5726690391139,17.5726690391139,0.0,1.9984014443252818e-15,,0.0,False,deficit_discharge,sampled,2.5,42,deficit_discharge_48h,summer,0.0,True,,,,,,,,,,,,,,,,,,,,,,,,,,,,,,,,,,,,,,,,,,,,,,
2017-07-01 10:00:00+00:00,2.35,2.25,0.175,0.0,0.0,0.0,0.0,6.00462890625,6.00462890625,2.25,0.0,0.1,0.0,0.0,0.0175,0.0,0.0,-0.0,0.0175,0.0175,0.0,0.0,0.0,0.0175,perfect_foresight,False,17.5726690391139,17.5726690391139,17.5726690391139,17.5726690391139,0.0,1.9984014443252818e-15,,0.0,False,deficit_discharge,sampled,2.5,42,deficit_discharge_48h,summer,0.0,True,,,,,,,,,,,,,,,,,,,,,,,,,,,,,,,,,,,,,,,,,,,,,,
2017-07-01 11:00:00+00:00,2.35,2.490234375,0.175,0.1402343749999999,0.0,0.1402343749999999,0.0,6.00462890625,6.1378515625,2.490234375,0.0,0.0,0.0,0.1402343749999999,0.0,0.0014023437499999,0.0,-0.023980078125,0.0014023437499999,-0.022577734375,0.0,0.0,0.0,0.0014023437499999,perfect_foresight,False,17.5726690391139,17.5726690391139,17.5726690391139,17.5726690391139,0.0,1.9984014443252818e-15,,0.0,False,deficit_discharge,sampled,2.5,42,deficit_discharge_48h,summer,0.0,True,,,,,,,,,,,,,,,,,,,,,,,,,,,,,,,,,,,,,,,,,,,,,,
2017-07-01 12:00:00+00:00,2.35,3.53515625,0.175,1.18515625,0.0,1.18515625,0.0,6.1378515625,7.26375,3.53515625,0.0,0.0,0.0,1.18515625,0.0,0.0118515625,0.0,-0.20266171875,0.0118515625,-0.19081015625,0.0,0.0,0.0,0.0118515625,perfect_foresight,False,17.5726690391139,17.5726690391139,17.5726690391139,17.5726690391139,0.0,1.9984014443252818e-15,,0.0,False,deficit_discharge,sampled,2.5,42,deficit_discharge_48h,summer,0.0,True,,,,,,,,,,,,,,,,,,,,,,,,,,,,,,,,,,,,,,,,,,,,,,
2017-07-01 13:00:00+00:00,2.35,3.125,0.175,0.7749999999999999,0.0,0.7749999999999999,0.0,7.26375,8.0,3.125,0.0,0.0,0.0,0.7749999999999999,0.0,0.0077499999999999,0.0,-0.132525,0.0077499999999999,-0.124775,0.0,0.0,0.0,0.0077499999999999,perfect_foresight,False,17.5726690391139,17.5726690391139,17.5726690391139,17.5726690391139,0.0,1.9984014443252818e-15,,0.0,False,deficit_discharge,sampled,2.5,42,deficit_discharge_48h,summer,0.0,True,,,,,,,,,,,,,,,,,,,,,,,,,,,,,,,,,,,,,,,,,,,,,,
2017-07-01 14:00:00+00:00,2.35,1.7802734375,0.175,0.0,0.0,0.0,0.0,8.0,8.0,1.7802734375,0.0,0.5697265625000001,0.0,0.0,0.0997021484375,0.0,0.0,-0.0,0.0997021484375,0.0997021484375,0.0,0.0,0.0,0.0997021484375,perfect_foresight,False,17.5726690391139,17.5726690391139,17.5726690391139,17.5726690391139,0.0,1.9984014443252818e-15,,0.0,False,deficit_discharge,sampled,2.5,42,deficit_discharge_48h,summer,0.0,True,,,,,,,,,,,,,,,,,,,,,,,,,,,,,,,,,,,,,,,,,,,,,,
2017-07-01 15:00:00+00:00,2.35,1.099609375,0.175,0.0,0.0,0.0,0.0,8.0,8.0,1.099609375,0.0,1.250390625,0.0,0.0,0.218818359375,0.0,0.0,-0.0,0.218818359375,0.218818359375,0.0,0.0,0.0,0.218818359375,perfect_foresight,False,17.5726690391139,17.5726690391139,17.5726690391139,17.5726690391139,0.0,1.9984014443252818e-15,,0.0,False,deficit_discharge,sampled,2.5,42,deficit_discharge_48h,summer,0.0,True,,,,,,,,,,,,,,,,,,,,,,,,,,,,,,,,,,,,,,,,,,,,,,
2017-07-01 16:00:00+00:00,2.35,0.775390625,0.175,0.0,0.0,0.0,0.0,8.0,8.0,0.775390625,0.0,1.574609375,0.0,0.0,0.275556640625,0.0,0.0,-0.0,0.275556640625,0.275556640625,0.0,0.0,0.0,0.275556640625,perfect_foresight,False,17.5726690391139,17.5726690391139,17.5726690391139,17.5726690391139,0.0,1.9984014443252818e-15,,0.0,False,deficit_discharge,sampled,2.5,42,deficit_discharge_48h,summer,0.0,True,,,,,,,,,,,,,,,,,,,,,,,,,,,,,,,,,,,,,,,,,,,,,,
2017-07-01 17:00:00+00:00,3.2,0.57421875,0.2,0.0,1.090407714843747,0.0,1.090407714843747,8.0,6.852202405427635,0.57421875,0.0,1.5353735351562534,0.0,1.090407714843747,0.3070747070312507,0.0109040771484374,0.0,0.2066035670230257,0.3179787841796882,0.5245823512027139,0.0,0.0,0.0,0.3179787841796882,perfect_foresight,False,17.5726690391139,17.5726690391139,17.5726690391139,17.5726690391139,0.0,1.9984014443252818e-15,,0.0,False,deficit_discharge,sampled,2.5,42,deficit_discharge_48h,summer,0.0,True,,,,,,,,,,,,,,,,,,,,,,,,,,,,,,,,,,,,,,,,,,,,,,
2017-07-01 18:00:00+00:00,3.2,0.0751953125,0.2,0.0,0.6248046875000002,0.0,0.6248046875000002,6.852202405427635,6.194513260690792,0.0751953125,0.0,2.5,0.0,0.6248046875000002,0.5,0.006248046875,0.0,0.1183840460526316,0.506248046875,0.6246320929276317,0.0,0.0,0.0,0.506248046875,perfect_foresight,False,17.5726690391139,17.5726690391139,17.5726690391139,17.5726690391139,0.0,1.9984014443252818e-15,,0.0,False,deficit_discharge,sampled,2.5,42,deficit_discharge_48h,summer,0.0,True,,,,,,,,,,,,,,,,,,,,,,,,,,,,,,,,,,,,,,,,,,,,,,
2017-07-01 19:00:00+00:00,3.2,0.0,0.2,0.0,0.7000000000000002,0.0,0.7000000000000002,6.194513260690792,5.457671155427634,0.0,0.0,2.5,0.0,0.7000000000000002,0.5,0.007,0.0,0.1326315789473685,0.507,0.6396315789473686,0.0,0.0,0.0,0.507,perfect_foresight,False,17.5726690391139,17.5726690391139,17.5726690391139,17.5726690391139,0.0,1.9984014443252818e-15,,0.0,False,deficit_discharge,sampled,2.5,42,deficit_discharge_48h,summer,0.0,True,,,,,,,,,,,,,,,,,,,,,,,,,,,,,,,,,,,,,,,,,,,,,,
2017-07-01 20:00:00+00:00,3.2,0.0,0.2,0.0,0.7000000000000002,0.0,0.7000000000000002,5.457671155427634,4.720829050164475,0.0,0.0,2.5,0.0,0.7000000000000002,0.5,0.007,0.0,0.1326315789473685,0.507,0.6396315789473686,0.0,0.0,0.0,0.507,perfect_foresight,False,17.5726690391139,17.5726690391139,17.5726690391139,17.5726690391139,0.0,1.9984014443252818e-15,,0.0,False,deficit_discharge,sampled,2.5,42,deficit_discharge_48h,summer,0.0,True,,,,,,,,,,,,,,,,,,,,,,,,,,,,,,,,,,,,,,,,,,,,,,
2017-07-01 21:00:00+00:00,3.2,0.0,0.2,0.0,0.7000000000000002,0.0,0.7000000000000002,4.720829050164475,3.983986944901317,0.0,0.0,2.5,0.0,0.7000000000000002,0.5,0.007,0.0,0.1326315789473684,0.507,0.6396315789473684,0.0,0.0,0.0,0.507,perfect_foresight,False,17.5726690391139,17.5726690391139,17.5726690391139,17.5726690391139,0.0,1.9984014443252818e-15,,0.0,False,deficit_discharge,sampled,2.5,42,deficit_discharge_48h,summer,0.0,True,,,,,,,,,,,,,,,,,,,,,,,,,,,,,,,,,,,,,,,,,,,,,,
2017-07-01 22:00:00+00:00,3.2,0.0,0.16,0.0,0.7000000000000002,0.0,0.7000000000000002,3.983986944901317,3.2471448396381595,0.0,0.0,2.5,0.0,0.7000000000000002,0.4,0.007,0.0,0.1326315789473684,0.407,0.5396315789473685,0.0,0.0,0.0,0.407,perfect_foresight,False,17.5726690391139,17.5726690391139,17.5726690391139,17.5726690391139,0.0,1.9984014443252818e-15,,0.0,False,deficit_discharge,sampled,2.5,42,deficit_discharge_48h,summer,0.0,True,,,,,,,,,,,,,,,,,,,,,,,,,,,,,,,,,,,,,,,,,,,,,,
2017-07-01 23:00:00+00:00,2.35,0.0,0.16,0.1499999999999999,0.0,0.1499999999999999,0.0,3.2471448396381595,3.3896448396381595,0.0,0.0,2.5,0.0,0.1499999999999999,0.4,0.0014999999999999,0.0,-0.02565,0.4015,0.37585,0.0,0.0,0.0,0.4015,perfect_foresight,False,17.5726690391139,17.5726690391139,17.5726690391139,17.5726690391139,0.0,1.9984014443252818e-15,,0.0,False,deficit_discharge,sampled,2.5,42,deficit_discharge_48h,summer,0.0,True,,,,,,,,,,,,,,,,,,,,,,,,,,,,,,,,,,,,,,,,,,,,,,
2017-07-02 00:00:00+00:00,2.35,0.0,0.16,0.1499999999999999,0.0,0.1499999999999999,0.0,3.3896448396381595,3.53214483963816,0.0,0.0,2.5,0.0,0.1499999999999999,0.4,0.0014999999999999,0.0,-0.02565,0.4015,0.37585,0.0,0.0,0.0,0.4015,perfect_foresight,False,17.5726690391139,17.5726690391139,17.5726690391139,17.5726690391139,0.0,1.9984014443252818e-15,,0.0,False,deficit_discharge,sampled,2.5,42,deficit_discharge_48h,summer,0.0,True,,,,,,,,,,,,,,,,,,,,,,,,,,,,,,,,,,,,,,,,,,,,,,
2017-07-02 01:00:00+00:00,2.35,0.0,0.16,0.1499999999999999,0.0,0.1499999999999999,0.0,3.53214483963816,3.67464483963816,0.0,0.0,2.5,0.0,0.1499999999999999,0.4,0.0014999999999999,0.0,-0.02565,0.4015,0.37585,0.0,0.0,0.0,0.4015,perfect_foresight,False,17.5726690391139,17.5726690391139,17.5726690391139,17.5726690391139,0.0,1.9984014443252818e-15,,0.0,False,deficit_discharge,sampled,2.5,42,deficit_discharge_48h,summer,0.0,True,,,,,,,,,,,,,,,,,,,,,,,,,,,,,,,,,,,,,,,,,,,,,,
2017-07-02 02:00:00+00:00,2.35,0.0,0.16,0.1499999999999999,0.0,0.1499999999999999,0.0,3.67464483963816,3.81714483963816,0.0,0.0,2.5,0.0,0.1499999999999999,0.4,0.0014999999999999,0.0,-0.02565,0.4015,0.37585,0.0,0.0,0.0,0.4015,perfect_foresight,False,17.5726690391139,17.5726690391139,17.5726690391139,17.5726690391139,0.0,1.9984014443252818e-15,,0.0,False,deficit_discharge,sampled,2.5,42,deficit_discharge_48h,summer,0.0,True,,,,,,,,,,,,,,,,,,,,,,,,,,,,,,,,,,,,,,,,,,,,,,
2017-07-02 03:00:00+00:00,2.35,0.0,0.16,0.1499999999999999,0.0,0.1499999999999999,0.0,3.81714483963816,3.95964483963816,0.0,0.0,2.5,0.0,0.1499999999999999,0.4,0.0014999999999999,0.0,-0.02565,0.4015,0.37585,0.0,0.0,0.0,0.4015,perfect_foresight,False,17.5726690391139,17.5726690391139,17.5726690391139,17.5726690391139,0.0,1.9984014443252818e-15,,0.0,False,deficit_discharge,sampled,2.5,42,deficit_discharge_48h,summer,0.0,True,,,,,,,,,,,,,,,,,,,,,,,,,,,,,,,,,,,,,,,,,,,,,,
2017-07-02 04:00:00+00:00,2.35,0.009765625,0.16,0.1597656249999999,0.0,0.1597656249999999,0.0,3.95964483963816,4.11142218338816,0.009765625,0.0,2.5,0.0,0.1597656249999999,0.4,0.0015976562499999,0.0,-0.027319921875,0.40159765625,0.374277734375,0.0,0.0,0.0,0.40159765625,perfect_foresight,False,17.5726690391139,17.5726690391139,17.5726690391139,17.5726690391139,0.0,1.9984014443252818e-15,,0.0,False,deficit_discharge,sampled,2.5,42,deficit_discharge_48h,summer,0.0,True,,,,,,,,,,,,,,,,,,,,,,,,,,,,,,,,,,,,,,,,,,,,,,
2017-07-02 05:00:00+00:00,2.35,0.060546875,0.16,0.2105468749999999,0.0,0.2105468749999999,0.0,4.11142218338816,4.31144171463816,0.060546875,0.0,2.5,0.0,0.2105468749999999,0.4,0.0021054687499999,0.0,-0.0360035156249999,0.40210546875,0.3661019531250001,0.0,0.0,0.0,0.40210546875,perfect_foresight,False,17.5726690391139,17.5726690391139,17.5726690391139,17.5726690391139,0.0,1.9984014443252818e-15,,0.0,False,deficit_discharge,sampled,2.5,42,deficit_discharge_48h,summer,0.0,True,,,,,,,,,,,,,,,,,,,,,,,,,,,,,,,,,,,,,,,,,,,,,,
2017-07-02 06:00:00+00:00,2.8000000000000003,0.1396484375,0.16,0.0,0.1603515625000002,0.0,0.1603515625000002,4.31144171463816,4.1426505962171065,0.1396484375,0.0,2.5,0.0,0.1603515625000002,0.4,0.001603515625,0.0,0.0303824013157895,0.401603515625,0.4319859169407896,0.0,0.0,0.0,0.401603515625,perfect_foresight,False,17.5726690391139,17.5726690391139,17.5726690391139,17.5726690391139,0.0,1.9984014443252818e-15,,0.0,False,deficit_discharge,sampled,2.5,42,deficit_discharge_48h,summer,0.0,True,,,,,,,,,,,,,,,,,,,,,,,,,,,,,,,,,,,,,,,,,,,,,,
2017-07-02 07:00:00+00:00,2.8000000000000003,0.4599609375,0.16,0.1599609374999997,0.0,0.1599609374999997,0.0,4.1426505962171065,4.294613486842106,0.4599609375,0.0,2.5,0.0,0.1599609374999997,0.4,0.0015996093749999,0.0,-0.0273533203124999,0.401599609375,0.3742462890625,0.0,0.0,0.0,0.401599609375,perfect_foresight,False,17.5726690391139,17.5726690391139,17.5726690391139,17.5726690391139,0.0,1.9984014443252818e-15,,0.0,False,deficit_discharge,sampled,2.5,42,deficit_discharge_48h,summer,0.0,True,,,,,,,,,,,,,,,,,,,,,,,,,,,,,,,,,,,,,,,,,,,,,,
2017-07-02 08:00:00+00:00,2.8000000000000003,0.560546875,0.175,0.0,0.0,0.0,0.0,4.294613486842106,4.294613486842106,0.560546875,0.0,2.2394531250000003,0.0,0.0,0.391904296875,0.0,0.0,-0.0,0.391904296875,0.391904296875,0.0,0.0,0.0,0.391904296875,perfect_foresight,False,17.5726690391139,17.5726690391139,17.5726690391139,17.5726690391139,0.0,1.9984014443252818e-15,,0.0,False,deficit_discharge,sampled,2.5,42,deficit_discharge_48h,summer,0.0,True,,,,,,,,,,,,,,,,,,,,,,,,,,,,,,,,,,,,,,,,,,,,,,
2017-07-02 09:00:00+00:00,2.35,0.3095703125,0.175,0.0,0.0,0.0,0.0,4.294613486842106,4.294613486842106,0.3095703125,0.0,2.0404296875,0.0,0.0,0.3570751953125,0.0,0.0,-0.0,0.3570751953125,0.3570751953125,0.0,0.0,0.0,0.3570751953125,perfect_foresight,False,17.5726690391139,17.5726690391139,17.5726690391139,17.5726690391139,0.0,1.9984014443252818e-15,,0.0,False,deficit_discharge,sampled,2.5,42,deficit_discharge_48h,summer,0.0,True,,,,,,,,,,,,,,,,,,,,,,,,,,,,,,,,,,,,,,,,,,,,,,
2017-07-02 10:00:00+00:00,2.35,0.4951171875,0.175,0.0,0.0,0.0,0.0,4.294613486842106,4.294613486842106,0.4951171875,0.0,1.8548828125,0.0,0.0,0.3246044921875,0.0,0.0,-0.0,0.3246044921875,0.3246044921875,0.0,0.0,0.0,0.3246044921875,perfect_foresight,False,17.5726690391139,17.5726690391139,17.5726690391139,17.5726690391139,0.0,1.9984014443252818e-15,,0.0,False,deficit_discharge,sampled,2.5,42,deficit_discharge_48h,summer,0.0,True,,,,,,,,,,,,,,,,,,,,,,,,,,,,,,,,,,,,,,,,,,,,,,
2017-07-02 11:00:00+00:00,2.35,0.5947265625,0.175,0.0,0.0,0.0,0.0,4.294613486842106,4.294613486842106,0.5947265625,0.0,1.7552734375,0.0,0.0,0.3071728515625,0.0,0.0,-0.0,0.3071728515625,0.3071728515625,0.0,0.0,0.0,0.3071728515625,perfect_foresight,False,17.5726690391139,17.5726690391139,17.5726690391139,17.5726690391139,0.0,1.9984014443252818e-15,,0.0,False,deficit_discharge,sampled,2.5,42,deficit_discharge_48h,summer,0.0,True,,,,,,,,,,,,,,,,,,,,,,,,,,,,,,,,,,,,,,,,,,,,,,
2017-07-02 12:00:00+00:00,2.35,0.515625,0.175,0.0,0.0,0.0,0.0,4.294613486842106,4.294613486842106,0.515625,0.0,1.834375,0.0,0.0,0.3210156249999999,0.0,0.0,-0.0,0.3210156249999999,0.3210156249999999,0.0,0.0,0.0,0.3210156249999999,perfect_foresight,False,17.5726690391139,17.5726690391139,17.5726690391139,17.5726690391139,0.0,1.9984014443252818e-15,,0.0,False,deficit_discharge,sampled,2.5,42,deficit_discharge_48h,summer,0.0,True,,,,,,,,,,,,,,,,,,,,,,,,,,,,,,,,,,,,,,,,,,,,,,
2017-07-02 13:00:00+00:00,2.35,0.5947265625,0.175,0.0,0.0,0.0,0.0,4.294613486842106,4.294613486842106,0.5947265625,0.0,1.7552734375,0.0,0.0,0.3071728515625,0.0,0.0,-0.0,0.3071728515625,0.3071728515625,0.0,0.0,0.0,0.3071728515625,perfect_foresight,False,17.5726690391139,17.5726690391139,17.5726690391139,17.5726690391139,0.0,1.9984014443252818e-15,,0.0,False,deficit_discharge,sampled,2.5,42,deficit_discharge_48h,summer,0.0,True,,,,,,,,,,,,,,,,,,,,,,,,,,,,,,,,,,,,,,,,,,,,,,
2017-07-02 14:00:00+00:00,2.35,0.2646484375,0.175,0.0,0.0,0.0,0.0,4.294613486842106,4.294613486842106,0.2646484375,0.0,2.0853515625,0.0,0.0,0.3649365234375,0.0,0.0,-0.0,0.3649365234375,0.3649365234375,0.0,0.0,0.0,0.3649365234375,perfect_foresight,False,17.5726690391139,17.5726690391139,17.5726690391139,17.5726690391139,0.0,1.9984014443252818e-15,,0.0,False,deficit_discharge,sampled,2.5,42,deficit_discharge_48h,summer,0.0,True,,,,,,,,,,,,,,,,,,,,,,,,,,,,,,,,,,,,,,,,,,,,,,
2017-07-02 15:00:00+00:00,2.35,0.46484375,0.175,0.0,0.0,0.0,0.0,4.294613486842106,4.294613486842106,0.46484375,0.0,1.88515625,0.0,0.0,0.32990234375,0.0,0.0,-0.0,0.32990234375,0.32990234375,0.0,0.0,0.0,0.32990234375,perfect_foresight,False,17.5726690391139,17.5726690391139,17.5726690391139,17.5726690391139,0.0,1.9984014443252818e-15,,0.0,False,deficit_discharge,sampled,2.5,42,deficit_discharge_48h,summer,0.0,True,,,,,,,,,,,,,,,,,,,,,,,,,,,,,,,,,,,,,,,,,,,,,,
2017-07-02 16:00:00+00:00,2.35,0.23046875,0.175,0.0,0.0,0.0,0.0,4.294613486842106,4.294613486842106,0.23046875,0.0,2.11953125,0.0,0.0,0.37091796875,0.0,0.0,-0.0,0.37091796875,0.37091796875,0.0,0.0,0.0,0.37091796875,perfect_foresight,False,17.5726690391139,17.5726690391139,17.5726690391139,17.5726690391139,0.0,1.9984014443252818e-15,,0.0,False,deficit_discharge,sampled,2.5,42,deficit_discharge_48h,summer,0.0,True,,,,,,,,,,,,,,,,,,,,,,,,,,,,,,,,,,,,,,,,,,,,,,
2017-07-02 17:00:00+00:00,3.2,0.1044921875,0.2,0.0,0.5955078125000002,0.0,0.5955078125000002,4.294613486842106,3.6677631578947376,0.1044921875,0.0,2.5,0.0,0.5955078125000002,0.5,0.005955078125,0.0,0.1128330592105263,0.505955078125,0.6187881373355263,0.0,0.0,0.0,0.505955078125,perfect_foresight,False,17.5726690391139,17.5726690391139,17.5726690391139,17.5726690391139,0.0,1.9984014443252818e-15,,0.0,False,deficit_discharge,sampled,2.5,42,deficit_discharge_48h,summer,0.0,True,,,,,,,,,,,,,,,,,,,,,,,,,,,,,,,,,,,,,,,,,,,,,,
2017-07-02 18:00:00+00:00,3.2,0.015625,0.2,0.0,0.6843750000000002,0.0,0.6843750000000002,3.6677631578947376,2.947368421052632,0.015625,0.0,2.5,0.0,0.6843750000000002,0.5,0.00684375,0.0,0.129671052631579,0.50684375,0.636514802631579,0.0,0.0,0.0,0.50684375,perfect_foresight,False,17.5726690391139,17.5726690391139,17.5726690391139,17.5726690391139,0.0,1.9984014443252818e-15,,0.0,False,deficit_discharge,sampled,2.5,42,deficit_discharge_48h,summer,0.0,True,,,,,,,,,,,,,,,,,,,,,,,,,,,,,,,,,,,,,,,,,,,,,,
2017-07-02 19:00:00+00:00,3.2,0.0,0.2,0.0,0.7000000000000002,0.0,0.7000000000000002,2.947368421052632,2.210526315789474,0.0,0.0,2.5,0.0,0.7000000000000002,0.5,0.007,0.0,0.1326315789473684,0.507,0.6396315789473684,0.0,0.0,0.0,0.507,perfect_foresight,False,17.5726690391139,17.5726690391139,17.5726690391139,17.5726690391139,0.0,1.9984014443252818e-15,,0.0,False,deficit_discharge,sampled,2.5,42,deficit_discharge_48h,summer,0.0,True,,,,,,,,,,,,,,,,,,,,,,,,,,,,,,,,,,,,,,,,,,,,,,
2017-07-02 20:00:00+00:00,3.2,0.0,0.2,0.0,0.7000000000000002,0.0,0.7000000000000002,2.210526315789474,1.473684210526316,0.0,0.0,2.5,0.0,0.7000000000000002,0.5,0.007,0.0,0.1326315789473684,0.507,0.6396315789473684,0.0,0.0,0.0,0.507,perfect_foresight,False,17.5726690391139,17.5726690391139,17.5726690391139,17.5726690391139,0.0,1.9984014443252818e-15,,0.0,False,deficit_discharge,sampled,2.5,42,deficit_discharge_48h,summer,0.0,True,,,,,,,,,,,,,,,,,,,,,,,,,,,,,,,,,,,,,,,,,,,,,,
2017-07-02 21:00:00+00:00,3.2,0.0,0.2,0.0,0.7000000000000002,0.0,0.7000000000000002,1.473684210526316,0.7368421052631579,0.0,0.0,2.5,0.0,0.7000000000000002,0.5,0.007,0.0,0.1326315789473684,0.507,0.6396315789473684,0.0,0.0,0.0,0.507,perfect_foresight,False,17.5726690391139,17.5726690391139,17.5726690391139,17.5726690391139,0.0,1.9984014443252818e-15,,0.0,False,deficit_discharge,sampled,2.5,42,deficit_discharge_48h,summer,0.0,True,,,,,,,,,,,,,,,,,,,,,,,,,,,,,,,,,,,,,,,,,,,,,,
2017-07-02 22:00:00+00:00,3.2,0.0,0.16,0.0,0.7000000000000002,0.0,0.6999999999999998,0.7368421052631579,1.1102230246251563e-16,0.0,0.0,2.5,4.440892098500626e-16,0.6999999999999998,0.4,0.0069999999999999,4.440892098500626e-15,0.1326315789473683,0.4070000000000044,0.5396315789473729,0.0,3.3306690738754696e-16,0.0,0.407,perfect_foresight,False,17.5726690391139,17.5726690391139,17.5726690391139,17.5726690391139,0.0,1.9984014443252818e-15,,0.0,False,deficit_discharge,sampled,2.5,42,deficit_discharge_48h,summer,0.0,True,,,,,,,,,,,,,,,,,,,,,,,,,,,,,,,,,,,,,,,,,,,,,,
2017-07-02 23:00:00+00:00,2.35,0.0,0.16,0.1499999999999999,0.0,0.1499999999999999,0.0,1.1102230246251563e-16,0.1425,0.0,0.0,2.5,0.0,0.1499999999999999,0.4,0.0014999999999999,0.0,-0.0256499999999999,0.4015,0.37585,0.0,0.0,0.0,0.4015,perfect_foresight,False,17.5726690391139,17.5726690391139,17.5726690391139,17.5726690391139,0.0,1.9984014443252818e-15,,0.0,False,deficit_discharge,sampled,2.5,42,deficit_discharge_48h,summer,0.0,True,,,,,,,,,,,,,,,,,,,,,,,,,,,,,,,,,,,,,,,,,,,,,,
2017-07-01 00:00:00+00:00,2.35,0.0,0.16,0.1499999999999999,0.0,0.1499999999999999,0.0,4.0,4.1425,0.0,0.0,2.5,0.0,0.1499999999999999,0.4,0.0014999999999999,0.0,-0.02565,0.4015,0.37585,0.0,0.0,0.0,0.4015,deterministic,False,7.980675972522552,7.980675972522552,7.980675972522552,7.980675972522552,0.0391570999054238,1.9984014443252818e-15,,0.0,False,deficit_discharge,sampled,2.5,42,deficit_discharge_48h,summer,0.0,True,2017-07-01 00:00:00+00:00,2017-07-01 00:00:00+00:00,0.0,0.0,0.0,0.0,0.0,0.0,0.0,0.0,0.0,False,1.0,7.980675972522552,7.980675972522552,0.0,False,29.0,0.0999999999999999,1.0,6e024106d379c1dbe4c1fddf02affe90045e330d9e36828193627b3b8eb2357b,1.0,1.0,1.0,1e-09,True,True,False,False,False,False,False,False,True,True,True,True,1.0,2.0,1.5,0.0,1.0,0.5,0.5,0.0,0.0
2017-07-01 01:00:00+00:00,2.35,0.0,0.16,0.1499999999999999,0.0,0.1499999999999999,0.0,4.1425,4.285,0.0,0.0,2.5,0.0,0.1499999999999999,0.4,0.0014999999999999,0.0,-0.02565,0.4015,0.37585,0.0,0.0,0.0,0.4015,deterministic,False,7.980675972522554,7.980675972522554,7.980675972522554,7.980675972522554,0.0371711000334471,8.881784197001252e-16,,0.0,False,deficit_discharge,sampled,2.5,42,deficit_discharge_48h,summer,0.0,True,2017-07-01 01:00:00+00:00,2017-07-01 01:00:00+00:00,0.0,0.0,0.0,0.0,0.0,0.0,0.0,0.0,0.0,False,1.0,7.980675972522554,7.980675972522554,0.0,False,29.0,0.0999999999999999,1.0,7c59e8218ea4c4e1cec45025ac78a02b2ee42f0125b6521e2e3d209024c4f484,1.0,1.0,1.0,1e-09,True,True,False,False,False,False,False,False,True,True,True,True,1.0,2.0,1.5,0.0,1.0,0.5,0.5,0.0,0.0
2017-07-01 02:00:00+00:00,2.35,0.0,0.16,0.1499999999999999,0.0,0.1499999999999999,0.0,4.285,4.4275,0.0,0.0,2.5,0.0,0.1499999999999999,0.4,0.0014999999999999,0.0,-0.02565,0.4015,0.37585,0.0,0.0,0.0,0.4015,deterministic,False,7.980675972522554,7.980675972522554,7.980675972522554,7.980675972522554,0.0341535999905318,4.440892098500626e-16,,0.0,False,deficit_discharge,sampled,2.5,42,deficit_discharge_48h,summer,0.0,True,2017-07-01 02:00:00+00:00,2017-07-01 02:00:00+00:00,0.0,0.0,0.0,0.0,0.0,0.0,0.0,0.0,0.0,False,1.0,7.980675972522554,7.980675972522554,0.0,False,29.0,0.0999999999999999,1.0,ea59ee81ab95c616c14d8e84dde509fad7f108157c99e13bcdb2e2791c2233d8,1.0,1.0,1.0,1e-09,True,True,False,False,False,False,False,False,True,True,True,True,1.0,2.0,1.5,0.0,1.0,0.5,0.5,0.0,0.0
2017-07-01 03:00:00+00:00,2.35,0.0,0.16,0.1499999999999999,0.0,0.1499999999999999,0.0,4.4275,4.57,0.0,0.0,2.5,0.0,0.1499999999999999,0.4,0.0014999999999999,0.0,-0.02565,0.4015,0.37585,0.0,0.0,0.0,0.4015,deterministic,False,7.980675972522555,7.980675972522555,7.980675972522555,7.980675972522555,0.033753199968487,1.9984014443252818e-15,,0.0,False,deficit_discharge,sampled,2.5,42,deficit_discharge_48h,summer,0.0,True,2017-07-01 03:00:00+00:00,2017-07-01 03:00:00+00:00,0.0,0.0,0.0,0.0,0.0,0.0,0.0,0.0,0.0,False,1.0,7.980675972522555,7.980675972522555,0.0,False,29.0,0.0999999999999999,1.0,05eb58ffe6910e3e00253696db7ae2ee4af80dbfcbbd2ce4ed0acbc03cfa909d,1.0,1.0,1.0,1e-09,True,True,False,False,False,False,False,False,True,True,True,True,1.0,2.0,1.5,0.0,1.0,0.5,0.5,0.0,0.0
2017-07-01 04:00:00+00:00,2.35,0.10546875,0.16,0.1720563616071428,0.0,0.1720563616071428,0.0,4.57,4.733453543526786,0.10546875,0.0,2.416587611607143,0.0,0.1720563616071428,0.3866540178571429,0.0017205636160714,0.0,-0.0294216378348214,0.3883745814732143,0.3589529436383928,0.0,0.0,0.0,0.3883745814732143,deterministic,False,7.980675972522556,7.980675972522556,7.980675972522556,7.980675972522556,0.0332408000249415,4.440892098500626e-16,,0.0,False,deficit_discharge,sampled,2.5,42,deficit_discharge_48h,summer,0.0,True,2017-07-01 04:00:00+00:00,2017-07-01 04:00:00+00:00,0.0,0.0220563616071428,0.0220563616071428,0.0220563616071428,0.0220563616071428,0.0220563616071428,0.0220563616071428,0.0,-0.0834123883928571,True,1.0,7.980675972522556,7.980675972522556,0.0,False,29.0,0.0999999999999999,1.0,f506e189c1c31b68e3ddc5200f86e7290abc7b5e966c2ba24db0ea33e6e9abbf,1.0,1.0,0.0,1e-09,False,False,False,False,False,True,False,True,False,False,False,False,2.0,2.0,2.0,0.5,1.0,0.75,0.5,0.0,0.0
2017-07-01 05:00:00+00:00,2.35,0.25,0.16,0.2559105282738092,0.0,0.2559105282738092,0.0,4.733453543526786,4.976568545386905,0.25,0.0,2.3559105282738093,0.0,0.2559105282738092,0.3769456845238095,0.002559105282738,0.0,-0.0437607003348213,0.3795047898065476,0.3357440894717262,0.0,0.0,0.0,0.3795047898065476,deterministic,False,7.980773303251723,7.980773303251723,7.980773303251723,7.980773303251723,0.033067199983634,4.440892098500626e-16,,0.0,False,deficit_discharge,sampled,2.5,42,deficit_discharge_48h,summer,0.0,True,2017-07-01 05:00:00+00:00,2017-07-01 05:00:00+00:00,0.0,0.1059105282738095,0.1059105282738095,0.1059105282738095,0.1059105282738095,0.1059105282738095,0.1059105282738095,0.0,-0.1440894717261904,True,1.0,7.980773303251723,7.980773303251723,0.0,False,29.0,0.0999999999999999,1.0,164c02647d2f1b7e2df7e9e61522055c575d92c6310aae3173f4b3dd6f020ac9,1.0,1.0,0.0,1e-09,False,False,False,False,False,True,False,True,False,False,False,False,2.0,2.0,2.0,0.5,1.0,0.75,0.5,0.0,0.0
2017-07-01 06:00:00+00:00,2.8000000000000003,0.3798828125,0.16,0.0,0.0364815848214288,0.0,0.0364815848214288,4.976568545386905,4.938166877153822,0.3798828125,0.0,2.3836356026785714,0.0,0.0364815848214288,0.3813816964285714,0.0003648158482142,0.0,0.0069123002819548,0.3817465122767857,0.3886588125587406,0.0,0.0,0.0,0.3817465122767857,deterministic,False,7.979008247913183,7.979008247913183,7.979008247913183,7.979008247913183,0.0312523999018594,4.440892098500626e-16,,0.0,False,deficit_discharge,sampled,2.5,42,deficit_discharge_48h,summer,0.0,True,2017-07-01 06:00:00+00:00,2017-07-01 06:00:00+00:00,0.0,0.2635184151785714,0.2635184151785714,0.2635184151785714,0.2635184151785714,0.2635184151785714,0.2635184151785714,0.0,-0.1163643973214285,True,1.0,7.979008247913183,7.979008247913183,0.0,False,29.0,0.0999999999999999,1.0,4043f5e1c6937c71c4d2683f7dabeabfa841511133316c568a9712abfc685aec,1.0,1.0,0.0,1e-09,False,False,False,False,False,True,False,True,False,False,False,False,2.0,2.0,2.0,0.5,1.0,0.75,0.5,0.0,0.0
2017-07-01 07:00:00+00:00,2.8000000000000003,1.0400390625,0.16,0.3808303106398805,0.0,0.3808303106398805,0.0,4.938166877153822,5.299955672261708,1.0400390625,0.0,2.1407912481398808,0.0,0.3808303106398805,0.3425265997023809,0.0038083031063988,0.0,-0.0651219831194194,0.3463349028087797,0.2812129196893602,0.0,0.0,0.0,0.3463349028087797,deterministic,False,7.974094245989428,7.974094245989428,7.974094245989428,7.974094245989428,0.0300899000139907,4.440892098500626e-16,,0.0,False,deficit_discharge,sampled,2.5,42,deficit_discharge_48h,summer,0.0,True,2017-07-01 07:00:00+00:00,2017-07-01 07:00:00+00:00,0.0,0.680830310639881,0.680830310639881,0.680830310639881,0.680830310639881,0.680830310639881,0.680830310639881,0.0,-0.359208751860119,True,1.0,7.974094245989428,7.974094245989428,0.0,False,29.0,0.0999999999999999,1.0,46c197ed67f6ff36e04defd08a6ad0a9934d149fcfec0c794169b1713ed6e245,1.0,1.0,0.0,1e-09,False,False,False,False,False,True,False,True,False,False,False,False,2.0,2.0,2.0,0.5,1.0,0.75,0.5,0.0,0.0
2017-07-01 08:00:00+00:00,2.8000000000000003,1.349609375,0.175,0.0,0.0,0.0,0.0,5.299955672261708,5.299955672261708,1.349609375,0.0,1.4503906250000005,0.0,0.0,0.253818359375,0.0,0.0,-0.0,0.253818359375,0.253818359375,0.0,0.0,0.0,0.253818359375,deterministic,False,7.964519746997808,7.964519746997808,7.964519746997808,7.964519746997808,0.06638189998921,4.440892098500626e-16,,0.0,False,deficit_discharge,sampled,2.5,42,deficit_discharge_48h,summer,0.0,True,2017-07-01 08:00:00+00:00,2017-07-01 08:00:00+00:00,0.0,1.2855236235119047,1.2855236235119047,1.2855236235119047,1.2855236235119047,1.2855236235119047,1.2855236235119047,0.0,-0.0640857514880952,True,1.0,7.964519746997808,7.964519746997808,0.0,False,29.0,0.0999999999999999,1.0,5c115aa10dab5af05c40a2e1be4466fd8e4e005270f4023ac063c0e36925fec2,1.0,1.0,0.0,1e-09,False,False,False,False,False,True,False,True,False,False,False,False,2.0,2.0,2.0,0.5,1.0,0.75,0.5,0.0,0.0
2017-07-01 09:00:00+00:00,2.35,2.46484375,0.175,0.0,0.0,0.0,0.0,5.299955672261708,5.299955672261708,2.35,0.1148437499999999,0.0,0.0,0.0,0.0,0.0,0.0,-0.0,0.0,0.0,0.0,0.0,0.0,0.0,deterministic,False,7.946599336841557,7.946599336841557,7.946599336841557,7.946599336841557,0.0345480000833049,2.220446049250313e-16,,0.0,False,deficit_discharge,sampled,2.5,42,deficit_discharge_48h,summer,0.0,True,2017-07-01 09:00:00+00:00,2017-07-01 09:00:00+00:00,0.0,1.7745779854910713,1.7745779854910713,1.7745779854910713,1.7745779854910713,1.7745779854910713,1.7745779854910713,0.0,-0.6902657645089287,True,1.0,7.946599336841557,7.946599336841557,0.0,False,29.0,0.0999999999999999,1.0,5d9d71073ed6d4a2e9df2840274d992b00bce85520cff02857c8108a2a14f1bb,1.0,1.0,0.0,1e-09,False,False,False,False,False,True,False,True,False,False,False,False,2.0,2.0,2.0,0.5,1.0,0.75,0.5,0.0,0.0
2017-07-01 10:00:00+00:00,2.35,2.25,0.175,0.0,0.0,0.0,0.0,5.299955672261708,5.299955672261708,2.25,0.0,0.1,0.0,0.0,0.0175,0.0,0.0,-0.0,0.0175,0.0175,0.0,0.0,0.0,0.0175,deterministic,False,7.929721081633223,7.929721081633223,7.929721081633223,7.929721081633223,0.0334323000861331,2.220446049250313e-16,,0.0,False,deficit_discharge,sampled,2.5,42,deficit_discharge_48h,summer,0.0,True,2017-07-01 10:00:00+00:00,2017-07-01 10:00:00+00:00,0.0,2.1643543061755954,2.1643543061755954,2.1643543061755954,2.1643543061755954,2.1643543061755954,2.1643543061755954,0.0,-0.0856456938244045,True,1.0,7.929721081633223,7.929721081633223,0.0,False,29.0,0.0999999999999999,1.0,81412fcc913c200f34d71a42cb5cfce00861ce4afbccc6a3d96b3e356bcd8958,1.0,1.0,0.0,1e-09,False,False,False,False,False,True,False,True,False,False,False,False,2.0,2.0,2.0,0.5,1.0,0.75,0.5,0.0,0.0
2017-07-01 11:00:00+00:00,2.35,2.490234375,0.175,0.0079241071428568,0.0,0.0079241071428568,0.0,5.299955672261708,5.307483574047422,2.357924107142857,0.132310267857143,0.0,0.0,0.0079241071428568,0.0,7.924107142856851e-05,0.0,-0.0013550223214285,7.924107142856851e-05,-0.0012757812499999,0.0,0.0,0.0,7.924107142856851e-05,deterministic,False,7.904867566008224,7.904867566008224,7.904867566008224,7.904867566008224,0.0333477999083697,2.220446049250313e-16,,0.0,False,deficit_discharge,sampled,2.5,42,deficit_discharge_48h,summer,0.0,True,2017-07-01 11:00:00+00:00,2017-07-01 11:00:00+00:00,0.0,2.357924107142857,2.357924107142857,2.357924107142857,2.357924107142857,2.357924107142857,2.357924107142857,0.0,-0.132310267857143,True,1.0,7.904867566008224,7.904867566008224,0.0,False,29.0,0.0999999999999999,1.0,6f0357de986fb80a0fb726428fcfd27fc65bd7a6274167b8d9b8fc011043c931,1.0,1.0,0.0,1e-09,False,False,False,False,False,True,False,True,False,False,False,False,2.0,2.0,2.0,0.5,1.0,0.75,0.5,0.0,0.0
2017-07-01 12:00:00+00:00,2.35,3.53515625,0.175,0.0092936197916668,0.0,0.0092936197916668,0.0,5.307483574047422,5.316312512849506,2.359293619791667,1.175862630208333,0.0,0.0,0.0092936197916668,0.0,9.293619791666874e-05,0.0,-0.001589208984375,9.293619791666874e-05,-0.0014962727864583,0.0,0.0,0.0,9.293619791666874e-05,deterministic,False,7.892273327726974,7.892273327726974,7.892273327726974,7.892273327726974,0.0354622999439016,2.220446049250313e-16,,0.0,False,deficit_discharge,sampled,2.5,42,deficit_discharge_48h,summer,0.0,True,2017-07-01 12:00:00+00:00,2017-07-01 12:00:00+00:00,0.0,2.359293619791667,2.359293619791667,2.359293619791667,2.359293619791667,2.359293619791667,2.359293619791667,0.0,-1.175862630208333,True,1.0,7.892273327726974,7.892273327726974,0.0,False,29.0,0.0999999999999999,1.0,8c5ccba025a4c2718c675ad784c7f46d1b47a1237307801d1e07049d63589adc,1.0,1.0,0.0,1e-09,False,False,False,False,False,True,False,True,False,False,False,False,2.0,2.0,2.0,0.5,1.0,0.75,0.5,0.0,0.0
2017-07-01 13:00:00+00:00,2.35,3.125,0.175,0.0,0.0,0.0,0.0,5.316312512849506,5.316312512849506,2.35,0.7749999999999999,0.0,0.0,0.0,0.0,0.0,0.0,-0.0,0.0,0.0,0.0,0.0,0.0,0.0,deterministic,False,7.875951713143641,7.875951713143641,7.87595171314364,7.875951713143641,0.0337058000732213,2.220446049250313e-16,,0.0,False,deficit_discharge,sampled,2.5,42,deficit_discharge_48h,summer,0.0,True,2017-07-01 13:00:00+00:00,2017-07-01 13:00:00+00:00,0.0,2.344811430431548,2.344811430431548,2.344811430431548,2.344811430431548,2.344811430431548,2.344811430431548,0.0,-0.7801885695684527,True,1.0,7.875951713143641,7.87595171314364,0.0,False,29.0,0.0999999999999999,1.0,2cd03a6137a55ecdb4950905443a59b059dc5571215260e7d628e9042b4481c2,1.0,1.0,0.0,1e-09,False,False,False,False,False,True,False,True,False,False,False,False,2.0,2.0,2.0,0.5,1.0,0.75,0.5,0.0,0.0
2017-07-01 14:00:00+00:00,2.35,1.7802734375,0.175,0.0,0.0,0.0,0.0,5.316312512849506,5.316312512849506,1.7802734375,0.0,0.5697265625000001,0.0,0.0,0.0997021484375,0.0,0.0,-0.0,0.0997021484375,0.0997021484375,0.0,0.0,0.0,0.0997021484375,deterministic,False,7.845440759367599,7.845440759367599,7.845440759367598,7.845440759367599,0.0382731999270617,2.220446049250313e-16,,0.0,False,deficit_discharge,sampled,2.5,42,deficit_discharge_48h,summer,0.0,True,2017-07-01 14:00:00+00:00,2017-07-01 14:00:00+00:00,0.0,1.804375930059524,1.804375930059524,1.804375930059524,1.804375930059524,1.804375930059524,1.804375930059524,0.0,0.0241024925595239,True,1.0,7.845440759367599,7.845440759367598,0.0,False,29.0,0.0999999999999999,1.0,0c1fbca2b8dba7c0fca4dc3d9cd0271af2896b12a4c4a2dcf59a72a2e1816ab8,1.0,1.0,0.0,1e-09,False,False,False,False,True,False,True,False,False,False,False,False,1.0,1.0,1.0,0.0,0.5,0.25,0.5,0.0,0.0
2017-07-01 15:00:00+00:00,2.35,1.099609375,0.175,0.0,0.0,0.0,0.0,5.316312512849506,5.316312512849506,1.099609375,0.0,1.250390625,0.0,0.0,0.218818359375,0.0,0.0,-0.0,0.218818359375,0.218818359375,0.0,0.0,0.0,0.218818359375,deterministic,False,7.831521244393641,7.831521244393641,7.831521244393641,7.831521244393641,0.0395144000649452,2.220446049250313e-16,,0.0,False,deficit_discharge,sampled,2.5,42,deficit_discharge_48h,summer,0.0,True,2017-07-01 15:00:00+00:00,2017-07-01 15:00:00+00:00,0.0,1.272573707217262,1.272573707217262,1.272573707217262,1.272573707217262,1.272573707217262,1.272573707217262,0.0,0.172964332217262,True,1.0,7.831521244393641,7.831521244393641,0.0,False,29.0,0.0999999999999999,1.0,53c95e3dab4a753b1115dcc4ef274deb99f9fceeb667cf9da3aa229cbe678413,1.0,1.0,0.0,1e-09,False,False,False,False,True,False,True,False,False,False,False,False,1.0,1.0,1.0,0.0,0.5,0.25,0.5,0.0,0.0
2017-07-01 16:00:00+00:00,2.35,0.775390625,0.175,0.0,0.0,0.0,0.0,5.316312512849506,5.316312512849506,0.775390625,0.0,1.574609375,0.0,0.0,0.275556640625,0.0,0.0,-0.0,0.275556640625,0.275556640625,0.0,0.0,0.0,0.275556640625,deterministic,False,7.82419906014885,7.82419906014885,7.82419906014885,7.82419906014885,0.0386532000266015,2.220446049250313e-16,,0.0,False,deficit_discharge,sampled,2.5,42,deficit_discharge_48h,summer,0.0,True,2017-07-01 16:00:00+00:00,2017-07-01 16:00:00+00:00,0.0,0.7651774088541667,0.7651774088541667,0.7651774088541667,0.7651774088541667,0.7651774088541667,0.7651774088541667,0.0,-0.0102132161458332,True,1.0,7.82419906014885,7.82419906014885,0.0,False,29.0,0.0999999999999999,1.0,e5910268dd730c40cba1cc62def8de09f0ee4cb6e6f2c8209a4447b751dbadd1,1.0,1.0,0.0,1e-09,False,False,False,False,False,True,False,True,False,False,False,False,2.0,2.0,2.0,0.5,1.0,0.75,0.5,0.0,0.0
2017-07-01 17:00:00+00:00,3.2,0.57421875,0.2,0.0,1.5911358380998872,0.0,1.5911358380998872,5.316312512849506,3.641432683270677,0.57421875,0.0,1.034645411900113,0.0,1.5911358380998872,0.2069290823800226,0.0159113583809988,0.0,0.3014783693241891,0.2228404407610215,0.5243188100852106,0.0,0.0,0.0,0.2228404407610215,deterministic,False,7.824850101815516,7.824850101815516,7.824850101815516,7.824850101815516,0.0391211999813094,2.220446049250313e-16,,0.0,False,deficit_discharge,sampled,2.5,42,deficit_discharge_48h,summer,0.0,True,2017-07-01 17:00:00+00:00,2017-07-01 17:00:00+00:00,0.0,0.3129138764880952,0.3129138764880952,0.3129138764880952,0.3129138764880952,0.3129138764880952,0.3129138764880952,0.0,-0.2613048735119048,True,1.0,7.824850101815516,7.824850101815516,0.0,False,29.0,0.0999999999999999,1.0,2f00922f6255581514bfa6c8531fd29d39da00a3665c9707a0a10ec3767ee29d,1.0,1.0,0.0,1e-09,False,False,False,False,False,True,False,True,False,False,False,False,2.0,2.0,2.0,0.5,1.0,0.75,0.5,0.0,0.0
2017-07-01 18:00:00+00:00,3.2,0.0751953125,0.2,0.0,0.6593610491071429,0.0,0.6593610491071429,3.641432683270677,2.9473684210526323,0.0751953125,0.0,2.4654436383928573,0.0,0.6593610491071429,0.4930887276785715,0.0065936104910714,0.0,0.1249315671992481,0.4996823381696429,0.624613905368891,0.0,0.0,0.0,0.4996823381696429,deterministic,False,7.823950551852656,7.823950551852656,7.823950551852656,7.823950551852656,0.038533000042662,2.220446049250313e-16,,0.0,False,deficit_discharge,sampled,2.5,42,deficit_discharge_48h,summer,0.0,True,2017-07-01 18:00:00+00:00,2017-07-01 18:00:00+00:00,0.0,0.0406389508928571,0.0406389508928571,0.0406389508928571,0.0406389508928571,0.0406389508928571,0.0406389508928571,0.0,-0.0345563616071428,True,1.0,7.823950551852656,7.823950551852656,0.0,False,29.0,0.0999999999999999,1.0,0c77971330728ef5503405cacf6173addaab699b8c1ac8ceeac4d14af8957585,1.0,1.0,0.0,1e-09,False,False,False,False,False,True,False,True,False,False,False,False,2.0,2.0,2.0,0.5,1.0,0.75,0.5,0.0,0.0
2017-07-01 19:00:00+00:00,3.2,0.0,0.2,0.0,0.7000000000000001,0.0,0.7000000000000002,2.9473684210526323,2.2105263157894743,0.0,0.0,2.5,0.0,0.7000000000000002,0.5,0.007,0.0,0.1326315789473684,0.507,0.6396315789473684,0.0,0.0,0.0,0.507,deterministic,False,7.821353945590908,7.821353945590908,7.821353945590908,7.821353945590908,0.0387615000363439,2.220446049250313e-16,,1.1102230246251563e-16,False,deficit_discharge,sampled,2.5,42,deficit_discharge_48h,summer,0.0,True,2017-07-01 19:00:00+00:00,2017-07-01 19:00:00+00:00,0.0,0.0,0.0,0.0,0.0,0.0,0.0,0.0,0.0,False,1.0,7.821353945590908,7.821353945590908,0.0,False,29.0,0.0999999999999999,1.0,4a0ce1962219d77688cf5eea254a9f2c0ad0263f51a6397e5f4d4d69fe071ae4,1.0,1.0,1.0,1e-09,True,True,False,False,False,False,False,False,True,True,True,True,1.0,2.0,1.5,0.0,1.0,0.5,0.5,0.0,0.0
2017-07-01 20:00:00+00:00,3.2,0.0,0.2,0.0,0.7000000000000003,0.0,0.7000000000000003,2.2105263157894743,1.4736842105263162,0.0,0.0,2.5,0.0,0.7000000000000003,0.5,0.007,0.0,0.1326315789473684,0.507,0.6396315789473684,0.0,0.0,0.0,0.507,deterministic,False,7.821552630780444,7.821552630780444,7.821552630780444,7.821552630780444,0.0382807999849319,1.1102230246251563e-16,,0.0,False,deficit_discharge,sampled,2.5,42,deficit_discharge_48h,summer,0.0,True,2017-07-01 20:00:00+00:00,2017-07-01 20:00:00+00:00,0.0,0.0,0.0,0.0,0.0,0.0,0.0,0.0,0.0,False,1.0,7.821552630780444,7.821552630780444,0.0,False,29.0,0.0999999999999999,1.0,a5de4fdc187113822908a1c4680372be95f6b252101672a55669c18900f3f383,1.0,1.0,1.0,1e-09,True,True,False,False,False,False,False,False,True,True,True,True,1.0,2.0,1.5,0.0,1.0,0.5,0.5,0.0,0.0
2017-07-01 21:00:00+00:00,3.2,0.0,0.2,0.0,0.7000000000000002,0.0,0.7000000000000002,1.4736842105263162,0.7368421052631581,0.0,0.0,2.5,0.0,0.7000000000000002,0.5,0.007,0.0,0.1326315789473684,0.507,0.6396315789473684,0.0,0.0,0.0,0.507,deterministic,False,7.830424571367514,7.830424571367514,7.830424571367514,7.830424571367514,0.0388076000381261,4.440892098500626e-16,,0.0,False,deficit_discharge,sampled,2.5,42,deficit_discharge_48h,summer,0.0,True,2017-07-01 21:00:00+00:00,2017-07-01 21:00:00+00:00,0.0,0.0,0.0,0.0,0.0,0.0,0.0,0.0,0.0,False,1.0,7.830424571367514,7.830424571367514,0.0,False,29.0,0.0999999999999999,1.0,1c7a26a0f0eb2fb832b5c6d94d747d80e2ef80902582cb9eefd5fa03d8dd85ec,1.0,1.0,1.0,1e-09,True,True,False,False,False,False,False,False,True,True,True,True,1.0,2.0,1.5,0.0,1.0,0.5,0.5,0.0,0.0
2017-07-01 22:00:00+00:00,3.2,0.0,0.16,0.0,0.7000000000000002,0.0,0.7000000000000001,0.7368421052631581,1.1102230246251563e-16,0.0,0.0,2.5,0.0,0.7000000000000001,0.4,0.007,0.0,0.1326315789473684,0.407,0.5396315789473685,0.0,1.1102230246251563e-16,0.0,0.407,deterministic,False,7.841283297129284,7.841283297129284,7.841283297129284,7.841283297129284,0.0398558999877423,3.108624468950439e-15,,0.0,False,deficit_discharge,sampled,2.5,42,deficit_discharge_48h,summer,0.0,True,2017-07-01 22:00:00+00:00,2017-07-01 22:00:00+00:00,0.0,0.0,0.0,0.0,0.0,0.0,0.0,0.0,0.0,False,1.0,7.841283297129284,7.841283297129284,0.0,False,29.0,0.0999999999999999,1.0,b27842eed451b8edba8a6e7149d25faf0defe860358526f01f13af7a5c48be3d,1.0,1.0,1.0,1e-09,True,True,False,False,False,False,False,False,True,True,True,True,1.0,2.0,1.5,0.0,1.0,0.5,0.5,0.0,0.0
2017-07-01 23:00:00+00:00,2.35,0.0,0.16,0.1499999999999998,0.0,0.1499999999999998,0.0,1.1102230246251563e-16,0.1424999999999999,0.0,0.0,2.5,0.0,0.1499999999999998,0.4,0.0014999999999999,0.0,-0.0256499999999999,0.4015,0.3758500000000001,0.0,0.0,8.326672684688674e-17,0.4015,deterministic,False,7.852142022891058,7.852142022891058,7.852142022891057,7.852142022891058,0.0377536999294534,8.881784197001252e-16,,0.0,False,deficit_discharge,sampled,2.5,42,deficit_discharge_48h,summer,0.0,True,2017-07-01 23:00:00+00:00,2017-07-01 23:00:00+00:00,0.0,0.0,0.0,0.0,0.0,0.0,0.0,0.0,0.0,False,1.0,7.852142022891058,7.852142022891057,0.0,False,29.0,0.0999999999999999,1.0,ecf91339097d51f61c97a29f0eefa01a96241550548895abd768361b3596d567,1.0,1.0,1.0,1e-09,True,True,False,False,False,False,False,False,True,True,True,True,1.0,2.0,1.5,0.0,1.0,0.5,0.5,0.0,0.0
2017-07-02 00:00:00+00:00,2.35,0.0,0.16,0.1499999999999999,0.0,0.1499999999999999,0.0,0.1424999999999999,0.2849999999999998,0.0,0.0,2.5,0.0,0.1499999999999999,0.4,0.0014999999999999,0.0,-0.0256499999999999,0.4015,0.37585,0.0,0.0,0.0,0.4015,deterministic,False,7.852142022891058,7.852142022891058,7.852142022891057,7.852142022891058,0.0388750999700278,8.881784197001252e-16,,0.0,False,deficit_discharge,sampled,2.5,42,deficit_discharge_48h,summer,0.0,True,2017-07-02 00:00:00+00:00,2017-07-02 00:00:00+00:00,0.0,0.0,0.0,0.0,0.0,0.0,0.0,0.0,0.0,False,1.0,7.852142022891058,7.852142022891057,0.0,False,29.0,0.0999999999999999,1.0,4a36d7c3a0daa8933cccc90d4ee3d3427353c5a4e05c6af96072d164dff961ea,1.0,1.0,1.0,1e-09,True,True,False,False,False,False,False,False,True,True,True,True,1.0,2.0,1.5,0.0,1.0,0.5,0.5,0.0,0.0
2017-07-02 01:00:00+00:00,2.35,0.0,0.16,0.1499999999999999,0.0,0.1499999999999999,0.0,0.2849999999999998,0.4274999999999997,0.0,0.0,2.5,0.0,0.1499999999999999,0.4,0.0014999999999999,0.0,-0.0256499999999999,0.4015,0.37585,0.0,0.0,0.0,0.4015,deterministic,False,7.811892022891057,7.811892022891057,7.811892022891057,7.811892022891057,0.0344638000242412,8.881784197001252e-16,,0.0,False,deficit_discharge,sampled,2.5,42,deficit_discharge_48h,summer,0.0,True,2017-07-02 01:00:00+00:00,2017-07-02 01:00:00+00:00,0.0,0.0,0.0,0.0,0.0,0.0,0.0,0.0,0.0,False,1.0,7.811892022891057,7.811892022891057,0.0,False,29.0,0.0999999999999999,1.0,592846cc1c7fd7bc38a4318e2e7f27019d37cbd1936581831142cd2cb1671367,1.0,1.0,1.0,1e-09,True,True,False,False,False,False,False,False,True,True,True,True,1.0,2.0,1.5,0.0,1.0,0.5,0.5,0.0,0.0
2017-07-02 02:00:00+00:00,2.35,0.0,0.16,0.1499999999999999,0.0,0.1499999999999999,0.0,0.4274999999999997,0.5699999999999996,0.0,0.0,2.5,0.0,0.1499999999999999,0.4,0.0014999999999999,0.0,-0.0256499999999999,0.4015,0.37585,0.0,0.0,0.0,0.4015,deterministic,False,7.771642022891057,7.771642022891057,7.771642022891057,7.771642022891057,0.0353956000180915,8.881784197001252e-16,,0.0,False,deficit_discharge,sampled,2.5,42,deficit_discharge_48h,summer,0.0,True,2017-07-02 02:00:00+00:00,2017-07-02 02:00:00+00:00,0.0,0.0,0.0,0.0,0.0,0.0,0.0,0.0,0.0,False,1.0,7.771642022891057,7.771642022891057,0.0,False,29.0,0.0999999999999999,1.0,fbdc0d8990188737da3b44c6d696413ade9d8dd59521093c59c249312a1a1ba8,1.0,1.0,1.0,1e-09,True,True,False,False,False,False,False,False,True,True,True,True,1.0,2.0,1.5,0.0,1.0,0.5,0.5,0.0,0.0
2017-07-02 03:00:00+00:00,2.35,0.0,0.16,0.1499999999999999,0.0,0.1499999999999999,0.0,0.5699999999999996,0.7124999999999995,0.0,0.0,2.5,0.0,0.1499999999999999,0.4,0.0014999999999999,0.0,-0.0256499999999999,0.4015,0.3758500000000001,0.0,0.0,0.0,0.4015,deterministic,False,7.7313920228910575,7.7313920228910575,7.7313920228910575,7.7313920228910575,0.0349727999418973,8.881784197001252e-16,,0.0,False,deficit_discharge,sampled,2.5,42,deficit_discharge_48h,summer,0.0,True,2017-07-02 03:00:00+00:00,2017-07-02 03:00:00+00:00,0.0,0.0,0.0,0.0,0.0,0.0,0.0,0.0,0.0,False,1.0,7.7313920228910575,7.7313920228910575,0.0,False,29.0,0.0999999999999999,1.0,732d3a57c263042e846b7e610f032b6b221daa121da1b299c645efedc30c865f,1.0,1.0,1.0,1e-09,True,True,False,False,False,False,False,False,True,True,True,True,1.0,2.0,1.5,0.0,1.0,0.5,0.5,0.0,0.0
2017-07-02 04:00:00+00:00,2.35,0.009765625,0.16,0.177078683035714,0.0,0.1597656249999999,0.0,0.7124999999999995,0.8642773437499993,0.009765625,0.0,2.5,0.0,0.1597656249999999,0.4,0.0015976562499999,0.0,-0.0273199218749999,0.40159765625,0.374277734375,0.0173130580357141,0.0,0.0,0.40159765625,deterministic,False,7.691142022891057,7.691142022891057,7.691142022891057,7.691142022891057,0.0386735999491065,8.881784197001252e-16,,0.0,False,deficit_discharge,sampled,2.5,42,deficit_discharge_48h,summer,0.0,True,2017-07-02 04:00:00+00:00,2017-07-02 04:00:00+00:00,0.0,0.0270786830357142,0.0270786830357142,0.0270786830357142,0.0270786830357142,0.0270786830357142,0.0270786830357142,0.0,0.0173130580357142,True,1.0,7.691142022891057,7.691142022891057,0.0,False,29.0,0.0999999999999999,1.0,fb58dbf7c0368c708b705753f83621d46893fad43963ef3b45643d73092a83d8,1.0,1.0,0.0,1e-09,False,False,False,False,True,False,True,False,False,False,False,False,1.0,1.0,1.0,0.0,0.5,0.25,0.5,0.0,0.0
2017-07-02 05:00:00+00:00,2.35,0.060546875,0.16,0.2716750372023808,0.0,0.2105468749999999,0.0,0.8642773437499993,1.0642968749999993,0.060546875,0.0,2.5,0.0,0.2105468749999999,0.4,0.0021054687499999,0.0,-0.0360035156249999,0.40210546875,0.366101953125,0.0611281622023809,0.0,0.0,0.40210546875,deterministic,False,7.650625291120225,7.650625291120225,7.650625291120225,7.650625291120225,0.0323933999752625,8.881784197001252e-16,,0.0,False,deficit_discharge,sampled,2.5,42,deficit_discharge_48h,summer,0.0,True,2017-07-02 05:00:00+00:00,2017-07-02 05:00:00+00:00,0.0,0.1216750372023809,0.1216750372023809,0.1216750372023809,0.1216750372023809,0.1216750372023809,0.1216750372023809,0.0,0.0611281622023809,True,1.0,7.650625291120225,7.650625291120225,0.0,False,29.0,0.0999999999999999,1.0,84038cef7653df9f13eb78a0228ded863fb99857155941241c872940714a0291,1.0,1.0,0.0,1e-09,False,False,False,False,True,False,True,False,False,False,False,False,1.0,1.0,1.0,0.0,0.5,0.25,0.5,0.0,0.0
2017-07-02 06:00:00+00:00,2.8000000000000003,0.1396484375,0.16,0.0,0.010811941964286,0.0,0.1603515625000002,1.0642968749999993,0.8955057565789464,0.1396484375,0.0,2.5,0.0,0.1603515625000002,0.4,0.001603515625,0.0,0.0303824013157895,0.401603515625,0.4319859169407895,0.0,0.0,0.0,0.401603515625,deterministic,False,7.610149216901474,7.610149216901474,7.610149216901474,7.610149216901474,0.0356603000545874,4.440892098500626e-16,,0.1495396205357142,False,deficit_discharge,sampled,2.5,42,deficit_discharge_48h,summer,0.0,True,2017-07-02 06:00:00+00:00,2017-07-02 06:00:00+00:00,0.0,0.2891880580357142,0.2891880580357142,0.2891880580357142,0.2891880580357142,0.2891880580357142,0.2891880580357142,0.0,0.1495396205357142,True,1.0,7.610149216901474,7.610149216901474,0.0,False,29.0,0.0999999999999999,1.0,b11ccaa70e71c6fec8c6b51cdfae5e48114499e801baf59b8efae4ffc9140f28,1.0,1.0,0.0,1e-09,False,False,False,False,True,False,True,False,False,False,False,False,1.0,1.0,1.0,0.0,0.5,0.25,0.5,0.0,0.0
2017-07-02 07:00:00+00:00,2.8000000000000003,0.4599609375,0.16,0.4544212704613093,0.0,0.1599609374999997,0.0,0.8955057565789464,1.047468647203946,0.4599609375,0.0,2.5,0.0,0.1599609374999997,0.4,0.0015996093749999,0.0,-0.0273533203124999,0.401599609375,0.3742462890625,0.2944603329613096,0.0,0.0,0.401599609375,deterministic,False,7.570253165158736,7.570253165158736,7.570253165158735,7.570253165158736,0.0317007999401539,8.881784197001252e-16,,0.0,False,deficit_discharge,sampled,2.5,42,deficit_discharge_48h,summer,0.0,True,2017-07-02 07:00:00+00:00,2017-07-02 07:00:00+00:00,0.0,0.7544212704613096,0.7544212704613096,0.7544212704613096,0.7544212704613096,0.7544212704613096,0.7544212704613096,0.0,0.2944603329613096,True,1.0,7.570253165158736,7.570253165158735,0.0,False,29.0,0.0999999999999999,1.0,be077f88a08acd9a3e833867cd78b136b805b894477536534d6795f15a110160,1.0,1.0,0.0,1e-09,False,False,False,False,True,False,True,False,False,False,False,False,1.0,1.0,1.0,0.0,0.5,0.25,0.5,0.0,0.0
2017-07-02 08:00:00+00:00,2.8000000000000003,0.560546875,0.175,0.0,0.0,0.0,0.0,1.047468647203946,1.047468647203946,0.560546875,0.0,2.2394531250000003,0.0,0.0,0.391904296875,0.0,0.0,-0.0,0.391904296875,0.391904296875,0.0,0.0,0.0,0.391904296875,deterministic,False,7.529566039507694,7.529566039507694,7.529566039507694,7.529566039507694,0.0337447999045252,8.881784197001252e-16,,0.0,False,deficit_discharge,sampled,2.5,42,deficit_discharge_48h,summer,0.0,True,2017-07-02 08:00:00+00:00,2017-07-02 08:00:00+00:00,0.0,1.3694382440476192,1.3694382440476192,1.3694382440476192,1.3694382440476192,1.3694382440476192,1.3694382440476192,0.0,0.8088913690476192,True,1.0,7.529566039507694,7.529566039507694,0.0,False,29.0,0.0999999999999999,1.0,87d324bce8febe81070778e2788c19a14c49ecc40d60e7b3880f07f04ea66714,1.0,1.0,0.0,1e-09,False,False,False,False,True,False,True,False,False,False,False,False,1.0,1.0,1.0,0.0,0.5,0.25,0.5,0.0,0.0
2017-07-02 09:00:00+00:00,2.35,0.3095703125,0.175,0.0,0.0,0.0,0.0,1.047468647203946,1.047468647203946,0.3095703125,0.0,2.0404296875,0.0,0.0,0.3570751953125,0.0,0.0,-0.0,0.3570751953125,0.3570751953125,0.0,0.0,0.0,0.3570751953125,deterministic,False,7.476614623492068,7.476614623492068,7.476614623492069,7.476614623492068,0.0342768999980762,8.881784197001252e-16,,0.0,False,deficit_discharge,sampled,2.5,42,deficit_discharge_48h,summer,0.0,True,2017-07-02 09:00:00+00:00,2017-07-02 09:00:00+00:00,0.0,1.9163190569196429,1.9163190569196429,1.9163190569196429,1.9163190569196429,1.9163190569196429,1.9163190569196429,0.0,1.6067487444196429,True,1.0,7.476614623492068,7.476614623492069,0.0,False,29.0,0.0999999999999999,1.0,7a75d4a3cabeab532beae254477ebe21d3e81b36f24afc4a49270fd2355d5e6f,1.0,1.0,0.0,1e-09,False,False,False,False,True,False,True,False,False,False,False,False,1.0,1.0,1.0,0.0,0.5,0.25,0.5,0.0,0.0
2017-07-02 10:00:00+00:00,2.35,0.4951171875,0.175,0.0,0.0,0.0,0.0,1.047468647203946,1.047468647203946,0.4951171875,0.0,1.8548828125,0.0,0.0,0.3246044921875,0.0,0.0,-0.0,0.3246044921875,0.3246044921875,0.0,0.0,0.0,0.3246044921875,deterministic,False,7.427452839637902,7.427452839637902,7.427452839637902,7.427452839637902,0.0346029000356793,8.881784197001252e-16,,0.0,False,deficit_discharge,sampled,2.5,42,deficit_discharge_48h,summer,0.0,True,2017-07-02 10:00:00+00:00,2017-07-02 10:00:00+00:00,0.0,2.252942475818452,2.252942475818452,2.252942475818452,2.252942475818452,2.252942475818452,2.252942475818452,0.0,1.7578252883184522,True,1.0,7.427452839637902,7.427452839637902,0.0,False,29.0,0.0999999999999999,1.0,ee58a3acb557c2d51b55480bf1ad7f8415cda48a1f4b9e5b6aea0c6db583d284,1.0,1.0,0.0,1e-09,False,False,False,False,True,False,True,False,False,False,False,False,1.0,1.0,1.0,0.0,0.5,0.25,0.5,0.0,0.0
2017-07-02 11:00:00+00:00,2.35,0.5947265625,0.175,0.0918387276785712,0.0,0.0918387276785712,0.0,1.047468647203946,1.1347154384985887,0.5947265625,0.0,1.847112165178572,0.0,0.0918387276785712,0.3232446289062499,0.0009183872767857,0.0,-0.0157044224330356,0.3241630161830356,0.30845859375,0.0,0.0,0.0,0.3241630161830356,deterministic,False,7.386546345497278,7.386546345497278,7.386546345497279,7.386546345497278,0.033923799986951,1.3322676295501878e-15,,0.0,False,deficit_discharge,sampled,2.5,42,deficit_discharge_48h,summer,0.0,True,2017-07-02 11:00:00+00:00,2017-07-02 11:00:00+00:00,0.0,2.441838727678572,2.441838727678572,2.441838727678572,2.441838727678572,2.441838727678572,2.441838727678572,0.0,1.847112165178572,True,1.0,7.386546345497278,7.386546345497279,0.0,False,29.0,0.0999999999999999,1.0,a9a7502449f4cf99fb10afca3b6c4fa0875242f69c76f92f10f3074f027c3ecd,1.0,1.0,0.0,1e-09,False,False,False,False,True,False,True,False,False,False,False,False,1.0,1.0,1.0,0.0,0.5,0.25,0.5,0.0,0.0
2017-07-02 12:00:00+00:00,2.35,0.515625,0.175,0.1854236421130952,0.0,0.1854236421130952,0.0,1.1347154384985887,1.3108678985060291,0.515625,0.0,2.019798642113096,0.0,0.1854236421130952,0.3534647623697917,0.0018542364211309,0.0,-0.0317074428013392,0.3553189987909226,0.3236115559895833,0.0,0.0,0.0,0.3553189987909226,deterministic,False,7.353987344846237,7.353987344846237,7.353987344846237,7.353987344846237,0.0327124999603256,1.3322676295501878e-15,,0.0,False,deficit_discharge,sampled,2.5,42,deficit_discharge_48h,summer,0.0,True,2017-07-02 12:00:00+00:00,2017-07-02 12:00:00+00:00,0.0,2.535423642113096,2.535423642113096,2.535423642113096,2.535423642113096,2.535423642113096,2.535423642113096,0.0,2.019798642113096,True,1.0,7.353987344846237,7.353987344846237,0.0,False,29.0,0.0999999999999999,1.0,7c2aa590ac90eb9b216f99bddeec0058f77355d3342c6851bd6cd5dc3a01763c,1.0,1.0,0.0,1e-09,False,False,False,False,True,False,True,False,False,False,False,False,1.0,1.0,1.0,0.0,0.5,0.25,0.5,0.0,0.0
2017-07-02 13:00:00+00:00,2.35,0.5947265625,0.175,1.947826336889719,0.0,0.7447265624999999,0.0,1.3108678985060291,2.018358132881029,0.5947265625,0.0,2.5,0.0,0.7447265624999999,0.4375,0.0074472656249999,0.0,-0.1273482421874999,0.444947265625,0.3175990234375,1.2030997743897192,0.0,0.0,0.444947265625,deterministic,False,7.3205767003149855,7.3205767003149855,7.3205767003149855,7.3205767003149855,0.0366990000475198,4.440892098500626e-16,,0.0,False,deficit_discharge,sampled,2.5,42,deficit_discharge_48h,summer,0.0,True,2017-07-02 13:00:00+00:00,2017-07-02 13:00:00+00:00,0.0,2.4962483723958333,2.4962483723958333,2.4962483723958333,2.4962483723958333,2.4962483723958333,2.4962483723958333,0.0,1.9015218098958333,True,1.0,7.3205767003149855,7.3205767003149855,0.0,False,29.0,0.0999999999999999,1.0,1f442d0c1cdb322448bc99fcf70fd7d7d93604aaeec834b8292b68196c73261b,1.0,1.0,0.0,1e-09,False,False,False,False,True,False,True,False,False,False,False,False,1.0,1.0,1.0,0.0,0.5,0.25,0.5,0.0,0.0
2017-07-02 14:00:00+00:00,2.35,0.2646484375,0.175,1.2030997743897194,0.0,0.4146484374999999,0.0,2.018358132881029,2.412274148506029,0.2646484375,0.0,2.5,0.0,0.4146484374999999,0.4375,0.0041464843749999,0.0,-0.0709048828124999,0.441646484375,0.3707416015625,0.7884513368897195,0.0,0.0,0.441646484375,deterministic,False,7.291518969195194,7.291518969195194,7.291518969195195,7.291518969195194,0.0398823999566957,1.3322676295501878e-15,,0.0,False,deficit_discharge,sampled,2.5,42,deficit_discharge_48h,summer,0.0,True,2017-07-02 14:00:00+00:00,2017-07-02 14:00:00+00:00,0.0,1.8586449032738093,1.8586449032738093,1.8586449032738093,1.8586449032738093,1.8586449032738093,1.8586449032738093,0.0,1.5939964657738095,True,1.0,7.291518969195194,7.291518969195195,0.0,False,29.0,0.0999999999999999,1.0,41daafa32ad85c9d29ca1e105bcc52240c9003d4ca824b11980b139182395807,1.0,1.0,0.0,1e-09,False,False,False,False,True,False,True,False,False,False,False,False,1.0,1.0,1.0,0.0,0.5,0.25,0.5,0.0,0.0
2017-07-02 15:00:00+00:00,2.35,0.46484375,0.175,0.788451336889719,0.0,0.6148437499999999,0.0,2.412274148506029,2.9963757110060287,0.46484375,0.0,2.5,0.0,0.6148437499999999,0.4375,0.0061484374999999,0.0,-0.1051382812499999,0.4436484375,0.33851015625,0.1736075868897191,0.0,0.0,0.4436484375,deterministic,False,7.260661970497278,7.260661970497278,7.260661970497278,7.260661970497278,0.0409080000827088,1.3322676295501878e-15,,0.0,False,deficit_discharge,sampled,2.5,42,deficit_discharge_48h,summer,0.0,True,2017-07-02 15:00:00+00:00,2017-07-02 15:00:00+00:00,0.0,1.301870582217262,1.301870582217262,1.301870582217262,1.301870582217262,1.301870582217262,1.301870582217262,0.0,0.837026832217262,True,1.0,7.260661970497278,7.260661970497278,0.0,False,29.0,0.0999999999999999,1.0,c5ee8a8f4a6f221ab7c1937aabc108f79dac5612268a2c4040b2369b30d0abba,1.0,1.0,0.0,1e-09,False,False,False,False,True,False,True,False,False,False,False,False,1.0,1.0,1.0,0.0,0.5,0.25,0.5,0.0,0.0
2017-07-02 16:00:00+00:00,2.35,0.23046875,0.175,0.9169910249255953,0.0,0.3804687499999999,0.0,2.9963757110060287,3.3578210235060286,0.23046875,0.0,2.5,0.0,0.3804687499999999,0.4375,0.0038046874999999,0.0,-0.0650601562499999,0.4413046875,0.37624453125,0.5365222749255953,0.0,0.0,0.4413046875,deterministic,False,8.762308544583837,8.762308544583837,8.762308544583837,8.762308544583837,0.0390591999748721,1.9984014443252818e-15,,0.0,False,deficit_discharge,sampled,2.5,42,deficit_discharge_48h,summer,0.0,True,2017-07-02 16:00:00+00:00,2017-07-02 16:00:00+00:00,0.0,0.7669910249255952,0.7669910249255952,0.7669910249255952,0.7669910249255952,0.7669910249255952,0.7669910249255952,0.0,0.5365222749255952,True,1.0,8.762308544583837,8.762308544583837,0.0,False,29.0,0.0999999999999999,1.0,cfb29a5d47665d635638a7f641030e9038d9605dd2fe241c37c4427b8f2b8b47,1.0,1.0,0.0,1e-09,False,False,False,False,True,False,True,False,False,False,False,False,1.0,1.0,1.0,0.0,0.5,0.25,0.5,0.0,0.0
2017-07-02 17:00:00+00:00,3.2,0.1044921875,0.2,0.0,0.3725074404761908,0.0,0.5955078125000002,3.3578210235060286,2.73097069455866,0.1044921875,0.0,2.5,0.0,0.5955078125000002,0.5,0.005955078125,0.0,0.1128330592105263,0.505955078125,0.6187881373355263,0.0,0.0,0.0,0.505955078125,deterministic,False,13.47239546053552,13.47239546053552,13.47239546053552,13.47239546053552,0.0371092999121174,1.9984014443252818e-15,,0.2230003720238094,False,deficit_discharge,sampled,2.5,42,deficit_discharge_48h,summer,0.0,True,2017-07-02 17:00:00+00:00,2017-07-02 17:00:00+00:00,0.0,0.3274925595238095,0.3274925595238095,0.3274925595238095,0.3274925595238095,0.3274925595238095,0.3274925595238095,0.0,0.2230003720238095,True,1.0,13.47239546053552,13.47239546053552,0.0,False,29.0,0.0999999999999999,1.0,6e71f48cbac9d09ff6b894c2b91c6100f0474daf73eb00f4b553212302efbedb,1.0,1.0,0.0,1e-09,False,False,False,False,True,False,True,False,False,False,False,False,1.0,1.0,1.0,0.0,0.5,0.25,0.5,0.0,0.0
2017-07-02 18:00:00+00:00,3.2,0.015625,0.2,0.0,0.6583147321428573,0.0,0.6843750000000002,2.73097069455866,2.0105759577165543,0.015625,0.0,2.5,0.0,0.6843750000000002,0.5,0.00684375,0.0,0.129671052631579,0.50684375,0.636514802631579,0.0,0.0,0.0,0.50684375,deterministic,False,15.619209410694124,15.619209410694124,15.619209410694122,15.619209410694124,0.0385157000273466,1.9984014443252818e-15,,0.0260602678571428,False,deficit_discharge,sampled,2.5,42,deficit_discharge_48h,summer,0.0,True,2017-07-02 18:00:00+00:00,2017-07-02 18:00:00+00:00,0.0,0.0416852678571428,0.0416852678571428,0.0416852678571428,0.0416852678571428,0.0416852678571428,0.0416852678571428,0.0,0.0260602678571428,True,1.0,15.619209410694124,15.619209410694122,0.0,False,29.0,0.0999999999999999,1.0,cc7eb7d1d6dad3a653615d8d3d983acb4a9882f9186263e20d02baad9edb4c9e,1.0,1.0,0.0,1e-09,False,False,False,False,True,False,True,False,False,False,False,False,1.0,1.0,1.0,0.0,0.5,0.25,0.5,0.0,0.0
2017-07-02 19:00:00+00:00,3.2,0.0,0.2,0.0,0.7000000000000002,0.0,0.7000000000000002,2.0105759577165543,1.2737338524533963,0.0,0.0,2.5,0.0,0.7000000000000002,0.5,0.007,0.0,0.1326315789473684,0.507,0.6396315789473684,0.0,0.0,0.0,0.507,deterministic,False,15.827071612743136,15.827071612743136,15.827071612743136,15.827071612743136,0.0355395000660792,1.9984014443252818e-15,,0.0,False,deficit_discharge,sampled,2.5,42,deficit_discharge_48h,summer,0.0,True,2017-07-02 19:00:00+00:00,2017-07-02 19:00:00+00:00,0.0,0.0,0.0,0.0,0.0,0.0,0.0,0.0,0.0,False,1.0,15.827071612743136,15.827071612743136,0.0,False,29.0,0.0999999999999999,1.0,e7516804025fe5b3bd2d59dfb79ac5c5596e13671a696df659613e89f627ff10,1.0,1.0,1.0,1e-09,True,True,False,False,False,False,False,False,True,True,True,True,1.0,2.0,1.5,0.0,1.0,0.5,0.5,0.0,0.0
2017-07-02 20:00:00+00:00,3.2,0.0,0.2,0.0,0.7000000000000002,0.0,0.7000000000000002,1.2737338524533963,0.5368917471902382,0.0,0.0,2.5,0.0,0.7000000000000002,0.5,0.007,0.0,0.1326315789473684,0.507,0.6396315789473684,0.0,0.0,0.0,0.507,deterministic,False,15.7781561796291,15.7781561796291,15.7781561796291,15.7781561796291,0.0842080999864265,1.9984014443252818e-15,,0.0,False,deficit_discharge,sampled,2.5,42,deficit_discharge_48h,summer,0.0,True,2017-07-02 20:00:00+00:00,2017-07-02 20:00:00+00:00,0.0,0.0,0.0,0.0,0.0,0.0,0.0,0.0,0.0,False,1.0,15.7781561796291,15.7781561796291,0.0,False,29.0,0.0999999999999999,1.0,ff32e9b60bcbfdba92ba84bcdc8560870d48245dcbee93b93da86c69a1f7ad37,1.0,1.0,1.0,1e-09,True,True,False,False,False,False,False,False,True,True,True,True,1.0,2.0,1.5,0.0,1.0,0.5,0.5,0.0,0.0
2017-07-02 21:00:00+00:00,3.2,0.0,0.2,0.0,0.5100471598307261,0.0,0.5100471598307262,0.5368917471902382,1.1102230246251563e-16,0.0,0.0,2.5,0.189952840169274,0.5100471598307262,0.5,0.0051004715983072,1.8995284016927405,0.0966405144942428,2.404628873291048,2.5012693877852907,0.0,0.0,0.0,0.5051004715983073,deterministic,False,15.728524600681734,15.728524600681734,15.728524600681734,15.728524600681734,0.0392496000276878,1.9984014443252818e-15,,1.1102230246251563e-16,False,deficit_discharge,sampled,2.5,42,deficit_discharge_48h,summer,0.0,True,2017-07-02 21:00:00+00:00,2017-07-02 21:00:00+00:00,0.0,0.0,0.0,0.0,0.0,0.0,0.0,0.0,0.0,False,1.0,15.728524600681734,15.728524600681734,0.0,False,29.0,0.0999999999999999,1.0,154542c70b589b37c2414f4635766fd4233f28deddb13554bf9237d524f89c90,1.0,1.0,1.0,1e-09,True,True,False,False,False,False,False,False,True,True,True,True,1.0,2.0,1.5,0.0,1.0,0.5,0.5,0.0,0.0
2017-07-02 22:00:00+00:00,3.2,0.0,0.16,0.0,0.0,0.0,1.0547118733938983e-16,1.1102230246251563e-16,1.232595164407831e-32,0.0,0.0,2.5,0.7000000000000002,1.0547118733938983e-16,0.4,1.0547118733938985e-18,7.000000000000002,1.9984014443252814e-17,7.400000000000002,7.400000000000002,0.0,0.0,0.0,0.4,deterministic,False,13.817255212896445,13.817255212896445,13.817255212896445,13.817255212896445,0.0414716000668704,1.9984014443252818e-15,,1.0547118733938983e-16,False,deficit_discharge,sampled,2.5,42,deficit_discharge_48h,summer,0.0,True,2017-07-02 22:00:00+00:00,2017-07-02 22:00:00+00:00,0.0,0.0,0.0,0.0,0.0,0.0,0.0,0.0,0.0,False,1.0,13.817255212896445,13.817255212896445,0.0,False,29.0,0.0999999999999999,1.0,72313fc7f640d0e49b17dc4aa18a5abda5ef8085350a66dd964e85be8d701f34,1.0,1.0,1.0,1e-09,True,True,False,False,False,False,False,False,True,True,True,True,1.0,2.0,1.5,0.0,1.0,0.5,0.5,0.0,0.0
2017-07-02 23:00:00+00:00,2.35,0.0,0.16,0.1499999999999999,0.0,0.1499999999999999,0.0,1.232595164407831e-32,0.1424999999999999,0.0,0.0,2.5,0.0,0.1499999999999999,0.4,0.0014999999999999,0.0,-0.0256499999999999,0.4015,0.37585,2.775557561562892e-17,0.0,0.0,0.4015,deterministic,False,6.907255212896439,6.907255212896439,6.907255212896439,6.907255212896439,0.0384644999867305,4.440892098500626e-16,,0.0,False,deficit_discharge,sampled,2.5,42,deficit_discharge_48h,summer,0.0,True,2017-07-02 23:00:00+00:00,2017-07-02 23:00:00+00:00,0.0,0.0,0.0,0.0,0.0,0.0,0.0,0.0,0.0,False,1.0,6.907255212896439,6.907255212896439,0.0,False,29.0,0.0999999999999999,1.0,35c7f25336e3c5006df94a34d06a5c7e06efd2bd3dfa02ded8b3cfbbf8c8d115,1.0,1.0,1.0,1e-09,True,True,False,False,False,False,False,False,True,True,True,True,1.0,2.0,1.5,0.0,1.0,0.5,0.5,0.0,0.0
2017-07-01 00:00:00+00:00,2.35,0.0,0.16,0.1499999999999999,0.0,0.1499999999999999,0.0,4.0,4.1425,0.0,0.0,2.5,0.0,0.1499999999999999,0.4,0.0014999999999999,0.0,-0.02565,0.4015,0.37585,0.0,0.0,0.0,0.4015,stochastic,False,7.947273421282085,9.972298007463728,9.972298007463726,7.947273421282085,0.1987750000553205,1.7763568394002505e-15,,0.0,False,deficit_discharge,sampled,2.5,42,deficit_discharge_48h,summer,0.0,True,2017-07-01 00:00:00+00:00,2017-07-01 00:00:00+00:00,0.0,0.0,0.0,0.0,0.0,0.0,0.0,0.0,0.0,False,12.0,7.947273421282085,9.972298007463726,0.0,False,29.0,1.1999999999999995,7.0,2502d7a7d15f8c18634b473e01d4fc9aa1422f4748e87ad427917d061316b9a1,12.0,1.0,12.0,1e-09,True,True,False,False,False,False,False,False,True,True,True,True,1.0,13.0,7.0,0.0,1.0,0.5,0.0769230769230769,0.6923076923076923,0.8461538461538461
2017-07-01 01:00:00+00:00,2.35,0.0,0.16,0.0,0.0,0.0,0.0,4.1425,4.1425,0.0,0.0,2.35,0.0,0.0,0.376,0.0,0.0,-0.0,0.376,0.376,0.0,0.0,0.0,0.376,stochastic,False,7.833645083774958,9.556108512137277,9.705273720935638,7.833645083774958,0.179719700012356,1.0658141036401504e-14,,0.0,False,deficit_discharge,sampled,2.5,42,deficit_discharge_48h,summer,0.0,True,2017-07-01 01:00:00+00:00,2017-07-01 01:00:00+00:00,0.0,0.0,0.0,0.0,0.0,0.0,0.0,0.0,0.0,False,12.0,7.833645083774958,9.705273720935638,0.0,False,29.0,1.1999999999999995,10.0,e923dbec04629f7b9ddc7d1d268344e457b8dd1cc6ae717488f67da08da42132,12.0,1.0,12.0,1e-09,True,True,False,False,False,False,False,False,True,True,True,True,1.0,13.0,7.0,0.0,1.0,0.5,0.0769230769230769,0.6923076923076923,0.8461538461538461
2017-07-01 02:00:00+00:00,2.35,0.0,0.16,0.0,0.0,0.0,0.0,4.1425,4.1425,0.0,0.0,2.35,0.0,0.0,0.376,0.0,0.0,-0.0,0.376,0.376,0.0,0.0,0.0,0.376,stochastic,False,7.787373443923266,9.80416902921108,10.24193709196859,7.787373443923266,0.2994858999736607,8.881784197001252e-16,,0.0,False,deficit_discharge,sampled,2.5,42,deficit_discharge_48h,summer,0.0,True,2017-07-01 02:00:00+00:00,2017-07-01 02:00:00+00:00,0.0,0.0,0.0,0.0,0.0,0.0,0.0,0.0,0.0,False,12.0,7.787373443923266,10.24193709196859,0.0,False,29.0,1.1999999999999995,10.0,79437d8d30084319e918d3781e99c3a3e5aa48cc930c077ac86ea06ee57c8c00,12.0,1.0,12.0,1e-09,True,True,False,False,False,False,False,False,True,True,True,True,1.0,13.0,7.0,0.0,1.0,0.5,0.0769230769230769,0.6923076923076923,0.8461538461538461
2017-07-01 03:00:00+00:00,2.35,0.0,0.16,0.0,0.0,0.0,0.0,4.1425,4.1425,0.0,0.0,2.35,0.0,0.0,0.376,0.0,0.0,-0.0,0.376,0.376,0.0,0.0,0.0,0.376,stochastic,False,7.824382916329368,8.900457127511162,9.446952031366258,7.824382916329368,0.2559380000457167,4.329869796038111e-14,,0.0,False,deficit_discharge,sampled,2.5,42,deficit_discharge_48h,summer,0.0,True,2017-07-01 03:00:00+00:00,2017-07-01 03:00:00+00:00,0.0,0.0,0.0003778366815476,0.0,0.0045340401785714,0.0,0.0,0.0012531425047264,0.0,False,12.0,7.824382916329368,9.446952031366258,0.0,False,29.0,1.1999999999999995,11.0,140da52e87b13ef6d10c4b4aca54b66aacf97f47b36a00dd140bd26fa06a498b,12.0,2.0,11.0,1e-09,True,True,False,False,False,False,False,False,True,False,True,True,1.0,12.0,6.5,0.0,0.9230769230769232,0.4615384615384615,0.0769230769230769,0.6923076923076923,0.8461538461538461
2017-07-01 04:00:00+00:00,2.35,0.10546875,0.16,0.0,0.0,0.0,0.0,4.1425,4.1425,0.10546875,0.0,2.24453125,0.0,0.0,0.359125,0.0,0.0,-0.0,0.359125,0.359125,0.0,0.0,0.0,0.359125,stochastic,False,8.40763404577157,9.973004436924962,10.270199363580684,8.40763404577157,0.2273718999931588,4.329869796038111e-14,,0.0,False,deficit_discharge,sampled,2.5,42,deficit_discharge_48h,summer,0.0,True,2017-07-01 04:00:00+00:00,2017-07-01 04:00:00+00:00,0.0,0.0220563616071428,0.02490234375,0.0,0.0740094866071428,0.0032784598214285,0.0656389508928571,0.0239419264353573,-0.0834123883928571,True,12.0,8.40763404577157,10.270199363580684,0.0,False,29.0,1.1999999999999995,11.0,7df11af357df1f5e9a4e5ad12a8a42b8c6f762810e987b48c16327172be533ab,12.0,11.0,0.0,1e-09,False,False,False,False,False,True,False,True,False,False,False,False,13.0,13.0,13.0,0.9230769230769232,1.0,0.9615384615384616,0.0769230769230769,0.6923076923076923,0.8461538461538461
2017-07-01 05:00:00+00:00,2.35,0.25,0.16,0.1280130836960839,0.0,0.1280130836960839,0.0,4.1425,4.26411242951128,0.25,0.0,2.228013083696084,0.0,0.1280130836960839,0.3564820933913734,0.0012801308369608,0.0,-0.0218902373120303,0.3577622242283342,0.3358719869163039,0.0,0.0,8.326672684688674e-17,0.3577622242283342,stochastic,False,8.199927318696417,10.256684238737265,10.313926980397731,8.199927318696417,0.28257839998696,2.5979218776228663e-14,,0.0,False,deficit_discharge,sampled,2.5,42,deficit_discharge_48h,summer,0.0,True,2017-07-01 05:00:00+00:00,2017-07-01 05:00:00+00:00,0.0,0.1059105282738095,0.1257672991071428,0.0170200892857142,0.2432338169642857,0.0230887276785714,0.2432338169642857,0.0921826556954103,-0.1440894717261904,True,12.0,8.199927318696417,10.313926980397731,0.0,False,29.0,1.1999999999999995,11.0,af5a0cfc21ad591e303a0202602b34d8e91f21b3cb7685762eb011839e0679f4,12.0,11.0,0.0,1e-09,False,False,False,False,False,True,False,True,False,False,False,False,13.0,13.0,13.0,0.9230769230769232,1.0,0.9615384615384616,0.0769230769230769,0.6923076923076923,0.8461538461538461
2017-07-01 06:00:00+00:00,2.8000000000000003,0.3798828125,0.16,0.0,0.2677036830357147,0.0,0.2677036830357147,4.26411242951128,3.9823190789473695,0.3798828125,0.0,2.1524135044642856,0.0,0.2677036830357147,0.3443861607142857,0.0026770368303571,0.0,0.0507228031015038,0.3470631975446428,0.3977860006461466,0.0,0.0,0.0,0.3470631975446428,stochastic,False,7.688422292653126,9.733358083872565,10.152796776579438,7.688422292653126,0.2833787000272423,8.881784197001252e-16,,0.0,False,deficit_discharge,sampled,2.5,42,deficit_discharge_48h,summer,0.0,True,2017-07-01 06:00:00+00:00,2017-07-01 06:00:00+00:00,0.0,0.2635184151785714,0.2595738002232143,0.0322963169642857,0.4582170758928572,0.091796875,0.4582170758928572,0.129565010679347,-0.1163643973214285,True,12.0,7.688422292653126,10.152796776579438,0.0,False,29.0,1.1999999999999995,11.0,31f5ac00103dd068fd25ce5b2be069f06ad57b0ada40b26e1aa4a1efb8deb373,12.0,11.0,0.0,1e-09,True,True,True,True,False,False,False,False,False,False,False,False,11.0,11.0,11.0,0.7692307692307693,0.8461538461538461,0.8076923076923077,0.0769230769230769,0.6923076923076923,0.8461538461538461
2017-07-01 07:00:00+00:00,2.8000000000000003,1.0400390625,0.16,0.0,0.032212611607143,0.0,0.032212611607143,3.9823190789473695,3.948411066729324,1.0400390625,0.0,1.7277483258928572,0.0,0.032212611607143,0.2764397321428571,0.0003221261160714,0.0,0.0061034421992481,0.2767618582589286,0.2828653004581767,0.0,0.0,0.0,0.2767618582589286,stochastic,False,7.576221275780706,9.714074340456406,9.714074340456406,7.576221275780706,0.2951861000619828,8.881784197001252e-16,,0.0,False,deficit_discharge,sampled,2.5,42,deficit_discharge_48h,summer,0.0,True,2017-07-01 07:00:00+00:00,2017-07-01 07:00:00+00:00,0.0,0.680830310639881,0.7401820591517859,0.2677873883928572,0.9568219866071428,0.2677873883928572,0.9568219866071428,0.2410700007889194,-0.359208751860119,True,12.0,7.576221275780706,9.714074340456406,0.0,False,29.0,1.1999999999999995,9.0,f4d1152f03a1a75f93be2240ef2208bf7ac34681cac03a576284510a966dfe95,12.0,9.0,0.0,1e-09,False,False,False,False,False,True,False,True,False,False,False,False,13.0,13.0,13.0,0.9230769230769232,1.0,0.9615384615384616,0.0769230769230769,0.6923076923076923,0.8461538461538461
2017-07-01 08:00:00+00:00,2.8000000000000003,1.349609375,0.175,0.0,0.5516652832031251,0.0,0.5516652832031251,3.948411066729324,3.3677107686207712,1.349609375,0.0,0.898725341796875,0.0,0.5516652832031251,0.1572769348144531,0.0055166528320312,0.0,0.1045260536595394,0.1627935876464843,0.2673196413060238,0.0,0.0,0.0,0.1627935876464843,stochastic,False,7.426022945696383,8.263150093675966,8.85132688385457,7.426022945696383,0.3020291000138968,6.661338147750939e-15,,0.0,False,deficit_discharge,sampled,2.5,42,deficit_discharge_48h,summer,0.0,True,2017-07-01 08:00:00+00:00,2017-07-01 08:00:00+00:00,0.0,1.2855236235119047,1.4206310453869044,0.2047293526785714,1.9150390625,0.8849051339285714,1.7132393973214284,0.4422847516547554,-0.0640857514880952,True,12.0,7.426022945696383,8.85132688385457,0.0,False,29.0,1.1999999999999995,10.0,3b38f1df6b854f975add46af09a750c10e070b3b9451244f90a77594c5ea11ed,12.0,10.0,0.0,1e-09,True,True,True,True,False,False,False,False,False,False,False,False,4.0,4.0,4.0,0.2307692307692307,0.3076923076923077,0.2692307692307693,0.0769230769230769,0.6923076923076923,0.8461538461538461
2017-07-01 09:00:00+00:00,2.35,2.46484375,0.175,0.0,0.0,0.0,0.0,3.3677107686207712,3.3677107686207712,2.35,0.1148437499999999,0.0,0.0,0.0,0.0,0.0,0.0,-0.0,0.0,0.0,0.0,0.0,0.0,0.0,stochastic,False,8.126378495601402,9.68470583736016,9.855091489209295,8.126378495601402,0.3105968999443576,1.3322676295501878e-15,,0.0,False,deficit_discharge,sampled,2.5,42,deficit_discharge_48h,summer,0.0,True,2017-07-01 09:00:00+00:00,2017-07-01 09:00:00+00:00,0.0,1.7745779854910713,1.5163399832589282,0.1629464285714283,2.3748604910714284,0.7170758928571428,2.260184151785714,0.7106312887727518,-0.6902657645089287,True,12.0,8.126378495601402,9.855091489209295,0.0,False,29.0,1.1999999999999995,9.0,3aeddc829e8d5d8dd7d0ba323254a6d38c04c4f5fbea980ec32e75b712292b1a,12.0,9.0,0.0,1e-09,False,False,False,False,False,True,False,True,False,False,False,False,13.0,13.0,13.0,0.9230769230769232,1.0,0.9615384615384616,0.0769230769230769,0.6923076923076923,0.8461538461538461
2017-07-01 10:00:00+00:00,2.35,2.25,0.175,0.993819754464286,0.0,0.993819754464286,0.0,3.3677107686207712,4.311839535361843,2.25,0.0,1.093819754464286,0.0,0.993819754464286,0.19141845703125,0.0099381975446428,0.0,-0.1699431780133928,0.2013566545758929,0.0314134765625,0.0,0.0,0.0,0.2013566545758929,stochastic,False,7.65258367270158,8.577352383418267,9.432234751524202,7.65258367270158,0.2618164999876171,4.440892098500626e-16,,0.0,False,deficit_discharge,sampled,2.5,42,deficit_discharge_48h,summer,0.0,True,2017-07-01 10:00:00+00:00,2017-07-01 10:00:00+00:00,0.0,2.1643543061755954,2.5856294177827386,1.0055106026785716,3.513532366071429,1.7607421875,3.343819754464286,0.6829395045124804,-0.0856456938244045,True,12.0,7.65258367270158,9.432234751524202,0.0,False,29.0,1.1999999999999995,11.0,adbe4ff2076e6bcd80a1f66dde8ae744d3378b141bf76325af4b87e79c17a3b4,12.0,11.0,0.0,1e-09,True,True,True,True,False,False,False,False,False,False,False,False,4.0,4.0,4.0,0.2307692307692307,0.3076923076923077,0.2692307692307693,0.0769230769230769,0.6923076923076923,0.8461538461538461
2017-07-01 11:00:00+00:00,2.35,2.490234375,0.175,1.0388310929461808,0.0,1.0388310929461808,0.0,4.311839535361843,5.298729073660715,2.490234375,0.0,0.8985967179461811,0.0,1.0388310929461808,0.1572544256405816,0.0103883109294618,0.0,-0.1776401168937969,0.1676427365700434,-0.0099973803237534,0.0,0.0,2.220446049250313e-16,0.1676427365700434,stochastic,False,7.868497444079879,9.615599729479566,9.628822482610769,7.868497444079879,0.2094244000036269,4.440892098500626e-16,,0.0,False,deficit_discharge,sampled,2.5,42,deficit_discharge_48h,summer,0.0,True,2017-07-01 11:00:00+00:00,2017-07-01 11:00:00+00:00,0.0,2.357924107142857,2.4537295386904763,1.0777064732142856,3.8646763392857135,1.2041015625,3.52490234375,0.9995981037852808,-0.132310267857143,True,12.0,7.868497444079879,9.628822482610769,0.0,False,29.0,1.1999999999999995,11.0,3721f2713dd31e0bdaadedee9ccc40bd9b822444a3a65d5c026babe57f2f1160,12.0,11.0,0.0,1e-09,True,True,True,True,False,False,False,False,False,False,False,False,6.0,6.0,6.0,0.3846153846153846,0.4615384615384615,0.4230769230769231,0.0769230769230769,0.6923076923076923,0.8461538461538461
2017-07-01 12:00:00+00:00,2.35,3.53515625,0.175,0.2779994419642859,0.0,0.2779994419642859,0.0,5.298729073660715,5.562828543526786,2.627999441964286,0.907156808035714,0.0,0.0,0.2779994419642859,0.0,0.0027799944196428,0.0,-0.0475379045758928,0.0027799944196428,-0.0447579101562499,0.0,0.0,0.0,0.0027799944196428,stochastic,False,7.707305264104275,8.367418555011799,10.061522711786388,7.707305264104275,0.1793859000317752,8.881784197001252e-16,,0.0,False,deficit_discharge,sampled,2.5,42,deficit_discharge_48h,summer,0.0,True,2017-07-01 12:00:00+00:00,2017-07-01 12:00:00+00:00,0.0,2.359293619791667,2.138387044270833,0.127999441964286,3.1530412946428577,0.83056640625,3.1530412946428577,0.9982284219525211,-1.175862630208333,True,12.0,7.707305264104275,10.061522711786388,0.0,False,29.0,1.1999999999999995,9.0,00fd046f270d7056f8510f8e6dafd4f6180ebd224f72c053cba895ca54259921,12.0,9.0,0.0,1e-09,False,False,False,False,False,True,False,True,False,False,False,False,13.0,13.0,13.0,0.9230769230769232,1.0,0.9615384615384616,0.0769230769230769,0.6923076923076923,0.8461538461538461
2017-07-01 13:00:00+00:00,2.35,3.125,0.175,0.4325753348214278,0.0,0.4325753348214278,0.0,5.562828543526786,5.973775111607142,2.782575334821428,0.342424665178572,0.0,0.0,0.4325753348214278,0.0,0.0043257533482142,0.0,-0.0739703822544641,0.0043257533482142,-0.0696446289062498,0.0,0.0,0.0,0.0043257533482142,stochastic,False,7.681088197338647,9.819790549444903,10.301524241585415,7.681088197338647,0.28012889996171,8.881784197001252e-16,,0.0,False,deficit_discharge,sampled,2.5,42,deficit_discharge_48h,summer,0.0,True,2017-07-01 13:00:00+00:00,2017-07-01 13:00:00+00:00,0.0,2.344811430431548,2.5739571707589284,0.2825753348214279,3.676199776785714,0.7726004464285712,3.349609375,0.9655823795131496,-0.7801885695684527,True,12.0,7.681088197338647,10.301524241585415,0.0,False,29.0,1.1999999999999995,9.0,2026e073e33d65a80745662e0daa6b760f1a23303e1a00797dfd5236e49a6d39,12.0,9.0,0.0,1e-09,True,True,True,True,False,False,False,False,False,False,False,False,10.0,10.0,10.0,0.6923076923076923,0.7692307692307693,0.7307692307692308,0.0769230769230769,0.6923076923076923,0.8461538461538461
2017-07-01 14:00:00+00:00,2.35,1.7802734375,0.175,0.3700753348214287,0.0,0.3700753348214287,0.0,5.973775111607142,6.325346679687499,1.7802734375,0.0,0.9398018973214288,0.0,0.3700753348214287,0.16446533203125,0.0037007533482142,0.0,-0.0632828822544642,0.1681660853794643,0.104883203125,0.0,0.0,0.0,0.1681660853794643,stochastic,False,7.235589079686727,7.580621085006219,9.045700865654943,7.235589079686727,0.2540246000280604,1.2656542480726783e-14,,0.0,False,deficit_discharge,sampled,2.5,42,deficit_discharge_48h,summer,0.0,True,2017-07-01 14:00:00+00:00,2017-07-01 14:00:00+00:00,0.0,1.804375930059524,1.558140345982143,0.2200753348214288,2.981794084821429,0.3968331473214286,2.464564732142857,0.95202722927416,0.0241024925595239,True,12.0,7.235589079686727,9.045700865654943,0.0,False,29.0,1.1999999999999995,9.0,dc11494fc0d45221284fbe40e7f6ff6a0490cdc81ed42c38ce5dcff46ca4b40f,12.0,9.0,0.0,1e-09,True,True,True,True,False,False,False,False,False,False,False,False,7.0,7.0,7.0,0.4615384615384615,0.5384615384615384,0.5,0.0769230769230769,0.6923076923076923,0.8461538461538461
2017-07-01 15:00:00+00:00,2.35,1.099609375,0.175,0.0190011160714287,0.0,0.0190011160714287,0.0,6.325346679687499,6.343397739955356,1.099609375,0.0,1.2693917410714288,0.0,0.0190011160714287,0.2221435546875,0.0001900111607142,0.0,-0.0032491908482142,0.2223335658482143,0.219084375,0.0,0.0,0.0,0.2223335658482143,stochastic,False,7.775230787468756,9.573719670422395,9.67518743641534,7.775230787468756,0.2470129000721499,1.2656542480726783e-14,,0.0,False,deficit_discharge,sampled,2.5,42,deficit_discharge_48h,summer,0.0,True,2017-07-01 15:00:00+00:00,2017-07-01 15:00:00+00:00,0.0,1.272573707217262,1.3426048642113095,0.1588309151785716,2.369001116071429,0.2750418526785716,2.1452985491071432,0.7740328142370898,0.172964332217262,True,12.0,7.775230787468756,9.67518743641534,0.0,False,29.0,1.1999999999999995,12.0,9656de455dddbb8317408d76701e6926733226596a8f39e786f7202734e407c4,12.0,12.0,0.0,1e-09,True,True,True,True,False,False,False,False,False,False,False,False,6.0,6.0,6.0,0.3846153846153846,0.4615384615384615,0.4230769230769231,0.0769230769230769,0.6923076923076923,0.8461538461538461
2017-07-01 16:00:00+00:00,2.35,0.775390625,0.175,0.0,0.0,0.0,0.0,6.343397739955356,6.343397739955356,0.775390625,0.0,1.574609375,0.0,0.0,0.275556640625,0.0,0.0,-0.0,0.275556640625,0.275556640625,0.0,0.0,0.0,0.275556640625,stochastic,False,8.317858936240343,9.67776228269037,9.731169249407294,8.317858936240343,0.2841575999045744,8.881784197001252e-16,,0.0,False,deficit_discharge,sampled,2.5,42,deficit_discharge_48h,summer,0.0,True,2017-07-01 16:00:00+00:00,2017-07-01 16:00:00+00:00,0.0,0.7651774088541667,0.6583310081845238,0.0174386160714286,1.6739676339285714,0.0174386160714286,1.2769252232142858,0.5045634571575192,-0.0102132161458332,True,12.0,8.317858936240343,9.731169249407294,0.0,False,29.0,1.1999999999999995,9.0,2cc6c43a10eea211e0cc8ff9c283c4292542ff22b2556b2cf4d8740cbca90ace,12.0,9.0,0.0,1e-09,True,True,True,True,False,False,False,False,False,False,False,False,9.0,9.0,9.0,0.6153846153846154,0.6923076923076923,0.6538461538461539,0.0769230769230769,0.6923076923076923,0.8461538461538461
2017-07-01 17:00:00+00:00,3.2,0.57421875,0.2,0.0,2.390778459821429,0.0,2.390778459821429,6.343397739955356,3.8267888348801673,0.57421875,0.0,0.2350027901785711,0.0,2.390778459821429,0.0470005580357142,0.0239077845982142,0.0,0.4529896029135339,0.0709083426339285,0.5238979455474625,0.0,0.0,0.0,0.0709083426339285,stochastic,False,8.671634881311352,9.815509903818388,10.08197182481554,8.671634881311352,0.2375184000702574,4.440892098500626e-16,,0.0,False,deficit_discharge,sampled,2.5,42,deficit_discharge_48h,summer,0.0,True,2017-07-01 17:00:00+00:00,2017-07-01 17:00:00+00:00,0.0,0.3129138764880952,0.4079182942708332,0.1593889508928571,0.8092215401785714,0.1951729910714285,0.60205078125,0.2033455347843694,-0.2613048735119048,True,12.0,8.671634881311352,10.08197182481554,0.0,False,29.0,1.1999999999999995,9.0,13ffaffb00e70d9fb6093cd506ccd35077ec0ddc033e0dd7a95728407fc2a830,12.0,9.0,0.0,1e-09,True,True,True,True,False,False,False,False,False,False,False,False,9.0,9.0,9.0,0.6153846153846154,0.6923076923076923,0.6538461538461539,0.0769230769230769,0.6923076923076923,0.8461538461538461
2017-07-01 18:00:00+00:00,3.2,0.0751953125,0.2,0.0,0.8354493931361583,0.0,0.8354493931361583,3.8267888348801673,2.9473684210526323,0.0751953125,0.0,2.2893552943638418,0.0,0.8354493931361583,0.4578710588727683,0.0083544939313615,0.0,0.1582956744889563,0.4662255528041299,0.6245212272930862,0.0,0.0,0.0,0.4662255528041299,stochastic,False,8.323489460073425,9.809020939311171,10.077493252117318,8.323489460073425,0.2268569000298157,8.881784197001252e-16,,0.0,False,deficit_discharge,sampled,2.5,42,deficit_discharge_48h,summer,0.0,True,2017-07-01 18:00:00+00:00,2017-07-01 18:00:00+00:00,0.0,0.0406389508928571,0.0664876302083333,0.0,0.1323939732142857,0.0348772321428571,0.10888671875,0.0352513053519713,-0.0345563616071428,True,12.0,8.323489460073425,10.077493252117318,0.0,False,29.0,1.1999999999999995,9.0,35009f59572318fb3e82a387e154030d54ecb482ef815c20d896ebb39d2a5aaa,12.0,9.0,0.0,1e-09,True,True,True,True,False,False,False,False,False,False,False,False,9.0,9.0,9.0,0.6153846153846154,0.6923076923076923,0.6538461538461539,0.0769230769230769,0.6923076923076923,0.8461538461538461
2017-07-01 19:00:00+00:00,3.2,0.0,0.2,0.0,0.7000000000000002,0.0,0.7000000000000002,2.9473684210526323,2.2105263157894743,0.0,0.0,2.5,0.0,0.7000000000000002,0.5,0.007,0.0,0.1326315789473684,0.507,0.6396315789473684,0.0,0.0,0.0,0.507,stochastic,False,8.064795512239302,9.648265039526242,10.07876761673793,8.064795512239302,0.3302961000008508,8.881784197001252e-16,,0.0,False,deficit_discharge,sampled,2.5,42,deficit_discharge_48h,summer,0.0,True,2017-07-01 19:00:00+00:00,2017-07-01 19:00:00+00:00,0.0,0.0,0.0010695684523809,0.0,0.0048828125,0.0,0.0048828125,0.001901226850517,0.0,False,12.0,8.064795512239302,10.07876761673793,0.0,False,29.0,1.1999999999999995,9.0,1efbb736ca3a16a6296b3eefaaeda65ea7d6f41d70192f8d106636024276744b,12.0,3.0,9.0,1e-09,True,True,False,False,False,False,False,False,True,False,True,False,1.0,10.0,5.5,0.0,0.7692307692307693,0.3846153846153846,0.0769230769230769,0.6923076923076923,0.8461538461538461
2017-07-01 20:00:00+00:00,3.2,0.0,0.2,0.0,0.7000000000000002,0.0,0.7000000000000002,2.2105263157894743,1.4736842105263164,0.0,0.0,2.5,0.0,0.7000000000000002,0.5,0.007,0.0,0.1326315789473684,0.507,0.6396315789473684,0.0,0.0,0.0,0.507,stochastic,False,7.852852674084488,9.659437679699868,9.801475379733516,7.852852674084488,0.2933003000216558,1.1102230246251563e-15,,0.0,False,deficit_discharge,sampled,2.5,42,deficit_discharge_48h,summer,0.0,True,2017-07-01 20:00:00+00:00,2017-07-01 20:00:00+00:00,0.0,0.0,0.0,0.0,0.0,0.0,0.0,0.0,0.0,False,12.0,7.852852674084488,9.801475379733516,0.0,False,29.0,1.1999999999999995,12.0,0b19ecdd81762aa7368e02e1be9fe578fb0a3019168063e7c136a3fcb176902a,12.0,1.0,12.0,1e-09,True,True,False,False,False,False,False,False,True,True,True,True,1.0,13.0,7.0,0.0,1.0,0.5,0.0769230769230769,0.6923076923076923,0.8461538461538461
2017-07-01 21:00:00+00:00,3.2,0.0,0.2,0.0,0.7000000000000002,0.0,0.7000000000000002,1.4736842105263164,0.7368421052631583,0.0,0.0,2.5,0.0,0.7000000000000002,0.5,0.007,0.0,0.1326315789473684,0.507,0.6396315789473684,0.0,0.0,0.0,0.507,stochastic,False,7.878626280370324,9.413978761794493,10.01621359129346,7.878626280370324,0.3380168000003323,8.881784197001252e-16,,0.0,False,deficit_discharge,sampled,2.5,42,deficit_discharge_48h,summer,0.0,True,2017-07-01 21:00:00+00:00,2017-07-01 21:00:00+00:00,0.0,0.0,0.0,0.0,0.0,0.0,0.0,0.0,0.0,False,12.0,7.878626280370324,10.01621359129346,0.0,False,29.0,1.1999999999999995,11.0,b6e689e3635ab7ea13515cc4e48740ed36142cf6351c7a74e056a92664b220fa,12.0,1.0,12.0,1e-09,True,True,False,False,False,False,False,False,True,True,True,True,1.0,13.0,7.0,0.0,1.0,0.5,0.0769230769230769,0.6923076923076923,0.8461538461538461
2017-07-01 22:00:00+00:00,3.2,0.0,0.16,0.0,0.7000000000000002,0.0,0.7000000000000002,0.7368421052631583,2.220446049250313e-16,0.0,0.0,2.5,0.0,0.7000000000000002,0.4,0.007,0.0,0.1326315789473684,0.407,0.5396315789473685,0.0,0.0,0.0,0.407,stochastic,False,7.355573686359757,8.764468725653566,9.917010856738113,7.355573686359757,0.2343926000175997,8.881784197001252e-16,,0.0,False,deficit_discharge,sampled,2.5,42,deficit_discharge_48h,summer,0.0,True,2017-07-01 22:00:00+00:00,2017-07-01 22:00:00+00:00,0.0,0.0,0.0,0.0,0.0,0.0,0.0,0.0,0.0,False,12.0,7.355573686359757,9.917010856738113,0.0,False,29.0,1.1999999999999995,10.0,c870e58bbf6e11fa9913e9039643ce844a4e258e4f0908fc4b4f334c29a7369e,12.0,1.0,12.0,1e-09,True,True,False,False,False,False,False,False,True,True,True,True,1.0,13.0,7.0,0.0,1.0,0.5,0.0769230769230769,0.6923076923076923,0.8461538461538461
2017-07-01 23:00:00+00:00,2.35,0.0,0.16,0.1500000000000001,0.0,0.1499999999999999,0.0,2.220446049250313e-16,0.1425000000000001,0.0,0.0,2.5,0.0,0.1499999999999999,0.4,0.0014999999999999,0.0,-0.0256499999999999,0.4015,0.37585,2.220446049250313e-16,0.0,0.0,0.4015,stochastic,False,8.605717032253322,10.158378008716795,10.199857228778152,8.605717032253322,0.2785811999347061,1.5987211554602254e-14,,0.0,False,deficit_discharge,sampled,2.5,42,deficit_discharge_48h,summer,0.0,True,2017-07-01 23:00:00+00:00,2017-07-01 23:00:00+00:00,0.0,0.0,0.0,0.0,0.0,0.0,0.0,0.0,0.0,False,12.0,8.605717032253322,10.199857228778152,0.0,False,29.0,1.1999999999999995,10.0,29169b5ced12862af94a967d033a0f85ca59f0cba310cc3867d460b65e7e8e51,12.0,1.0,12.0,1e-09,True,True,False,False,False,False,False,False,True,True,True,True,1.0,13.0,7.0,0.0,1.0,0.5,0.0769230769230769,0.6923076923076923,0.8461538461538461
2017-07-02 00:00:00+00:00,2.35,0.0,0.16,0.1499999999999999,0.0,0.1499999999999999,0.0,0.1425000000000001,0.285,0.0,0.0,2.5,0.0,0.1499999999999999,0.4,0.0014999999999999,0.0,-0.0256499999999999,0.4015,0.37585,0.0,0.0,0.0,0.4015,stochastic,False,8.339788965612465,9.692013856985186,9.692013856985186,8.339788965612465,0.3159865000052377,4.8627768478581856e-14,,0.0,False,deficit_discharge,sampled,2.5,42,deficit_discharge_48h,summer,0.0,True,2017-07-02 00:00:00+00:00,2017-07-02 00:00:00+00:00,0.0,0.0,0.0,0.0,0.0,0.0,0.0,0.0,0.0,False,12.0,8.339788965612465,9.692013856985186,0.0,False,29.0,1.1999999999999995,9.0,86f7da3775e22237ec4d3fb0ad95df001e85c7e3de98499e7118b241cde81a40,12.0,1.0,12.0,1e-09,True,True,False,False,False,False,False,False,True,True,True,True,1.0,13.0,7.0,0.0,1.0,0.5,0.0769230769230769,0.6923076923076923,0.8461538461538461
2017-07-02 01:00:00+00:00,2.35,0.0,0.16,0.1499999999999999,0.0,0.1499999999999999,0.0,0.285,0.4274999999999999,0.0,0.0,2.5,0.0,0.1499999999999999,0.4,0.0014999999999999,0.0,-0.0256499999999999,0.4015,0.37585,0.0,0.0,0.0,0.4015,stochastic,False,7.995324617466969,9.651763856985186,9.793801557018831,7.995324617466969,0.3062989000463858,1.7763568394002505e-15,,0.0,False,deficit_discharge,sampled,2.5,42,deficit_discharge_48h,summer,0.0,True,2017-07-02 01:00:00+00:00,2017-07-02 01:00:00+00:00,0.0,0.0,0.0,0.0,0.0,0.0,0.0,0.0,0.0,False,12.0,7.995324617466969,9.793801557018831,0.0,False,29.0,1.1999999999999995,10.0,1a2c2c7044b769b1c061a4d44d984a66de2d979cacbdd80a98e8e7ef7c2a843c,12.0,1.0,12.0,1e-09,True,True,False,False,False,False,False,False,True,True,True,True,1.0,13.0,7.0,0.0,1.0,0.5,0.0769230769230769,0.6923076923076923,0.8461538461538461
2017-07-02 02:00:00+00:00,2.35,0.0,0.16,0.1499999999999999,0.0,0.1499999999999999,0.0,0.4274999999999999,0.5699999999999998,0.0,0.0,2.5,0.0,0.1499999999999999,0.4,0.0014999999999999,0.0,-0.0256499999999999,0.4015,0.37585,0.0,0.0,0.0,0.4015,stochastic,False,7.541571680145603,8.694827451415339,8.736850844698866,7.541571680145603,0.2593757000286132,8.881784197001252e-16,,0.0,False,deficit_discharge,sampled,2.5,42,deficit_discharge_48h,summer,0.0,True,2017-07-02 02:00:00+00:00,2017-07-02 02:00:00+00:00,0.0,0.0,0.0,0.0,0.0,0.0,0.0,0.0,0.0,False,12.0,7.541571680145603,8.736850844698866,0.0,False,29.0,1.1999999999999995,8.0,56a9b4b164ca7d6f49a104c2ccca2b267b22bab521634cd1f9d90f1163b1fdcc,12.0,1.0,12.0,1e-09,True,True,False,False,False,False,False,False,True,True,True,True,1.0,13.0,7.0,0.0,1.0,0.5,0.0769230769230769,0.6923076923076923,0.8461538461538461
2017-07-02 03:00:00+00:00,2.35,0.0,0.16,0.1499999999999999,0.0,0.1499999999999999,0.0,0.5699999999999998,0.7124999999999997,0.0,0.0,2.5,0.0,0.1499999999999999,0.4,0.0014999999999999,0.0,-0.0256499999999999,0.4015,0.3758500000000001,0.0,0.0,0.0,0.4015,stochastic,False,8.175902099961771,10.037628008716796,10.079107228778152,8.175902099961771,0.3342470000497997,1.7763568394002505e-15,,0.0,False,deficit_discharge,sampled,2.5,42,deficit_discharge_48h,summer,0.0,True,2017-07-02 03:00:00+00:00,2017-07-02 03:00:00+00:00,0.0,0.0,0.0007556733630952,0.0,0.0045340401785714,0.0,0.0045340401785714,0.0016897370086668,0.0,False,12.0,8.175902099961771,10.079107228778152,0.0,False,29.0,1.1999999999999995,11.0,e39049820c01459aef7fd38ebd0b800e0bfa31a8d8753c9c33c5603281edef16,12.0,2.0,10.0,1e-09,True,True,False,False,False,False,False,False,True,False,True,False,1.0,11.0,6.0,0.0,0.8461538461538461,0.4230769230769231,0.0769230769230769,0.6923076923076923,0.8461538461538461
2017-07-02 04:00:00+00:00,2.35,0.009765625,0.16,0.1531389508928571,0.0,0.1531389508928571,0.0,0.7124999999999997,0.857982003348214,0.009765625,0.0,2.493373325892857,0.0,0.1531389508928571,0.3989397321428571,0.0015313895089285,0.0,-0.0261867606026785,0.4004711216517857,0.3742843610491072,0.0,0.0,0.0,0.4004711216517857,stochastic,False,7.0967058323649495,7.724381105158042,9.618965462104326,7.0967058323649495,0.307974399998784,8.881784197001252e-16,,0.0,False,deficit_discharge,sampled,2.5,42,deficit_discharge_48h,summer,0.0,True,2017-07-02 04:00:00+00:00,2017-07-02 04:00:00+00:00,0.0,0.0270786830357142,0.0479910714285714,0.0031389508928571,0.0788225446428571,0.0126953125,0.0788225446428571,0.0260330912685124,0.0173130580357142,True,12.0,7.0967058323649495,9.618965462104326,0.0,False,29.0,1.1999999999999995,9.0,0c95ac4e9b9a5e34f5c7b32519396713a10ccc1c5b57e3d2d2683a900520c320,12.0,9.0,0.0,1e-09,True,False,True,False,False,False,True,False,False,False,False,False,2.0,2.0,2.0,0.0769230769230769,0.1538461538461538,0.1153846153846153,0.0769230769230769,0.6923076923076923,0.8461538461538461
2017-07-02 05:00:00+00:00,2.35,0.060546875,0.16,0.1827845982142855,0.0,0.1827845982142855,0.0,0.857982003348214,1.0316273716517852,0.060546875,0.0,2.4722377232142856,0.0,0.1827845982142855,0.3955580357142857,0.0018278459821428,0.0,-0.0312561662946428,0.3973858816964286,0.3661297154017857,0.0,0.0,0.0,0.3973858816964286,stochastic,False,7.620862082371902,9.413044791962944,9.413044791962944,7.620862082371902,0.2658964999718591,1.3322676295501878e-15,,0.0,False,deficit_discharge,sampled,2.5,42,deficit_discharge_48h,summer,0.0,True,2017-07-02 05:00:00+00:00,2017-07-02 05:00:00+00:00,0.0,0.1216750372023809,0.1233433314732143,0.0327845982142857,0.3074776785714286,0.0505719866071428,0.3074776785714286,0.0886664400587429,0.0611281622023809,True,12.0,7.620862082371902,9.413044791962944,0.0,False,29.0,1.1999999999999995,9.0,d2bd76c28c0b855f95b2f33dabd9217c8a1c69af6ba3d442c5ab494386130a24,12.0,9.0,0.0,1e-09,True,True,True,True,False,False,False,False,False,False,False,False,5.0,5.0,5.0,0.3076923076923077,0.3846153846153846,0.3461538461538461,0.0769230769230769,0.6923076923076923,0.8461538461538461
2017-07-02 06:00:00+00:00,2.8000000000000003,0.1396484375,0.16,0.0,0.2420340401785718,0.0,0.2420340401785718,1.0316273716517852,0.7768546977796043,0.1396484375,0.0,2.4183175223214284,0.0,0.2420340401785718,0.3869308035714285,0.0024203404017857,0.0,0.0458590812969925,0.3893511439732143,0.4352102252702068,0.0,0.0,0.0,0.3893511439732143,stochastic,False,7.463841699215181,8.233933477589172,9.623588723797956,7.463841699215181,0.3294254000065848,1.3322676295501878e-15,,0.0,False,deficit_discharge,sampled,2.5,42,deficit_discharge_48h,summer,0.0,True,2017-07-02 06:00:00+00:00,2017-07-02 06:00:00+00:00,0.0,0.2891880580357142,0.3016531808035714,0.0579659598214284,0.48388671875,0.1030273437499999,0.4704938616071428,0.1369453902013488,0.1495396205357142,True,12.0,7.463841699215181,9.623588723797956,0.0,False,29.0,1.1999999999999995,10.0,eb4057554ccff85cd06e3d6137a6bb886bfa7704fe699da577adcda8311e3dbf,12.0,10.0,0.0,1e-09,True,True,True,True,False,False,False,False,False,False,False,False,3.0,3.0,3.0,0.1538461538461538,0.2307692307692307,0.1923076923076923,0.0769230769230769,0.6923076923076923,0.8461538461538461
2017-07-02 07:00:00+00:00,2.8000000000000003,0.4599609375,0.16,0.0736746651785709,0.0,0.0736746651785709,0.0,0.7768546977796043,0.8468456296992466,0.4599609375,0.0,2.413713727678571,0.0,0.0736746651785709,0.3861941964285714,0.0007367466517857,0.0,-0.0125983677455356,0.3869309430803571,0.3743325753348214,0.0,0.0,0.0,0.3869309430803571,stochastic,False,7.571395958893007,9.809136054465936,9.809136054465936,7.571395958893007,0.3312173000304028,5.10702591327572e-15,,0.0,False,deficit_discharge,sampled,2.5,42,deficit_discharge_48h,summer,0.0,True,2017-07-02 07:00:00+00:00,2017-07-02 07:00:00+00:00,0.0,0.7544212704613096,0.7754196893601191,0.3736746651785714,1.1260463169642858,0.3736746651785714,0.96630859375,0.2331806823573329,0.2944603329613096,True,12.0,7.571395958893007,9.809136054465936,0.0,False,29.0,1.1999999999999995,10.0,5d684e824e5c5c2d6a8d8a75afd47ac6fda9d4844a58c744565f5f42625799ef,12.0,10.0,0.0,1e-09,True,True,True,True,False,False,False,False,False,False,False,False,3.0,3.0,3.0,0.1538461538461538,0.2307692307692307,0.1923076923076923,0.0769230769230769,0.6923076923076923,0.8461538461538461
2017-07-02 08:00:00+00:00,2.8000000000000003,0.560546875,0.175,0.0,0.0113560267857146,0.0,0.0113560267857146,0.8468456296992466,0.8348919172932311,0.560546875,0.0,2.2280970982142856,0.0,0.0113560267857146,0.3899169921875,0.0001135602678571,0.0,0.0021516682330827,0.3900305524553571,0.3921822206884399,0.0,0.0,0.0,0.3900305524553571,stochastic,False,7.599367324259839,9.257493878733378,9.7788316191791,7.599367324259839,0.2486709000077098,1.3322676295501878e-15,,0.0,False,deficit_discharge,sampled,2.5,42,deficit_discharge_48h,summer,0.0,True,2017-07-02 08:00:00+00:00,2017-07-02 08:00:00+00:00,0.0,1.3694382440476192,1.1286621093750002,0.2886439732142858,1.9989536830357144,0.46875,1.7360491071428572,0.5636475071825066,0.8088913690476192,True,12.0,7.599367324259839,9.7788316191791,0.0,False,29.0,1.1999999999999995,12.0,c916267c7429b45c7bd186ad2c19ce48996ba10377c51c7f42b07eac69fb3583,12.0,12.0,0.0,1e-09,True,True,True,True,False,False,False,False,False,False,False,False,4.0,4.0,4.0,0.2307692307692307,0.3076923076923077,0.2692307692307693,0.0769230769230769,0.6923076923076923,0.8461538461538461
2017-07-02 09:00:00+00:00,2.35,0.3095703125,0.175,0.2950195312499999,0.0,0.2950195312499999,0.0,0.8348919172932311,1.1151604719807309,0.3095703125,0.0,2.33544921875,0.0,0.2950195312499999,0.40870361328125,0.0029501953124999,0.0,-0.0504483398437499,0.41165380859375,0.36120546875,0.0,0.0,0.0,0.41165380859375,stochastic,False,7.119015375306473,7.686500039894661,7.825996909010938,7.119015375306473,0.2818305999971926,2.664535259100376e-15,,0.0,False,deficit_discharge,sampled,2.5,42,deficit_discharge_48h,summer,0.0,True,2017-07-02 09:00:00+00:00,2017-07-02 09:00:00+00:00,0.0,1.9163190569196429,2.087832496279762,1.3221261160714288,2.64501953125,1.3776506696428572,2.5166015625,0.4160152837064293,1.6067487444196429,True,12.0,7.119015375306473,7.825996909010938,0.0,False,29.0,1.1999999999999995,11.0,bb0f482e98b8485500cc6cd24be94be327ad33b4d876f7c3dc993f7bf1b1a0d5,12.0,11.0,0.0,1e-09,False,False,False,False,True,False,True,False,False,False,False,False,1.0,1.0,1.0,0.0,0.0769230769230769,0.0384615384615384,0.0769230769230769,0.6923076923076923,0.8461538461538461
2017-07-02 10:00:00+00:00,2.35,0.4951171875,0.175,0.6553013392857143,0.0,0.6451171874999999,0.0,1.1151604719807309,1.7280218001057308,0.4951171875,0.0,2.5,0.0,0.6451171874999999,0.4375,0.0064511718749999,0.0,-0.1103150390624999,0.443951171875,0.3336361328125,0.0101841517857144,0.0,0.0,0.443951171875,stochastic,False,7.560706199058818,9.091195287354903,9.715898924274091,7.560706199058818,0.306142000015825,8.881784197001252e-15,,0.0,False,deficit_discharge,sampled,2.5,42,deficit_discharge_48h,summer,0.0,True,2017-07-02 10:00:00+00:00,2017-07-02 10:00:00+00:00,0.0,2.252942475818452,2.308558872767857,0.5053013392857144,3.6021205357142856,0.5053013392857144,3.432407924107143,1.0759515799065578,1.7578252883184522,True,12.0,7.560706199058818,9.715898924274091,0.0,False,29.0,1.1999999999999995,11.0,18a58d5ca59e2512e375c547a880d994726c3a5aa584c3e450a363f1d666e505,12.0,11.0,0.0,1e-09,False,False,False,False,True,False,True,False,False,False,False,False,1.0,1.0,1.0,0.0,0.0769230769230769,0.0384615384615384,0.0769230769230769,0.6923076923076923,0.8461538461538461
2017-07-02 11:00:00+00:00,2.35,0.5947265625,0.175,1.1826450892857143,0.0,0.7447265624999999,0.0,1.7280218001057308,2.435512034480731,0.5947265625,0.0,2.5,0.0,0.7447265624999999,0.4375,0.0074472656249999,0.0,-0.1273482421875,0.444947265625,0.3175990234375,0.4379185267857144,0.0,0.0,0.444947265625,stochastic,False,7.141136090734232,7.89255207923695,9.109889051707276,7.141136090734232,0.2243809000356122,1.3322676295501878e-15,,0.0,False,deficit_discharge,sampled,2.5,42,deficit_discharge_48h,summer,0.0,True,2017-07-02 11:00:00+00:00,2017-07-02 11:00:00+00:00,0.0,2.441838727678572,2.635021391369048,1.0326450892857144,3.948590959821429,1.2880161830357144,3.6088169642857135,0.9628982605053072,1.847112165178572,True,12.0,7.141136090734232,9.109889051707276,0.0,False,29.0,1.1999999999999995,11.0,e74736c603637d28ef5cdacc4e5bacf868125f1a1284e8d0a5c6c99c0cfc14c9,12.0,11.0,0.0,1e-09,False,False,False,False,True,False,True,False,False,False,False,False,1.0,1.0,1.0,0.0,0.0769230769230769,0.0384615384615384,0.0769230769230769,0.6923076923076923,0.8461538461538461
2017-07-02 12:00:00+00:00,2.35,0.515625,0.175,1.567550223214286,0.0,0.6656249999999999,0.0,2.435512034480731,3.067855784480731,0.515625,0.0,2.5,0.0,0.6656249999999999,0.4375,0.0066562499999999,0.0,-0.1138218749999999,0.44415625,0.3303343749999999,0.901925223214286,0.0,0.0,0.44415625,stochastic,False,7.470079157336554,8.588185801063364,9.060394788975463,7.470079157336554,0.262335899984464,8.881784197001252e-16,,0.0,False,deficit_discharge,sampled,2.5,42,deficit_discharge_48h,summer,0.0,True,2017-07-02 12:00:00+00:00,2017-07-02 12:00:00+00:00,0.0,2.535423642113096,2.8890206473214284,1.417550223214286,4.074776785714286,1.5525948660714284,3.463099888392857,0.7803780289284872,2.019798642113096,True,12.0,7.470079157336554,9.060394788975463,0.0,False,29.0,1.1999999999999995,9.0,e9702993f2f1d0dd3bf4576223286392cf6e318e6105c014d61aa5a6076ad943,12.0,9.0,0.0,1e-09,False,False,False,False,True,False,True,False,False,False,False,False,1.0,1.0,1.0,0.0,0.0769230769230769,0.0384615384615384,0.0769230769230769,0.6923076923076923,0.8461538461538461
2017-07-02 13:00:00+00:00,2.35,0.5947265625,0.175,1.4695452008928571,0.0,0.7447265624999999,0.0,3.067855784480731,3.77534601885573,0.5947265625,0.0,2.5,0.0,0.7447265624999999,0.4375,0.0074472656249999,0.0,-0.1273482421874999,0.444947265625,0.3175990234375,0.7248186383928572,0.0,0.0,0.444947265625,stochastic,False,7.26789556080142,8.945384904766803,8.945384904766803,7.26789556080142,0.2323258999967947,1.1390888232654106e-12,,0.0,False,deficit_discharge,sampled,2.5,42,deficit_discharge_48h,summer,0.0,True,2017-07-02 13:00:00+00:00,2017-07-02 13:00:00+00:00,0.0,2.4962483723958333,2.712268647693453,1.3195452008928572,3.82763671875,1.3195452008928572,3.272112165178572,0.7204646224523468,1.9015218098958333,True,12.0,7.26789556080142,8.945384904766803,0.0,False,29.0,1.1999999999999995,10.0,43176ea5ace84af611392d3dcf8e61db7f5d487c0038add788b445caab5fe952,12.0,10.0,0.0,1e-09,False,False,False,False,True,False,True,False,False,False,False,False,1.0,1.0,1.0,0.0,0.0769230769230769,0.0384615384615384,0.0769230769230769,0.6923076923076923,0.8461538461538461
2017-07-02 14:00:00+00:00,2.35,0.2646484375,0.175,0.1499999999999999,0.0,0.1499999999999999,0.0,3.77534601885573,3.91784601885573,0.2646484375,0.0,2.2353515625,0.0,0.1499999999999999,0.3911865234375,0.0014999999999999,0.0,-0.02565,0.3926865234375,0.3670365234375,0.0,0.0,0.0,0.3926865234375,stochastic,False,7.4936334086982415,9.08366508166232,9.119406257840671,7.4936334086982415,0.2518497999990359,8.881784197001252e-16,,0.0,False,deficit_discharge,sampled,2.5,42,deficit_discharge_48h,summer,0.0,True,2017-07-02 14:00:00+00:00,2017-07-02 14:00:00+00:00,0.0,1.8586449032738093,1.6997128441220235,0.0,2.85302734375,0.0,2.85302734375,1.1203698815384913,1.5939964657738095,True,12.0,7.4936334086982415,9.119406257840671,0.0,False,29.0,1.1999999999999995,8.0,c81ee65fcd3044b76030fe50228263e89e2a0b2f81092afcf3303e6d47317e47,12.0,7.0,0.0,1e-09,True,True,True,True,False,False,False,False,False,False,False,False,4.0,4.0,4.0,0.2307692307692307,0.3076923076923077,0.2692307692307693,0.0769230769230769,0.6923076923076923,0.8461538461538461
2017-07-02 15:00:00+00:00,2.35,0.46484375,0.175,0.2125053716734305,0.0,0.2125053716734305,0.0,3.91784601885573,4.11972612194549,0.46484375,0.0,2.0976616216734305,0.0,0.2125053716734305,0.3670907837928503,0.0021250537167343,0.0,-0.0363384185561567,0.3692158375095846,0.3328774189534279,0.0,0.0,-1.3877787807814454e-16,0.3692158375095846,stochastic,False,7.361960795272497,8.924792755855254,9.498422671607363,7.361960795272497,0.5213275999994949,2.731148640577885e-14,,0.0,False,deficit_discharge,sampled,2.5,42,deficit_discharge_48h,summer,0.0,True,2017-07-02 15:00:00+00:00,2017-07-02 15:00:00+00:00,0.0,1.301870582217262,1.3334786551339286,0.2168666294642858,2.254115513392857,0.3043387276785716,2.254115513392857,0.8293135561267336,0.837026832217262,True,12.0,7.361960795272497,9.498422671607363,0.0,False,29.0,1.1999999999999995,9.0,97f53ba5f186d118dd7a40fb7193c327eba95c06b801d3ffd84b305580817ada,12.0,9.0,0.0,1e-09,True,True,True,True,False,False,False,False,False,False,False,False,5.0,5.0,5.0,0.3076923076923077,0.3846153846153846,0.3461538461538461,0.0769230769230769,0.6923076923076923,0.8461538461538461
2017-07-02 16:00:00+00:00,2.35,0.23046875,0.175,0.0074064169469722,0.0,0.0074064169469722,0.0,4.11972612194549,4.126762218045114,0.23046875,0.0,2.126937666946972,0.0,0.0074064169469722,0.3722140917157201,7.406416946972248e-05,0.0,-0.0012664972979322,0.3722881558851898,0.3710216585872575,0.0,0.0,-1.6393136847980827e-16,0.3722881558851898,stochastic,False,7.578462778221875,9.31652198423047,9.607812044606831,7.578462778221875,0.2961728000082075,5.52891066263328e-14,,0.0,False,deficit_discharge,sampled,2.5,42,deficit_discharge_48h,summer,0.0,True,2017-07-02 16:00:00+00:00,2017-07-02 16:00:00+00:00,0.0,0.7669910249255952,1.0011683872767858,0.3572823660714285,1.50537109375,0.5016741071428571,1.4650530133928572,0.4117151539344923,0.5365222749255952,True,12.0,7.578462778221875,9.607812044606831,0.0,False,29.0,1.1999999999999995,11.0,fe81e8f445bb889104568fe69d137392d8bc7c4d2551094cc3a783fb737f3d39,12.0,11.0,0.0,1e-09,False,False,False,False,True,False,True,False,False,False,False,False,1.0,1.0,1.0,0.0,0.0769230769230769,0.0384615384615384,0.0769230769230769,0.6923076923076923,0.8461538461538461
2017-07-02 17:00:00+00:00,3.2,0.1044921875,0.2,0.0,0.4853655133928574,0.0,0.5955078125000002,4.126762218045114,3.499911889097745,0.1044921875,0.0,2.5,0.0,0.5955078125000002,0.5,0.005955078125,0.0,0.1128330592105263,0.505955078125,0.6187881373355263,0.0,0.0,0.0,0.505955078125,stochastic,False,7.203635120556926,9.016999164047814,9.32782691620816,7.203635120556926,0.2597310999408364,1.2989609388114334e-13,,0.1101422991071428,False,deficit_discharge,sampled,2.5,42,deficit_discharge_48h,summer,0.0,True,2017-07-02 17:00:00+00:00,2017-07-02 17:00:00+00:00,0.0,0.3274925595238095,0.4419061569940476,0.1512974330357143,0.7201450892857143,0.1576450892857143,0.6817103794642857,0.2057595640729704,0.2230003720238095,True,12.0,7.203635120556926,9.32782691620816,0.0,False,29.0,1.1999999999999995,10.0,1398a5eb67287eae422b9b864a446248f200ad3c2574c31f5e8b302e357b170b,12.0,10.0,0.0,1e-09,False,False,False,False,True,False,True,False,False,False,False,False,1.0,1.0,1.0,0.0,0.0769230769230769,0.0384615384615384,0.0769230769230769,0.6923076923076923,0.8461538461538461
2017-07-02 18:00:00+00:00,3.2,0.015625,0.2,0.0,0.5897879464285718,0.0,0.6843750000000002,3.499911889097745,2.7795171522556394,0.015625,0.0,2.5,0.0,0.6843750000000002,0.5,0.00684375,0.0,0.129671052631579,0.50684375,0.636514802631579,0.0,0.0,0.0,0.50684375,stochastic,False,7.858457236023203,9.792903388549496,10.168700150198497,7.858457236023203,0.3975262000458315,4.303224443447108e-13,,0.0945870535714283,False,deficit_discharge,sampled,2.5,42,deficit_discharge_48h,summer,0.0,True,2017-07-02 18:00:00+00:00,2017-07-02 18:00:00+00:00,0.0,0.0416852678571428,0.0706263950892857,0.0088588169642857,0.1102120535714285,0.0254603794642857,0.1099330357142857,0.0324662198486698,0.0260602678571428,True,12.0,7.858457236023203,10.168700150198497,0.0,False,29.0,1.1999999999999995,10.0,186b0bb850a2718f8336e643d0fecdc3a6e9e2e8b4b05411a1b1ad45591c4a38,12.0,10.0,0.0,1e-09,True,False,True,False,False,False,True,False,False,False,False,False,2.0,2.0,2.0,0.0769230769230769,0.1538461538461538,0.1153846153846153,0.0769230769230769,0.6923076923076923,0.8461538461538461
2017-07-02 19:00:00+00:00,3.2,0.0,0.2,0.0,0.6749581473214286,0.0,0.7000000000000002,2.7795171522556394,2.042675046992481,0.0,0.0,2.5,0.0,0.7000000000000002,0.5,0.007,0.0,0.1326315789473684,0.507,0.6396315789473684,0.0,0.0,0.0,0.507,stochastic,False,9.036299862920242,10.423381003491391,10.851121180318966,9.036299862920242,0.2304140999913215,1.176836406102666e-14,,0.0250418526785716,False,deficit_discharge,sampled,2.5,42,deficit_discharge_48h,summer,0.0,True,2017-07-02 19:00:00+00:00,2017-07-02 19:00:00+00:00,0.0,0.0,0.0023425874255952,0.0,0.0250418526785714,0.0,0.0030691964285714,0.006896023988102,0.0,False,12.0,9.036299862920242,10.851121180318966,0.0,False,29.0,1.1999999999999995,9.0,5019d9956cc7f4406ef7cdb1ee86d0ae54b3ab63621f562d438b3b6c0cc2354a,12.0,3.0,10.0,1e-09,True,True,False,False,False,False,False,False,True,False,True,False,1.0,11.0,6.0,0.0,0.8461538461538461,0.4230769230769231,0.0769230769230769,0.6923076923076923,0.8461538461538461
2017-07-02 20:00:00+00:00,3.2,0.0,0.2,0.0,0.7000000000000002,0.0,0.7000000000000002,2.042675046992481,1.3058329417293235,0.0,0.0,2.5,0.0,0.7000000000000002,0.5,0.007,0.0,0.1326315789473684,0.507,0.6396315789473684,0.0,0.0,0.0,0.507,stochastic,False,8.46634913317127,10.17565534332658,10.51985565392771,8.46634913317127,0.4266626000171527,8.35997937542743e-14,,0.0,False,deficit_discharge,sampled,2.5,42,deficit_discharge_48h,summer,0.0,True,2017-07-02 20:00:00+00:00,2017-07-02 20:00:00+00:00,0.0,0.0,0.0,0.0,0.0,0.0,0.0,0.0,0.0,False,12.0,8.46634913317127,10.51985565392771,0.0,False,29.0,1.1999999999999995,11.0,f00b47d910b0f4e151b7cb3d55d081af651731ff7cd1961d16dd1e055b224b97,12.0,1.0,12.0,1e-09,True,True,False,False,False,False,False,False,True,True,True,True,1.0,13.0,7.0,0.0,1.0,0.5,0.0769230769230769,0.6923076923076923,0.8461538461538461
2017-07-02 21:00:00+00:00,3.2,0.0,0.2,0.0,0.7000000000000002,0.0,0.7000000000000002,1.3058329417293235,0.5689908364661654,0.0,0.0,2.5,0.0,0.7000000000000002,0.5,0.007,0.0,0.1326315789473684,0.507,0.6396315789473684,0.0,0.0,0.0,0.507,stochastic,False,8.130950078744531,9.164805660538066,9.96577036884815,8.130950078744531,0.4882675999542698,3.603783937933258e-13,,0.0,False,deficit_discharge,sampled,2.5,42,deficit_discharge_48h,summer,0.0,True,2017-07-02 21:00:00+00:00,2017-07-02 21:00:00+00:00,0.0,0.0,0.0,0.0,0.0,0.0,0.0,0.0,0.0,False,12.0,8.130950078744531,9.96577036884815,0.0,False,29.0,1.1999999999999995,11.0,ce2668cf8ee39e390f70df71ae13dbffaf4f9a71044cd2fda2e599e4b78a843f,12.0,1.0,12.0,1e-09,True,True,False,False,False,False,False,False,True,True,True,True,1.0,13.0,7.0,0.0,1.0,0.5,0.0769230769230769,0.6923076923076923,0.8461538461538461
2017-07-02 22:00:00+00:00,3.2,0.0,0.16,0.0,0.5405412946428572,0.0,0.540541294642857,0.5689908364661654,1.1102230246251563e-16,0.0,0.0,2.5,0.1594587053571432,0.540541294642857,0.4,0.0054054129464285,1.5945870535714324,0.1024183505639097,1.999992466517861,2.1024108170817706,0.0,1.1102230246251563e-16,0.0,0.4054054129464285,stochastic,False,8.525829343280078,10.4894325581532,10.738568171004298,8.525829343280078,0.2714526000199839,4.463096558993129e-14,,0.0,False,deficit_discharge,sampled,2.5,42,deficit_discharge_48h,summer,0.0,True,2017-07-02 22:00:00+00:00,2017-07-02 22:00:00+00:00,0.0,0.0,0.0,0.0,0.0,0.0,0.0,0.0,0.0,False,12.0,8.525829343280078,10.738568171004298,0.0,False,29.0,1.1999999999999995,12.0,0b563aeb2bc3997f17ce0e67fe36470c7bd1dec3e2834eb35ba6ffe841e86b0a,12.0,1.0,12.0,1e-09,True,True,False,False,False,False,False,False,True,True,True,True,1.0,13.0,7.0,0.0,1.0,0.5,0.0769230769230769,0.6923076923076923,0.8461538461538461
2017-07-02 23:00:00+00:00,2.35,0.0,0.16,0.1499999999999998,0.0,0.1499999999999998,0.0,1.1102230246251563e-16,0.1424999999999999,0.0,0.0,2.5,0.0,0.1499999999999998,0.4,0.0014999999999999,0.0,-0.0256499999999999,0.4015,0.3758500000000001,0.0,0.0,8.326672684688674e-17,0.4015,stochastic,False,7.53672680171007,9.175984476492744,9.175984476492744,7.53672680171007,0.3335441999370232,7.993605777301127e-15,,0.0,False,deficit_discharge,sampled,2.5,42,deficit_discharge_48h,summer,0.0,True,2017-07-02 23:00:00+00:00,2017-07-02 23:00:00+00:00,0.0,0.0,0.0,0.0,0.0,0.0,0.0,0.0,0.0,False,12.0,7.53672680171007,9.175984476492744,0.0,False,29.0,1.1999999999999995,11.0,8217a4ac4f5322a90bee56e07bb9862eb543022554b2e33074f4312d17cfbea2,12.0,1.0,12.0,1e-09,True,True,False,False,False,False,False,False,True,True,True,True,1.0,13.0,7.0,0.0,1.0,0.5,0.0769230769230769,0.6923076923076923,0.8461538461538461
2017-07-01 00:00:00+00:00,2.35,0.0,0.16,0.1499999999999999,0.0,0.1499999999999999,0.0,4.0,4.1425,0.0,0.0,2.5,0.0,0.1499999999999999,0.4,0.0014999999999999,0.0,-0.02565,0.4015,0.37585,0.0,0.0,0.0,0.4015,cvar_0.5,False,7.947273421282085,9.972298007463728,9.972298007463726,8.959785714372906,0.3497455000178888,2.5979218776228663e-14,,0.0,False,deficit_discharge,sampled,2.5,42,deficit_discharge_48h,summer,0.5,True,2017-07-01 00:00:00+00:00,2017-07-01 00:00:00+00:00,0.0,0.0,0.0,0.0,0.0,0.0,0.0,0.0,0.0,False,12.0,7.947273421282085,9.972298007463726,0.0,False,29.0,1.1999999999999995,7.0,2502d7a7d15f8c18634b473e01d4fc9aa1422f4748e87ad427917d061316b9a1,12.0,1.0,12.0,1e-09,True,True,False,False,False,False,False,False,True,True,True,True,1.0,13.0,7.0,0.0,1.0,0.5,0.0769230769230769,0.6923076923076923,0.8461538461538461
2017-07-01 01:00:00+00:00,2.35,0.0,0.16,0.0,0.0,0.0,0.0,4.1425,4.1425,0.0,0.0,2.35,0.0,0.0,0.376,0.0,0.0,-0.0,0.376,0.376,0.0,0.0,0.0,0.376,cvar_0.5,False,7.833645083774958,9.556108512137277,9.705273720935638,8.769459402355299,0.2824919000267982,1.0658141036401504e-14,,0.0,False,deficit_discharge,sampled,2.5,42,deficit_discharge_48h,summer,0.5,True,2017-07-01 01:00:00+00:00,2017-07-01 01:00:00+00:00,0.0,0.0,0.0,0.0,0.0,0.0,0.0,0.0,0.0,False,12.0,7.833645083774958,9.705273720935638,0.0,False,29.0,1.1999999999999995,10.0,e923dbec04629f7b9ddc7d1d268344e457b8dd1cc6ae717488f67da08da42132,12.0,1.0,12.0,1e-09,True,True,False,False,False,False,False,False,True,True,True,True,1.0,13.0,7.0,0.0,1.0,0.5,0.0769230769230769,0.6923076923076923,0.8461538461538461
2017-07-01 02:00:00+00:00,2.35,0.0,0.16,0.0,0.0,0.0,0.0,4.1425,4.1425,0.0,0.0,2.35,0.0,0.0,0.376,0.0,0.0,-0.0,0.376,0.376,0.0,0.0,0.0,0.376,cvar_0.5,False,7.787373443923266,9.80416902921108,10.24193709196859,9.014655267945928,0.3673065999755636,8.881784197001252e-16,,0.0,False,deficit_discharge,sampled,2.5,42,deficit_discharge_48h,summer,0.5,True,2017-07-01 02:00:00+00:00,2017-07-01 02:00:00+00:00,0.0,0.0,0.0,0.0,0.0,0.0,0.0,0.0,0.0,False,12.0,7.787373443923266,10.24193709196859,0.0,False,29.0,1.1999999999999995,10.0,79437d8d30084319e918d3781e99c3a3e5aa48cc930c077ac86ea06ee57c8c00,12.0,1.0,12.0,1e-09,True,True,False,False,False,False,False,False,True,True,True,True,1.0,13.0,7.0,0.0,1.0,0.5,0.0769230769230769,0.6923076923076923,0.8461538461538461
2017-07-01 03:00:00+00:00,2.35,0.0,0.16,0.1499999999999999,0.0,0.1499999999999999,0.0,4.1425,4.285,0.0,0.0,2.5,0.0,0.1499999999999999,0.4,0.0014999999999999,0.0,-0.02565,0.4015,0.37585,0.0,0.0,0.0,0.4015,cvar_0.5,False,7.824480572579369,8.900235877511163,9.44673078136626,8.635605676972814,0.2660900000482797,4.329869796038111e-14,,0.0,False,deficit_discharge,sampled,2.5,42,deficit_discharge_48h,summer,0.5,True,2017-07-01 03:00:00+00:00,2017-07-01 03:00:00+00:00,0.0,0.0,0.0003778366815476,0.0,0.0045340401785714,0.0,0.0,0.0012531425047264,0.0,False,12.0,7.824480572579369,9.44673078136626,0.0,False,29.0,1.1999999999999995,11.0,140da52e87b13ef6d10c4b4aca54b66aacf97f47b36a00dd140bd26fa06a498b,12.0,2.0,11.0,1e-09,True,True,False,False,False,False,False,False,True,False,True,True,1.0,12.0,6.5,0.0,0.9230769230769232,0.4615384615384615,0.0769230769230769,0.6923076923076923,0.8461538461538461
2017-07-01 04:00:00+00:00,2.35,0.10546875,0.16,0.0,0.0,0.0,0.0,4.285,4.285,0.10546875,0.0,2.24453125,0.0,0.0,0.359125,0.0,0.0,-0.0,0.359125,0.359125,0.0,0.0,0.0,0.359125,cvar_0.5,False,8.408497757510231,9.972666593191969,10.270083681291853,9.339290719401042,0.263021600083448,4.329869796038111e-14,,0.0,False,deficit_discharge,sampled,2.5,42,deficit_discharge_48h,summer,0.5,True,2017-07-01 04:00:00+00:00,2017-07-01 04:00:00+00:00,0.0,0.0220563616071428,0.02490234375,0.0,0.0740094866071428,0.0032784598214285,0.0656389508928571,0.0239419264353573,-0.0834123883928571,True,12.0,8.408497757510231,10.270083681291853,0.0,False,29.0,1.1999999999999995,11.0,7df11af357df1f5e9a4e5ad12a8a42b8c6f762810e987b48c16327172be533ab,12.0,11.0,0.0,1e-09,False,False,False,False,False,True,False,True,False,False,False,False,13.0,13.0,13.0,0.9230769230769232,1.0,0.9615384615384616,0.0769230769230769,0.6923076923076923,0.8461538461538461
2017-07-01 05:00:00+00:00,2.35,0.25,0.16,0.1360843515037598,0.0,0.1360843515037598,0.0,4.285,4.414280133928572,0.25,0.0,2.23608435150376,0.0,0.1360843515037598,0.3577734962406015,0.0013608435150375,0.0,-0.0232704241071429,0.3591343397556392,0.3358639156484962,0.0,0.0,-1.1102230246251563e-16,0.3591343397556392,cvar_0.5,False,8.200162568040689,10.256601083617246,10.313843825277717,9.257003196659202,0.3073421000735834,3.552713678800501e-15,,0.0,False,deficit_discharge,sampled,2.5,42,deficit_discharge_48h,summer,0.5,True,2017-07-01 05:00:00+00:00,2017-07-01 05:00:00+00:00,0.0,0.1059105282738095,0.1257672991071428,0.0170200892857142,0.2432338169642857,0.0230887276785714,0.2432338169642857,0.0921826556954103,-0.1440894717261904,True,12.0,8.200162568040689,10.313843825277717,0.0,False,29.0,1.1999999999999995,11.0,af5a0cfc21ad591e303a0202602b34d8e91f21b3cb7685762eb011839e0679f4,12.0,11.0,0.0,1e-09,False,False,False,False,False,True,False,True,False,False,False,False,13.0,13.0,13.0,0.9230769230769232,1.0,0.9615384615384616,0.0769230769230769,0.6923076923076923,0.8461538461538461
2017-07-01 06:00:00+00:00,2.8000000000000003,0.3798828125,0.16,0.0,0.2677036830357147,0.0,0.2677036830357147,4.414280133928572,4.132486783364662,0.3798828125,0.0,2.1524135044642856,0.0,0.2677036830357147,0.3443861607142857,0.0026770368303571,0.0,0.0507228031015037,0.3470631975446428,0.3977860006461466,0.0,0.0,0.0,0.3470631975446428,cvar_0.5,False,7.688991118656428,9.731145086123256,10.15236537374438,8.920678246200405,0.2763267999980598,3.552713678800501e-15,,0.0,False,deficit_discharge,sampled,2.5,42,deficit_discharge_48h,summer,0.5,True,2017-07-01 06:00:00+00:00,2017-07-01 06:00:00+00:00,0.0,0.2635184151785714,0.2595738002232143,0.0322963169642857,0.4582170758928572,0.091796875,0.4582170758928572,0.129565010679347,-0.1163643973214285,True,12.0,7.688991118656428,10.15236537374438,0.0,False,29.0,1.1999999999999995,11.0,31f5ac00103dd068fd25ce5b2be069f06ad57b0ada40b26e1aa4a1efb8deb373,12.0,11.0,0.0,1e-09,True,True,True,True,False,False,False,False,False,False,False,False,11.0,11.0,11.0,0.7692307692307693,0.8461538461538461,0.8076923076923077,0.0769230769230769,0.6923076923076923,0.8461538461538461
2017-07-01 07:00:00+00:00,2.8000000000000003,1.0400390625,0.16,0.0,0.032212611607143,0.0,0.032212611607143,4.132486783364662,4.098578771146617,1.0400390625,0.0,1.7277483258928572,0.0,0.032212611607143,0.2764397321428571,0.0003221261160714,0.0,0.0061034421992481,0.2767618582589286,0.2828653004581767,0.0,0.0,0.0,0.2767618582589286,cvar_0.5,False,7.580638379770508,9.7118613427071,9.7118613427071,8.646249861238804,0.3557263000402599,1.7763568394002505e-15,,0.0,False,deficit_discharge,sampled,2.5,42,deficit_discharge_48h,summer,0.5,True,2017-07-01 07:00:00+00:00,2017-07-01 07:00:00+00:00,0.0,0.680830310639881,0.7401820591517859,0.2677873883928572,0.9568219866071428,0.2677873883928572,0.9568219866071428,0.2410700007889194,-0.359208751860119,True,12.0,7.580638379770508,9.7118613427071,0.0,False,29.0,1.1999999999999995,9.0,f4d1152f03a1a75f93be2240ef2208bf7ac34681cac03a576284510a966dfe95,12.0,9.0,0.0,1e-09,False,False,False,False,False,True,False,True,False,False,False,False,13.0,13.0,13.0,0.9230769230769232,1.0,0.9615384615384616,0.0769230769230769,0.6923076923076923,0.8461538461538461
2017-07-01 08:00:00+00:00,2.8000000000000003,1.349609375,0.175,0.0,0.095270647321429,0.0,0.095270647321429,4.098578771146617,3.998293879229323,1.349609375,0.0,1.3551199776785712,0.0,0.095270647321429,0.2371459960937499,0.0009527064732142,0.0,0.0180512805451128,0.2380987025669642,0.2561499831120771,0.0,0.0,0.0,0.2380987025669642,cvar_0.5,False,7.44138917569648,8.251665143926715,8.832360673955336,8.136874924825907,0.4667464999947697,1.7763568394002505e-15,,0.0,False,deficit_discharge,sampled,2.5,42,deficit_discharge_48h,summer,0.5,True,2017-07-01 08:00:00+00:00,2017-07-01 08:00:00+00:00,0.0,1.2855236235119047,1.4206310453869044,0.2047293526785714,1.9150390625,0.8849051339285714,1.7132393973214284,0.4422847516547554,-0.0640857514880952,True,12.0,7.44138917569648,8.832360673955336,0.0,False,29.0,1.1999999999999995,10.0,3b38f1df6b854f975add46af09a750c10e070b3b9451244f90a77594c5ea11ed,12.0,10.0,0.0,1e-09,True,True,True,True,False,False,False,False,False,False,False,False,4.0,4.0,4.0,0.2307692307692307,0.3076923076923077,0.2692307692307693,0.0769230769230769,0.6923076923076923,0.8461538461538461
2017-07-01 09:00:00+00:00,2.35,2.46484375,0.175,0.0,0.0,0.0,0.0,3.998293879229323,3.998293879229323,2.35,0.1148437499999999,0.0,0.0,0.0,0.0,0.0,0.0,-0.0,0.0,0.0,0.0,0.0,0.0,0.0,cvar_0.5,False,8.133320633900434,9.675413033624874,9.850282686524386,8.99180166021241,0.291587800020352,3.747002708109903e-15,,0.0,False,deficit_discharge,sampled,2.5,42,deficit_discharge_48h,summer,0.5,True,2017-07-01 09:00:00+00:00,2017-07-01 09:00:00+00:00,0.0,1.7745779854910713,1.5163399832589282,0.1629464285714283,2.3748604910714284,0.7170758928571428,2.260184151785714,0.7106312887727518,-0.6902657645089287,True,12.0,8.133320633900434,9.850282686524386,0.0,False,29.0,1.1999999999999995,9.0,3aeddc829e8d5d8dd7d0ba323254a6d38c04c4f5fbea980ec32e75b712292b1a,12.0,9.0,0.0,1e-09,False,False,False,False,False,True,False,True,False,False,False,False,13.0,13.0,13.0,0.9230769230769232,1.0,0.9615384615384616,0.0769230769230769,0.6923076923076923,0.8461538461538461
2017-07-01 10:00:00+00:00,2.35,2.25,0.175,0.4778459821428575,0.0,0.4778459821428575,0.0,3.998293879229323,4.452247562265038,2.25,0.0,0.5778459821428577,0.0,0.4778459821428575,0.101123046875,0.0047784598214285,0.0,-0.0817116629464286,0.1059015066964286,0.0241898437499999,0.0,0.0,0.0,0.1059015066964286,cvar_0.5,False,7.671841300018935,8.570058546592314,9.424940914698247,8.548391107358592,0.2392885000444948,1.0658141036401504e-14,,0.0,False,deficit_discharge,sampled,2.5,42,deficit_discharge_48h,summer,0.5,True,2017-07-01 10:00:00+00:00,2017-07-01 10:00:00+00:00,0.0,2.1643543061755954,2.5856294177827386,1.0055106026785716,3.513532366071429,1.7607421875,3.343819754464286,0.6829395045124804,-0.0856456938244045,True,12.0,7.671841300018935,9.424940914698247,0.0,False,29.0,1.1999999999999995,11.0,adbe4ff2076e6bcd80a1f66dde8ae744d3378b141bf76325af4b87e79c17a3b4,12.0,11.0,0.0,1e-09,True,True,True,True,False,False,False,False,False,False,False,False,4.0,4.0,4.0,0.2307692307692307,0.3076923076923077,0.2692307692307693,0.0769230769230769,0.6923076923076923,0.8461538461538461
2017-07-01 11:00:00+00:00,2.35,2.490234375,0.175,1.0180245535714283,0.0,1.0180245535714283,0.0,4.452247562265038,5.419370888157895,2.490234375,0.0,0.8777901785714284,0.0,1.0180245535714283,0.1536132812499999,0.0101802455357142,0.0,-0.1740821986607142,0.1637935267857142,-0.0102886718749999,0.0,0.0,0.0,0.1637935267857142,cvar_0.5,False,7.872170344633136,9.615248117021071,9.628470870152272,8.750320607392704,0.2972424000035971,1.2656542480726783e-14,,0.0,False,deficit_discharge,sampled,2.5,42,deficit_discharge_48h,summer,0.5,True,2017-07-01 11:00:00+00:00,2017-07-01 11:00:00+00:00,0.0,2.357924107142857,2.4537295386904763,1.0777064732142856,3.8646763392857135,1.2041015625,3.52490234375,0.9995981037852808,-0.132310267857143,True,12.0,7.872170344633136,9.628470870152272,0.0,False,29.0,1.1999999999999995,11.0,3721f2713dd31e0bdaadedee9ccc40bd9b822444a3a65d5c026babe57f2f1160,12.0,11.0,0.0,1e-09,True,True,True,True,False,False,False,False,False,False,False,False,6.0,6.0,6.0,0.3846153846153846,0.4615384615384615,0.4230769230769231,0.0769230769230769,0.6923076923076923,0.8461538461538461
2017-07-01 12:00:00+00:00,2.35,3.53515625,0.175,0.2779994419642859,0.0,0.2779994419642859,0.0,5.419370888157895,5.683470358023966,2.627999441964286,0.907156808035714,0.0,0.0,0.2779994419642859,0.0,0.0027799944196428,0.0,-0.0475379045758928,0.0027799944196428,-0.0447579101562499,0.0,0.0,0.0,0.0027799944196428,cvar_0.5,False,7.707244943197026,8.367358234104554,10.06146239087914,8.884353667038082,0.2518540000310167,2.664535259100376e-15,,0.0,False,deficit_discharge,sampled,2.5,42,deficit_discharge_48h,summer,0.5,True,2017-07-01 12:00:00+00:00,2017-07-01 12:00:00+00:00,0.0,2.359293619791667,2.138387044270833,0.127999441964286,3.1530412946428577,0.83056640625,3.1530412946428577,0.9982284219525211,-1.175862630208333,True,12.0,7.707244943197026,10.06146239087914,0.0,False,29.0,1.1999999999999995,9.0,00fd046f270d7056f8510f8e6dafd4f6180ebd224f72c053cba895ca54259921,12.0,9.0,0.0,1e-09,False,False,False,False,False,True,False,True,False,False,False,False,13.0,13.0,13.0,0.9230769230769232,1.0,0.9615384615384616,0.0769230769230769,0.6923076923076923,0.8461538461538461
2017-07-01 13:00:00+00:00,2.35,3.125,0.175,0.4325753348214278,0.0,0.4325753348214278,0.0,5.683470358023966,6.094416926104322,2.782575334821428,0.342424665178572,0.0,0.0,0.4325753348214278,0.0,0.0043257533482142,0.0,-0.0739703822544641,0.0043257533482142,-0.0696446289062498,0.0,0.0,0.0,0.0043257533482142,cvar_0.5,False,7.681027876431399,9.819730228537656,10.301463920678168,8.991245898554784,0.2478136999998241,5.329070518200751e-15,,0.0,False,deficit_discharge,sampled,2.5,42,deficit_discharge_48h,summer,0.5,True,2017-07-01 13:00:00+00:00,2017-07-01 13:00:00+00:00,0.0,2.344811430431548,2.5739571707589284,0.2825753348214279,3.676199776785714,0.7726004464285712,3.349609375,0.9655823795131496,-0.7801885695684527,True,12.0,7.681027876431399,10.301463920678168,0.0,False,29.0,1.1999999999999995,9.0,2026e073e33d65a80745662e0daa6b760f1a23303e1a00797dfd5236e49a6d39,12.0,9.0,0.0,1e-09,True,True,True,True,False,False,False,False,False,False,False,False,10.0,10.0,10.0,0.6923076923076923,0.7692307692307693,0.7307692307692308,0.0769230769230769,0.6923076923076923,0.8461538461538461
2017-07-01 14:00:00+00:00,2.35,1.7802734375,0.175,0.1145647321428571,0.0,0.1145647321428571,0.0,6.094416926104322,6.203253421640036,1.7802734375,0.0,0.6842912946428572,0.0,0.1145647321428571,0.1197509765625,0.0011456473214285,0.0,-0.0195905691964285,0.1208966238839285,0.1013060546875,0.0,0.0,0.0,0.1208966238839285,cvar_0.5,False,7.2357991741673136,7.577104983197743,9.042184763846468,8.138991969006891,0.3318014000542462,1.2656542480726783e-14,,0.0,False,deficit_discharge,sampled,2.5,42,deficit_discharge_48h,summer,0.5,True,2017-07-01 14:00:00+00:00,2017-07-01 14:00:00+00:00,0.0,1.804375930059524,1.558140345982143,0.2200753348214288,2.981794084821429,0.3968331473214286,2.464564732142857,0.95202722927416,0.0241024925595239,True,12.0,7.2357991741673136,9.042184763846468,0.0,False,29.0,1.1999999999999995,9.0,dc11494fc0d45221284fbe40e7f6ff6a0490cdc81ed42c38ce5dcff46ca4b40f,12.0,9.0,0.0,1e-09,True,True,True,True,False,False,False,False,False,False,False,False,7.0,7.0,7.0,0.4615384615384615,0.5384615384615384,0.5,0.0769230769230769,0.6923076923076923,0.8461538461538461
2017-07-01 15:00:00+00:00,2.35,1.099609375,0.175,0.0,0.0,0.0,0.0,6.203253421640036,6.203253421640036,1.099609375,0.0,1.250390625,0.0,0.0,0.218818359375,0.0,0.0,-0.0,0.218818359375,0.218818359375,0.0,0.0,0.0,0.218818359375,cvar_0.5,False,7.775311943612288,9.573523726956555,9.674991492949498,8.725151718280893,0.2443037000484764,1.2656542480726783e-14,,0.0,False,deficit_discharge,sampled,2.5,42,deficit_discharge_48h,summer,0.5,True,2017-07-01 15:00:00+00:00,2017-07-01 15:00:00+00:00,0.0,1.272573707217262,1.3426048642113095,0.1588309151785716,2.369001116071429,0.2750418526785716,2.1452985491071432,0.7740328142370898,0.172964332217262,True,12.0,7.775311943612288,9.674991492949498,0.0,False,29.0,1.1999999999999995,12.0,9656de455dddbb8317408d76701e6926733226596a8f39e786f7202734e407c4,12.0,12.0,0.0,1e-09,True,True,True,True,False,False,False,False,False,False,False,False,6.0,6.0,6.0,0.3846153846153846,0.4615384615384615,0.4230769230769231,0.0769230769230769,0.6923076923076923,0.8461538461538461
2017-07-01 16:00:00+00:00,2.35,0.775390625,0.175,0.0,0.0,0.0,0.0,6.203253421640036,6.203253421640036,0.775390625,0.0,1.574609375,0.0,0.0,0.275556640625,0.0,0.0,-0.0,0.275556640625,0.275556640625,0.0,0.0,0.0,0.275556640625,cvar_0.5,False,8.317929008399501,9.677832354849528,9.731239321566452,9.024584164982976,0.3301332000410184,7.327471962526033e-15,,0.0,False,deficit_discharge,sampled,2.5,42,deficit_discharge_48h,summer,0.5,True,2017-07-01 16:00:00+00:00,2017-07-01 16:00:00+00:00,0.0,0.7651774088541667,0.6583310081845238,0.0174386160714286,1.6739676339285714,0.0174386160714286,1.2769252232142858,0.5045634571575192,-0.0102132161458332,True,12.0,8.317929008399501,9.731239321566452,0.0,False,29.0,1.1999999999999995,9.0,2cc6c43a10eea211e0cc8ff9c283c4292542ff22b2556b2cf4d8740cbca90ace,12.0,9.0,0.0,1e-09,True,True,True,True,False,False,False,False,False,False,False,False,9.0,9.0,9.0,0.6153846153846154,0.6923076923076923,0.6538461538461539,0.0769230769230769,0.6923076923076923,0.8461538461538461
2017-07-01 17:00:00+00:00,3.2,0.57421875,0.2,0.0,2.390778459821429,0.0,2.390778459821429,6.203253421640036,3.686644516564847,0.57421875,0.0,0.2350027901785711,0.0,2.390778459821429,0.0470005580357142,0.0239077845982142,0.0,0.4529896029135339,0.0709083426339285,0.5238979455474625,0.0,0.0,0.0,0.0709083426339285,cvar_0.5,False,8.67170495347051,9.815579975977546,10.082041896974696,9.376873425222602,0.2574529000557959,1.7763568394002505e-15,,0.0,False,deficit_discharge,sampled,2.5,42,deficit_discharge_48h,summer,0.5,True,2017-07-01 17:00:00+00:00,2017-07-01 17:00:00+00:00,0.0,0.3129138764880952,0.4079182942708332,0.1593889508928571,0.8092215401785714,0.1951729910714285,0.60205078125,0.2033455347843694,-0.2613048735119048,True,12.0,8.67170495347051,10.082041896974696,0.0,False,29.0,1.1999999999999995,9.0,13ffaffb00e70d9fb6093cd506ccd35077ec0ddc033e0dd7a95728407fc2a830,12.0,9.0,0.0,1e-09,True,True,True,True,False,False,False,False,False,False,False,False,9.0,9.0,9.0,0.6153846153846154,0.6923076923076923,0.6538461538461539,0.0769230769230769,0.6923076923076923,0.8461538461538461
2017-07-01 18:00:00+00:00,3.2,0.0751953125,0.2,0.0,0.7023122907366042,0.0,0.7023122907366042,3.686644516564847,2.9473684210526323,0.0751953125,0.0,2.422492396763396,0.0,0.7023122907366042,0.4844984793526792,0.007023122907366,0.0,0.1330696971921986,0.4915216022600452,0.6245912994522439,0.0,0.0,0.0,0.4915216022600452,cvar_0.5,False,8.323559532232583,9.80909101147033,10.077563324276475,9.20056142825453,0.2656224999809637,7.993605777301127e-15,,0.0,False,deficit_discharge,sampled,2.5,42,deficit_discharge_48h,summer,0.5,True,2017-07-01 18:00:00+00:00,2017-07-01 18:00:00+00:00,0.0,0.0406389508928571,0.0664876302083333,0.0,0.1323939732142857,0.0348772321428571,0.10888671875,0.0352513053519713,-0.0345563616071428,True,12.0,8.323559532232583,10.077563324276475,0.0,False,29.0,1.1999999999999995,9.0,35009f59572318fb3e82a387e154030d54ecb482ef815c20d896ebb39d2a5aaa,12.0,9.0,0.0,1e-09,True,True,True,True,False,False,False,False,False,False,False,False,9.0,9.0,9.0,0.6153846153846154,0.6923076923076923,0.6538461538461539,0.0769230769230769,0.6923076923076923,0.8461538461538461
2017-07-01 19:00:00+00:00,3.2,0.0,0.2,0.0,0.7000000000000002,0.0,0.7000000000000002,2.9473684210526323,2.2105263157894743,0.0,0.0,2.5,0.0,0.7000000000000002,0.5,0.007,0.0,0.1326315789473684,0.507,0.6396315789473684,0.0,0.0,0.0,0.507,cvar_0.5,False,8.064795512239304,9.648265039526242,10.07876761673793,9.071781564488616,0.3768605999648571,2.664535259100376e-15,,0.0,False,deficit_discharge,sampled,2.5,42,deficit_discharge_48h,summer,0.5,True,2017-07-01 19:00:00+00:00,2017-07-01 19:00:00+00:00,0.0,0.0,0.0010695684523809,0.0,0.0048828125,0.0,0.0048828125,0.001901226850517,0.0,False,12.0,8.064795512239304,10.07876761673793,0.0,False,29.0,1.1999999999999995,9.0,1efbb736ca3a16a6296b3eefaaeda65ea7d6f41d70192f8d106636024276744b,12.0,3.0,9.0,1e-09,True,True,False,False,False,False,False,False,True,False,True,False,1.0,10.0,5.5,0.0,0.7692307692307693,0.3846153846153846,0.0769230769230769,0.6923076923076923,0.8461538461538461
2017-07-01 20:00:00+00:00,3.2,0.0,0.2,0.0,0.7000000000000002,0.0,0.7000000000000002,2.2105263157894743,1.4736842105263164,0.0,0.0,2.5,0.0,0.7000000000000002,0.5,0.007,0.0,0.1326315789473684,0.507,0.6396315789473684,0.0,0.0,0.0,0.507,cvar_0.5,False,7.852852674084488,9.659437679699868,9.801475379733516,8.827164026909003,0.3401582000078633,1.915134717478395e-15,,0.0,False,deficit_discharge,sampled,2.5,42,deficit_discharge_48h,summer,0.5,True,2017-07-01 20:00:00+00:00,2017-07-01 20:00:00+00:00,0.0,0.0,0.0,0.0,0.0,0.0,0.0,0.0,0.0,False,12.0,7.852852674084488,9.801475379733516,0.0,False,29.0,1.1999999999999995,12.0,0b19ecdd81762aa7368e02e1be9fe578fb0a3019168063e7c136a3fcb176902a,12.0,1.0,12.0,1e-09,True,True,False,False,False,False,False,False,True,True,True,True,1.0,13.0,7.0,0.0,1.0,0.5,0.0769230769230769,0.6923076923076923,0.8461538461538461
2017-07-01 21:00:00+00:00,3.2,0.0,0.2,0.0,0.7000000000000002,0.0,0.7000000000000002,1.4736842105263164,0.7368421052631583,0.0,0.0,2.5,0.0,0.7000000000000002,0.5,0.007,0.0,0.1326315789473684,0.507,0.6396315789473684,0.0,0.0,0.0,0.507,cvar_0.5,False,7.878626280370324,9.413978761794494,10.01621359129346,8.947419935831892,0.364783399971202,3.552713678800501e-15,,0.0,False,deficit_discharge,sampled,2.5,42,deficit_discharge_48h,summer,0.5,True,2017-07-01 21:00:00+00:00,2017-07-01 21:00:00+00:00,0.0,0.0,0.0,0.0,0.0,0.0,0.0,0.0,0.0,False,12.0,7.878626280370324,10.01621359129346,0.0,False,29.0,1.1999999999999995,11.0,b6e689e3635ab7ea13515cc4e48740ed36142cf6351c7a74e056a92664b220fa,12.0,1.0,12.0,1e-09,True,True,False,False,False,False,False,False,True,True,True,True,1.0,13.0,7.0,0.0,1.0,0.5,0.0769230769230769,0.6923076923076923,0.8461538461538461
2017-07-01 22:00:00+00:00,3.2,0.0,0.16,0.0,0.7000000000000002,0.0,0.7000000000000002,0.7368421052631583,2.220446049250313e-16,0.0,0.0,2.5,0.0,0.7000000000000002,0.4,0.007,0.0,0.1326315789473684,0.407,0.5396315789473685,0.0,0.0,0.0,0.407,cvar_0.5,False,7.355573686359757,8.764468725653568,9.917010856738113,8.636292271548935,0.3132625999860465,1.0658141036401504e-14,,0.0,False,deficit_discharge,sampled,2.5,42,deficit_discharge_48h,summer,0.5,True,2017-07-01 22:00:00+00:00,2017-07-01 22:00:00+00:00,0.0,0.0,0.0,0.0,0.0,0.0,0.0,0.0,0.0,False,12.0,7.355573686359757,9.917010856738113,0.0,False,29.0,1.1999999999999995,10.0,c870e58bbf6e11fa9913e9039643ce844a4e258e4f0908fc4b4f334c29a7369e,12.0,1.0,12.0,1e-09,True,True,False,False,False,False,False,False,True,True,True,True,1.0,13.0,7.0,0.0,1.0,0.5,0.0769230769230769,0.6923076923076923,0.8461538461538461
2017-07-01 23:00:00+00:00,2.35,0.0,0.16,0.1500000000000001,0.0,0.1499999999999999,0.0,2.220446049250313e-16,0.1425000000000001,0.0,0.0,2.5,0.0,0.1499999999999999,0.4,0.0014999999999999,0.0,-0.0256499999999999,0.4015,0.37585,2.220446049250313e-16,0.0,0.0,0.4015,cvar_0.5,False,8.605717032253322,10.158378008716792,10.199857228778152,9.402787130515735,0.374316000030376,1.7763568394002505e-15,,0.0,False,deficit_discharge,sampled,2.5,42,deficit_discharge_48h,summer,0.5,True,2017-07-01 23:00:00+00:00,2017-07-01 23:00:00+00:00,0.0,0.0,0.0,0.0,0.0,0.0,0.0,0.0,0.0,False,12.0,8.605717032253322,10.199857228778152,0.0,False,29.0,1.1999999999999995,10.0,29169b5ced12862af94a967d033a0f85ca59f0cba310cc3867d460b65e7e8e51,12.0,1.0,12.0,1e-09,True,True,False,False,False,False,False,False,True,True,True,True,1.0,13.0,7.0,0.0,1.0,0.5,0.0769230769230769,0.6923076923076923,0.8461538461538461
2017-07-02 00:00:00+00:00,2.35,0.0,0.16,0.1499999999999999,0.0,0.1499999999999999,0.0,0.1425000000000001,0.285,0.0,0.0,2.5,0.0,0.1499999999999999,0.4,0.0014999999999999,0.0,-0.0256499999999999,0.4015,0.37585,0.0,0.0,0.0,0.4015,cvar_0.5,False,8.339788965612467,9.692013856985186,9.692013856985186,9.015901411298827,0.3862413000315428,5.773159728050814e-15,,0.0,False,deficit_discharge,sampled,2.5,42,deficit_discharge_48h,summer,0.5,True,2017-07-02 00:00:00+00:00,2017-07-02 00:00:00+00:00,0.0,0.0,0.0,0.0,0.0,0.0,0.0,0.0,0.0,False,12.0,8.339788965612467,9.692013856985186,0.0,False,29.0,1.1999999999999995,9.0,86f7da3775e22237ec4d3fb0ad95df001e85c7e3de98499e7118b241cde81a40,12.0,1.0,12.0,1e-09,True,True,False,False,False,False,False,False,True,True,True,True,1.0,13.0,7.0,0.0,1.0,0.5,0.0769230769230769,0.6923076923076923,0.8461538461538461
2017-07-02 01:00:00+00:00,2.35,0.0,0.16,0.1499999999999999,0.0,0.1499999999999999,0.0,0.285,0.4274999999999999,0.0,0.0,2.5,0.0,0.1499999999999999,0.4,0.0014999999999999,0.0,-0.0256499999999999,0.4015,0.37585,0.0,0.0,0.0,0.4015,cvar_0.5,False,7.995324617466968,9.651763856985182,9.793801557018831,8.8945630872429,0.4414579999865964,4.0634162701280736e-14,,0.0,False,deficit_discharge,sampled,2.5,42,deficit_discharge_48h,summer,0.5,True,2017-07-02 01:00:00+00:00,2017-07-02 01:00:00+00:00,0.0,0.0,0.0,0.0,0.0,0.0,0.0,0.0,0.0,False,12.0,7.995324617466968,9.793801557018831,0.0,False,29.0,1.1999999999999995,10.0,1a2c2c7044b769b1c061a4d44d984a66de2d979cacbdd80a98e8e7ef7c2a843c,12.0,1.0,12.0,1e-09,True,True,False,False,False,False,False,False,True,True,True,True,1.0,13.0,7.0,0.0,1.0,0.5,0.0769230769230769,0.6923076923076923,0.8461538461538461
2017-07-02 02:00:00+00:00,2.35,0.0,0.16,0.1499999999999999,0.0,0.1499999999999999,0.0,0.4274999999999999,0.5699999999999998,0.0,0.0,2.5,0.0,0.1499999999999999,0.4,0.0014999999999999,0.0,-0.0256499999999999,0.4015,0.37585,0.0,0.0,0.0,0.4015,cvar_0.5,False,7.541571680145607,8.694827451415339,8.736850844698866,8.139211262422236,0.2976159000536427,2.220446049250313e-15,,0.0,False,deficit_discharge,sampled,2.5,42,deficit_discharge_48h,summer,0.5,True,2017-07-02 02:00:00+00:00,2017-07-02 02:00:00+00:00,0.0,0.0,0.0,0.0,0.0,0.0,0.0,0.0,0.0,False,12.0,7.541571680145607,8.736850844698866,0.0,False,29.0,1.1999999999999995,8.0,56a9b4b164ca7d6f49a104c2ccca2b267b22bab521634cd1f9d90f1163b1fdcc,12.0,1.0,12.0,1e-09,True,True,False,False,False,False,False,False,True,True,True,True,1.0,13.0,7.0,0.0,1.0,0.5,0.0769230769230769,0.6923076923076923,0.8461538461538461
2017-07-02 03:00:00+00:00,2.35,0.0,0.16,0.1499999999999999,0.0,0.1499999999999999,0.0,0.5699999999999998,0.7124999999999997,0.0,0.0,2.5,0.0,0.1499999999999999,0.4,0.0014999999999999,0.0,-0.0256499999999999,0.4015,0.3758500000000001,0.0,0.0,0.0,0.4015,cvar_0.5,False,8.175902099961771,10.037628008716796,10.079107228778152,9.127504664369962,0.3209618999389931,2.220446049250313e-15,,0.0,False,deficit_discharge,sampled,2.5,42,deficit_discharge_48h,summer,0.5,True,2017-07-02 03:00:00+00:00,2017-07-02 03:00:00+00:00,0.0,0.0,0.0007556733630952,0.0,0.0045340401785714,0.0,0.0045340401785714,0.0016897370086668,0.0,False,12.0,8.175902099961771,10.079107228778152,0.0,False,29.0,1.1999999999999995,11.0,e39049820c01459aef7fd38ebd0b800e0bfa31a8d8753c9c33c5603281edef16,12.0,2.0,10.0,1e-09,True,True,False,False,False,False,False,False,True,False,True,False,1.0,11.0,6.0,0.0,0.8461538461538461,0.4230769230769231,0.0769230769230769,0.6923076923076923,0.8461538461538461
2017-07-02 04:00:00+00:00,2.35,0.009765625,0.16,0.1531389508928571,0.0,0.1531389508928571,0.0,0.7124999999999997,0.857982003348214,0.009765625,0.0,2.493373325892857,0.0,0.1531389508928571,0.3989397321428571,0.0015313895089285,0.0,-0.0261867606026785,0.4004711216517857,0.3742843610491072,0.0,0.0,0.0,0.4004711216517857,cvar_0.5,False,7.0967058323649495,7.724381105158042,9.618965462104326,8.357835647234637,0.3602799999061972,1.199040866595169e-14,,0.0,False,deficit_discharge,sampled,2.5,42,deficit_discharge_48h,summer,0.5,True,2017-07-02 04:00:00+00:00,2017-07-02 04:00:00+00:00,0.0,0.0270786830357142,0.0479910714285714,0.0031389508928571,0.0788225446428571,0.0126953125,0.0788225446428571,0.0260330912685124,0.0173130580357142,True,12.0,7.0967058323649495,9.618965462104326,0.0,False,29.0,1.1999999999999995,9.0,0c95ac4e9b9a5e34f5c7b32519396713a10ccc1c5b57e3d2d2683a900520c320,12.0,9.0,0.0,1e-09,True,False,True,False,False,False,True,False,False,False,False,False,2.0,2.0,2.0,0.0769230769230769,0.1538461538461538,0.1153846153846153,0.0769230769230769,0.6923076923076923,0.8461538461538461
2017-07-02 05:00:00+00:00,2.35,0.060546875,0.16,0.1827845982142855,0.0,0.1827845982142855,0.0,0.857982003348214,1.0316273716517852,0.060546875,0.0,2.4722377232142856,0.0,0.1827845982142855,0.3955580357142857,0.0018278459821428,0.0,-0.0312561662946428,0.3973858816964286,0.3661297154017857,0.0,0.0,0.0,0.3973858816964286,cvar_0.5,False,7.620862082371902,9.413044791962944,9.413044791962944,8.516953437167423,0.3802550999680534,6.217248937900877e-15,,0.0,False,deficit_discharge,sampled,2.5,42,deficit_discharge_48h,summer,0.5,True,2017-07-02 05:00:00+00:00,2017-07-02 05:00:00+00:00,0.0,0.1216750372023809,0.1233433314732143,0.0327845982142857,0.3074776785714286,0.0505719866071428,0.3074776785714286,0.0886664400587429,0.0611281622023809,True,12.0,7.620862082371902,9.413044791962944,0.0,False,29.0,1.1999999999999995,9.0,d2bd76c28c0b855f95b2f33dabd9217c8a1c69af6ba3d442c5ab494386130a24,12.0,9.0,0.0,1e-09,True,True,True,True,False,False,False,False,False,False,False,False,5.0,5.0,5.0,0.3076923076923077,0.3846153846153846,0.3461538461538461,0.0769230769230769,0.6923076923076923,0.8461538461538461
2017-07-02 06:00:00+00:00,2.8000000000000003,0.1396484375,0.16,0.0,0.2420340401785718,0.0,0.2420340401785718,1.0316273716517852,0.7768546977796043,0.1396484375,0.0,2.4183175223214284,0.0,0.2420340401785718,0.3869308035714285,0.0024203404017857,0.0,0.0458590812969925,0.3893511439732143,0.4352102252702068,0.0,0.0,0.0,0.3893511439732143,cvar_0.5,False,7.463841699215181,8.233933477589172,9.623588723797956,8.54371521150657,0.3256381000392139,3.108624468950439e-15,,0.0,False,deficit_discharge,sampled,2.5,42,deficit_discharge_48h,summer,0.5,True,2017-07-02 06:00:00+00:00,2017-07-02 06:00:00+00:00,0.0,0.2891880580357142,0.3016531808035714,0.0579659598214284,0.48388671875,0.1030273437499999,0.4704938616071428,0.1369453902013488,0.1495396205357142,True,12.0,7.463841699215181,9.623588723797956,0.0,False,29.0,1.1999999999999995,10.0,eb4057554ccff85cd06e3d6137a6bb886bfa7704fe699da577adcda8311e3dbf,12.0,10.0,0.0,1e-09,True,True,True,True,False,False,False,False,False,False,False,False,3.0,3.0,3.0,0.1538461538461538,0.2307692307692307,0.1923076923076923,0.0769230769230769,0.6923076923076923,0.8461538461538461
2017-07-02 07:00:00+00:00,2.8000000000000003,0.4599609375,0.16,0.0736746651785709,0.0,0.0736746651785709,0.0,0.7768546977796043,0.8468456296992466,0.4599609375,0.0,2.413713727678571,0.0,0.0736746651785709,0.3861941964285714,0.0007367466517857,0.0,-0.0125983677455356,0.3869309430803571,0.3743325753348214,0.0,0.0,0.0,0.3869309430803571,cvar_0.5,False,7.571395958893007,9.809136054465936,9.809136054465936,8.69026600667947,0.3445071000605821,7.993605777301127e-15,,0.0,False,deficit_discharge,sampled,2.5,42,deficit_discharge_48h,summer,0.5,True,2017-07-02 07:00:00+00:00,2017-07-02 07:00:00+00:00,0.0,0.7544212704613096,0.7754196893601191,0.3736746651785714,1.1260463169642858,0.3736746651785714,0.96630859375,0.2331806823573329,0.2944603329613096,True,12.0,7.571395958893007,9.809136054465936,0.0,False,29.0,1.1999999999999995,10.0,5d684e824e5c5c2d6a8d8a75afd47ac6fda9d4844a58c744565f5f42625799ef,12.0,10.0,0.0,1e-09,True,True,True,True,False,False,False,False,False,False,False,False,3.0,3.0,3.0,0.1538461538461538,0.2307692307692307,0.1923076923076923,0.0769230769230769,0.6923076923076923,0.8461538461538461
2017-07-02 08:00:00+00:00,2.8000000000000003,0.560546875,0.175,0.0,0.0113560267857146,0.0,0.0113560267857146,0.8468456296992466,0.8348919172932311,0.560546875,0.0,2.2280970982142856,0.0,0.0113560267857146,0.3899169921875,0.0001135602678571,0.0,0.0021516682330827,0.3900305524553571,0.3921822206884399,0.0,0.0,0.0,0.3900305524553571,cvar_0.5,False,7.599367324259839,9.257493878733378,9.7788316191791,8.68909947171947,0.3626000999938696,3.3306690738754696e-15,,0.0,False,deficit_discharge,sampled,2.5,42,deficit_discharge_48h,summer,0.5,True,2017-07-02 08:00:00+00:00,2017-07-02 08:00:00+00:00,0.0,1.3694382440476192,1.1286621093750002,0.2886439732142858,1.9989536830357144,0.46875,1.7360491071428572,0.5636475071825066,0.8088913690476192,True,12.0,7.599367324259839,9.7788316191791,0.0,False,29.0,1.1999999999999995,12.0,c916267c7429b45c7bd186ad2c19ce48996ba10377c51c7f42b07eac69fb3583,12.0,12.0,0.0,1e-09,True,True,True,True,False,False,False,False,False,False,False,False,4.0,4.0,4.0,0.2307692307692307,0.3076923076923077,0.2692307692307693,0.0769230769230769,0.6923076923076923,0.8461538461538461
2017-07-02 09:00:00+00:00,2.35,0.3095703125,0.175,0.2950195312499999,0.0,0.2950195312499999,0.0,0.8348919172932311,1.1151604719807309,0.3095703125,0.0,2.33544921875,0.0,0.2950195312499999,0.40870361328125,0.0029501953124999,0.0,-0.0504483398437499,0.41165380859375,0.36120546875,0.0,0.0,0.0,0.41165380859375,cvar_0.5,False,7.119015375306473,7.686500039894661,7.825996909010938,7.472506142158705,0.3894376000389457,3.552713678800501e-15,,0.0,False,deficit_discharge,sampled,2.5,42,deficit_discharge_48h,summer,0.5,True,2017-07-02 09:00:00+00:00,2017-07-02 09:00:00+00:00,0.0,1.9163190569196429,2.087832496279762,1.3221261160714288,2.64501953125,1.3776506696428572,2.5166015625,0.4160152837064293,1.6067487444196429,True,12.0,7.119015375306473,7.825996909010938,0.0,False,29.0,1.1999999999999995,11.0,bb0f482e98b8485500cc6cd24be94be327ad33b4d876f7c3dc993f7bf1b1a0d5,12.0,11.0,0.0,1e-09,False,False,False,False,True,False,True,False,False,False,False,False,1.0,1.0,1.0,0.0,0.0769230769230769,0.0384615384615384,0.0769230769230769,0.6923076923076923,0.8461538461538461
2017-07-02 10:00:00+00:00,2.35,0.4951171875,0.175,0.6553013392857143,0.0,0.6451171874999999,0.0,1.1151604719807309,1.7280218001057308,0.4951171875,0.0,2.5,0.0,0.6451171874999999,0.4375,0.0064511718749999,0.0,-0.1103150390624999,0.443951171875,0.3336361328125,0.0101841517857144,0.0,0.0,0.443951171875,cvar_0.5,False,7.560706199058818,9.091195287354903,9.715898924274091,8.638302561666455,0.3053624000167474,2.3758772726978356e-14,,0.0,False,deficit_discharge,sampled,2.5,42,deficit_discharge_48h,summer,0.5,True,2017-07-02 10:00:00+00:00,2017-07-02 10:00:00+00:00,0.0,2.252942475818452,2.308558872767857,0.5053013392857144,3.6021205357142856,0.5053013392857144,3.432407924107143,1.0759515799065578,1.7578252883184522,True,12.0,7.560706199058818,9.715898924274091,0.0,False,29.0,1.1999999999999995,11.0,18a58d5ca59e2512e375c547a880d994726c3a5aa584c3e450a363f1d666e505,12.0,11.0,0.0,1e-09,False,False,False,False,True,False,True,False,False,False,False,False,1.0,1.0,1.0,0.0,0.0769230769230769,0.0384615384615384,0.0769230769230769,0.6923076923076923,0.8461538461538461
2017-07-02 11:00:00+00:00,2.35,0.5947265625,0.175,1.1826450892857143,0.0,0.7447265624999999,0.0,1.7280218001057308,2.435512034480731,0.5947265625,0.0,2.5,0.0,0.7447265624999999,0.4375,0.0074472656249999,0.0,-0.1273482421875,0.444947265625,0.3175990234375,0.4379185267857144,0.0,0.0,0.444947265625,cvar_0.5,False,7.141136090734232,7.89255207923695,9.109889051707276,8.125512571220753,0.2986664000200107,3.9968028886505635e-15,,0.0,False,deficit_discharge,sampled,2.5,42,deficit_discharge_48h,summer,0.5,True,2017-07-02 11:00:00+00:00,2017-07-02 11:00:00+00:00,0.0,2.441838727678572,2.635021391369048,1.0326450892857144,3.948590959821429,1.2880161830357144,3.6088169642857135,0.9628982605053072,1.847112165178572,True,12.0,7.141136090734232,9.109889051707276,0.0,False,29.0,1.1999999999999995,11.0,e74736c603637d28ef5cdacc4e5bacf868125f1a1284e8d0a5c6c99c0cfc14c9,12.0,11.0,0.0,1e-09,False,False,False,False,True,False,True,False,False,False,False,False,1.0,1.0,1.0,0.0,0.0769230769230769,0.0384615384615384,0.0769230769230769,0.6923076923076923,0.8461538461538461
2017-07-02 12:00:00+00:00,2.35,0.515625,0.175,1.567550223214286,0.0,0.6656249999999999,0.0,2.435512034480731,3.067855784480731,0.515625,0.0,2.5,0.0,0.6656249999999999,0.4375,0.0066562499999999,0.0,-0.1138218749999999,0.44415625,0.3303343749999999,0.901925223214286,0.0,0.0,0.44415625,cvar_0.5,False,7.470078993413561,8.588185801063364,9.060393149745552,8.265236071579556,0.3423468000255525,2.664535259100376e-15,,0.0,False,deficit_discharge,sampled,2.5,42,deficit_discharge_48h,summer,0.5,True,2017-07-02 12:00:00+00:00,2017-07-02 12:00:00+00:00,0.0,2.535423642113096,2.8890206473214284,1.417550223214286,4.074776785714286,1.5525948660714284,3.463099888392857,0.7803780289284872,2.019798642113096,True,12.0,7.470078993413561,9.060393149745552,0.0,False,29.0,1.1999999999999995,9.0,e9702993f2f1d0dd3bf4576223286392cf6e318e6105c014d61aa5a6076ad943,12.0,9.0,0.0,1e-09,False,False,False,False,True,False,True,False,False,False,False,False,1.0,1.0,1.0,0.0,0.0769230769230769,0.0384615384615384,0.0769230769230769,0.6923076923076923,0.8461538461538461
2017-07-02 13:00:00+00:00,2.35,0.5947265625,0.175,1.0858863724896153,0.0,0.7447265624999999,0.0,3.067855784480731,3.77534601885573,0.5947265625,0.0,2.5,0.0,0.7447265624999999,0.4375,0.0074472656249999,0.0,-0.1273482421874999,0.444947265625,0.3175990234375,0.3411598099896153,0.0,0.0,0.444947265625,cvar_0.5,False,7.268697874807548,8.940195919112648,8.940195919112648,8.104446896960098,0.4478013000916689,7.7937656328686e-14,,0.0,False,deficit_discharge,sampled,2.5,42,deficit_discharge_48h,summer,0.5,True,2017-07-02 13:00:00+00:00,2017-07-02 13:00:00+00:00,0.0,2.4962483723958333,2.712268647693453,1.3195452008928572,3.82763671875,1.3195452008928572,3.272112165178572,0.7204646224523468,1.9015218098958333,True,12.0,7.268697874807548,8.940195919112648,0.0,False,29.0,1.1999999999999995,10.0,43176ea5ace84af611392d3dcf8e61db7f5d487c0038add788b445caab5fe952,12.0,10.0,0.0,1e-09,False,False,False,False,True,False,True,False,False,False,False,False,1.0,1.0,1.0,0.0,0.0769230769230769,0.0384615384615384,0.0769230769230769,0.6923076923076923,0.8461538461538461
2017-07-02 14:00:00+00:00,2.35,0.2646484375,0.175,0.1499999999999999,0.0,0.1499999999999999,0.0,3.77534601885573,3.91784601885573,0.2646484375,0.0,2.2353515625,0.0,0.1499999999999999,0.3911865234375,0.0014999999999999,0.0,-0.02565,0.3926865234375,0.3670365234375,0.0,0.0,0.0,0.3926865234375,cvar_0.5,False,7.4936334086982415,9.08366508166232,9.119406257840671,8.306519833269457,0.3455229001119733,3.552713678800501e-15,,0.0,False,deficit_discharge,sampled,2.5,42,deficit_discharge_48h,summer,0.5,True,2017-07-02 14:00:00+00:00,2017-07-02 14:00:00+00:00,0.0,1.8586449032738093,1.6997128441220235,0.0,2.85302734375,0.0,2.85302734375,1.1203698815384913,1.5939964657738095,True,12.0,7.4936334086982415,9.119406257840671,0.0,False,29.0,1.1999999999999995,8.0,c81ee65fcd3044b76030fe50228263e89e2a0b2f81092afcf3303e6d47317e47,12.0,7.0,0.0,1e-09,True,True,True,True,False,False,False,False,False,False,False,False,4.0,4.0,4.0,0.2307692307692307,0.3076923076923077,0.2692307692307693,0.0769230769230769,0.6923076923076923,0.8461538461538461
2017-07-02 15:00:00+00:00,2.35,0.46484375,0.175,0.2125053716734305,0.0,0.2125053716734305,0.0,3.91784601885573,4.11972612194549,0.46484375,0.0,2.0976616216734305,0.0,0.2125053716734305,0.3670907837928503,0.0021250537167343,0.0,-0.0363384185561567,0.3692158375095846,0.3328774189534279,0.0,0.0,-1.3877787807814454e-16,0.3692158375095846,cvar_0.5,False,7.361960795272497,8.924792755855254,9.498422671607363,8.43019173343993,0.4040532999206334,3.552713678800501e-15,,0.0,False,deficit_discharge,sampled,2.5,42,deficit_discharge_48h,summer,0.5,True,2017-07-02 15:00:00+00:00,2017-07-02 15:00:00+00:00,0.0,1.301870582217262,1.3334786551339286,0.2168666294642858,2.254115513392857,0.3043387276785716,2.254115513392857,0.8293135561267336,0.837026832217262,True,12.0,7.361960795272497,9.498422671607363,0.0,False,29.0,1.1999999999999995,9.0,97f53ba5f186d118dd7a40fb7193c327eba95c06b801d3ffd84b305580817ada,12.0,9.0,0.0,1e-09,True,True,True,True,False,False,False,False,False,False,False,False,5.0,5.0,5.0,0.3076923076923077,0.3846153846153846,0.3461538461538461,0.0769230769230769,0.6923076923076923,0.8461538461538461
2017-07-02 16:00:00+00:00,2.35,0.23046875,0.175,0.0074064169469722,0.0,0.0074064169469722,0.0,4.11972612194549,4.126762218045114,0.23046875,0.0,2.126937666946972,0.0,0.0074064169469722,0.3722140917157201,7.406416946972248e-05,0.0,-0.0012664972979322,0.3722881558851898,0.3710216585872575,0.0,0.0,-1.6393136847980827e-16,0.3722881558851898,cvar_0.5,False,7.578462614298885,9.31652198423047,9.607812044606836,8.59313732945286,0.4864410000154748,3.3306690738754696e-15,,0.0,False,deficit_discharge,sampled,2.5,42,deficit_discharge_48h,summer,0.5,True,2017-07-02 16:00:00+00:00,2017-07-02 16:00:00+00:00,0.0,0.7669910249255952,1.0011683872767858,0.3572823660714285,1.50537109375,0.5016741071428571,1.4650530133928572,0.4117151539344923,0.5365222749255952,True,12.0,7.578462614298885,9.607812044606836,0.0,False,29.0,1.1999999999999995,11.0,fe81e8f445bb889104568fe69d137392d8bc7c4d2551094cc3a783fb737f3d39,12.0,11.0,0.0,1e-09,False,False,False,False,True,False,True,False,False,False,False,False,1.0,1.0,1.0,0.0,0.0769230769230769,0.0384615384615384,0.0769230769230769,0.6923076923076923,0.8461538461538461
2017-07-02 17:00:00+00:00,3.2,0.1044921875,0.2,0.0,0.4663351424914128,0.0,0.5955078125000002,4.126762218045114,3.499911889097745,0.1044921875,0.0,2.5,0.0,0.5955078125000002,0.5,0.005955078125,0.0,0.1128330592105263,0.505955078125,0.6187881373355263,0.0,0.0,0.0,0.505955078125,cvar_0.5,False,7.203634956633935,9.203494831806076,9.203494831806076,8.203564894220007,0.4551101999823004,6.061817714453356e-14,,0.1291726700085873,False,deficit_discharge,sampled,2.5,42,deficit_discharge_48h,summer,0.5,True,2017-07-02 17:00:00+00:00,2017-07-02 17:00:00+00:00,0.0,0.3274925595238095,0.4419061569940476,0.1512974330357143,0.7201450892857143,0.1576450892857143,0.6817103794642857,0.2057595640729704,0.2230003720238095,True,12.0,7.203634956633935,9.203494831806076,0.0,False,29.0,1.1999999999999995,10.0,1398a5eb67287eae422b9b864a446248f200ad3c2574c31f5e8b302e357b170b,12.0,10.0,0.0,1e-09,False,False,False,False,True,False,True,False,False,False,False,False,1.0,1.0,1.0,0.0,0.0769230769230769,0.0384615384615384,0.0769230769230769,0.6923076923076923,0.8461538461538461
2017-07-02 18:00:00+00:00,3.2,0.015625,0.2,0.0,0.5897879464285718,0.0,0.6843750000000002,3.499911889097745,2.7795171522556394,0.015625,0.0,2.5,0.0,0.6843750000000002,0.5,0.00684375,0.0,0.129671052631579,0.50684375,0.636514802631579,0.0,0.0,0.0,0.50684375,cvar_0.5,False,7.858457236023203,9.7929033885495,10.168700150198497,9.01357869311085,0.6163397000636905,6.52811138479592e-14,,0.0945870535714283,False,deficit_discharge,sampled,2.5,42,deficit_discharge_48h,summer,0.5,True,2017-07-02 18:00:00+00:00,2017-07-02 18:00:00+00:00,0.0,0.0416852678571428,0.0706263950892857,0.0088588169642857,0.1102120535714285,0.0254603794642857,0.1099330357142857,0.0324662198486698,0.0260602678571428,True,12.0,7.858457236023203,10.168700150198497,0.0,False,29.0,1.1999999999999995,10.0,186b0bb850a2718f8336e643d0fecdc3a6e9e2e8b4b05411a1b1ad45591c4a38,12.0,10.0,0.0,1e-09,True,False,True,False,False,False,True,False,False,False,False,False,2.0,2.0,2.0,0.0769230769230769,0.1538461538461538,0.1153846153846153,0.0769230769230769,0.6923076923076923,0.8461538461538461
2017-07-02 19:00:00+00:00,3.2,0.0,0.2,0.0,0.6749581473214286,0.0,0.7000000000000002,2.7795171522556394,2.042675046992481,0.0,0.0,2.5,0.0,0.7000000000000002,0.5,0.007,0.0,0.1326315789473684,0.507,0.6396315789473684,0.0,0.0,0.0,0.507,cvar_0.5,False,9.03629962113383,10.423378102054452,10.851120696746142,9.943710158939986,0.2807734999805689,3.552713678800501e-15,,0.0250418526785716,False,deficit_discharge,sampled,2.5,42,deficit_discharge_48h,summer,0.5,True,2017-07-02 19:00:00+00:00,2017-07-02 19:00:00+00:00,0.0,0.0,0.0023425874255952,0.0,0.0250418526785714,0.0,0.0030691964285714,0.006896023988102,0.0,False,12.0,9.03629962113383,10.851120696746142,0.0,False,29.0,1.1999999999999995,9.0,5019d9956cc7f4406ef7cdb1ee86d0ae54b3ab63621f562d438b3b6c0cc2354a,12.0,3.0,10.0,1e-09,True,True,False,False,False,False,False,False,True,False,True,False,1.0,11.0,6.0,0.0,0.8461538461538461,0.4230769230769231,0.0769230769230769,0.6923076923076923,0.8461538461538461
2017-07-02 20:00:00+00:00,3.2,0.0,0.2,0.0,0.7000000000000002,0.0,0.7000000000000002,2.042675046992481,1.3058329417293235,0.0,0.0,2.5,0.0,0.7000000000000002,0.5,0.007,0.0,0.1326315789473684,0.507,0.6396315789473684,0.0,0.0,0.0,0.507,cvar_0.5,False,8.466349133171269,10.17565534332658,10.51985565392771,9.493102393549488,0.5515152999432757,9.059419880941277e-14,,0.0,False,deficit_discharge,sampled,2.5,42,deficit_discharge_48h,summer,0.5,True,2017-07-02 20:00:00+00:00,2017-07-02 20:00:00+00:00,0.0,0.0,0.0,0.0,0.0,0.0,0.0,0.0,0.0,False,12.0,8.466349133171269,10.51985565392771,0.0,False,29.0,1.1999999999999995,11.0,f00b47d910b0f4e151b7cb3d55d081af651731ff7cd1961d16dd1e055b224b97,12.0,1.0,12.0,1e-09,True,True,False,False,False,False,False,False,True,True,True,True,1.0,13.0,7.0,0.0,1.0,0.5,0.0769230769230769,0.6923076923076923,0.8461538461538461
2017-07-02 21:00:00+00:00,3.2,0.0,0.2,0.0,0.7000000000000002,0.0,0.7000000000000002,1.3058329417293235,0.5689908364661654,0.0,0.0,2.5,0.0,0.7000000000000002,0.5,0.007,0.0,0.1326315789473684,0.507,0.6396315789473684,0.0,0.0,0.0,0.507,cvar_0.5,False,8.130950078744531,9.164805660538066,9.96577036884815,9.04836022379634,0.4543639000039547,6.661338147750939e-15,,0.0,False,deficit_discharge,sampled,2.5,42,deficit_discharge_48h,summer,0.5,True,2017-07-02 21:00:00+00:00,2017-07-02 21:00:00+00:00,0.0,0.0,0.0,0.0,0.0,0.0,0.0,0.0,0.0,False,12.0,8.130950078744531,9.96577036884815,0.0,False,29.0,1.1999999999999995,11.0,ce2668cf8ee39e390f70df71ae13dbffaf4f9a71044cd2fda2e599e4b78a843f,12.0,1.0,12.0,1e-09,True,True,False,False,False,False,False,False,True,True,True,True,1.0,13.0,7.0,0.0,1.0,0.5,0.0769230769230769,0.6923076923076923,0.8461538461538461
2017-07-02 22:00:00+00:00,3.2,0.0,0.16,0.0,0.5405412946428572,0.0,0.540541294642857,0.5689908364661654,1.1102230246251563e-16,0.0,0.0,2.5,0.1594587053571432,0.540541294642857,0.4,0.0054054129464285,1.5945870535714324,0.1024183505639097,1.999992466517861,2.1024108170817706,0.0,1.1102230246251563e-16,0.0,0.4054054129464285,cvar_0.5,False,8.52582934328008,10.4894325581532,10.738568171004298,9.632198757142188,0.282240999978967,4.729550084903168e-14,,0.0,False,deficit_discharge,sampled,2.5,42,deficit_discharge_48h,summer,0.5,True,2017-07-02 22:00:00+00:00,2017-07-02 22:00:00+00:00,0.0,0.0,0.0,0.0,0.0,0.0,0.0,0.0,0.0,False,12.0,8.52582934328008,10.738568171004298,0.0,False,29.0,1.1999999999999995,12.0,0b563aeb2bc3997f17ce0e67fe36470c7bd1dec3e2834eb35ba6ffe841e86b0a,12.0,1.0,12.0,1e-09,True,True,False,False,False,False,False,False,True,True,True,True,1.0,13.0,7.0,0.0,1.0,0.5,0.0769230769230769,0.6923076923076923,0.8461538461538461
2017-07-02 23:00:00+00:00,2.35,0.0,0.16,0.1499999999999998,0.0,0.1499999999999998,0.0,1.1102230246251563e-16,0.1424999999999999,0.0,0.0,2.5,0.0,0.1499999999999998,0.4,0.0014999999999999,0.0,-0.0256499999999999,0.4015,0.3758500000000001,0.0,0.0,8.326672684688674e-17,0.4015,cvar_0.5,False,7.5367271276118,9.175984476492744,9.175984476492744,8.356355802052272,0.3852962999371812,8.881784197001252e-16,,0.0,False,deficit_discharge,sampled,2.5,42,deficit_discharge_48h,summer,0.5,True,2017-07-02 23:00:00+00:00,2017-07-02 23:00:00+00:00,0.0,0.0,0.0,0.0,0.0,0.0,0.0,0.0,0.0,False,12.0,7.5367271276118,9.175984476492744,0.0,False,29.0,1.1999999999999995,11.0,8217a4ac4f5322a90bee56e07bb9862eb543022554b2e33074f4312d17cfbea2,12.0,1.0,12.0,1e-09,True,True,False,False,False,False,False,False,True,True,True,True,1.0,13.0,7.0,0.0,1.0,0.5,0.0769230769230769,0.6923076923076923,0.8461538461538461
