experiment,window,grid_limit_kw,seed,forecast_lead_hours,population,sample_count,mae_kw,bias_forecast_minus_actual_kw,rmse_kw,p10_p90_coverage,ensemble_range_coverage,below_ensemble_min_fraction,mean_p10_p90_width_kw
main,winter,2.5,42,0,all_hours,168,0.1621970455662734,0.1491839350486288,0.3336207135666682,0.8869047619047619,0.9702380952380952,0.023809523809523808,0.3540155319940476
main,winter,2.5,42,0,daylight_proxy,84,0.3243940911325468,0.29836787009725774,0.4718109378145718,0.7738095238095238,0.9404761904761905,0.047619047619047616,0.7080310639880952
main,winter,2.5,42,1,all_hours,168,0.1621970455662734,0.1491839350486288,0.33362071356666817,0.9047619047619048,0.9523809523809523,0.03571428571428571,0.3582066127232143
main,winter,2.5,42,1,daylight_proxy,84,0.3243940911325468,0.29836787009725774,0.4718109378145718,0.8095238095238095,0.9047619047619048,0.07142857142857142,0.7164132254464286
main,winter,2.5,42,2,all_hours,168,0.16219704556627337,0.1491839350486288,0.3336207135666682,0.9047619047619048,0.9583333333333334,0.03571428571428571,0.3674283189838435
main,winter,2.5,42,2,daylight_proxy,84,0.3243940911325468,0.29836787009725774,0.4718109378145718,0.8095238095238095,0.9166666666666666,0.07142857142857142,0.7348566379676871
main,winter,2.5,42,3,all_hours,168,0.1621970455662734,0.1491839350486288,0.3336207135666682,0.8928571428571429,0.9642857142857143,0.02976190476190476,0.3581800395939626
main,winter,2.5,42,3,daylight_proxy,84,0.3243940911325468,0.29836787009725774,0.4718109378145718,0.7857142857142857,0.9285714285714286,0.05952380952380952,0.7163600791879252
main,winter,2.5,42,4,all_hours,168,0.1621970455662734,0.1491839350486288,0.3336207135666682,0.9107142857142857,0.9642857142857143,0.02976190476190476,0.37159822425063777
main,winter,2.5,42,4,daylight_proxy,84,0.3243940911325468,0.29836787009725774,0.4718109378145718,0.8214285714285714,0.9285714285714286,0.05952380952380952,0.7431964485012755
main,winter,2.5,42,5,all_hours,168,0.1621970455662734,0.1491839350486288,0.3336207135666682,0.8988095238095238,0.9523809523809523,0.03571428571428571,0.38003394717261907
main,winter,2.5,42,5,daylight_proxy,84,0.3243940911325468,0.29836787009725774,0.4718109378145718,0.7976190476190477,0.9047619047619048,0.07142857142857142,0.7600678943452381
main,winter,2.5,42,6,all_hours,168,0.16219704556627337,0.1491839350486288,0.3336207135666682,0.8988095238095238,0.9642857142857143,0.02976190476190476,0.3566657864317602
main,winter,2.5,42,6,daylight_proxy,84,0.3243940911325468,0.2983678700972577,0.47181093781457184,0.7976190476190477,0.9285714285714286,0.05952380952380952,0.7133315728635206
main,winter,2.5,42,7,all_hours,168,0.16219704556627337,0.1491839350486288,0.3336207135666682,0.8809523809523809,0.9464285714285714,0.03571428571428571,0.366656037414966
main,winter,2.5,42,7,daylight_proxy,84,0.3243940911325468,0.2983678700972576,0.47181093781457184,0.7619047619047619,0.8928571428571429,0.07142857142857142,0.733312074829932
main,winter,2.5,42,8,all_hours,168,0.1621355952048788,0.14912248468723424,0.3336025221125435,0.9047619047619048,0.9583333333333334,0.02976190476190476,0.368077699829932
main,winter,2.5,42,8,daylight_proxy,84,0.3242711904097576,0.2982449693744685,0.4717852112134294,0.8095238095238095,0.9166666666666666,0.05952380952380952,0.736155399659864
main,winter,2.5,42,9,all_hours,168,0.16202307461070364,0.1490099640930591,0.33350994407806706,0.9107142857142857,0.9464285714285714,0.041666666666666664,0.3815888904389881
main,winter,2.5,42,9,daylight_proxy,84,0.3240461492214073,0.29801992818611817,0.47165428610149496,0.8214285714285714,0.8928571428571429,0.08333333333333333,0.7631777808779762
main,winter,2.5,42,10,all_hours,168,0.16190474114450465,0.14889163062686012,0.33334880573146375,0.9047619047619048,0.9464285714285714,0.047619047619047616,0.3582842560852466
main,winter,2.5,42,10,daylight_proxy,84,0.3238094822890093,0.29778326125372023,0.47142640206631015,0.8095238095238095,0.8928571428571429,0.09523809523809523,0.7165685121704933
main,winter,2.5,42,11,all_hours,168,0.1613628984308567,0.14834978791321213,0.33218722012987595,0.8869047619047619,0.9464285714285714,0.041666666666666664,0.34883418699511054
main,winter,2.5,42,11,daylight_proxy,84,0.3227257968617134,0.2966995758264243,0.4697836719546874,0.7738095238095238,0.8928571428571429,0.08333333333333333,0.6976683739902212
main,winter,2.5,42,12,all_hours,168,0.1609298394650829,0.14791672894743832,0.33108180362725537,0.9047619047619048,0.9523809523809523,0.041666666666666664,0.35608989689625853
main,winter,2.5,42,12,daylight_proxy,84,0.3218596789301658,0.2958334578948767,0.46822037694461033,0.8095238095238095,0.9047619047619048,0.08333333333333333,0.712179793792517
main,winter,2.5,42,13,all_hours,168,0.16459236404522745,0.1515792535275829,0.33822235309293885,0.9047619047619048,0.9523809523809523,0.041666666666666664,0.36093077367665816
main,winter,2.5,42,13,daylight_proxy,84,0.3291847280904549,0.30315850705516584,0.4783186388417758,0.8095238095238095,0.9047619047619048,0.08333333333333333,0.7218615473533163
main,winter,2.5,42,14,all_hours,168,0.1667211346615469,0.1582578282777955,0.3417350464192472,0.9107142857142857,0.9464285714285714,0.041666666666666664,0.34218550701530615
main,winter,2.5,42,14,daylight_proxy,84,0.33344226932309384,0.316515656555591,0.48328633738429855,0.8214285714285714,0.8928571428571429,0.08333333333333333,0.6843710140306122
main,winter,2.5,42,15,all_hours,168,0.1691064882170316,0.16064318183328016,0.3436439665760083,0.9226190476190477,0.9583333333333334,0.02976190476190476,0.32394969706632654
main,winter,2.5,42,15,daylight_proxy,84,0.3382129764340632,0.3212863636665604,0.4859859581594776,0.8452380952380952,0.9166666666666666,0.05952380952380952,0.6478993941326531
main,winter,2.5,42,16,all_hours,168,0.1691646169372697,0.16070131055351827,0.3436618789291798,0.9107142857142857,0.9523809523809523,0.03571428571428571,0.3001659159757653
main,winter,2.5,42,16,daylight_proxy,84,0.33832923387453945,0.3214026211070366,0.4860112900522666,0.8214285714285714,0.9047619047619048,0.07142857142857142,0.6003318319515307
main,winter,2.5,42,17,all_hours,168,0.1691646169372697,0.1607013105535183,0.3436618789291799,0.8928571428571429,0.9702380952380952,0.023809523809523808,0.298763352997449
main,winter,2.5,42,17,daylight_proxy,84,0.3383292338745394,0.3214026211070366,0.4860112900522667,0.7857142857142857,0.9404761904761905,0.047619047619047616,0.5975267059948979
main,winter,2.5,42,18,all_hours,168,0.1691646169372697,0.16070131055351827,0.34366187892917976,0.9047619047619048,0.9583333333333334,0.03571428571428571,0.32332896537521255
main,winter,2.5,42,18,daylight_proxy,84,0.3383292338745394,0.3214026211070366,0.4860112900522667,0.8095238095238095,0.9166666666666666,0.07142857142857142,0.6466579307504252
main,winter,2.5,42,19,all_hours,168,0.1691646169372697,0.1607013105535183,0.34366187892917976,0.9047619047619048,0.9642857142857143,0.023809523809523808,0.3381679820365647
main,winter,2.5,42,19,daylight_proxy,84,0.3383292338745394,0.3214026211070366,0.4860112900522667,0.8095238095238095,0.9285714285714286,0.047619047619047616,0.6763359640731292
main,winter,2.5,42,20,all_hours,168,0.1691646169372697,0.16070131055351827,0.3436618789291798,0.9107142857142857,0.9404761904761905,0.047619047619047616,0.35069347563244047
main,winter,2.5,42,20,daylight_proxy,84,0.3383292338745394,0.3214026211070366,0.4860112900522667,0.8214285714285714,0.8809523809523809,0.09523809523809523,0.7013869512648809
main,winter,2.5,42,21,all_hours,168,0.1691646169372697,0.1607013105535183,0.3436618789291799,0.9107142857142857,0.9464285714285714,0.03571428571428571,0.34088300847682823
main,winter,2.5,42,21,daylight_proxy,84,0.3383292338745394,0.3214026211070366,0.4860112900522667,0.8214285714285714,0.8928571428571429,0.07142857142857142,0.6817660169536565
main,winter,2.5,42,22,all_hours,168,0.1691646169372697,0.16070131055351827,0.3436618789291798,0.9107142857142857,0.9523809523809523,0.03571428571428571,0.3258143833705357
main,winter,2.5,42,22,daylight_proxy,84,0.3383292338745394,0.3214026211070366,0.4860112900522667,0.8214285714285714,0.9047619047619048,0.07142857142857142,0.6516287667410714
main,winter,2.5,42,23,all_hours,168,0.17352164132254466,0.1654021247984871,0.35469047510495666,0.9047619047619048,0.9583333333333334,0.03571428571428571,0.3189934624565972
main,winter,2.5,42,23,daylight_proxy,84,0.34704328264508927,0.3308042495969742,0.5016080803379863,0.8095238095238095,0.9166666666666666,0.07142857142857142,0.6379869249131944
main,spring,2.5,42,0,all_hours,168,0.34640055892148525,-0.21399447555714998,0.6398998857480053,0.7619047619047619,0.8511904761904762,0.08928571428571429,0.7918020235437927
main,spring,2.5,42,0,daylight_proxy,91,0.6395087241627421,-0.39506672410550764,0.8694527337410607,0.5604395604395604,0.7252747252747253,0.16483516483516483,1.4617883511577705
main,spring,2.5,42,1,all_hours,168,0.34640055892148525,-0.21399447555714993,0.6398998857480053,0.75,0.8333333333333334,0.07738095238095238,0.7953026181175595
main,spring,2.5,42,1,daylight_proxy,91,0.6395087241627421,-0.39506672410550764,0.8694527337410607,0.5384615384615384,0.6923076923076923,0.14285714285714285,1.468250987293956
main,spring,2.5,42,2,all_hours,168,0.34640055892148525,-0.21399447555714993,0.6398998857480053,0.7738095238095238,0.8511904761904762,0.07738095238095238,0.8205441844706632
main,spring,2.5,42,2,daylight_proxy,91,0.6395087241627421,-0.39506672410550764,0.8694527337410607,0.5824175824175825,0.7252747252747253,0.14285714285714285,1.5148508020996858
main,spring,2.5,42,3,all_hours,168,0.34640055892148525,-0.21399447555714998,0.6398998857480053,0.7738095238095238,0.8571428571428571,0.07142857142857142,0.8448934749681121
main,spring,2.5,42,3,daylight_proxy,91,0.6395087241627421,-0.39506672410550764,0.8694527337410607,0.5824175824175825,0.7362637362637363,0.13186813186813187,1.5598033384026688
main,spring,2.5,42,4,all_hours,168,0.34640055892148525,-0.21399447555714993,0.6398998857480053,0.7380952380952381,0.8392857142857143,0.09523809523809523,0.8277226662149236
main,spring,2.5,42,4,daylight_proxy,91,0.6395087241627421,-0.39506672410550764,0.8694527337410607,0.5164835164835165,0.7032967032967034,0.17582417582417584,1.528103383781397
main,spring,2.5,42,5,all_hours,168,0.34640055892148525,-0.21399447555714993,0.6398998857480053,0.7619047619047619,0.8333333333333334,0.08928571428571429,0.8369422964498299
main,spring,2.5,42,5,daylight_proxy,91,0.6395087241627421,-0.39506672410550764,0.8694527337410607,0.5604395604395604,0.6923076923076923,0.16483516483516483,1.5451242395996858
main,spring,2.5,42,6,all_hours,168,0.34661563518636623,-0.21420955182203089,0.6399085369388211,0.7440476190476191,0.8392857142857143,0.07142857142857142,0.8173109820099915
main,spring,2.5,42,6,daylight_proxy,91,0.6399057880363684,-0.395463787979134,0.869464488394675,0.5274725274725275,0.7032967032967034,0.13186813186813187,1.5088818129415227
main,spring,2.5,42,7,all_hours,168,0.34712426148844955,-0.21471817812411423,0.6399681926013631,0.7619047619047619,0.8630952380952381,0.047619047619047616,0.8240015977093962
main,spring,2.5,42,7,daylight_proxy,91,0.6408447904402146,-0.3964027903829801,0.8695455444786585,0.5604395604395604,0.7472527472527473,0.08791208791208792,1.5212337188481158
main,spring,2.5,42,8,all_hours,168,0.34959109213346795,-0.21869667381926727,0.6412550863412865,0.7738095238095238,0.8333333333333334,0.07142857142857142,0.8356518388605443
main,spring,2.5,42,8,daylight_proxy,91,0.6453989393233255,-0.40374770551249345,0.8712940887511782,0.5824175824175825,0.6923076923076923,0.13186813186813187,1.542741856357928
main,spring,2.5,42,9,all_hours,168,0.35350179866868625,-0.22770413422530472,0.6458529054799345,0.7440476190476191,0.8809523809523809,0.05952380952380952,0.8075038364955357
main,spring,2.5,42,9,daylight_proxy,91,0.6526187052344977,-0.4203768631851779,0.8775412947725882,0.5274725274725275,0.7802197802197802,0.10989010989010989,1.4907763135302199
main,spring,2.5,42,10,all_hours,168,0.3584887584591128,-0.2406880143007724,0.6542201390032,0.8035714285714286,0.8809523809523809,0.05357142857142857,0.7999570677880525
main,spring,2.5,42,10,daylight_proxy,91,0.6618254002322083,-0.4443471033245029,0.8889101264018503,0.6373626373626373,0.7802197802197802,0.0989010989010989,1.4768438174548666
main,spring,2.5,42,11,all_hours,168,0.3655967522099986,-0.2559438969272605,0.6679982746714881,0.7857142857142857,0.8809523809523809,0.047619047619047616,0.8058181036086309
main,spring,2.5,42,11,daylight_proxy,91,0.6749478502338436,-0.47251180971186557,0.9076309263104874,0.6043956043956044,0.7802197802197802,0.08791208791208792,1.4876641912774726
main,spring,2.5,42,12,all_hours,168,0.37530708572491495,-0.26982752655098496,0.6847412359449856,0.7738095238095238,0.8809523809523809,0.05952380952380952,0.8099406754889455
main,spring,2.5,42,12,daylight_proxy,91,0.692874619799843,-0.49814312594028,0.9303801309507517,0.5824175824175825,0.7802197802197802,0.10989010989010989,1.4952750932103611
main,spring,2.5,42,13,all_hours,168,0.3771111520780187,-0.2716315929040887,0.6889525252327504,0.8035714285714286,0.875,0.06547619047619048,0.8306913829985119
main,spring,2.5,42,13,daylight_proxy,91,0.6962052038363423,-0.5014737099767792,0.9361021463243621,0.6373626373626373,0.7692307692307693,0.12087912087912088,1.5335840916895604
main,spring,2.5,42,14,all_hours,168,0.3867970576902636,-0.2813174985163336,0.704491865079289,0.8095238095238095,0.8690476190476191,0.05952380952380952,0.8232243336787839
main,spring,2.5,42,14,daylight_proxy,91,0.7140868757358713,-0.5193553818763084,0.9572159514851664,0.6483516483516484,0.7582417582417582,0.10989010989010989,1.5197987698685247
main,spring,2.5,42,15,all_hours,168,0.3938798346487032,-0.2957795089064272,0.716601164211161,0.8095238095238095,0.8630952380952381,0.06547619047619048,0.8186716092687075
main,spring,2.5,42,15,daylight_proxy,91,0.7271627716591444,-0.5460544779810963,0.9736692490530935,0.6483516483516484,0.7472527472527473,0.12087912087912088,1.511393740188383
main,spring,2.5,42,16,all_hours,168,0.40046763171414396,-0.30854540628100197,0.7263923762545953,0.7857142857142857,0.8452380952380952,0.07142857142857142,0.8057790743250425
main,spring,2.5,42,16,daylight_proxy,91,0.7393248585491888,-0.569622288518773,0.9869728864929583,0.6043956043956044,0.7142857142857143,0.13186813186813187,1.4875921372154628
main,spring,2.5,42,17,all_hours,168,0.4041943746899801,-0.31521982897976897,0.7292631160354563,0.7619047619047619,0.8333333333333334,0.05952380952380952,0.8033011300223214
main,spring,2.5,42,17,daylight_proxy,91,0.7462049994276557,-0.5819442996549581,0.9908734537628072,0.5604395604395604,0.6923076923076923,0.10989010989010989,1.4830174708104393
main,spring,2.5,42,18,all_hours,168,0.4045996149110686,-0.3159838064457554,0.7292987757212245,0.7440476190476191,0.8511904761904762,0.05357142857142857,0.7970165849542943
main,spring,2.5,42,18,daylight_proxy,91,0.7469531352204344,-0.5833547195921639,0.9909219057346953,0.5274725274725275,0.7252747252747253,0.0989010989010989,1.471415233761774
main,spring,2.5,42,19,all_hours,168,0.4045996149110686,-0.3159838064457554,0.7292987757212245,0.7380952380952381,0.8392857142857143,0.047619047619047616,0.7581168453709609
main,spring,2.5,42,19,daylight_proxy,91,0.7469531352204344,-0.5833547195921639,0.9909219057346953,0.5164835164835165,0.7032967032967034,0.08791208791208792,1.39960032991562
main,spring,2.5,42,20,all_hours,168,0.4045996149110686,-0.3159838064457554,0.7292987757212245,0.7083333333333334,0.8392857142857143,0.041666666666666664,0.7651799000850341
main,spring,2.5,42,20,daylight_proxy,91,0.7469531352204344,-0.5833547195921639,0.9909219057346953,0.46153846153846156,0.7032967032967034,0.07692307692307693,1.4126398155416013
main,spring,2.5,42,21,all_hours,168,0.4045996149110686,-0.3159838064457554,0.7292987757212245,0.7380952380952381,0.8333333333333334,0.047619047619047616,0.7596796775350766
main,spring,2.5,42,21,daylight_proxy,91,0.7469531352204344,-0.5833547195921639,0.9909219057346953,0.5164835164835165,0.6923076923076923,0.08791208791208792,1.402485558526295
main,spring,2.5,42,22,all_hours,168,0.4045996149110686,-0.31598380644575536,0.7292987757212245,0.7380952380952381,0.8392857142857143,0.05952380952380952,0.7751377650669643
main,spring,2.5,42,22,daylight_proxy,91,0.7469531352204344,-0.5833547195921639,0.9909219057346953,0.5164835164835165,0.7032967032967034,0.10989010989010989,1.4310235662774726
main,spring,2.5,42,23,all_hours,168,0.40310494559151777,-0.31011245969742063,0.7296554102254829,0.7678571428571429,0.8511904761904762,0.041666666666666664,0.785525851779514
main,spring,2.5,42,23,daylight_proxy,91,0.7441937457074177,-0.5725153102106226,0.9914064766052016,0.5714285714285714,0.7252747252747253,0.07692307692307693,1.4502015725160258
main,summer,2.5,42,0,all_hours,168,0.3107198494632228,-0.12403704238857001,0.5469551453719805,0.7559523809523809,0.8154761904761905,0.041666666666666664,0.8103023191698555
main,summer,2.5,42,0,daylight_proxy,106,0.4924616482058624,-0.19658701057811095,0.6885784400324172,0.6132075471698113,0.7075471698113207,0.0660377358490566,1.2838526311910377
main,summer,2.5,42,1,all_hours,168,0.3107198494632228,-0.12403704238856998,0.5469551453719806,0.75,0.8452380952380952,0.03571428571428571,0.8036129490858842
main,summer,2.5,42,1,daylight_proxy,106,0.4924616482058624,-0.19658701057811095,0.6885784400324172,0.6037735849056604,0.7547169811320755,0.05660377358490566,1.2734664546832883
main,summer,2.5,42,2,all_hours,168,0.3107198494632228,-0.12403704238857001,0.5469551453719806,0.7797619047619048,0.8571428571428571,0.023809523809523808,0.8178270820046769
main,summer,2.5,42,2,daylight_proxy,106,0.4924616482058624,-0.19658701057811095,0.6885784400324172,0.6509433962264151,0.7735849056603774,0.03773584905660377,1.2958707989386793
main,summer,2.5,42,3,all_hours,168,0.3107198494632228,-0.12403704238857001,0.5469551453719806,0.7678571428571429,0.875,0.011904761904761904,0.8013459289965985
main,summer,2.5,42,3,daylight_proxy,106,0.4924616482058624,-0.19658701057811095,0.6885784400324172,0.6320754716981132,0.8018867924528302,0.018867924528301886,1.269847777333221
main,summer,2.5,42,4,all_hours,168,0.3107198494632228,-0.12403704238857001,0.5469551453719806,0.7619047619047619,0.8809523809523809,0.023809523809523808,0.7880743117559523
main,summer,2.5,42,4,daylight_proxy,106,0.4924616482058624,-0.19658701057811095,0.6885784400324172,0.6226415094339622,0.8113207547169812,0.03773584905660377,1.248977373231132
main,summer,2.5,42,5,all_hours,168,0.31047114158163264,-0.12378833450697987,0.5469267155246621,0.7678571428571429,0.9047619047619048,0.005952380952380952,0.784376909943665
main,summer,2.5,42,5,daylight_proxy,106,0.4920674696765498,-0.19619283204879825,0.6885426488343956,0.6320754716981132,0.8490566037735849,0.009433962264150943,1.2428554318985852
main,summer,2.5,42,6,all_hours,168,0.3096996904230442,-0.12301688334839143,0.546814867365841,0.7797619047619048,0.9226190476190477,0.011904761904761904,0.8149783595078658
main,summer,2.5,42,6,daylight_proxy,106,0.49084479236859835,-0.19497015474084675,0.6884018397911437,0.6509433962264151,0.8773584905660378,0.018867924528301886,1.2913847972119274
main,summer,2.5,42,7,all_hours,168,0.3091921436543367,-0.12213913967279619,0.5467464273774302,0.75,0.8630952380952381,0.023809523809523808,0.7880730661405186
main,summer,2.5,42,7,daylight_proxy,106,0.49004037862196764,-0.19357901382103548,0.6883156786116494,0.6037735849056604,0.7830188679245284,0.03773584905660377,1.2486213622388813
main,summer,2.5,42,8,all_hours,168,0.307244416321216,-0.12019141233967545,0.5460491793399002,0.8214285714285714,0.8869047619047619,0.017857142857142856,0.8099797047725341
main,summer,2.5,42,8,daylight_proxy,106,0.4869534145468329,-0.19049204974590073,0.6874378918862469,0.7169811320754716,0.8207547169811321,0.02830188679245283,1.2831373189016173
main,summer,2.5,42,9,all_hours,168,0.30834014269770404,-0.12128713871616355,0.5463623803771465,0.7916666666666666,0.8869047619047619,0.023809523809523808,0.7939224762170493
main,summer,2.5,42,9,daylight_proxy,106,0.4886900374831536,-0.19222867268222144,0.6878321901819453,0.6698113207547169,0.8207547169811321,0.03773584905660377,1.2581540336506067
main,summer,2.5,42,10,all_hours,168,0.3065468716783588,-0.11949386769681831,0.5445883228903314,0.7976190476190477,0.8571428571428571,0.023809523809523808,0.8184606850552721
main,summer,2.5,42,10,daylight_proxy,106,0.48584787209400265,-0.1893865072930705,0.6855987753450337,0.6792452830188679,0.7735849056603774,0.03773584905660377,1.2968888192806605
main,summer,2.5,42,11,all_hours,168,0.3102791507227891,-0.12322614674124857,0.5473170681045127,0.75,0.875,0.041666666666666664,0.8180097722682822
main,summer,2.5,42,11,daylight_proxy,106,0.49176318227762805,-0.1953018174766959,0.6890340755496767,0.6037735849056604,0.8018867924528302,0.0660377358490566,1.2961432361859837
main,summer,2.5,42,12,all_hours,168,0.31190841571003397,-0.12485541172849347,0.5481177489839573,0.7916666666666666,0.8928571428571429,0.03571428571428571,0.8354857568027212
main,summer,2.5,42,12,daylight_proxy,106,0.4943454135781671,-0.19788404877723492,0.6900420770203579,0.6698113207547169,0.8301886792452831,0.05660377358490566,1.3238153586169137
main,summer,2.5,42,13,all_hours,168,0.30650825759991496,-0.11945525361837445,0.5409552156996263,0.8035714285714286,0.8988095238095238,0.017857142857142856,0.841810991974915
main,summer,2.5,42,13,daylight_proxy,106,0.4857866724225068,-0.18932530762157457,0.6810249463884656,0.6886792452830188,0.839622641509434,0.02830188679245283,1.3339547622557277
main,summer,2.5,42,14,all_hours,168,0.30364458771789965,-0.11659158373635913,0.5380909235874072,0.7797619047619048,0.8988095238095238,0.017857142857142856,0.815032336176658
main,summer,2.5,42,14,daylight_proxy,106,0.4812480258170485,-0.18478666101611632,0.6774190020781918,0.6509433962264151,0.839622641509434,0.02830188679245283,1.2916282797759437
main,summer,2.5,42,15,all_hours,168,0.3042881556919643,-0.11594801576229449,0.5381843990934876,0.7678571428571429,0.8869047619047619,0.017857142857142856,0.7936173004357993
main,summer,2.5,42,15,daylight_proxy,106,0.4822680203419812,-0.18376666649118373,0.6775366812310488,0.6320754716981132,0.8207547169811321,0.02830188679245283,1.257647984754043
main,summer,2.5,42,16,all_hours,168,0.3125303930165816,-0.10770577843767715,0.5512773036908454,0.7916666666666666,0.8988095238095238,0.041666666666666664,0.8058807995854591
main,summer,2.5,42,16,daylight_proxy,106,0.4953311889319406,-0.17070349790122416,0.6940197363762938,0.6698113207547169,0.839622641509434,0.0660377358490566,1.2771305382412401
main,summer,2.5,42,17,all_hours,168,0.3186173696366567,-0.10149721591110403,0.5570059394253896,0.8035714285714286,0.8928571428571429,0.02976190476190476,0.7869378952752977
main,summer,2.5,42,17,daylight_proxy,106,0.5049784726316823,-0.1608635120100516,0.7012316898444776,0.6886792452830188,0.8301886792452831,0.04716981132075472,1.2471045316711593
main,summer,2.5,42,18,all_hours,168,0.31960591772516295,-0.09739789551888463,0.5576167282389657,0.7797619047619048,0.8928571428571429,0.03571428571428571,0.8115558235012754
main,summer,2.5,42,18,daylight_proxy,106,0.506545228092711,-0.1543664759167228,0.7020006304276317,0.6509433962264151,0.8301886792452831,0.05660377358490566,1.285750479068396
main,summer,2.5,42,19,all_hours,168,0.3197953343121102,-0.09679709367470946,0.5576338712095665,0.7678571428571429,0.9047619047619048,0.041666666666666664,0.8124373040231718
main,summer,2.5,42,19,daylight_proxy,106,0.5068454355135331,-0.1534142616731244,0.7020222122338432,0.6320754716981132,0.8490566037735849,0.0660377358490566,1.2874469602847036
main,summer,2.5,42,20,all_hours,168,0.3197994863635558,-0.09679294162326389,0.5576338738064687,0.7916666666666666,0.8809523809523809,0.05357142857142857,0.8116600399925595
main,summer,2.5,42,20,daylight_proxy,107,0.5021150813932465,-0.15197396441783487,0.6987340371664471,0.6728971962616822,0.8130841121495327,0.08411214953271028,1.2743821188668227
main,summer,2.5,42,21,all_hours,168,0.3197994863635558,-0.09679294162326386,0.5576338738064687,0.7440476190476191,0.875,0.047619047619047616,0.8132801704666242
main,summer,2.5,42,21,daylight_proxy,107,0.5021150813932465,-0.15197396441783487,0.6987340371664471,0.5981308411214953,0.8037383177570093,0.07476635514018691,1.276617521278371
main,summer,2.5,42,22,all_hours,168,0.3197994863635558,-0.09679294162326389,0.5576338738064687,0.7619047619047619,0.8809523809523809,0.047619047619047616,0.7915450115593112
main,summer,2.5,42,22,daylight_proxy,107,0.5021150813932465,-0.15197396441783487,0.6987340371664471,0.6261682242990654,0.8130841121495327,0.07476635514018691,1.2426692621411881
main,summer,2.5,42,23,all_hours,168,0.32594895135788693,-0.10515572684151785,0.5631147376595758,0.7619047619047619,0.8809523809523809,0.041666666666666664,0.8239251999627977
main,summer,2.5,42,23,daylight_proxy,106,0.5165983380011792,-0.16666190669221695,0.7089222414265601,0.6226415094339622,0.8113207547169812,0.0660377358490566,1.3057032171285377
main,autumn,2.5,42,0,all_hours,168,0.3131801890678146,0.16235647742169781,0.5753671545732298,0.8333333333333334,0.9166666666666666,0.041666666666666664,0.7018577938988095
main,autumn,2.5,42,0,daylight_proxy,112,0.46977028360172196,0.24353471613254676,0.7046779717307349,0.75,0.875,0.0625,1.0527866908482142
main,autumn,2.5,42,1,all_hours,168,0.31318018906781464,0.16235647742169784,0.5753671545732298,0.8452380952380952,0.9523809523809523,0.017857142857142856,0.6807998345822704
main,autumn,2.5,42,1,daylight_proxy,112,0.46977028360172196,0.24353471613254676,0.7046779717307349,0.7678571428571429,0.9285714285714286,0.026785714285714284,1.0211997518734057
main,autumn,2.5,42,2,all_hours,168,0.31318018906781464,0.16235647742169781,0.5753671545732298,0.8690476190476191,0.9285714285714286,0.03571428571428571,0.7200097324085886
main,autumn,2.5,42,2,daylight_proxy,112,0.46977028360172196,0.24353471613254676,0.7046779717307349,0.8035714285714286,0.8928571428571429,0.05357142857142857,1.0800145986128826
main,autumn,2.5,42,3,all_hours,168,0.3131801890678146,0.16235647742169781,0.5753671545732298,0.8452380952380952,0.8988095238095238,0.05952380952380952,0.7138377079347364
main,autumn,2.5,42,3,daylight_proxy,112,0.46977028360172196,0.24353471613254676,0.7046779717307349,0.7678571428571429,0.8482142857142857,0.08928571428571429,1.0707565619021047
main,autumn,2.5,42,4,all_hours,168,0.3131801890678146,0.16235647742169781,0.5753671545732298,0.8392857142857143,0.9464285714285714,0.03571428571428571,0.7083868947969814
main,autumn,2.5,42,4,daylight_proxy,112,0.46977028360172196,0.24353471613254676,0.7046779717307349,0.7589285714285714,0.9196428571428571,0.05357142857142857,1.062580342195472
main,autumn,2.5,42,5,all_hours,168,0.31318018906781464,0.16235647742169781,0.5753671545732298,0.8690476190476191,0.9583333333333334,0.023809523809523808,0.7146353170174319
main,autumn,2.5,42,5,daylight_proxy,112,0.46977028360172185,0.24353471613254676,0.704677971730735,0.8035714285714286,0.9375,0.03571428571428571,1.071952975526148
main,autumn,2.5,42,6,all_hours,168,0.3131884931707058,0.16236478152458897,0.5753679719156988,0.8452380952380952,0.9345238095238095,0.02976190476190476,0.6993732063137755
main,autumn,2.5,42,6,daylight_proxy,112,0.46978273975605866,0.24354717228688352,0.704678972766732,0.7678571428571429,0.9017857142857143,0.044642857142857144,1.0490598094706631
main,autumn,2.5,42,7,all_hours,168,0.31373947039753397,0.16291575875141723,0.5755097042436936,0.8690476190476191,0.9523809523809523,0.011904761904761904,0.7123458758503401
main,autumn,2.5,42,7,daylight_proxy,112,0.470609205596301,0.24437363812712584,0.704852558708554,0.8035714285714286,0.9285714285714286,0.017857142857142856,1.0685188137755104
main,autumn,2.5,42,8,all_hours,168,0.31604468936011904,0.16522097771400224,0.576467749114298,0.8511904761904762,0.9226190476190477,0.03571428571428571,0.7383879577221514
main,autumn,2.5,42,8,daylight_proxy,112,0.4740670340401785,0.24783146657100336,0.7060259192503898,0.7767857142857143,0.8839285714285714,0.05357142857142857,1.107581936583227
main,autumn,2.5,42,9,all_hours,168,0.3159562506643282,0.16513253901821143,0.5763808736737362,0.8511904761904762,0.9107142857142857,0.05357142857142857,0.7396576550542091
main,autumn,2.5,42,9,daylight_proxy,112,0.47393437599649235,0.24769880852731715,0.7059195190001119,0.7767857142857143,0.8660714285714286,0.08035714285714286,1.109486482581314
main,autumn,2.5,42,10,all_hours,168,0.31248970291241496,0.16166599126629816,0.5696242782722727,0.8630952380952381,0.9523809523809523,0.02976190476190476,0.7065873957004678
main,autumn,2.5,42,10,daylight_proxy,112,0.46873455436862244,0.24249898689944724,0.6976444134341014,0.7946428571428571,0.9285714285714286,0.044642857142857144,1.0598810935507017
main,autumn,2.5,42,11,all_hours,168,0.31272512422937926,0.16190141258326246,0.5701186417456013,0.8392857142857143,0.9166666666666666,0.047619047619047616,0.7014097875478316
main,autumn,2.5,42,11,daylight_proxy,112,0.46908768634406883,0.2428521188748937,0.6982498825626638,0.7589285714285714,0.875,0.07142857142857142,1.0521146813217475
main,autumn,2.5,42,12,all_hours,168,0.31614018654336734,0.16531647489725054,0.5772885462728199,0.8154761904761905,0.9166666666666666,0.041666666666666664,0.6718737543845663
main,autumn,2.5,42,12,daylight_proxy,112,0.474210279815051,0.24797471234587581,0.7070311863607421,0.7232142857142857,0.875,0.0625,1.0078106315768496
main,autumn,2.5,42,13,all_hours,168,0.31797871492346935,0.16715500327735258,0.5800519956102307,0.8392857142857143,0.9107142857142857,0.05357142857142857,0.675812390385842
main,autumn,2.5,42,13,daylight_proxy,112,0.476968072385204,0.2507325049160289,0.7104157067640866,0.7589285714285714,0.8660714285714286,0.08035714285714286,1.013718585578763
main,autumn,2.5,42,14,all_hours,168,0.3213887947757228,0.170565083129606,0.5850727182877342,0.875,0.9047619047619048,0.05357142857142857,0.6879853748139881
main,autumn,2.5,42,14,daylight_proxy,112,0.4820831921635841,0.25584762469440897,0.7165648111140386,0.8125,0.8571428571428571,0.08035714285714286,1.0319780622209822
main,autumn,2.5,42,15,all_hours,168,0.3282975315777352,0.18115945759814342,0.5954885681593668,0.8273809523809523,0.9345238095238095,0.02976190476190476,0.7234700520833334
main,autumn,2.5,42,15,daylight_proxy,112,0.4924462973666029,0.2717391863972151,0.7293215698255052,0.7410714285714286,0.9017857142857143,0.044642857142857144,1.085205078125
main,autumn,2.5,42,16,all_hours,168,0.33403234503436785,0.18689427105477605,0.6003301193645597,0.8452380952380952,0.9285714285714286,0.03571428571428571,0.7443291281356293
main,autumn,2.5,42,16,daylight_proxy,112,0.5010485175515518,0.2803414065821641,0.7352512348336451,0.7678571428571429,0.8928571428571429,0.05357142857142857,1.1164936922034439
main,autumn,2.5,42,17,all_hours,168,0.33403732749610254,0.18689925351651077,0.6003338571258345,0.8392857142857143,0.9226190476190477,0.041666666666666664,0.7381093550701531
main,autumn,2.5,42,17,daylight_proxy,112,0.5010559912441538,0.2803488802747661,0.7352558126375969,0.7589285714285714,0.8839285714285714,0.0625,1.1071640326052297
main,autumn,2.5,42,18,all_hours,168,0.3340373274961026,0.18689925351651077,0.6003338571258345,0.8511904761904762,0.8988095238095238,0.05357142857142857,0.7165294828869048
main,autumn,2.5,42,18,daylight_proxy,112,0.5010559912441538,0.2803488802747661,0.7352558126375969,0.7767857142857143,0.8482142857142857,0.08035714285714286,1.0747942243303572
main,autumn,2.5,42,19,all_hours,168,0.33403732749610254,0.18689925351651077,0.6003338571258346,0.8095238095238095,0.8988095238095238,0.05357142857142857,0.698145444701318
main,autumn,2.5,42,19,daylight_proxy,112,0.5010559912441538,0.2803488802747662,0.7352558126375969,0.7142857142857143,0.8482142857142857,0.08035714285714286,1.0472181670519771
main,autumn,2.5,42,20,all_hours,168,0.33403732749610254,0.18689925351651074,0.6003338571258345,0.8333333333333334,0.9166666666666666,0.05357142857142857,0.7131484673947703
main,autumn,2.5,42,20,daylight_proxy,112,0.5010559912441538,0.2803488802747661,0.7352558126375969,0.75,0.875,0.08035714285714286,1.0697227010921557
main,autumn,2.5,42,21,all_hours,168,0.33403732749610254,0.18689925351651077,0.6003338571258345,0.8214285714285714,0.8869047619047619,0.06547619047619048,0.692584602200255
main,autumn,2.5,42,21,daylight_proxy,112,0.5010559912441538,0.2803488802747661,0.7352558126375969,0.7321428571428571,0.8303571428571429,0.09821428571428571,1.0388769033003826
main,autumn,2.5,42,22,all_hours,168,0.3340373274961026,0.18689925351651077,0.6003338571258346,0.8333333333333334,0.9107142857142857,0.05357142857142857,0.681593706818665
main,autumn,2.5,42,22,daylight_proxy,112,0.5010559912441538,0.2803488802747661,0.7352558126375969,0.75,0.8660714285714286,0.08035714285714286,1.0223905602279975
main,autumn,2.5,42,23,all_hours,168,0.32660667782738095,0.18885023328993056,0.5911550457461107,0.8214285714285714,0.9166666666666666,0.05357142857142857,0.6757521856398809
main,autumn,2.5,42,23,daylight_proxy,112,0.4899100167410714,0.28327534993489584,0.7240141104748093,0.7321428571428571,0.875,0.08035714285714286,1.0136282784598214
grid_capacity,winter,2.0,42,0,all_hours,24,0.14221835666232638,0.1103697277250744,0.2845261651018324,1.0,1.0,0.0,0.3791998000372024
grid_capacity,winter,2.0,42,0,daylight_proxy,12,0.2844367133246527,0.22073945545014875,0.40238076153701774,1.0,1.0,0.0,0.7583996000744048
grid_capacity,winter,2.0,42,1,all_hours,24,0.14221835666232638,0.11036972772507438,0.2845261651018324,1.0,1.0,0.0,0.4049915132068452
grid_capacity,winter,2.0,42,1,daylight_proxy,12,0.2844367133246527,0.22073945545014875,0.40238076153701774,1.0,1.0,0.0,0.8099830264136904
grid_capacity,winter,2.0,42,2,all_hours,24,0.14221835666232638,0.11036972772507438,0.2845261651018324,1.0,1.0,0.0,0.41391136532738093
grid_capacity,winter,2.0,42,2,daylight_proxy,12,0.2844367133246527,0.22073945545014875,0.40238076153701774,1.0,1.0,0.0,0.827822730654762
grid_capacity,winter,2.0,42,3,all_hours,24,0.14221835666232638,0.11036972772507438,0.2845261651018324,1.0,1.0,0.0,0.355561755952381
grid_capacity,winter,2.0,42,3,daylight_proxy,12,0.2844367133246527,0.22073945545014875,0.40238076153701774,1.0,1.0,0.0,0.711123511904762
grid_capacity,winter,2.0,42,4,all_hours,24,0.14221835666232638,0.1103697277250744,0.2845261651018324,1.0,1.0,0.0,0.34084937686011907
grid_capacity,winter,2.0,42,4,daylight_proxy,12,0.2844367133246527,0.22073945545014875,0.40238076153701774,1.0,1.0,0.0,0.681698753720238
grid_capacity,winter,2.0,42,5,all_hours,24,0.14221835666232638,0.11036972772507438,0.2845261651018324,0.9583333333333334,0.9583333333333334,0.041666666666666664,0.37958635602678575
grid_capacity,winter,2.0,42,5,daylight_proxy,12,0.2844367133246527,0.22073945545014875,0.40238076153701774,0.9166666666666666,0.9166666666666666,0.08333333333333333,0.7591727120535715
grid_capacity,winter,2.0,42,6,all_hours,24,0.14221835666232638,0.11036972772507438,0.2845261651018324,0.9583333333333334,1.0,0.0,0.3647257486979167
grid_capacity,winter,2.0,42,6,daylight_proxy,12,0.28443671332465276,0.22073945545014875,0.4023807615370178,0.9166666666666666,1.0,0.0,0.7294514973958334
grid_capacity,winter,2.0,42,7,all_hours,24,0.14221835666232638,0.11036972772507438,0.2845261651018324,0.9166666666666666,0.9583333333333334,0.041666666666666664,0.41653006417410715
grid_capacity,winter,2.0,42,7,daylight_proxy,12,0.28443671332465276,0.2207394554501488,0.40238076153701774,0.8333333333333334,0.9166666666666666,0.08333333333333333,0.8330601283482143
grid_capacity,winter,2.0,42,8,all_hours,24,0.14220382448226684,0.11035519554501487,0.28452086611399174,0.9583333333333334,0.9583333333333334,0.041666666666666664,0.3689778645833333
grid_capacity,winter,2.0,42,8,daylight_proxy,12,0.2844076489645337,0.22071039109002974,0.4023732676365467,0.9166666666666666,0.9166666666666666,0.08333333333333333,0.7379557291666666
grid_capacity,winter,2.0,42,9,all_hours,24,0.1430350651816716,0.11118643624441964,0.28537811497770854,1.0,1.0,0.0,0.4029541015625
grid_capacity,winter,2.0,42,9,daylight_proxy,12,0.2860701303633432,0.22237287248883927,0.4035856006059439,1.0,1.0,0.0,0.805908203125
grid_capacity,winter,2.0,42,10,all_hours,24,0.1453485882471478,0.11349995930989581,0.2893371526243821,0.9583333333333334,1.0,0.0,0.3964872814360119
grid_capacity,winter,2.0,42,10,daylight_proxy,12,0.2906971764942956,0.22699991861979163,0.40918452533981536,0.9166666666666666,1.0,0.0,0.7929745628720241
grid_capacity,winter,2.0,42,11,all_hours,24,0.14936237637958827,0.1175137474423363,0.30032433708802264,0.9583333333333334,1.0,0.0,0.36770484561011907
grid_capacity,winter,2.0,42,11,daylight_proxy,12,0.2987247527591766,0.2350274948846726,0.4247227506205907,0.9166666666666666,1.0,0.0,0.735409691220238
grid_capacity,winter,2.0,42,12,all_hours,24,0.13513537210131446,0.10328674316406246,0.264443671967198,0.9583333333333334,1.0,0.0,0.41948590959821425
grid_capacity,winter,2.0,42,12,daylight_proxy,12,0.2702707442026289,0.20657348632812497,0.37397982737975316,0.9166666666666666,1.0,0.0,0.8389718191964287
grid_capacity,winter,2.0,42,13,all_hours,24,0.1310665554470486,0.07862272716703866,0.2598499086517071,0.9583333333333334,1.0,0.0,0.3990885416666667
grid_capacity,winter,2.0,42,13,daylight_proxy,12,0.2621331108940972,0.15724545433407736,0.367483264996654,0.9166666666666666,1.0,0.0,0.7981770833333334
grid_capacity,winter,2.0,42,14,all_hours,24,0.14536050463479663,0.12476530529203868,0.28870643747057523,0.9583333333333334,0.9583333333333334,0.041666666666666664,0.3637288411458333
grid_capacity,winter,2.0,42,14,daylight_proxy,12,0.2907210092695932,0.24953061058407736,0.4082925594153074,0.9166666666666666,0.9166666666666666,0.08333333333333333,0.7274576822916669
grid_capacity,winter,2.0,42,15,all_hours,24,0.16933860173301088,0.14874340239025297,0.31732140908006157,0.9583333333333334,0.9583333333333334,0.041666666666666664,0.3452555338541667
grid_capacity,winter,2.0,42,15,daylight_proxy,12,0.33867720346602176,0.297486804780506,0.44876024035236406,0.9166666666666666,0.9166666666666666,0.08333333333333333,0.6905110677083334
grid_capacity,winter,2.0,42,16,all_hours,24,0.16977456713479663,0.14917936779203866,0.3174673451769449,0.875,0.9166666666666666,0.08333333333333333,0.3262532552083333
grid_capacity,winter,2.0,42,16,daylight_proxy,12,0.33954913426959327,0.2983587355840774,0.4489666251598163,0.75,0.8333333333333334,0.16666666666666666,0.6525065104166666
grid_capacity,winter,2.0,42,17,all_hours,24,0.16977456713479663,0.14917936779203866,0.3174673451769449,0.8333333333333334,0.875,0.125,0.35437883649553575
grid_capacity,winter,2.0,42,17,daylight_proxy,12,0.3395491342695933,0.2983587355840774,0.4489666251598163,0.6666666666666666,0.75,0.25,0.7087576729910715
grid_capacity,winter,2.0,42,18,all_hours,24,0.16977456713479663,0.1491793677920387,0.3174673451769449,0.8333333333333334,0.9166666666666666,0.08333333333333333,0.32734026227678575
grid_capacity,winter,2.0,42,18,daylight_proxy,12,0.3395491342695933,0.2983587355840774,0.4489666251598163,0.6666666666666666,0.8333333333333334,0.16666666666666666,0.6546805245535715
grid_capacity,winter,2.0,42,19,all_hours,24,0.16977456713479663,0.14917936779203866,0.3174673451769449,0.875,0.9166666666666666,0.08333333333333333,0.30637032645089285
grid_capacity,winter,2.0,42,19,daylight_proxy,12,0.3395491342695933,0.2983587355840774,0.4489666251598163,0.75,0.8333333333333334,0.16666666666666666,0.6127406529017857
grid_capacity,winter,2.0,42,20,all_hours,24,0.16977456713479663,0.14917936779203866,0.3174673451769449,0.9166666666666666,0.9166666666666666,0.08333333333333333,0.32382056826636907
grid_capacity,winter,2.0,42,20,daylight_proxy,12,0.3395491342695933,0.2983587355840774,0.4489666251598163,0.8333333333333334,0.8333333333333334,0.16666666666666666,0.6476411365327381
grid_capacity,winter,2.0,42,21,all_hours,24,0.16977456713479663,0.14917936779203866,0.3174673451769449,0.9166666666666666,0.9166666666666666,0.08333333333333333,0.36248488653273814
grid_capacity,winter,2.0,42,21,daylight_proxy,12,0.3395491342695933,0.2983587355840774,0.4489666251598163,0.8333333333333334,0.8333333333333334,0.16666666666666666,0.7249697730654763
grid_capacity,winter,2.0,42,22,all_hours,24,0.16977456713479663,0.1491793677920387,0.3174673451769449,0.9166666666666666,0.9166666666666666,0.08333333333333333,0.35376848493303575
grid_capacity,winter,2.0,42,22,daylight_proxy,12,0.3395491342695933,0.2983587355840774,0.4489666251598163,0.8333333333333334,0.8333333333333334,0.16666666666666666,0.7075369698660715
grid_capacity,winter,2.0,42,23,all_hours,24,0.17513258192274303,0.1565060085720486,0.32909650729344936,0.8333333333333334,0.9166666666666666,0.08333333333333333,0.3020765516493056
grid_capacity,winter,2.0,42,23,daylight_proxy,12,0.3502651638454861,0.31301201714409727,0.4654127439440123,0.6666666666666666,0.8333333333333334,0.16666666666666666,0.6041531032986112
grid_capacity,winter,3.0,42,0,all_hours,24,0.14221835666232638,0.1103697277250744,0.2845261651018324,1.0,1.0,0.0,0.3791998000372024
grid_capacity,winter,3.0,42,0,daylight_proxy,12,0.2844367133246527,0.22073945545014875,0.40238076153701774,1.0,1.0,0.0,0.7583996000744048
grid_capacity,winter,3.0,42,1,all_hours,24,0.14221835666232638,0.11036972772507438,0.2845261651018324,1.0,1.0,0.0,0.4049915132068452
grid_capacity,winter,3.0,42,1,daylight_proxy,12,0.2844367133246527,0.22073945545014875,0.40238076153701774,1.0,1.0,0.0,0.8099830264136904
grid_capacity,winter,3.0,42,2,all_hours,24,0.14221835666232638,0.11036972772507438,0.2845261651018324,1.0,1.0,0.0,0.41391136532738093
grid_capacity,winter,3.0,42,2,daylight_proxy,12,0.2844367133246527,0.22073945545014875,0.40238076153701774,1.0,1.0,0.0,0.827822730654762
grid_capacity,winter,3.0,42,3,all_hours,24,0.14221835666232638,0.11036972772507438,0.2845261651018324,1.0,1.0,0.0,0.355561755952381
grid_capacity,winter,3.0,42,3,daylight_proxy,12,0.2844367133246527,0.22073945545014875,0.40238076153701774,1.0,1.0,0.0,0.711123511904762
grid_capacity,winter,3.0,42,4,all_hours,24,0.14221835666232638,0.1103697277250744,0.2845261651018324,1.0,1.0,0.0,0.34084937686011907
grid_capacity,winter,3.0,42,4,daylight_proxy,12,0.2844367133246527,0.22073945545014875,0.40238076153701774,1.0,1.0,0.0,0.681698753720238
grid_capacity,winter,3.0,42,5,all_hours,24,0.14221835666232638,0.11036972772507438,0.2845261651018324,0.9583333333333334,0.9583333333333334,0.041666666666666664,0.37958635602678575
grid_capacity,winter,3.0,42,5,daylight_proxy,12,0.2844367133246527,0.22073945545014875,0.40238076153701774,0.9166666666666666,0.9166666666666666,0.08333333333333333,0.7591727120535715
grid_capacity,winter,3.0,42,6,all_hours,24,0.14221835666232638,0.11036972772507438,0.2845261651018324,0.9583333333333334,1.0,0.0,0.3647257486979167
grid_capacity,winter,3.0,42,6,daylight_proxy,12,0.28443671332465276,0.22073945545014875,0.4023807615370178,0.9166666666666666,1.0,0.0,0.7294514973958334
grid_capacity,winter,3.0,42,7,all_hours,24,0.14221835666232638,0.11036972772507438,0.2845261651018324,0.9166666666666666,0.9583333333333334,0.041666666666666664,0.41653006417410715
grid_capacity,winter,3.0,42,7,daylight_proxy,12,0.28443671332465276,0.2207394554501488,0.40238076153701774,0.8333333333333334,0.9166666666666666,0.08333333333333333,0.8330601283482143
grid_capacity,winter,3.0,42,8,all_hours,24,0.14220382448226684,0.11035519554501487,0.28452086611399174,0.9583333333333334,0.9583333333333334,0.041666666666666664,0.3689778645833333
grid_capacity,winter,3.0,42,8,daylight_proxy,12,0.2844076489645337,0.22071039109002974,0.4023732676365467,0.9166666666666666,0.9166666666666666,0.08333333333333333,0.7379557291666666
grid_capacity,winter,3.0,42,9,all_hours,24,0.1430350651816716,0.11118643624441964,0.28537811497770854,1.0,1.0,0.0,0.4029541015625
grid_capacity,winter,3.0,42,9,daylight_proxy,12,0.2860701303633432,0.22237287248883927,0.4035856006059439,1.0,1.0,0.0,0.805908203125
grid_capacity,winter,3.0,42,10,all_hours,24,0.1453485882471478,0.11349995930989581,0.2893371526243821,0.9583333333333334,1.0,0.0,0.3964872814360119
grid_capacity,winter,3.0,42,10,daylight_proxy,12,0.2906971764942956,0.22699991861979163,0.40918452533981536,0.9166666666666666,1.0,0.0,0.7929745628720241
grid_capacity,winter,3.0,42,11,all_hours,24,0.14936237637958827,0.1175137474423363,0.30032433708802264,0.9583333333333334,1.0,0.0,0.36770484561011907
grid_capacity,winter,3.0,42,11,daylight_proxy,12,0.2987247527591766,0.2350274948846726,0.4247227506205907,0.9166666666666666,1.0,0.0,0.735409691220238
grid_capacity,winter,3.0,42,12,all_hours,24,0.13513537210131446,0.10328674316406246,0.264443671967198,0.9583333333333334,1.0,0.0,0.41948590959821425
grid_capacity,winter,3.0,42,12,daylight_proxy,12,0.2702707442026289,0.20657348632812497,0.37397982737975316,0.9166666666666666,1.0,0.0,0.8389718191964287
grid_capacity,winter,3.0,42,13,all_hours,24,0.1310665554470486,0.07862272716703866,0.2598499086517071,0.9583333333333334,1.0,0.0,0.3990885416666667
grid_capacity,winter,3.0,42,13,daylight_proxy,12,0.2621331108940972,0.15724545433407736,0.367483264996654,0.9166666666666666,1.0,0.0,0.7981770833333334
grid_capacity,winter,3.0,42,14,all_hours,24,0.14536050463479663,0.12476530529203868,0.28870643747057523,0.9583333333333334,0.9583333333333334,0.041666666666666664,0.3637288411458333
grid_capacity,winter,3.0,42,14,daylight_proxy,12,0.2907210092695932,0.24953061058407736,0.4082925594153074,0.9166666666666666,0.9166666666666666,0.08333333333333333,0.7274576822916669
grid_capacity,winter,3.0,42,15,all_hours,24,0.16933860173301088,0.14874340239025297,0.31732140908006157,0.9583333333333334,0.9583333333333334,0.041666666666666664,0.3452555338541667
grid_capacity,winter,3.0,42,15,daylight_proxy,12,0.33867720346602176,0.297486804780506,0.44876024035236406,0.9166666666666666,0.9166666666666666,0.08333333333333333,0.6905110677083334
grid_capacity,winter,3.0,42,16,all_hours,24,0.16977456713479663,0.14917936779203866,0.3174673451769449,0.875,0.9166666666666666,0.08333333333333333,0.3262532552083333
grid_capacity,winter,3.0,42,16,daylight_proxy,12,0.33954913426959327,0.2983587355840774,0.4489666251598163,0.75,0.8333333333333334,0.16666666666666666,0.6525065104166666
grid_capacity,winter,3.0,42,17,all_hours,24,0.16977456713479663,0.14917936779203866,0.3174673451769449,0.8333333333333334,0.875,0.125,0.35437883649553575
grid_capacity,winter,3.0,42,17,daylight_proxy,12,0.3395491342695933,0.2983587355840774,0.4489666251598163,0.6666666666666666,0.75,0.25,0.7087576729910715
grid_capacity,winter,3.0,42,18,all_hours,24,0.16977456713479663,0.1491793677920387,0.3174673451769449,0.8333333333333334,0.9166666666666666,0.08333333333333333,0.32734026227678575
grid_capacity,winter,3.0,42,18,daylight_proxy,12,0.3395491342695933,0.2983587355840774,0.4489666251598163,0.6666666666666666,0.8333333333333334,0.16666666666666666,0.6546805245535715
grid_capacity,winter,3.0,42,19,all_hours,24,0.16977456713479663,0.14917936779203866,0.3174673451769449,0.875,0.9166666666666666,0.08333333333333333,0.30637032645089285
grid_capacity,winter,3.0,42,19,daylight_proxy,12,0.3395491342695933,0.2983587355840774,0.4489666251598163,0.75,0.8333333333333334,0.16666666666666666,0.6127406529017857
grid_capacity,winter,3.0,42,20,all_hours,24,0.16977456713479663,0.14917936779203866,0.3174673451769449,0.9166666666666666,0.9166666666666666,0.08333333333333333,0.32382056826636907
grid_capacity,winter,3.0,42,20,daylight_proxy,12,0.3395491342695933,0.2983587355840774,0.4489666251598163,0.8333333333333334,0.8333333333333334,0.16666666666666666,0.6476411365327381
grid_capacity,winter,3.0,42,21,all_hours,24,0.16977456713479663,0.14917936779203866,0.3174673451769449,0.9166666666666666,0.9166666666666666,0.08333333333333333,0.36248488653273814
grid_capacity,winter,3.0,42,21,daylight_proxy,12,0.3395491342695933,0.2983587355840774,0.4489666251598163,0.8333333333333334,0.8333333333333334,0.16666666666666666,0.7249697730654763
grid_capacity,winter,3.0,42,22,all_hours,24,0.16977456713479663,0.1491793677920387,0.3174673451769449,0.9166666666666666,0.9166666666666666,0.08333333333333333,0.35376848493303575
grid_capacity,winter,3.0,42,22,daylight_proxy,12,0.3395491342695933,0.2983587355840774,0.4489666251598163,0.8333333333333334,0.8333333333333334,0.16666666666666666,0.7075369698660715
grid_capacity,winter,3.0,42,23,all_hours,24,0.17513258192274303,0.1565060085720486,0.32909650729344936,0.8333333333333334,0.9166666666666666,0.08333333333333333,0.3020765516493056
grid_capacity,winter,3.0,42,23,daylight_proxy,12,0.3502651638454861,0.31301201714409727,0.4654127439440123,0.6666666666666666,0.8333333333333334,0.16666666666666666,0.6041531032986112
seed_repeat,winter,2.5,7,0,all_hours,24,0.14221835666232638,0.1103697277250744,0.2845261651018324,0.9583333333333334,0.9583333333333334,0.041666666666666664,0.39375523158482145
seed_repeat,winter,2.5,7,0,daylight_proxy,12,0.2844367133246527,0.22073945545014875,0.40238076153701774,0.9166666666666666,0.9166666666666666,0.08333333333333333,0.7875104631696428
seed_repeat,winter,2.5,7,1,all_hours,24,0.14221835666232638,0.11036972772507438,0.2845261651018324,1.0,1.0,0.0,0.38189987909226186
seed_repeat,winter,2.5,7,1,daylight_proxy,12,0.2844367133246527,0.22073945545014875,0.40238076153701774,1.0,1.0,0.0,0.7637997581845238
seed_repeat,winter,2.5,7,2,all_hours,24,0.14221835666232638,0.11036972772507438,0.2845261651018324,0.9166666666666666,1.0,0.0,0.40664527529761907
seed_repeat,winter,2.5,7,2,daylight_proxy,12,0.2844367133246527,0.22073945545014875,0.40238076153701774,0.8333333333333334,1.0,0.0,0.8132905505952381
seed_repeat,winter,2.5,7,3,all_hours,24,0.14221835666232638,0.11036972772507438,0.2845261651018324,0.9166666666666666,0.9583333333333334,0.041666666666666664,0.4208635602678572
seed_repeat,winter,2.5,7,3,daylight_proxy,12,0.2844367133246527,0.22073945545014875,0.40238076153701774,0.8333333333333334,0.9166666666666666,0.08333333333333333,0.8417271205357144
seed_repeat,winter,2.5,7,4,all_hours,24,0.14221835666232638,0.1103697277250744,0.2845261651018324,0.9166666666666666,0.9583333333333334,0.041666666666666664,0.3635893322172619
seed_repeat,winter,2.5,7,4,daylight_proxy,12,0.2844367133246527,0.22073945545014875,0.40238076153701774,0.8333333333333334,0.9166666666666666,0.08333333333333333,0.7271786644345238
seed_repeat,winter,2.5,7,5,all_hours,24,0.14221835666232638,0.11036972772507438,0.2845261651018324,0.875,1.0,0.0,0.35196358816964285
seed_repeat,winter,2.5,7,5,daylight_proxy,12,0.2844367133246527,0.22073945545014875,0.40238076153701774,0.75,1.0,0.0,0.7039271763392857
seed_repeat,winter,2.5,7,6,all_hours,24,0.14221835666232638,0.11036972772507438,0.2845261651018324,0.9583333333333334,1.0,0.0,0.39038085937500006
seed_repeat,winter,2.5,7,6,daylight_proxy,12,0.28443671332465276,0.22073945545014875,0.4023807615370178,0.9166666666666666,1.0,0.0,0.7807617187500001
seed_repeat,winter,2.5,7,7,all_hours,24,0.14221835666232638,0.11036972772507438,0.2845261651018324,0.9166666666666666,1.0,0.0,0.3944469633556548
seed_repeat,winter,2.5,7,7,daylight_proxy,12,0.28443671332465276,0.2207394554501488,0.40238076153701774,0.8333333333333334,1.0,0.0,0.7888939267113096
seed_repeat,winter,2.5,7,8,all_hours,24,0.14220382448226684,0.11035519554501487,0.28452086611399174,0.9583333333333334,0.9583333333333334,0.041666666666666664,0.4320446196056548
seed_repeat,winter,2.5,7,8,daylight_proxy,12,0.2844076489645337,0.22071039109002974,0.4023732676365467,0.9166666666666666,0.9166666666666666,0.08333333333333333,0.8640892392113096
seed_repeat,winter,2.5,7,9,all_hours,24,0.1430350651816716,0.11118643624441964,0.28537811497770854,0.9166666666666666,1.0,0.0,0.42377871558779767
seed_repeat,winter,2.5,7,9,daylight_proxy,12,0.2860701303633432,0.22237287248883927,0.4035856006059439,0.8333333333333334,1.0,0.0,0.8475574311755952
seed_repeat,winter,2.5,7,10,all_hours,24,0.1453485882471478,0.11349995930989581,0.2893371526243821,0.9583333333333334,1.0,0.0,0.38088843936011907
seed_repeat,winter,2.5,7,10,daylight_proxy,12,0.2906971764942956,0.22699991861979163,0.40918452533981536,0.9166666666666666,1.0,0.0,0.7617768787202381
seed_repeat,winter,2.5,7,11,all_hours,24,0.14936237637958827,0.1175137474423363,0.30032433708802264,0.9166666666666666,1.0,0.0,0.3185802641369048
seed_repeat,winter,2.5,7,11,daylight_proxy,12,0.2987247527591766,0.2350274948846726,0.4247227506205907,0.8333333333333334,1.0,0.0,0.6371605282738096
seed_repeat,winter,2.5,7,12,all_hours,24,0.13513537210131446,0.10328674316406246,0.264443671967198,0.9583333333333334,1.0,0.0,0.36888776506696425
seed_repeat,winter,2.5,7,12,daylight_proxy,12,0.2702707442026289,0.20657348632812497,0.37397982737975316,0.9166666666666666,1.0,0.0,0.7377755301339287
seed_repeat,winter,2.5,7,13,all_hours,24,0.1310665554470486,0.07862272716703866,0.2598499086517071,1.0,1.0,0.0,0.34496198381696425
seed_repeat,winter,2.5,7,13,daylight_proxy,12,0.2621331108940972,0.15724545433407736,0.367483264996654,1.0,1.0,0.0,0.6899239676339285
seed_repeat,winter,2.5,7,14,all_hours,24,0.14536050463479663,0.12476530529203868,0.28870643747057523,1.0,1.0,0.0,0.32296316964285715
seed_repeat,winter,2.5,7,14,daylight_proxy,12,0.2907210092695932,0.24953061058407736,0.4082925594153074,1.0,1.0,0.0,0.6459263392857143
seed_repeat,winter,2.5,7,15,all_hours,24,0.16933860173301088,0.14874340239025297,0.31732140908006157,0.9583333333333334,0.9583333333333334,0.041666666666666664,0.31592378162202384
seed_repeat,winter,2.5,7,15,daylight_proxy,12,0.33867720346602176,0.297486804780506,0.44876024035236406,0.9166666666666666,0.9166666666666666,0.08333333333333333,0.6318475632440477
seed_repeat,winter,2.5,7,16,all_hours,24,0.16977456713479663,0.14917936779203866,0.3174673451769449,0.9166666666666666,0.9166666666666666,0.08333333333333333,0.3658650716145833
seed_repeat,winter,2.5,7,16,daylight_proxy,12,0.33954913426959327,0.2983587355840774,0.4489666251598163,0.8333333333333334,0.8333333333333334,0.16666666666666666,0.7317301432291666
seed_repeat,winter,2.5,7,17,all_hours,24,0.16977456713479663,0.14917936779203866,0.3174673451769449,0.9166666666666666,0.9166666666666666,0.08333333333333333,0.32799421037946425
seed_repeat,winter,2.5,7,17,daylight_proxy,12,0.3395491342695933,0.2983587355840774,0.4489666251598163,0.8333333333333334,0.8333333333333334,0.16666666666666666,0.6559884207589285
seed_repeat,winter,2.5,7,18,all_hours,24,0.16977456713479663,0.1491793677920387,0.3174673451769449,0.9166666666666666,0.9166666666666666,0.08333333333333333,0.3615054175967262
seed_repeat,winter,2.5,7,18,daylight_proxy,12,0.3395491342695933,0.2983587355840774,0.4489666251598163,0.8333333333333334,0.8333333333333334,0.16666666666666666,0.7230108351934524
seed_repeat,winter,2.5,7,19,all_hours,24,0.16977456713479663,0.14917936779203866,0.3174673451769449,0.9166666666666666,0.9166666666666666,0.08333333333333333,0.3369344075520833
seed_repeat,winter,2.5,7,19,daylight_proxy,12,0.3395491342695933,0.2983587355840774,0.4489666251598163,0.8333333333333334,0.8333333333333334,0.16666666666666666,0.6738688151041666
seed_repeat,winter,2.5,7,20,all_hours,24,0.16977456713479663,0.14917936779203866,0.3174673451769449,0.9166666666666666,0.9166666666666666,0.08333333333333333,0.3065127418154762
seed_repeat,winter,2.5,7,20,daylight_proxy,12,0.3395491342695933,0.2983587355840774,0.4489666251598163,0.8333333333333334,0.8333333333333334,0.16666666666666666,0.6130254836309524
seed_repeat,winter,2.5,7,21,all_hours,24,0.16977456713479663,0.14917936779203866,0.3174673451769449,0.9166666666666666,0.9166666666666666,0.08333333333333333,0.3348940894717262
seed_repeat,winter,2.5,7,21,daylight_proxy,12,0.3395491342695933,0.2983587355840774,0.4489666251598163,0.8333333333333334,0.8333333333333334,0.16666666666666666,0.6697881789434524
seed_repeat,winter,2.5,7,22,all_hours,24,0.16977456713479663,0.1491793677920387,0.3174673451769449,0.875,0.875,0.125,0.3490833100818453
seed_repeat,winter,2.5,7,22,daylight_proxy,12,0.3395491342695933,0.2983587355840774,0.4489666251598163,0.75,0.75,0.25,0.6981666201636906
seed_repeat,winter,2.5,7,23,all_hours,24,0.17513258192274303,0.1565060085720486,0.32909650729344936,0.8333333333333334,0.9166666666666666,0.08333333333333333,0.3654073079427083
seed_repeat,winter,2.5,7,23,daylight_proxy,12,0.3502651638454861,0.31301201714409727,0.4654127439440123,0.6666666666666666,0.8333333333333334,0.16666666666666666,0.7308146158854166
seed_repeat,winter,2.5,99,0,all_hours,24,0.14221835666232638,0.1103697277250744,0.2845261651018324,1.0,1.0,0.0,0.37031482514880953
seed_repeat,winter,2.5,99,0,daylight_proxy,12,0.2844367133246527,0.22073945545014875,0.40238076153701774,1.0,1.0,0.0,0.7406296502976192
seed_repeat,winter,2.5,99,1,all_hours,24,0.14221835666232638,0.11036972772507438,0.2845261651018324,0.9166666666666666,0.9583333333333334,0.041666666666666664,0.33612060546875
seed_repeat,winter,2.5,99,1,daylight_proxy,12,0.2844367133246527,0.22073945545014875,0.40238076153701774,0.8333333333333334,0.9166666666666666,0.08333333333333333,0.6722412109375
seed_repeat,winter,2.5,99,2,all_hours,24,0.14221835666232638,0.11036972772507438,0.2845261651018324,0.9583333333333334,1.0,0.0,0.34626116071428575
seed_repeat,winter,2.5,99,2,daylight_proxy,12,0.2844367133246527,0.22073945545014875,0.40238076153701774,0.9166666666666666,1.0,0.0,0.6925223214285715
seed_repeat,winter,2.5,99,3,all_hours,24,0.14221835666232638,0.11036972772507438,0.2845261651018324,0.9583333333333334,1.0,0.0,0.3807169596354167
seed_repeat,winter,2.5,99,3,daylight_proxy,12,0.2844367133246527,0.22073945545014875,0.40238076153701774,0.9166666666666666,1.0,0.0,0.7614339192708331
seed_repeat,winter,2.5,99,4,all_hours,24,0.14221835666232638,0.1103697277250744,0.2845261651018324,0.9583333333333334,0.9583333333333334,0.041666666666666664,0.4013003394717261
seed_repeat,winter,2.5,99,4,daylight_proxy,12,0.2844367133246527,0.22073945545014875,0.40238076153701774,0.9166666666666666,0.9166666666666666,0.08333333333333333,0.8026006789434522
seed_repeat,winter,2.5,99,5,all_hours,24,0.14221835666232638,0.11036972772507438,0.2845261651018324,0.9583333333333334,0.9583333333333334,0.041666666666666664,0.36599876767113093
seed_repeat,winter,2.5,99,5,daylight_proxy,12,0.2844367133246527,0.22073945545014875,0.40238076153701774,0.9166666666666666,0.9166666666666666,0.08333333333333333,0.731997535342262
seed_repeat,winter,2.5,99,6,all_hours,24,0.14221835666232638,0.11036972772507438,0.2845261651018324,0.9583333333333334,0.9583333333333334,0.041666666666666664,0.39581589471726186
seed_repeat,winter,2.5,99,6,daylight_proxy,12,0.28443671332465276,0.22073945545014875,0.4023807615370178,0.9166666666666666,0.9166666666666666,0.08333333333333333,0.7916317894345237
seed_repeat,winter,2.5,99,7,all_hours,24,0.14221835666232638,0.11036972772507438,0.2845261651018324,0.9583333333333334,0.9583333333333334,0.041666666666666664,0.3914823986235119
seed_repeat,winter,2.5,99,7,daylight_proxy,12,0.28443671332465276,0.2207394554501488,0.40238076153701774,0.9166666666666666,0.9166666666666666,0.08333333333333333,0.7829647972470238
seed_repeat,winter,2.5,99,8,all_hours,24,0.14220382448226684,0.11035519554501487,0.28452086611399174,0.9583333333333334,0.9583333333333334,0.041666666666666664,0.3522193545386905
seed_repeat,winter,2.5,99,8,daylight_proxy,12,0.2844076489645337,0.22071039109002974,0.4023732676365467,0.9166666666666666,0.9166666666666666,0.08333333333333333,0.704438709077381
seed_repeat,winter,2.5,99,9,all_hours,24,0.1430350651816716,0.11118643624441964,0.28537811497770854,1.0,1.0,0.0,0.35562279110863093
seed_repeat,winter,2.5,99,9,daylight_proxy,12,0.2860701303633432,0.22237287248883927,0.4035856006059439,1.0,1.0,0.0,0.711245582217262
seed_repeat,winter,2.5,99,10,all_hours,24,0.1453485882471478,0.11349995930989581,0.2893371526243821,0.875,0.9583333333333334,0.041666666666666664,0.3486531575520833
seed_repeat,winter,2.5,99,10,daylight_proxy,12,0.2906971764942956,0.22699991861979163,0.40918452533981536,0.75,0.9166666666666666,0.08333333333333333,0.6973063151041666
seed_repeat,winter,2.5,99,11,all_hours,24,0.14936237637958827,0.1175137474423363,0.30032433708802264,0.9166666666666666,1.0,0.0,0.3887910388764881
seed_repeat,winter,2.5,99,11,daylight_proxy,12,0.2987247527591766,0.2350274948846726,0.4247227506205907,0.8333333333333334,1.0,0.0,0.7775820777529762
seed_repeat,winter,2.5,99,12,all_hours,24,0.13513537210131446,0.10328674316406246,0.264443671967198,0.875,1.0,0.0,0.3914242699032739
seed_repeat,winter,2.5,99,12,daylight_proxy,12,0.2702707442026289,0.20657348632812497,0.37397982737975316,0.75,1.0,0.0,0.7828485398065476
seed_repeat,winter,2.5,99,13,all_hours,24,0.1310665554470486,0.07862272716703866,0.2598499086517071,0.9583333333333334,1.0,0.0,0.4103190104166667
seed_repeat,winter,2.5,99,13,daylight_proxy,12,0.2621331108940972,0.15724545433407736,0.367483264996654,0.9166666666666666,1.0,0.0,0.8206380208333334
seed_repeat,winter,2.5,99,14,all_hours,24,0.14536050463479663,0.12476530529203868,0.28870643747057523,0.9583333333333334,1.0,0.0,0.3867739722842263
seed_repeat,winter,2.5,99,14,daylight_proxy,12,0.2907210092695932,0.24953061058407736,0.4082925594153074,0.9166666666666666,1.0,0.0,0.7735479445684524
seed_repeat,winter,2.5,99,15,all_hours,24,0.16933860173301088,0.14874340239025297,0.31732140908006157,0.875,0.9166666666666666,0.08333333333333333,0.38707333519345233
seed_repeat,winter,2.5,99,15,daylight_proxy,12,0.33867720346602176,0.297486804780506,0.44876024035236406,0.75,0.8333333333333334,0.16666666666666666,0.7741466703869047
seed_repeat,winter,2.5,99,16,all_hours,24,0.16977456713479663,0.14917936779203866,0.3174673451769449,0.8333333333333334,0.9166666666666666,0.08333333333333333,0.33949497767857145
seed_repeat,winter,2.5,99,16,daylight_proxy,12,0.33954913426959327,0.2983587355840774,0.4489666251598163,0.6666666666666666,0.8333333333333334,0.16666666666666666,0.6789899553571428
seed_repeat,winter,2.5,99,17,all_hours,24,0.16977456713479663,0.14917936779203866,0.3174673451769449,0.875,0.9166666666666666,0.08333333333333333,0.34722900390625
seed_repeat,winter,2.5,99,17,daylight_proxy,12,0.3395491342695933,0.2983587355840774,0.4489666251598163,0.75,0.8333333333333334,0.16666666666666666,0.6944580078125
seed_repeat,winter,2.5,99,18,all_hours,24,0.16977456713479663,0.1491793677920387,0.3174673451769449,0.8333333333333334,0.9166666666666666,0.08333333333333333,0.3536580403645833
seed_repeat,winter,2.5,99,18,daylight_proxy,12,0.3395491342695933,0.2983587355840774,0.4489666251598163,0.6666666666666666,0.8333333333333334,0.16666666666666666,0.7073160807291666
seed_repeat,winter,2.5,99,19,all_hours,24,0.16977456713479663,0.14917936779203866,0.3174673451769449,0.8333333333333334,0.9166666666666666,0.08333333333333333,0.36930629185267855
seed_repeat,winter,2.5,99,19,daylight_proxy,12,0.3395491342695933,0.2983587355840774,0.4489666251598163,0.6666666666666666,0.8333333333333334,0.16666666666666666,0.7386125837053572
seed_repeat,winter,2.5,99,20,all_hours,24,0.16977456713479663,0.14917936779203866,0.3174673451769449,0.7083333333333334,0.9166666666666666,0.08333333333333333,0.3555530366443453
seed_repeat,winter,2.5,99,20,daylight_proxy,12,0.3395491342695933,0.2983587355840774,0.4489666251598163,0.4166666666666667,0.8333333333333334,0.16666666666666666,0.7111060732886904
seed_repeat,winter,2.5,99,21,all_hours,24,0.16977456713479663,0.14917936779203866,0.3174673451769449,0.8333333333333334,0.9166666666666666,0.08333333333333333,0.3404134114583333
seed_repeat,winter,2.5,99,21,daylight_proxy,12,0.3395491342695933,0.2983587355840774,0.4489666251598163,0.6666666666666666,0.8333333333333334,0.16666666666666666,0.6808268229166669
seed_repeat,winter,2.5,99,22,all_hours,24,0.16977456713479663,0.1491793677920387,0.3174673451769449,0.875,0.9166666666666666,0.08333333333333333,0.36572265625
seed_repeat,winter,2.5,99,22,daylight_proxy,12,0.3395491342695933,0.2983587355840774,0.4489666251598163,0.75,0.8333333333333334,0.16666666666666666,0.7314453125000001
seed_repeat,winter,2.5,99,23,all_hours,24,0.17513258192274303,0.1565060085720486,0.32909650729344936,0.875,0.9583333333333334,0.041666666666666664,0.3410610622829861
seed_repeat,winter,2.5,99,23,daylight_proxy,12,0.3502651638454861,0.31301201714409727,0.4654127439440123,0.75,0.9166666666666666,0.08333333333333333,0.6821221245659722
stress,winter,2.5,42,0,all_hours,48,0.6174756731305804,0.6174756731305804,0.9241275582250069,0.5,0.5,0.5,0.3372730073474703
stress,winter,2.5,42,0,daylight_proxy,24,1.2349513462611608,1.2349513462611608,1.306913726204537,0.0,0.0,1.0,0.6745460146949406
stress,winter,2.5,42,1,all_hours,48,0.6174756731305804,0.6174756731305804,0.924127558225007,0.5,0.5,0.5,0.37090919131324407
stress,winter,2.5,42,1,daylight_proxy,24,1.2349513462611608,1.2349513462611608,1.306913726204537,0.0,0.0,1.0,0.7418183826264881
stress,winter,2.5,42,2,all_hours,48,0.6174756731305804,0.6174756731305804,0.9241275582250069,0.5,0.5,0.5,0.3873261951264881
stress,winter,2.5,42,2,daylight_proxy,24,1.2349513462611608,1.2349513462611608,1.306913726204537,0.0,0.0,1.0,0.7746523902529763
stress,winter,2.5,42,3,all_hours,48,0.6174756731305804,0.6174756731305804,0.9241275582250069,0.5,0.5,0.5,0.33982921781994047
stress,winter,2.5,42,3,daylight_proxy,24,1.2349513462611608,1.2349513462611608,1.306913726204537,0.0,0.0,1.0,0.6796584356398809
stress,winter,2.5,42,4,all_hours,48,0.6174756731305804,0.6174756731305804,0.9241275582250069,0.5,0.5,0.5,0.37579636346726186
stress,winter,2.5,42,4,daylight_proxy,24,1.2349513462611608,1.2349513462611608,1.306913726204537,0.0,0.0,1.0,0.7515927269345238
stress,winter,2.5,42,5,all_hours,48,0.6174756731305804,0.6174756731305804,0.924127558225007,0.5,0.5,0.5,0.40856788271949407
stress,winter,2.5,42,5,daylight_proxy,24,1.2349513462611608,1.2349513462611608,1.306913726204537,0.0,0.0,1.0,0.8171357654389881
stress,winter,2.5,42,6,all_hours,48,0.6174756731305804,0.6174756731305804,0.9241275582250069,0.5,0.5,0.5,0.36776878720238093
stress,winter,2.5,42,6,daylight_proxy,24,1.2349513462611608,1.2349513462611608,1.306913726204537,0.0,0.0,1.0,0.7355375744047619
stress,winter,2.5,42,7,all_hours,48,0.6174756731305804,0.6174756731305804,0.9241275582250069,0.5,0.5,0.5,0.38841029575892855
stress,winter,2.5,42,7,daylight_proxy,24,1.2349513462611608,1.2349513462611608,1.306913726204537,0.0,0.0,1.0,0.7768205915178571
stress,winter,2.5,42,8,all_hours,48,0.6173783075241815,0.6173783075241815,0.9240378312302615,0.5,0.5,0.5,0.37861705961681547
stress,winter,2.5,42,8,daylight_proxy,24,1.234756615048363,1.234756615048363,1.3067868330716568,0.0,0.0,1.0,0.7572341192336309
stress,winter,2.5,42,9,all_hours,48,0.6170080275762649,0.6170080275762649,0.923606016322209,0.5,0.5,0.5,0.41680472237723215
stress,winter,2.5,42,9,daylight_proxy,24,1.2340160551525299,1.2340160551525299,1.3061761545722541,0.0,0.0,1.0,0.8336094447544643
stress,winter,2.5,42,10,all_hours,48,0.6163930257161457,0.6163930257161457,0.9226977996708392,0.5,0.5,0.5,0.38441394624255953
stress,winter,2.5,42,10,daylight_proxy,24,1.2327860514322915,1.2327860514322915,1.304891742266314,0.0,0.0,1.0,0.7688278924851191
stress,winter,2.5,42,11,all_hours,48,0.6140286400204613,0.6140286400204613,0.9183016018433426,0.5,0.5,0.5,0.37158639090401785
stress,winter,2.5,42,11,daylight_proxy,24,1.2280572800409226,1.2280572800409226,1.2986745796757933,0.0,0.0,1.0,0.7431727818080357
stress,winter,2.5,42,12,all_hours,48,0.6119976225353422,0.6119976225353422,0.9140797652571981,0.5,0.5,0.5,0.4019615536644345
stress,winter,2.5,42,12,daylight_proxy,24,1.2239952450706846,1.2239952450706846,1.2927040011175446,0.0,0.0,1.0,0.803923107328869
stress,winter,2.5,42,13,all_hours,48,0.6138650076729911,0.6138650076729911,0.9180002974206388,0.5,0.5,0.5,0.4172697521391369
stress,winter,2.5,42,13,daylight_proxy,24,1.2277300153459823,1.2277300153459823,1.2982484708748023,0.0,0.0,1.0,0.8345395042782738
stress,winter,2.5,42,14,all_hours,48,0.6185801188151041,0.6185801188151041,0.9262083560356121,0.5,0.5,0.5,0.3923761276971726
stress,winter,2.5,42,14,daylight_proxy,24,1.2371602376302084,1.2371602376302084,1.309856418688851,0.0,0.0,1.0,0.7847522553943452
stress,winter,2.5,42,15,all_hours,48,0.6188094366164435,0.6188094366164435,0.9265266068206791,0.5,0.5,0.5,0.35798863002232134
stress,winter,2.5,42,15,daylight_proxy,24,1.237618873232887,1.237618873232887,1.3103064932653288,0.0,0.0,1.0,0.7159772600446428
stress,winter,2.5,42,16,all_hours,48,0.6187978108723958,0.6187978108723958,0.926515833996132,0.5,0.5,0.5,0.330595470610119
stress,winter,2.5,42,16,daylight_proxy,24,1.2375956217447917,1.2375956217447917,1.3102912581907489,0.0,0.0,1.0,0.6611909412202381
stress,winter,2.5,42,17,all_hours,48,0.6187978108723958,0.6187978108723958,0.926515833996132,0.5,0.5,0.5,0.33580089750744047
stress,winter,2.5,42,17,daylight_proxy,24,1.2375956217447917,1.2375956217447917,1.3102912581907489,0.0,0.0,1.0,0.671601795014881
stress,winter,2.5,42,18,all_hours,48,0.6187978108723958,0.6187978108723958,0.926515833996132,0.5,0.5,0.5,0.3370419456845238
stress,winter,2.5,42,18,daylight_proxy,24,1.2375956217447917,1.2375956217447917,1.3102912581907489,0.0,0.0,1.0,0.6740838913690476
stress,winter,2.5,42,19,all_hours,48,0.6187978108723958,0.6187978108723958,0.926515833996132,0.5,0.5,0.5,0.3402462913876488
stress,winter,2.5,42,19,daylight_proxy,24,1.2375956217447917,1.2375956217447917,1.3102912581907489,0.0,0.0,1.0,0.6804925827752976
stress,winter,2.5,42,20,all_hours,48,0.6187978108723958,0.6187978108723958,0.926515833996132,0.5,0.5,0.5,0.36336408342633925
stress,winter,2.5,42,20,daylight_proxy,24,1.2375956217447917,1.2375956217447917,1.3102912581907489,0.0,0.0,1.0,0.7267281668526785
stress,winter,2.5,42,21,all_hours,48,0.6187978108723958,0.6187978108723958,0.926515833996132,0.5,0.5,0.5,0.3609197707403274
stress,winter,2.5,42,21,daylight_proxy,24,1.2375956217447917,1.2375956217447917,1.3102912581907489,0.0,0.0,1.0,0.7218395414806548
stress,winter,2.5,42,22,all_hours,48,0.6187978108723958,0.6187978108723958,0.926515833996132,0.5,0.5,0.5,0.3397899809337797
stress,winter,2.5,42,22,daylight_proxy,24,1.2375956217447917,1.2375956217447917,1.3102912581907489,0.0,0.0,1.0,0.6795799618675596
stress,winter,2.5,42,23,all_hours,48,0.6342152913411457,0.6342152913411457,0.9541022838070793,0.5,0.5,0.5,0.31055026584201384
stress,winter,2.5,42,23,daylight_proxy,24,1.2684305826822915,1.2684305826822915,1.3493043896511154,0.0,0.0,1.0,0.6211005316840277
pure_cvar_ties,winter,2.5,42,0,all_hours,24,0.14221835666232638,0.1103697277250744,0.2845261651018324,1.0,1.0,0.0,0.3791998000372024
pure_cvar_ties,winter,2.5,42,0,daylight_proxy,12,0.2844367133246527,0.22073945545014875,0.40238076153701774,1.0,1.0,0.0,0.7583996000744048
pure_cvar_ties,winter,2.5,42,1,all_hours,24,0.14221835666232638,0.11036972772507438,0.2845261651018324,1.0,1.0,0.0,0.4049915132068452
pure_cvar_ties,winter,2.5,42,1,daylight_proxy,12,0.2844367133246527,0.22073945545014875,0.40238076153701774,1.0,1.0,0.0,0.8099830264136904
pure_cvar_ties,winter,2.5,42,2,all_hours,24,0.14221835666232638,0.11036972772507438,0.2845261651018324,1.0,1.0,0.0,0.41391136532738093
pure_cvar_ties,winter,2.5,42,2,daylight_proxy,12,0.2844367133246527,0.22073945545014875,0.40238076153701774,1.0,1.0,0.0,0.827822730654762
pure_cvar_ties,winter,2.5,42,3,all_hours,24,0.14221835666232638,0.11036972772507438,0.2845261651018324,1.0,1.0,0.0,0.355561755952381
pure_cvar_ties,winter,2.5,42,3,daylight_proxy,12,0.2844367133246527,0.22073945545014875,0.40238076153701774,1.0,1.0,0.0,0.711123511904762
pure_cvar_ties,winter,2.5,42,4,all_hours,24,0.14221835666232638,0.1103697277250744,0.2845261651018324,1.0,1.0,0.0,0.34084937686011907
pure_cvar_ties,winter,2.5,42,4,daylight_proxy,12,0.2844367133246527,0.22073945545014875,0.40238076153701774,1.0,1.0,0.0,0.681698753720238
pure_cvar_ties,winter,2.5,42,5,all_hours,24,0.14221835666232638,0.11036972772507438,0.2845261651018324,0.9583333333333334,0.9583333333333334,0.041666666666666664,0.37958635602678575
pure_cvar_ties,winter,2.5,42,5,daylight_proxy,12,0.2844367133246527,0.22073945545014875,0.40238076153701774,0.9166666666666666,0.9166666666666666,0.08333333333333333,0.7591727120535715
pure_cvar_ties,winter,2.5,42,6,all_hours,24,0.14221835666232638,0.11036972772507438,0.2845261651018324,0.9583333333333334,1.0,0.0,0.3647257486979167
pure_cvar_ties,winter,2.5,42,6,daylight_proxy,12,0.28443671332465276,0.22073945545014875,0.4023807615370178,0.9166666666666666,1.0,0.0,0.7294514973958334
pure_cvar_ties,winter,2.5,42,7,all_hours,24,0.14221835666232638,0.11036972772507438,0.2845261651018324,0.9166666666666666,0.9583333333333334,0.041666666666666664,0.41653006417410715
pure_cvar_ties,winter,2.5,42,7,daylight_proxy,12,0.28443671332465276,0.2207394554501488,0.40238076153701774,0.8333333333333334,0.9166666666666666,0.08333333333333333,0.8330601283482143
pure_cvar_ties,winter,2.5,42,8,all_hours,24,0.14220382448226684,0.11035519554501487,0.28452086611399174,0.9583333333333334,0.9583333333333334,0.041666666666666664,0.3689778645833333
pure_cvar_ties,winter,2.5,42,8,daylight_proxy,12,0.2844076489645337,0.22071039109002974,0.4023732676365467,0.9166666666666666,0.9166666666666666,0.08333333333333333,0.7379557291666666
pure_cvar_ties,winter,2.5,42,9,all_hours,24,0.1430350651816716,0.11118643624441964,0.28537811497770854,1.0,1.0,0.0,0.4029541015625
pure_cvar_ties,winter,2.5,42,9,daylight_proxy,12,0.2860701303633432,0.22237287248883927,0.4035856006059439,1.0,1.0,0.0,0.805908203125
pure_cvar_ties,winter,2.5,42,10,all_hours,24,0.1453485882471478,0.11349995930989581,0.2893371526243821,0.9583333333333334,1.0,0.0,0.3964872814360119
pure_cvar_ties,winter,2.5,42,10,daylight_proxy,12,0.2906971764942956,0.22699991861979163,0.40918452533981536,0.9166666666666666,1.0,0.0,0.7929745628720241
pure_cvar_ties,winter,2.5,42,11,all_hours,24,0.14936237637958827,0.1175137474423363,0.30032433708802264,0.9583333333333334,1.0,0.0,0.36770484561011907
pure_cvar_ties,winter,2.5,42,11,daylight_proxy,12,0.2987247527591766,0.2350274948846726,0.4247227506205907,0.9166666666666666,1.0,0.0,0.735409691220238
pure_cvar_ties,winter,2.5,42,12,all_hours,24,0.13513537210131446,0.10328674316406246,0.264443671967198,0.9583333333333334,1.0,0.0,0.41948590959821425
pure_cvar_ties,winter,2.5,42,12,daylight_proxy,12,0.2702707442026289,0.20657348632812497,0.37397982737975316,0.9166666666666666,1.0,0.0,0.8389718191964287
pure_cvar_ties,winter,2.5,42,13,all_hours,24,0.1310665554470486,0.07862272716703866,0.2598499086517071,0.9583333333333334,1.0,0.0,0.3990885416666667
pure_cvar_ties,winter,2.5,42,13,daylight_proxy,12,0.2621331108940972,0.15724545433407736,0.367483264996654,0.9166666666666666,1.0,0.0,0.7981770833333334
pure_cvar_ties,winter,2.5,42,14,all_hours,24,0.14536050463479663,0.12476530529203868,0.28870643747057523,0.9583333333333334,0.9583333333333334,0.041666666666666664,0.3637288411458333
pure_cvar_ties,winter,2.5,42,14,daylight_proxy,12,0.2907210092695932,0.24953061058407736,0.4082925594153074,0.9166666666666666,0.9166666666666666,0.08333333333333333,0.7274576822916669
pure_cvar_ties,winter,2.5,42,15,all_hours,24,0.16933860173301088,0.14874340239025297,0.31732140908006157,0.9583333333333334,0.9583333333333334,0.041666666666666664,0.3452555338541667
pure_cvar_ties,winter,2.5,42,15,daylight_proxy,12,0.33867720346602176,0.297486804780506,0.44876024035236406,0.9166666666666666,0.9166666666666666,0.08333333333333333,0.6905110677083334
pure_cvar_ties,winter,2.5,42,16,all_hours,24,0.16977456713479663,0.14917936779203866,0.3174673451769449,0.875,0.9166666666666666,0.08333333333333333,0.3262532552083333
pure_cvar_ties,winter,2.5,42,16,daylight_proxy,12,0.33954913426959327,0.2983587355840774,0.4489666251598163,0.75,0.8333333333333334,0.16666666666666666,0.6525065104166666
pure_cvar_ties,winter,2.5,42,17,all_hours,24,0.16977456713479663,0.14917936779203866,0.3174673451769449,0.8333333333333334,0.875,0.125,0.35437883649553575
pure_cvar_ties,winter,2.5,42,17,daylight_proxy,12,0.3395491342695933,0.2983587355840774,0.4489666251598163,0.6666666666666666,0.75,0.25,0.7087576729910715
pure_cvar_ties,winter,2.5,42,18,all_hours,24,0.16977456713479663,0.1491793677920387,0.3174673451769449,0.8333333333333334,0.9166666666666666,0.08333333333333333,0.32734026227678575
pure_cvar_ties,winter,2.5,42,18,daylight_proxy,12,0.3395491342695933,0.2983587355840774,0.4489666251598163,0.6666666666666666,0.8333333333333334,0.16666666666666666,0.6546805245535715
pure_cvar_ties,winter,2.5,42,19,all_hours,24,0.16977456713479663,0.14917936779203866,0.3174673451769449,0.875,0.9166666666666666,0.08333333333333333,0.30637032645089285
pure_cvar_ties,winter,2.5,42,19,daylight_proxy,12,0.3395491342695933,0.2983587355840774,0.4489666251598163,0.75,0.8333333333333334,0.16666666666666666,0.6127406529017857
pure_cvar_ties,winter,2.5,42,20,all_hours,24,0.16977456713479663,0.14917936779203866,0.3174673451769449,0.9166666666666666,0.9166666666666666,0.08333333333333333,0.32382056826636907
pure_cvar_ties,winter,2.5,42,20,daylight_proxy,12,0.3395491342695933,0.2983587355840774,0.4489666251598163,0.8333333333333334,0.8333333333333334,0.16666666666666666,0.6476411365327381
pure_cvar_ties,winter,2.5,42,21,all_hours,24,0.16977456713479663,0.14917936779203866,0.3174673451769449,0.9166666666666666,0.9166666666666666,0.08333333333333333,0.36248488653273814
pure_cvar_ties,winter,2.5,42,21,daylight_proxy,12,0.3395491342695933,0.2983587355840774,0.4489666251598163,0.8333333333333334,0.8333333333333334,0.16666666666666666,0.7249697730654763
pure_cvar_ties,winter,2.5,42,22,all_hours,24,0.16977456713479663,0.1491793677920387,0.3174673451769449,0.9166666666666666,0.9166666666666666,0.08333333333333333,0.35376848493303575
pure_cvar_ties,winter,2.5,42,22,daylight_proxy,12,0.3395491342695933,0.2983587355840774,0.4489666251598163,0.8333333333333334,0.8333333333333334,0.16666666666666666,0.7075369698660715
pure_cvar_ties,winter,2.5,42,23,all_hours,24,0.17513258192274303,0.1565060085720486,0.32909650729344936,0.8333333333333334,0.9166666666666666,0.08333333333333333,0.3020765516493056
pure_cvar_ties,winter,2.5,42,23,daylight_proxy,12,0.3502651638454861,0.31301201714409727,0.4654127439440123,0.6666666666666666,0.8333333333333334,0.16666666666666666,0.6041531032986112
grid_capacity,summer,2.0,42,0,all_hours,24,0.17227395678323412,-0.15585172138516865,0.3395542060450922,0.7916666666666666,0.7916666666666666,0.0,0.7581670851934526
grid_capacity,summer,2.0,42,0,daylight_proxy,15,0.27563833085317463,-0.24936275421626983,0.4295058720770423,0.6666666666666666,0.6666666666666666,0.0,1.2127418154761906
grid_capacity,summer,2.0,42,1,all_hours,24,0.1722739567832341,-0.15585172138516862,0.3395542060450922,0.8333333333333334,0.8333333333333334,0.0,0.8322056361607143
grid_capacity,summer,2.0,42,1,daylight_proxy,15,0.27563833085317463,-0.24936275421626983,0.4295058720770423,0.7333333333333333,0.7333333333333333,0.0,1.330877976190476
grid_capacity,summer,2.0,42,2,all_hours,24,0.17227395678323412,-0.15585172138516865,0.3395542060450922,0.8333333333333334,0.875,0.0,0.8250935872395834
grid_capacity,summer,2.0,42,2,daylight_proxy,15,0.27563833085317463,-0.24936275421626983,0.4295058720770423,0.7333333333333333,0.8,0.0,1.319945126488095
grid_capacity,summer,2.0,42,3,all_hours,24,0.17227395678323412,-0.15585172138516865,0.3395542060450922,0.7916666666666666,0.9166666666666666,0.0,0.800508045014881
grid_capacity,summer,2.0,42,3,daylight_proxy,15,0.27563833085317463,-0.24936275421626983,0.4295058720770423,0.6666666666666666,0.8666666666666667,0.0,1.280305989583333
grid_capacity,summer,2.0,42,4,all_hours,24,0.17227395678323412,-0.15585172138516865,0.3395542060450922,0.8333333333333334,0.9166666666666666,0.0,0.7896292550223215
grid_capacity,summer,2.0,42,4,daylight_proxy,15,0.27563833085317463,-0.24936275421626983,0.4295058720770423,0.7333333333333333,0.8666666666666667,0.0,1.2634068080357141
grid_capacity,summer,2.0,42,5,all_hours,24,0.16951981801835317,-0.15165482778397815,0.3391454658200431,0.9166666666666666,0.9583333333333334,0.0,0.8048531668526785
grid_capacity,summer,2.0,42,5,daylight_proxy,15,0.2712317088293651,-0.24264772445436505,0.4289888520440484,0.8666666666666667,0.9333333333333333,0.0,1.2874627976190474
grid_capacity,summer,2.0,42,6,all_hours,24,0.16606309678819445,-0.14310409303695437,0.3380980136503174,0.875,0.9583333333333334,0.0,0.8504813058035715
grid_capacity,summer,2.0,42,6,daylight_proxy,15,0.26570095486111106,-0.22896654885912693,0.427663918205481,0.8,0.9333333333333333,0.0,1.3607700892857144
grid_capacity,summer,2.0,42,7,all_hours,24,0.16744539775545633,-0.1320247589595734,0.3386411466661619,0.875,0.9583333333333334,0.0,0.8455113002232143
grid_capacity,summer,2.0,42,7,daylight_proxy,15,0.26791263640873014,-0.21123961433531743,0.42835093316648293,0.8,0.9333333333333333,0.0,1.3528180803571432
grid_capacity,summer,2.0,42,8,all_hours,24,0.16474754696800595,-0.10478854709201389,0.3360272675842773,0.9583333333333334,1.0,0.0,0.8508387974330356
grid_capacity,summer,2.0,42,8,daylight_proxy,15,0.2635960751488095,-0.16766167534722223,0.4250446085956729,0.9333333333333333,1.0,0.0,1.3610398065476192
grid_capacity,summer,2.0,42,9,all_hours,24,0.19578111436631943,-0.06841450040302577,0.3741736480131735,0.875,1.0,0.0,0.8180193219866072
grid_capacity,summer,2.0,42,9,daylight_proxy,15,0.3132497829861111,-0.10946320064484126,0.47329638725430595,0.8,1.0,0.0,1.308505394345238
grid_capacity,summer,2.0,42,10,all_hours,24,0.23396790519593255,0.02729443746899803,0.47720177226465543,0.9583333333333334,1.0,0.0,0.8028651646205359
grid_capacity,summer,2.0,42,10,daylight_proxy,15,0.37434864831349207,0.04367109995039685,0.6036178015301114,0.9333333333333333,1.0,0.0,1.282914806547619
grid_capacity,summer,2.0,42,11,all_hours,24,0.3036420549665178,0.10410572839161707,0.596794608521288,0.8333333333333334,0.9583333333333334,0.041666666666666664,0.8062191917782738
grid_capacity,summer,2.0,42,11,daylight_proxy,15,0.4858272879464286,0.1665691654265873,0.7548921032943211,0.7333333333333333,0.9333333333333333,0.06666666666666667,1.289950706845238
grid_capacity,summer,2.0,42,12,all_hours,24,0.3750921340215774,0.18658166310143845,0.7054032138315203,0.875,0.9166666666666666,0.041666666666666664,0.8580060686383928
grid_capacity,summer,2.0,42,12,daylight_proxy,15,0.6001474144345238,0.2985306609623016,0.8922723298041579,0.8,0.8666666666666667,0.06666666666666667,1.3725074404761906
grid_capacity,summer,2.0,42,13,all_hours,24,0.4102561345176092,0.3197342161148314,0.781003155338631,0.8333333333333334,0.875,0.08333333333333333,0.8993559337797619
grid_capacity,summer,2.0,42,13,daylight_proxy,15,0.6564098152281747,0.5115747457837302,0.9878995322593469,0.7333333333333333,0.8,0.13333333333333333,1.438969494047619
grid_capacity,summer,2.0,42,14,all_hours,24,0.4569783528645834,0.43147214859251,0.8574738401499926,0.7916666666666666,0.9583333333333334,0.041666666666666664,0.8375215076264881
grid_capacity,summer,2.0,42,14,daylight_proxy,15,0.7311653645833334,0.6903554377480159,1.0846281475540454,0.6666666666666666,0.9333333333333333,0.06666666666666667,1.340034412202381
grid_capacity,summer,2.0,42,15,all_hours,24,0.5223906017485119,0.49688439747643853,0.9171177014554351,0.7083333333333334,0.9166666666666666,0.08333333333333333,0.7588326590401785
grid_capacity,summer,2.0,42,15,daylight_proxy,15,0.835824962797619,0.7950150359623016,1.1600723276229983,0.5333333333333333,0.8666666666666667,0.13333333333333333,1.2141322544642856
grid_capacity,summer,2.0,42,16,all_hours,24,0.5500598725818452,0.5245536683097719,0.9322288331686128,0.6666666666666666,0.7916666666666666,0.20833333333333334,0.7354155040922619
grid_capacity,summer,2.0,42,16,daylight_proxy,15,0.8800957961309523,0.839285869295635,1.1791865653175757,0.4666666666666667,0.6666666666666666,0.3333333333333333,1.1766648065476193
grid_capacity,summer,2.0,42,17,all_hours,24,0.5719894166976687,0.5473343137710814,0.9386374472937091,0.6666666666666666,0.875,0.125,0.756132579985119
grid_capacity,summer,2.0,42,17,daylight_proxy,15,0.9151830667162699,0.8757349020337302,1.1872928922297485,0.4666666666666667,0.8,0.2,1.209486607142857
grid_capacity,summer,2.0,42,18,all_hours,24,0.5703933958023314,0.5675136990017361,0.9382256104852681,0.6666666666666666,0.875,0.125,0.763916015625
grid_capacity,summer,2.0,42,18,daylight_proxy,15,0.91262943328373,0.9080219184027777,1.1867719552941611,0.4666666666666667,0.8,0.2,1.2216378348214285
grid_capacity,summer,2.0,42,19,all_hours,24,0.5700393918960814,0.5700393918960814,0.9382141747206979,0.625,0.875,0.125,0.8061814081101191
grid_capacity,summer,2.0,42,19,daylight_proxy,15,0.9120630270337301,0.9120630270337301,1.18675749006903,0.4,0.8,0.2,1.2895647321428572
grid_capacity,summer,2.0,42,20,all_hours,24,0.5700393918960813,0.5700393918960813,0.9382141747206979,0.5833333333333334,0.8333333333333334,0.16666666666666666,0.6964111328125
grid_capacity,summer,2.0,42,20,daylight_proxy,15,0.9120630270337301,0.9120630270337301,1.18675749006903,0.3333333333333333,0.7333333333333333,0.26666666666666666,1.1142578125
grid_capacity,summer,2.0,42,21,all_hours,24,0.5700393918960814,0.5700393918960814,0.9382141747206978,0.5833333333333334,0.8333333333333334,0.16666666666666666,0.6688726515997022
grid_capacity,summer,2.0,42,21,daylight_proxy,15,0.9120630270337301,0.9120630270337301,1.18675749006903,0.3333333333333333,0.7333333333333333,0.26666666666666666,1.070196242559524
grid_capacity,summer,2.0,42,22,all_hours,24,0.5700393918960813,0.5700393918960813,0.9382141747206978,0.5,0.8333333333333334,0.16666666666666666,0.6805652436755952
grid_capacity,summer,2.0,42,22,daylight_proxy,15,0.9120630270337301,0.9120630270337301,1.18675749006903,0.2,0.7333333333333333,0.26666666666666666,1.088578869047619
grid_capacity,summer,2.0,42,23,all_hours,24,0.5594740125868055,0.5594740125868055,0.9228348591059282,0.5416666666666666,0.875,0.125,0.7673407660590278
grid_capacity,summer,2.0,42,23,daylight_proxy,15,0.8951584201388888,0.8951584201388888,1.1673040235901244,0.26666666666666666,0.8,0.2,1.2275607638888888
grid_capacity,summer,3.0,42,0,all_hours,24,0.17227395678323412,-0.15585172138516865,0.3395542060450922,0.7916666666666666,0.7916666666666666,0.0,0.7581670851934526
grid_capacity,summer,3.0,42,0,daylight_proxy,15,0.27563833085317463,-0.24936275421626983,0.4295058720770423,0.6666666666666666,0.6666666666666666,0.0,1.2127418154761906
grid_capacity,summer,3.0,42,1,all_hours,24,0.1722739567832341,-0.15585172138516862,0.3395542060450922,0.8333333333333334,0.8333333333333334,0.0,0.8322056361607143
grid_capacity,summer,3.0,42,1,daylight_proxy,15,0.27563833085317463,-0.24936275421626983,0.4295058720770423,0.7333333333333333,0.7333333333333333,0.0,1.330877976190476
grid_capacity,summer,3.0,42,2,all_hours,24,0.17227395678323412,-0.15585172138516865,0.3395542060450922,0.8333333333333334,0.875,0.0,0.8250935872395834
grid_capacity,summer,3.0,42,2,daylight_proxy,15,0.27563833085317463,-0.24936275421626983,0.4295058720770423,0.7333333333333333,0.8,0.0,1.319945126488095
grid_capacity,summer,3.0,42,3,all_hours,24,0.17227395678323412,-0.15585172138516865,0.3395542060450922,0.7916666666666666,0.9166666666666666,0.0,0.800508045014881
grid_capacity,summer,3.0,42,3,daylight_proxy,15,0.27563833085317463,-0.24936275421626983,0.4295058720770423,0.6666666666666666,0.8666666666666667,0.0,1.280305989583333
grid_capacity,summer,3.0,42,4,all_hours,24,0.17227395678323412,-0.15585172138516865,0.3395542060450922,0.8333333333333334,0.9166666666666666,0.0,0.7896292550223215
grid_capacity,summer,3.0,42,4,daylight_proxy,15,0.27563833085317463,-0.24936275421626983,0.4295058720770423,0.7333333333333333,0.8666666666666667,0.0,1.2634068080357141
grid_capacity,summer,3.0,42,5,all_hours,24,0.16951981801835317,-0.15165482778397815,0.3391454658200431,0.9166666666666666,0.9583333333333334,0.0,0.8048531668526785
grid_capacity,summer,3.0,42,5,daylight_proxy,15,0.2712317088293651,-0.24264772445436505,0.4289888520440484,0.8666666666666667,0.9333333333333333,0.0,1.2874627976190474
grid_capacity,summer,3.0,42,6,all_hours,24,0.16606309678819445,-0.14310409303695437,0.3380980136503174,0.875,0.9583333333333334,0.0,0.8504813058035715
grid_capacity,summer,3.0,42,6,daylight_proxy,15,0.26570095486111106,-0.22896654885912693,0.427663918205481,0.8,0.9333333333333333,0.0,1.3607700892857144
grid_capacity,summer,3.0,42,7,all_hours,24,0.16744539775545633,-0.1320247589595734,0.3386411466661619,0.875,0.9583333333333334,0.0,0.8455113002232143
grid_capacity,summer,3.0,42,7,daylight_proxy,15,0.26791263640873014,-0.21123961433531743,0.42835093316648293,0.8,0.9333333333333333,0.0,1.3528180803571432
grid_capacity,summer,3.0,42,8,all_hours,24,0.16474754696800595,-0.10478854709201389,0.3360272675842773,0.9583333333333334,1.0,0.0,0.8508387974330356
grid_capacity,summer,3.0,42,8,daylight_proxy,15,0.2635960751488095,-0.16766167534722223,0.4250446085956729,0.9333333333333333,1.0,0.0,1.3610398065476192
grid_capacity,summer,3.0,42,9,all_hours,24,0.19578111436631943,-0.06841450040302577,0.3741736480131735,0.875,1.0,0.0,0.8180193219866072
grid_capacity,summer,3.0,42,9,daylight_proxy,15,0.3132497829861111,-0.10946320064484126,0.47329638725430595,0.8,1.0,0.0,1.308505394345238
grid_capacity,summer,3.0,42,10,all_hours,24,0.23396790519593255,0.02729443746899803,0.47720177226465543,0.9583333333333334,1.0,0.0,0.8028651646205359
grid_capacity,summer,3.0,42,10,daylight_proxy,15,0.37434864831349207,0.04367109995039685,0.6036178015301114,0.9333333333333333,1.0,0.0,1.282914806547619
grid_capacity,summer,3.0,42,11,all_hours,24,0.3036420549665178,0.10410572839161707,0.596794608521288,0.8333333333333334,0.9583333333333334,0.041666666666666664,0.8062191917782738
grid_capacity,summer,3.0,42,11,daylight_proxy,15,0.4858272879464286,0.1665691654265873,0.7548921032943211,0.7333333333333333,0.9333333333333333,0.06666666666666667,1.289950706845238
grid_capacity,summer,3.0,42,12,all_hours,24,0.3750921340215774,0.18658166310143845,0.7054032138315203,0.875,0.9166666666666666,0.041666666666666664,0.8580060686383928
grid_capacity,summer,3.0,42,12,daylight_proxy,15,0.6001474144345238,0.2985306609623016,0.8922723298041579,0.8,0.8666666666666667,0.06666666666666667,1.3725074404761906
grid_capacity,summer,3.0,42,13,all_hours,24,0.4102561345176092,0.3197342161148314,0.781003155338631,0.8333333333333334,0.875,0.08333333333333333,0.8993559337797619
grid_capacity,summer,3.0,42,13,daylight_proxy,15,0.6564098152281747,0.5115747457837302,0.9878995322593469,0.7333333333333333,0.8,0.13333333333333333,1.438969494047619
grid_capacity,summer,3.0,42,14,all_hours,24,0.4569783528645834,0.43147214859251,0.8574738401499926,0.7916666666666666,0.9583333333333334,0.041666666666666664,0.8375215076264881
grid_capacity,summer,3.0,42,14,daylight_proxy,15,0.7311653645833334,0.6903554377480159,1.0846281475540454,0.6666666666666666,0.9333333333333333,0.06666666666666667,1.340034412202381
grid_capacity,summer,3.0,42,15,all_hours,24,0.5223906017485119,0.49688439747643853,0.9171177014554351,0.7083333333333334,0.9166666666666666,0.08333333333333333,0.7588326590401785
grid_capacity,summer,3.0,42,15,daylight_proxy,15,0.835824962797619,0.7950150359623016,1.1600723276229983,0.5333333333333333,0.8666666666666667,0.13333333333333333,1.2141322544642856
grid_capacity,summer,3.0,42,16,all_hours,24,0.5500598725818452,0.5245536683097719,0.9322288331686128,0.6666666666666666,0.7916666666666666,0.20833333333333334,0.7354155040922619
grid_capacity,summer,3.0,42,16,daylight_proxy,15,0.8800957961309523,0.839285869295635,1.1791865653175757,0.4666666666666667,0.6666666666666666,0.3333333333333333,1.1766648065476193
grid_capacity,summer,3.0,42,17,all_hours,24,0.5719894166976687,0.5473343137710814,0.9386374472937091,0.6666666666666666,0.875,0.125,0.756132579985119
grid_capacity,summer,3.0,42,17,daylight_proxy,15,0.9151830667162699,0.8757349020337302,1.1872928922297485,0.4666666666666667,0.8,0.2,1.209486607142857
grid_capacity,summer,3.0,42,18,all_hours,24,0.5703933958023314,0.5675136990017361,0.9382256104852681,0.6666666666666666,0.875,0.125,0.763916015625
grid_capacity,summer,3.0,42,18,daylight_proxy,15,0.91262943328373,0.9080219184027777,1.1867719552941611,0.4666666666666667,0.8,0.2,1.2216378348214285
grid_capacity,summer,3.0,42,19,all_hours,24,0.5700393918960814,0.5700393918960814,0.9382141747206979,0.625,0.875,0.125,0.8061814081101191
grid_capacity,summer,3.0,42,19,daylight_proxy,15,0.9120630270337301,0.9120630270337301,1.18675749006903,0.4,0.8,0.2,1.2895647321428572
grid_capacity,summer,3.0,42,20,all_hours,24,0.5700393918960813,0.5700393918960813,0.9382141747206979,0.5833333333333334,0.8333333333333334,0.16666666666666666,0.6964111328125
grid_capacity,summer,3.0,42,20,daylight_proxy,15,0.9120630270337301,0.9120630270337301,1.18675749006903,0.3333333333333333,0.7333333333333333,0.26666666666666666,1.1142578125
grid_capacity,summer,3.0,42,21,all_hours,24,0.5700393918960814,0.5700393918960814,0.9382141747206978,0.5833333333333334,0.8333333333333334,0.16666666666666666,0.6688726515997022
grid_capacity,summer,3.0,42,21,daylight_proxy,15,0.9120630270337301,0.9120630270337301,1.18675749006903,0.3333333333333333,0.7333333333333333,0.26666666666666666,1.070196242559524
grid_capacity,summer,3.0,42,22,all_hours,24,0.5700393918960813,0.5700393918960813,0.9382141747206978,0.5,0.8333333333333334,0.16666666666666666,0.6805652436755952
grid_capacity,summer,3.0,42,22,daylight_proxy,15,0.9120630270337301,0.9120630270337301,1.18675749006903,0.2,0.7333333333333333,0.26666666666666666,1.088578869047619
grid_capacity,summer,3.0,42,23,all_hours,24,0.5594740125868055,0.5594740125868055,0.9228348591059282,0.5416666666666666,0.875,0.125,0.7673407660590278
grid_capacity,summer,3.0,42,23,daylight_proxy,15,0.8951584201388888,0.8951584201388888,1.1673040235901244,0.26666666666666666,0.8,0.2,1.2275607638888888
seed_repeat,summer,2.5,7,0,all_hours,24,0.17227395678323412,-0.15585172138516865,0.3395542060450922,0.8333333333333334,0.875,0.0,0.8221115838913691
seed_repeat,summer,2.5,7,0,daylight_proxy,15,0.27563833085317463,-0.24936275421626983,0.4295058720770423,0.7333333333333333,0.8,0.0,1.3150762648809524
seed_repeat,summer,2.5,7,1,all_hours,24,0.1722739567832341,-0.15585172138516862,0.3395542060450922,0.7916666666666666,0.9166666666666666,0.0,0.8136829194568453
seed_repeat,summer,2.5,7,1,daylight_proxy,15,0.27563833085317463,-0.24936275421626983,0.4295058720770423,0.6666666666666666,0.8666666666666667,0.0,1.3002232142857144
seed_repeat,summer,2.5,7,2,all_hours,24,0.17227395678323412,-0.15585172138516865,0.3395542060450922,0.7916666666666666,0.875,0.0,0.80340576171875
seed_repeat,summer,2.5,7,2,daylight_proxy,15,0.27563833085317463,-0.24936275421626983,0.4295058720770423,0.6666666666666666,0.8,0.0,1.2852446056547617
seed_repeat,summer,2.5,7,3,all_hours,24,0.17227395678323412,-0.15585172138516865,0.3395542060450922,0.7083333333333334,0.8333333333333334,0.0,0.7475876581101191
seed_repeat,summer,2.5,7,3,daylight_proxy,15,0.27563833085317463,-0.24936275421626983,0.4295058720770423,0.5333333333333333,0.7333333333333333,0.0,1.1954892113095241
seed_repeat,summer,2.5,7,4,all_hours,24,0.17227395678323412,-0.15585172138516865,0.3395542060450922,0.875,0.875,0.0,0.7450764973958334
seed_repeat,summer,2.5,7,4,daylight_proxy,15,0.27563833085317463,-0.24936275421626983,0.4295058720770423,0.8,0.8,0.0,1.1914713541666666
seed_repeat,summer,2.5,7,5,all_hours,24,0.16951981801835317,-0.15165482778397815,0.3391454658200431,0.8333333333333334,0.9166666666666666,0.0,0.7581263950892857
seed_repeat,summer,2.5,7,5,daylight_proxy,15,0.2712317088293651,-0.24264772445436505,0.4289888520440484,0.7333333333333333,0.8666666666666667,0.0,1.2126999627976192
seed_repeat,summer,2.5,7,6,all_hours,24,0.16606309678819445,-0.14310409303695437,0.3380980136503174,0.875,0.9583333333333334,0.0,0.7499157133556548
seed_repeat,summer,2.5,7,6,daylight_proxy,15,0.26570095486111106,-0.22896654885912693,0.427663918205481,0.8,0.9333333333333333,0.0,1.1998651413690478
seed_repeat,summer,2.5,7,7,all_hours,24,0.16744539775545633,-0.1320247589595734,0.3386411466661619,0.875,0.9166666666666666,0.0,0.7762015206473215
seed_repeat,summer,2.5,7,7,daylight_proxy,15,0.26791263640873014,-0.21123961433531743,0.42835093316648293,0.8,0.8666666666666667,0.0,1.2415969122023813
seed_repeat,summer,2.5,7,8,all_hours,24,0.16474754696800595,-0.10478854709201389,0.3360272675842773,1.0,1.0,0.0,0.7878708612351191
seed_repeat,summer,2.5,7,8,daylight_proxy,15,0.2635960751488095,-0.16766167534722223,0.4250446085956729,1.0,1.0,0.0,1.2605933779761906
seed_repeat,summer,2.5,7,9,all_hours,24,0.19578111436631943,-0.06841450040302577,0.3741736480131735,0.8333333333333334,1.0,0.0,0.7891002836681548
seed_repeat,summer,2.5,7,9,daylight_proxy,15,0.3132497829861111,-0.10946320064484126,0.47329638725430595,0.7333333333333333,1.0,0.0,1.2623558407738094
seed_repeat,summer,2.5,7,10,all_hours,24,0.23396790519593255,0.02729443746899803,0.47720177226465543,0.9166666666666666,0.9583333333333334,0.041666666666666664,0.7740769159226191
seed_repeat,summer,2.5,7,10,daylight_proxy,15,0.37434864831349207,0.04367109995039685,0.6036178015301114,0.8666666666666667,0.9333333333333333,0.06666666666666667,1.2385230654761905
seed_repeat,summer,2.5,7,11,all_hours,24,0.3036420549665178,0.10410572839161707,0.596794608521288,0.875,0.9166666666666666,0.08333333333333333,0.7981305803571429
seed_repeat,summer,2.5,7,11,daylight_proxy,15,0.4858272879464286,0.1665691654265873,0.7548921032943211,0.8,0.8666666666666667,0.13333333333333333,1.276683407738095
seed_repeat,summer,2.5,7,12,all_hours,24,0.3750921340215774,0.18658166310143845,0.7054032138315203,0.875,0.875,0.125,0.8377511160714285
seed_repeat,summer,2.5,7,12,daylight_proxy,15,0.6001474144345238,0.2985306609623016,0.8922723298041579,0.8,0.8,0.2,1.3404017857142856
seed_repeat,summer,2.5,7,13,all_hours,24,0.4102561345176092,0.3197342161148314,0.781003155338631,0.875,0.9166666666666666,0.08333333333333333,0.7631865001860119
seed_repeat,summer,2.5,7,13,daylight_proxy,15,0.6564098152281747,0.5115747457837302,0.9878995322593469,0.8,0.8666666666666667,0.13333333333333333,1.221098400297619
seed_repeat,summer,2.5,7,14,all_hours,24,0.4569783528645834,0.43147214859251,0.8574738401499926,0.875,0.9166666666666666,0.08333333333333333,0.9267403738839285
seed_repeat,summer,2.5,7,14,daylight_proxy,15,0.7311653645833334,0.6903554377480159,1.0846281475540454,0.8,0.8666666666666667,0.13333333333333333,1.4824590773809525
seed_repeat,summer,2.5,7,15,all_hours,24,0.5223906017485119,0.49688439747643853,0.9171177014554351,0.75,0.9166666666666666,0.08333333333333333,0.9479922340029762
seed_repeat,summer,2.5,7,15,daylight_proxy,15,0.835824962797619,0.7950150359623016,1.1600723276229983,0.6,0.8666666666666667,0.13333333333333333,1.5164853050595235
seed_repeat,summer,2.5,7,16,all_hours,24,0.5500598725818452,0.5245536683097719,0.9322288331686128,0.8333333333333334,0.9166666666666666,0.08333333333333333,0.9582287016369048
seed_repeat,summer,2.5,7,16,daylight_proxy,15,0.8800957961309523,0.839285869295635,1.1791865653175757,0.7333333333333333,0.8666666666666667,0.13333333333333333,1.533165922619048
seed_repeat,summer,2.5,7,17,all_hours,24,0.5719894166976687,0.5473343137710814,0.9386374472937091,0.75,0.9166666666666666,0.08333333333333333,0.9066016787574406
seed_repeat,summer,2.5,7,17,daylight_proxy,15,0.9151830667162699,0.8757349020337302,1.1872928922297485,0.6,0.8666666666666667,0.13333333333333333,1.4488932291666667
seed_repeat,summer,2.5,7,18,all_hours,24,0.5703933958023314,0.5675136990017361,0.9382256104852681,0.875,0.9166666666666666,0.08333333333333333,0.91259765625
seed_repeat,summer,2.5,7,18,daylight_proxy,15,0.91262943328373,0.9080219184027777,1.1867719552941611,0.8,0.8666666666666667,0.13333333333333333,1.4601562499999998
seed_repeat,summer,2.5,7,19,all_hours,24,0.5700393918960814,0.5700393918960814,0.9382141747206979,0.75,0.9166666666666666,0.08333333333333333,0.8897181919642857
seed_repeat,summer,2.5,7,19,daylight_proxy,15,0.9120630270337301,0.9120630270337301,1.18675749006903,0.6,0.8666666666666667,0.13333333333333333,1.4235491071428572
seed_repeat,summer,2.5,7,20,all_hours,24,0.5700393918960813,0.5700393918960813,0.9382141747206979,0.8333333333333334,0.875,0.125,0.8825567336309524
seed_repeat,summer,2.5,7,20,daylight_proxy,15,0.9120630270337301,0.9120630270337301,1.18675749006903,0.7333333333333333,0.8,0.2,1.4100957961309524
seed_repeat,summer,2.5,7,21,all_hours,24,0.5700393918960814,0.5700393918960814,0.9382141747206978,0.75,0.875,0.125,0.8677222842261904
seed_repeat,summer,2.5,7,21,daylight_proxy,15,0.9120630270337301,0.9120630270337301,1.18675749006903,0.6,0.8,0.2,1.3883556547619047
seed_repeat,summer,2.5,7,22,all_hours,24,0.5700393918960813,0.5700393918960813,0.9382141747206978,0.75,0.9166666666666666,0.08333333333333333,0.8446568080357144
seed_repeat,summer,2.5,7,22,daylight_proxy,15,0.9120630270337301,0.9120630270337301,1.18675749006903,0.6,0.8666666666666667,0.13333333333333333,1.3512462797619047
seed_repeat,summer,2.5,7,23,all_hours,24,0.5594740125868055,0.5594740125868055,0.9228348591059282,0.75,0.875,0.125,0.9225090874565972
seed_repeat,summer,2.5,7,23,daylight_proxy,15,0.8951584201388888,0.8951584201388888,1.1673040235901244,0.6,0.8,0.2,1.475689019097222
seed_repeat,summer,2.5,99,0,all_hours,24,0.17227395678323412,-0.15585172138516865,0.3395542060450922,0.7916666666666666,0.9583333333333334,0.0,0.8175310407366071
seed_repeat,summer,2.5,99,0,daylight_proxy,15,0.27563833085317463,-0.24936275421626983,0.4295058720770423,0.6666666666666666,0.9333333333333333,0.0,1.3077241443452379
seed_repeat,summer,2.5,99,1,all_hours,24,0.1722739567832341,-0.15585172138516862,0.3395542060450922,0.875,0.9583333333333334,0.0,0.76580810546875
seed_repeat,summer,2.5,99,1,daylight_proxy,15,0.27563833085317463,-0.24936275421626983,0.4295058720770423,0.8,0.9333333333333333,0.0,1.22529296875
seed_repeat,summer,2.5,99,2,all_hours,24,0.17227395678323412,-0.15585172138516865,0.3395542060450922,0.7916666666666666,0.9166666666666666,0.0,0.6968325660342263
seed_repeat,summer,2.5,99,2,daylight_proxy,15,0.27563833085317463,-0.24936275421626983,0.4295058720770423,0.6666666666666666,0.8666666666666667,0.0,1.114932105654762
seed_repeat,summer,2.5,99,3,all_hours,24,0.17227395678323412,-0.15585172138516865,0.3395542060450922,0.7916666666666666,0.9583333333333334,0.0,0.7273966471354166
seed_repeat,summer,2.5,99,3,daylight_proxy,15,0.27563833085317463,-0.24936275421626983,0.4295058720770423,0.6666666666666666,0.9333333333333333,0.0,1.163532366071429
seed_repeat,summer,2.5,99,4,all_hours,24,0.17227395678323412,-0.15585172138516865,0.3395542060450922,0.7916666666666666,0.9166666666666666,0.0,0.7385689871651785
seed_repeat,summer,2.5,99,4,daylight_proxy,15,0.27563833085317463,-0.24936275421626983,0.4295058720770423,0.6666666666666666,0.8666666666666667,0.0,1.1817103794642858
seed_repeat,summer,2.5,99,5,all_hours,24,0.16951981801835317,-0.15165482778397815,0.3391454658200431,0.75,0.875,0.041666666666666664,0.7022327241443453
seed_repeat,summer,2.5,99,5,daylight_proxy,15,0.2712317088293651,-0.24264772445436505,0.4289888520440484,0.6,0.8,0.06666666666666667,1.121902901785714
seed_repeat,summer,2.5,99,6,all_hours,24,0.16606309678819445,-0.14310409303695437,0.3380980136503174,0.875,0.9166666666666666,0.0,0.8017810639880952
seed_repeat,summer,2.5,99,6,daylight_proxy,15,0.26570095486111106,-0.22896654885912693,0.427663918205481,0.8,0.8666666666666667,0.0,1.2828497023809526
seed_repeat,summer,2.5,99,7,all_hours,24,0.16744539775545633,-0.1320247589595734,0.3386411466661619,0.875,0.9166666666666666,0.041666666666666664,0.7958344959077381
seed_repeat,summer,2.5,99,7,daylight_proxy,15,0.26791263640873014,-0.21123961433531743,0.42835093316648293,0.8,0.8666666666666667,0.06666666666666667,1.273335193452381
seed_repeat,summer,2.5,99,8,all_hours,24,0.16474754696800595,-0.10478854709201389,0.3360272675842773,0.9166666666666666,0.9166666666666666,0.041666666666666664,0.7618582589285715
seed_repeat,summer,2.5,99,8,daylight_proxy,15,0.2635960751488095,-0.16766167534722223,0.4250446085956729,0.8666666666666667,0.8666666666666667,0.06666666666666667,1.2189732142857146
seed_repeat,summer,2.5,99,9,all_hours,24,0.19578111436631943,-0.06841450040302577,0.3741736480131735,0.875,0.9166666666666666,0.041666666666666664,0.7386532738095238
seed_repeat,summer,2.5,99,9,daylight_proxy,15,0.3132497829861111,-0.10946320064484126,0.47329638725430595,0.8,0.8666666666666667,0.06666666666666667,1.181640625
seed_repeat,summer,2.5,99,10,all_hours,24,0.23396790519593255,0.02729443746899803,0.47720177226465543,0.875,0.9166666666666666,0.041666666666666664,0.7705049060639881
seed_repeat,summer,2.5,99,10,daylight_proxy,15,0.37434864831349207,0.04367109995039685,0.6036178015301114,0.8,0.8666666666666667,0.06666666666666667,1.232807849702381
seed_repeat,summer,2.5,99,11,all_hours,24,0.3036420549665178,0.10410572839161707,0.596794608521288,0.7916666666666666,0.9166666666666666,0.08333333333333333,0.8130435035342263
seed_repeat,summer,2.5,99,11,daylight_proxy,15,0.4858272879464286,0.1665691654265873,0.7548921032943211,0.6666666666666666,0.8666666666666667,0.13333333333333333,1.300869605654762
seed_repeat,summer,2.5,99,12,all_hours,24,0.3750921340215774,0.18658166310143845,0.7054032138315203,0.8333333333333334,0.9166666666666666,0.041666666666666664,0.8052716936383929
seed_repeat,summer,2.5,99,12,daylight_proxy,15,0.6001474144345238,0.2985306609623016,0.8922723298041579,0.7333333333333333,0.8666666666666667,0.06666666666666667,1.2884347098214286
seed_repeat,summer,2.5,99,13,all_hours,24,0.4102561345176092,0.3197342161148314,0.781003155338631,0.7083333333333334,0.75,0.20833333333333334,0.7259695870535715
seed_repeat,summer,2.5,99,13,daylight_proxy,15,0.6564098152281747,0.5115747457837302,0.9878995322593469,0.5333333333333333,0.6,0.3333333333333333,1.161346726190476
seed_repeat,summer,2.5,99,14,all_hours,24,0.4569783528645834,0.43147214859251,0.8574738401499926,0.75,0.7916666666666666,0.20833333333333334,0.7763933454241071
seed_repeat,summer,2.5,99,14,daylight_proxy,15,0.7311653645833334,0.6903554377480159,1.0846281475540454,0.6,0.6666666666666666,0.3333333333333333,1.241903831845238
seed_repeat,summer,2.5,99,15,all_hours,24,0.5223906017485119,0.49688439747643853,0.9171177014554351,0.7083333333333334,0.7916666666666666,0.20833333333333334,0.7977847144717263
seed_repeat,summer,2.5,99,15,daylight_proxy,15,0.835824962797619,0.7950150359623016,1.1600723276229983,0.5333333333333333,0.6666666666666666,0.3333333333333333,1.276455543154762
seed_repeat,summer,2.5,99,16,all_hours,24,0.5500598725818452,0.5245536683097719,0.9322288331686128,0.75,0.8333333333333334,0.16666666666666666,0.7969767252604166
seed_repeat,summer,2.5,99,16,daylight_proxy,15,0.8800957961309523,0.839285869295635,1.1791865653175757,0.6,0.7333333333333333,0.26666666666666666,1.2751627604166667
seed_repeat,summer,2.5,99,17,all_hours,24,0.5719894166976687,0.5473343137710814,0.9386374472937091,0.5416666666666666,0.75,0.25,0.7744315011160715
seed_repeat,summer,2.5,99,17,daylight_proxy,15,0.9151830667162699,0.8757349020337302,1.1872928922297485,0.26666666666666666,0.6,0.4,1.2385602678571428
seed_repeat,summer,2.5,99,18,all_hours,24,0.5703933958023314,0.5675136990017361,0.9382256104852681,0.7083333333333334,0.9166666666666666,0.08333333333333333,0.8780139741443452
seed_repeat,summer,2.5,99,18,daylight_proxy,15,0.91262943328373,0.9080219184027777,1.1867719552941611,0.5333333333333333,0.8666666666666667,0.13333333333333333,1.404822358630952
seed_repeat,summer,2.5,99,19,all_hours,24,0.5700393918960814,0.5700393918960814,0.9382141747206979,0.6666666666666666,0.875,0.125,0.8081781296502976
seed_repeat,summer,2.5,99,19,daylight_proxy,15,0.9120630270337301,0.9120630270337301,1.18675749006903,0.4666666666666667,0.8,0.2,1.2927827380952381
seed_repeat,summer,2.5,99,20,all_hours,24,0.5700393918960813,0.5700393918960813,0.9382141747206979,0.6666666666666666,0.75,0.25,0.8737967354910715
seed_repeat,summer,2.5,99,20,daylight_proxy,15,0.9120630270337301,0.9120630270337301,1.18675749006903,0.4666666666666667,0.6,0.4,1.3980747767857145
seed_repeat,summer,2.5,99,21,all_hours,24,0.5700393918960814,0.5700393918960814,0.9382141747206978,0.625,0.7916666666666666,0.20833333333333334,0.8678763253348215
seed_repeat,summer,2.5,99,21,daylight_proxy,15,0.9120630270337301,0.9120630270337301,1.18675749006903,0.4,0.6666666666666666,0.3333333333333333,1.3869326636904762
seed_repeat,summer,2.5,99,22,all_hours,24,0.5700393918960813,0.5700393918960813,0.9382141747206978,0.5416666666666666,0.75,0.25,0.8171909877232144
seed_repeat,summer,2.5,99,22,daylight_proxy,15,0.9120630270337301,0.9120630270337301,1.18675749006903,0.26666666666666666,0.6,0.4,1.3072033110119048
seed_repeat,summer,2.5,99,23,all_hours,24,0.5594740125868055,0.5594740125868055,0.9228348591059282,0.5416666666666666,0.8333333333333334,0.16666666666666666,0.9114854600694443
seed_repeat,summer,2.5,99,23,daylight_proxy,15,0.8951584201388888,0.8951584201388888,1.1673040235901244,0.26666666666666666,0.7333333333333333,0.26666666666666666,1.4583767361111113
stress,summer,2.5,42,0,all_hours,48,1.0857466440352181,1.0857466440352181,1.500794662956294,0.375,0.375,0.625,0.7863406226748513
stress,summer,2.5,42,0,daylight_proxy,30,1.7371946304563495,1.7371946304563495,1.8983717740666484,0.0,0.0,1.0,1.2577287946428573
stress,summer,2.5,42,1,all_hours,48,1.0857466440352181,1.0857466440352181,1.500794662956294,0.375,0.3958333333333333,0.6041666666666666,0.7892005557105654
stress,summer,2.5,42,1,daylight_proxy,30,1.7371946304563495,1.7371946304563495,1.8983717740666484,0.0,0.03333333333333333,0.9666666666666667,1.2622326078869046
stress,summer,2.5,42,2,all_hours,48,1.0857466440352184,1.0857466440352184,1.500794662956294,0.375,0.375,0.625,0.8508489699590774
stress,summer,2.5,42,2,daylight_proxy,30,1.7371946304563495,1.7371946304563495,1.8983717740666484,0.0,0.0,1.0,1.3611049107142856
stress,summer,2.5,42,3,all_hours,48,1.0857466440352184,1.0857466440352184,1.500794662956294,0.375,0.3958333333333333,0.6041666666666666,0.7956760951450894
stress,summer,2.5,42,3,daylight_proxy,30,1.7371946304563495,1.7371946304563495,1.8983717740666484,0.0,0.03333333333333333,0.9666666666666667,1.2726655505952382
stress,summer,2.5,42,4,all_hours,48,1.0857466440352181,1.0857466440352181,1.500794662956294,0.375,0.3958333333333333,0.6041666666666666,0.7910069056919644
stress,summer,2.5,42,4,daylight_proxy,30,1.7371946304563495,1.7371946304563495,1.8983717740666484,0.0,0.03333333333333333,0.9666666666666667,1.2656110491071428
stress,summer,2.5,42,5,all_hours,48,1.0858547634548612,1.0858547634548612,1.5008489493458044,0.3958333333333333,0.3958333333333333,0.6041666666666666,0.8173116048177084
stress,summer,2.5,42,5,daylight_proxy,30,1.737367621527778,1.737367621527778,1.898440441521368,0.03333333333333333,0.03333333333333333,0.9666666666666667,1.3067127046130953
stress,summer,2.5,42,6,all_hours,48,1.086048622736855,1.086048622736855,1.5009536432326445,0.375,0.3958333333333333,0.6041666666666666,0.8237450009300594
stress,summer,2.5,42,6,daylight_proxy,30,1.7376777963789685,1.7376777963789685,1.8985728699771725,0.0,0.03333333333333333,0.9666666666666667,1.3178408668154762
stress,summer,2.5,42,7,all_hours,48,1.0858867342509921,1.0858867342509921,1.5008529383819555,0.375,0.3958333333333333,0.6041666666666666,0.8212643577938988
stress,summer,2.5,42,7,daylight_proxy,30,1.7374187748015875,1.7374187748015875,1.898445487297331,0.0,0.03333333333333333,0.9666666666666667,1.3131882440476195
stress,summer,2.5,42,8,all_hours,48,1.0865863133990574,1.0865863133990574,1.5014306366329313,0.375,0.3958333333333333,0.6041666666666666,0.8411574590773809
stress,summer,2.5,42,8,daylight_proxy,30,1.7385381014384922,1.7385381014384922,1.8991762242066825,0.0,0.03333333333333333,0.9666666666666667,1.34570079985119
stress,summer,2.5,42,9,all_hours,48,1.084600055028522,1.084600055028522,1.4991562442877788,0.375,0.375,0.625,0.7759544735863096
stress,summer,2.5,42,9,daylight_proxy,30,1.735360088045635,1.735360088045635,1.896299320165269,0.0,0.0,1.0,1.241201636904762
stress,summer,2.5,42,10,all_hours,48,1.0860945444258432,1.0860945444258432,1.5012158704336094,0.375,0.3958333333333333,0.6041666666666666,0.7783871605282738
stress,summer,2.5,42,10,daylight_proxy,30,1.7377512710813492,1.7377512710813492,1.8989045640649727,0.0,0.03333333333333333,0.9666666666666667,1.2445847284226188
stress,summer,2.5,42,11,all_hours,48,1.084484378875248,1.084484378875248,1.4986118574247387,0.375,0.375,0.625,0.8075706845238096
stress,summer,2.5,42,11,daylight_proxy,30,1.7351750062003968,1.7351750062003968,1.8956107191990765,0.0,0.0,1.0,1.2921130952380955
stress,summer,2.5,42,12,all_hours,48,1.077152603391617,1.077152603391617,1.486656540067623,0.3958333333333333,0.3958333333333333,0.6041666666666666,0.8356221516927084
stress,summer,2.5,42,12,daylight_proxy,30,1.723444165426587,1.723444165426587,1.8804883059996247,0.03333333333333333,0.03333333333333333,0.9666666666666667,1.3368443080357144
stress,summer,2.5,42,13,all_hours,48,1.0750922309027777,1.0750922309027777,1.4833921679719437,0.3958333333333333,0.4375,0.5625,0.9047517322358631
stress,summer,2.5,42,13,daylight_proxy,30,1.7201475694444446,1.7201475694444446,1.876359165618567,0.03333333333333333,0.1,0.9,1.4467680431547618
stress,summer,2.5,42,14,all_hours,48,1.0702332511780754,1.0702332511780754,1.4756639392159099,0.3958333333333333,0.4166666666666667,0.5833333333333334,0.8615228562127976
stress,summer,2.5,42,14,daylight_proxy,30,1.7123732018849205,1.7123732018849205,1.8665836435594163,0.03333333333333333,0.06666666666666667,0.9333333333333333,1.3782738095238092
stress,summer,2.5,42,15,all_hours,48,1.0643770732576885,1.0643770732576885,1.4674749375062996,0.375,0.3958333333333333,0.6041666666666666,0.7856416248139881
stress,summer,2.5,42,15,daylight_proxy,30,1.7030033172123014,1.7030033172123014,1.856225284693264,0.0,0.03333333333333333,0.9666666666666667,1.2570265997023813
stress,summer,2.5,42,16,all_hours,48,1.0602461557539682,1.0602461557539682,1.4626717250318886,0.375,0.4166666666666667,0.5833333333333334,0.759033203125
stress,summer,2.5,42,16,daylight_proxy,30,1.696393849206349,1.696393849206349,1.8501496480913153,0.0,0.06666666666666667,0.9333333333333333,1.214453125
stress,summer,2.5,42,17,all_hours,48,1.0538775731646826,1.0538775731646826,1.4574057741382418,0.375,0.3958333333333333,0.6041666666666666,0.7899431501116072
stress,summer,2.5,42,17,daylight_proxy,30,1.6862041170634925,1.6862041170634925,1.843488688543106,0.0,0.03333333333333333,0.9666666666666667,1.263595145089286
stress,summer,2.5,42,18,all_hours,48,1.0508426726810516,1.0508426726810516,1.4555820496715686,0.375,0.3958333333333333,0.6041666666666666,0.8033345540364584
stress,summer,2.5,42,18,daylight_proxy,30,1.6813482762896825,1.6813482762896825,1.8411818392874006,0.0,0.03333333333333333,0.9666666666666667,1.2841866629464285
stress,summer,2.5,42,19,all_hours,48,1.0504168798053077,1.0504168798053077,1.4553581400781663,0.375,0.4166666666666667,0.5833333333333334,0.8257882254464285
stress,summer,2.5,42,19,daylight_proxy,30,1.6806670076884924,1.6806670076884924,1.8408986135653551,0.0,0.06666666666666667,0.9333333333333333,1.3209472656249999
stress,summer,2.5,42,20,all_hours,48,1.0504168798053077,1.0504168798053077,1.4553581400781663,0.375,0.4375,0.5625,0.7670724051339287
stress,summer,2.5,42,20,daylight_proxy,30,1.6806670076884924,1.6806670076884924,1.8408986135653551,0.0,0.1,0.9,1.2273158482142856
stress,summer,2.5,42,21,all_hours,48,1.0504168798053075,1.0504168798053075,1.4553581400781663,0.3958333333333333,0.4166666666666667,0.5833333333333334,0.7581016903831846
stress,summer,2.5,42,21,daylight_proxy,30,1.6806670076884924,1.6806670076884924,1.8408986135653551,0.03333333333333333,0.06666666666666667,0.9333333333333333,1.2129627046130953
stress,summer,2.5,42,22,all_hours,48,1.0504168798053077,1.0504168798053077,1.4553581400781663,0.375,0.3958333333333333,0.6041666666666666,0.7347426641555059
stress,summer,2.5,42,22,daylight_proxy,30,1.6806670076884924,1.6806670076884924,1.8408986135653551,0.0,0.03333333333333333,0.9666666666666667,1.1752743675595236
stress,summer,2.5,42,23,all_hours,48,1.0935146755642362,1.0935146755642362,1.521936218426032,0.375,0.375,0.625,0.7757093641493057
stress,summer,2.5,42,23,daylight_proxy,30,1.7496234809027775,1.7496234809027775,1.9251139614919137,0.0,0.0,1.0,1.2408799913194446
pure_cvar_ties,summer,2.5,42,0,all_hours,24,0.17227395678323412,-0.15585172138516865,0.3395542060450922,0.7916666666666666,0.7916666666666666,0.0,0.7581670851934526
pure_cvar_ties,summer,2.5,42,0,daylight_proxy,15,0.27563833085317463,-0.24936275421626983,0.4295058720770423,0.6666666666666666,0.6666666666666666,0.0,1.2127418154761906
pure_cvar_ties,summer,2.5,42,1,all_hours,24,0.1722739567832341,-0.15585172138516862,0.3395542060450922,0.8333333333333334,0.8333333333333334,0.0,0.8322056361607143
pure_cvar_ties,summer,2.5,42,1,daylight_proxy,15,0.27563833085317463,-0.24936275421626983,0.4295058720770423,0.7333333333333333,0.7333333333333333,0.0,1.330877976190476
pure_cvar_ties,summer,2.5,42,2,all_hours,24,0.17227395678323412,-0.15585172138516865,0.3395542060450922,0.8333333333333334,0.875,0.0,0.8250935872395834
pure_cvar_ties,summer,2.5,42,2,daylight_proxy,15,0.27563833085317463,-0.24936275421626983,0.4295058720770423,0.7333333333333333,0.8,0.0,1.319945126488095
pure_cvar_ties,summer,2.5,42,3,all_hours,24,0.17227395678323412,-0.15585172138516865,0.3395542060450922,0.7916666666666666,0.9166666666666666,0.0,0.800508045014881
pure_cvar_ties,summer,2.5,42,3,daylight_proxy,15,0.27563833085317463,-0.24936275421626983,0.4295058720770423,0.6666666666666666,0.8666666666666667,0.0,1.280305989583333
pure_cvar_ties,summer,2.5,42,4,all_hours,24,0.17227395678323412,-0.15585172138516865,0.3395542060450922,0.8333333333333334,0.9166666666666666,0.0,0.7896292550223215
pure_cvar_ties,summer,2.5,42,4,daylight_proxy,15,0.27563833085317463,-0.24936275421626983,0.4295058720770423,0.7333333333333333,0.8666666666666667,0.0,1.2634068080357141
pure_cvar_ties,summer,2.5,42,5,all_hours,24,0.16951981801835317,-0.15165482778397815,0.3391454658200431,0.9166666666666666,0.9583333333333334,0.0,0.8048531668526785
pure_cvar_ties,summer,2.5,42,5,daylight_proxy,15,0.2712317088293651,-0.24264772445436505,0.4289888520440484,0.8666666666666667,0.9333333333333333,0.0,1.2874627976190474
pure_cvar_ties,summer,2.5,42,6,all_hours,24,0.16606309678819445,-0.14310409303695437,0.3380980136503174,0.875,0.9583333333333334,0.0,0.8504813058035715
pure_cvar_ties,summer,2.5,42,6,daylight_proxy,15,0.26570095486111106,-0.22896654885912693,0.427663918205481,0.8,0.9333333333333333,0.0,1.3607700892857144
pure_cvar_ties,summer,2.5,42,7,all_hours,24,0.16744539775545633,-0.1320247589595734,0.3386411466661619,0.875,0.9583333333333334,0.0,0.8455113002232143
pure_cvar_ties,summer,2.5,42,7,daylight_proxy,15,0.26791263640873014,-0.21123961433531743,0.42835093316648293,0.8,0.9333333333333333,0.0,1.3528180803571432
pure_cvar_ties,summer,2.5,42,8,all_hours,24,0.16474754696800595,-0.10478854709201389,0.3360272675842773,0.9583333333333334,1.0,0.0,0.8508387974330356
pure_cvar_ties,summer,2.5,42,8,daylight_proxy,15,0.2635960751488095,-0.16766167534722223,0.4250446085956729,0.9333333333333333,1.0,0.0,1.3610398065476192
pure_cvar_ties,summer,2.5,42,9,all_hours,24,0.19578111436631943,-0.06841450040302577,0.3741736480131735,0.875,1.0,0.0,0.8180193219866072
pure_cvar_ties,summer,2.5,42,9,daylight_proxy,15,0.3132497829861111,-0.10946320064484126,0.47329638725430595,0.8,1.0,0.0,1.308505394345238
pure_cvar_ties,summer,2.5,42,10,all_hours,24,0.23396790519593255,0.02729443746899803,0.47720177226465543,0.9583333333333334,1.0,0.0,0.8028651646205359
pure_cvar_ties,summer,2.5,42,10,daylight_proxy,15,0.37434864831349207,0.04367109995039685,0.6036178015301114,0.9333333333333333,1.0,0.0,1.282914806547619
pure_cvar_ties,summer,2.5,42,11,all_hours,24,0.3036420549665178,0.10410572839161707,0.596794608521288,0.8333333333333334,0.9583333333333334,0.041666666666666664,0.8062191917782738
pure_cvar_ties,summer,2.5,42,11,daylight_proxy,15,0.4858272879464286,0.1665691654265873,0.7548921032943211,0.7333333333333333,0.9333333333333333,0.06666666666666667,1.289950706845238
pure_cvar_ties,summer,2.5,42,12,all_hours,24,0.3750921340215774,0.18658166310143845,0.7054032138315203,0.875,0.9166666666666666,0.041666666666666664,0.8580060686383928
pure_cvar_ties,summer,2.5,42,12,daylight_proxy,15,0.6001474144345238,0.2985306609623016,0.8922723298041579,0.8,0.8666666666666667,0.06666666666666667,1.3725074404761906
pure_cvar_ties,summer,2.5,42,13,all_hours,24,0.4102561345176092,0.3197342161148314,0.781003155338631,0.8333333333333334,0.875,0.08333333333333333,0.8993559337797619
pure_cvar_ties,summer,2.5,42,13,daylight_proxy,15,0.6564098152281747,0.5115747457837302,0.9878995322593469,0.7333333333333333,0.8,0.13333333333333333,1.438969494047619
pure_cvar_ties,summer,2.5,42,14,all_hours,24,0.4569783528645834,0.43147214859251,0.8574738401499926,0.7916666666666666,0.9583333333333334,0.041666666666666664,0.8375215076264881
pure_cvar_ties,summer,2.5,42,14,daylight_proxy,15,0.7311653645833334,0.6903554377480159,1.0846281475540454,0.6666666666666666,0.9333333333333333,0.06666666666666667,1.340034412202381
pure_cvar_ties,summer,2.5,42,15,all_hours,24,0.5223906017485119,0.49688439747643853,0.9171177014554351,0.7083333333333334,0.9166666666666666,0.08333333333333333,0.7588326590401785
pure_cvar_ties,summer,2.5,42,15,daylight_proxy,15,0.835824962797619,0.7950150359623016,1.1600723276229983,0.5333333333333333,0.8666666666666667,0.13333333333333333,1.2141322544642856
pure_cvar_ties,summer,2.5,42,16,all_hours,24,0.5500598725818452,0.5245536683097719,0.9322288331686128,0.6666666666666666,0.7916666666666666,0.20833333333333334,0.7354155040922619
pure_cvar_ties,summer,2.5,42,16,daylight_proxy,15,0.8800957961309523,0.839285869295635,1.1791865653175757,0.4666666666666667,0.6666666666666666,0.3333333333333333,1.1766648065476193
pure_cvar_ties,summer,2.5,42,17,all_hours,24,0.5719894166976687,0.5473343137710814,0.9386374472937091,0.6666666666666666,0.875,0.125,0.756132579985119
pure_cvar_ties,summer,2.5,42,17,daylight_proxy,15,0.9151830667162699,0.8757349020337302,1.1872928922297485,0.4666666666666667,0.8,0.2,1.209486607142857
pure_cvar_ties,summer,2.5,42,18,all_hours,24,0.5703933958023314,0.5675136990017361,0.9382256104852681,0.6666666666666666,0.875,0.125,0.763916015625
pure_cvar_ties,summer,2.5,42,18,daylight_proxy,15,0.91262943328373,0.9080219184027777,1.1867719552941611,0.4666666666666667,0.8,0.2,1.2216378348214285
pure_cvar_ties,summer,2.5,42,19,all_hours,24,0.5700393918960814,0.5700393918960814,0.9382141747206979,0.625,0.875,0.125,0.8061814081101191
pure_cvar_ties,summer,2.5,42,19,daylight_proxy,15,0.9120630270337301,0.9120630270337301,1.18675749006903,0.4,0.8,0.2,1.2895647321428572
pure_cvar_ties,summer,2.5,42,20,all_hours,24,0.5700393918960813,0.5700393918960813,0.9382141747206979,0.5833333333333334,0.8333333333333334,0.16666666666666666,0.6964111328125
pure_cvar_ties,summer,2.5,42,20,daylight_proxy,15,0.9120630270337301,0.9120630270337301,1.18675749006903,0.3333333333333333,0.7333333333333333,0.26666666666666666,1.1142578125
pure_cvar_ties,summer,2.5,42,21,all_hours,24,0.5700393918960814,0.5700393918960814,0.9382141747206978,0.5833333333333334,0.8333333333333334,0.16666666666666666,0.6688726515997022
pure_cvar_ties,summer,2.5,42,21,daylight_proxy,15,0.9120630270337301,0.9120630270337301,1.18675749006903,0.3333333333333333,0.7333333333333333,0.26666666666666666,1.070196242559524
pure_cvar_ties,summer,2.5,42,22,all_hours,24,0.5700393918960813,0.5700393918960813,0.9382141747206978,0.5,0.8333333333333334,0.16666666666666666,0.6805652436755952
pure_cvar_ties,summer,2.5,42,22,daylight_proxy,15,0.9120630270337301,0.9120630270337301,1.18675749006903,0.2,0.7333333333333333,0.26666666666666666,1.088578869047619
pure_cvar_ties,summer,2.5,42,23,all_hours,24,0.5594740125868055,0.5594740125868055,0.9228348591059282,0.5416666666666666,0.875,0.125,0.7673407660590278
pure_cvar_ties,summer,2.5,42,23,daylight_proxy,15,0.8951584201388888,0.8951584201388888,1.1673040235901244,0.26666666666666666,0.8,0.2,1.2275607638888888
