time,load_kw,pv_kw,price_eur_per_kwh,requested_charge_kw,requested_discharge_kw,charge_kw,discharge_kw,soc_before_kwh,soc_kwh,pv_used_kw,curtailment_kwh,grid_kw,ens_kwh,throughput_kwh,grid_cost_eur,battery_cost_eur,shortage_cost_eur,inventory_adjustment_eur,operating_cost_eur,loss_eur,charge_override_kw,discharge_override_kw,balance_residual_kw,actual_expense_eur,policy,stress,plan_expected_loss_eur,plan_var_eur,plan_cvar_eur,plan_objective_eur,solve_seconds,max_residual,grid_limit_kw,seed,window,experiment,risk_weight,tail_tiebreak,forecast_issue_time,forecast_valid_time,forecast_lead_hours,point_forecast_pv_kw,scenario_mean_pv_kw,scenario_min_pv_kw,scenario_max_pv_kw,scenario_p10_pv_kw,scenario_p90_pv_kw,scenario_std_pv_kw,forecast_error_pv_kw,forecast_daylight_proxy,scenario_count,plan_primary_expected_loss_eur,plan_primary_cvar_eur,plan_tail_tiebreak_tolerance_eur,plan_tail_tiebreak_used
2017-01-01 00:00:00+00:00,2.35,0.0,0.16,0.1499999999999999,0.0,0.1499999999999999,0.0,4.0,4.1425,0.0,0.0,2.5,0.0,0.1499999999999999,0.4,0.0014999999999999,0.0,-0.02565,0.4015,0.37585,0.0,0.0,0.0,0.4015,perfect_foresight,False,69.74474506687146,69.74474506687146,69.74474506687146,69.74474506687146,0.1786096000578254,5.0848214527832176e-14,2.5,42,winter,main,0.0,True,,,,,,,,,,,,,,,,,
2017-01-01 01:00:00+00:00,2.35,0.0,0.16,0.1499999999999999,0.0,0.1499999999999999,0.0,4.1425,4.285,0.0,0.0,2.5,0.0,0.1499999999999999,0.4,0.0014999999999999,0.0,-0.02565,0.4015,0.37585,0.0,0.0,0.0,0.4015,perfect_foresight,False,69.74474506687146,69.74474506687146,69.74474506687146,69.74474506687146,0.0,5.0848214527832176e-14,2.5,42,winter,main,0.0,True,,,,,,,,,,,,,,,,,
2017-01-01 02:00:00+00:00,2.35,0.0,0.16,0.1499999999999999,0.0,0.1499999999999999,0.0,4.285,4.4275,0.0,0.0,2.5,0.0,0.1499999999999999,0.4,0.0014999999999999,0.0,-0.02565,0.4015,0.37585,0.0,0.0,0.0,0.4015,perfect_foresight,False,69.74474506687146,69.74474506687146,69.74474506687146,69.74474506687146,0.0,5.0848214527832176e-14,2.5,42,winter,main,0.0,True,,,,,,,,,,,,,,,,,
2017-01-01 03:00:00+00:00,2.35,0.0,0.16,0.1499999999999999,0.0,0.1499999999999999,0.0,4.4275,4.57,0.0,0.0,2.5,0.0,0.1499999999999999,0.4,0.0014999999999999,0.0,-0.02565,0.4015,0.37585,0.0,0.0,0.0,0.4015,perfect_foresight,False,69.74474506687146,69.74474506687146,69.74474506687146,69.74474506687146,0.0,5.0848214527832176e-14,2.5,42,winter,main,0.0,True,,,,,,,,,,,,,,,,,
2017-01-01 04:00:00+00:00,2.35,0.0,0.16,0.1499999999999999,0.0,0.1499999999999999,0.0,4.57,4.7125,0.0,0.0,2.5,0.0,0.1499999999999999,0.4,0.0014999999999999,0.0,-0.02565,0.4015,0.37585,0.0,0.0,0.0,0.4015,perfect_foresight,False,69.74474506687146,69.74474506687146,69.74474506687146,69.74474506687146,0.0,5.0848214527832176e-14,2.5,42,winter,main,0.0,True,,,,,,,,,,,,,,,,,
2017-01-01 05:00:00+00:00,2.35,0.0,0.16,0.1499999999999999,0.0,0.1499999999999999,0.0,4.7125,4.855,0.0,0.0,2.5,0.0,0.1499999999999999,0.4,0.0014999999999999,0.0,-0.02565,0.4015,0.37585,0.0,0.0,0.0,0.4015,perfect_foresight,False,69.74474506687146,69.74474506687146,69.74474506687146,69.74474506687146,0.0,5.0848214527832176e-14,2.5,42,winter,main,0.0,True,,,,,,,,,,,,,,,,,
2017-01-01 06:00:00+00:00,2.8000000000000003,0.0,0.16,0.0,0.3000000000000002,0.0,0.3000000000000002,4.855,4.53921052631579,0.0,0.0,2.5,0.0,0.3000000000000002,0.4,0.003,0.0,0.0568421052631579,0.403,0.4598421052631579,0.0,0.0,0.0,0.403,perfect_foresight,False,69.74474506687146,69.74474506687146,69.74474506687146,69.74474506687146,0.0,5.0848214527832176e-14,2.5,42,winter,main,0.0,True,,,,,,,,,,,,,,,,,
2017-01-01 07:00:00+00:00,2.8000000000000003,0.0,0.16,0.0,0.3000000000000002,0.0,0.3000000000000002,4.53921052631579,4.223421052631579,0.0,0.0,2.5,0.0,0.3000000000000002,0.4,0.003,0.0,0.0568421052631579,0.403,0.4598421052631579,0.0,0.0,0.0,0.403,perfect_foresight,False,69.74474506687146,69.74474506687146,69.74474506687146,69.74474506687146,0.0,5.0848214527832176e-14,2.5,42,winter,main,0.0,True,,,,,,,,,,,,,,,,,
2017-01-01 08:00:00+00:00,2.8000000000000003,0.0654296875,0.175,0.0,0.2345703125000002,0.0,0.2345703125000002,4.223421052631579,3.976504934210526,0.0654296875,0.0,2.5,0.0,0.2345703125000002,0.4375,0.002345703125,0.0,0.0444449013157895,0.439845703125,0.4842906044407895,0.0,0.0,0.0,0.439845703125,perfect_foresight,False,69.74474506687146,69.74474506687146,69.74474506687146,69.74474506687146,0.0,5.0848214527832176e-14,2.5,42,winter,main,0.0,True,,,,,,,,,,,,,,,,,
2017-01-01 09:00:00+00:00,2.35,0.205078125,0.175,0.0,0.0,0.0,0.0,3.976504934210526,3.976504934210526,0.205078125,0.0,2.144921875,0.0,0.0,0.375361328125,0.0,0.0,-0.0,0.375361328125,0.375361328125,0.0,0.0,0.0,0.375361328125,perfect_foresight,False,69.74474506687146,69.74474506687146,69.74474506687146,69.74474506687146,0.0,5.0848214527832176e-14,2.5,42,winter,main,0.0,True,,,,,,,,,,,,,,,,,
2017-01-01 10:00:00+00:00,2.35,0.32421875,0.175,0.0,0.0,0.0,0.0,3.976504934210526,3.976504934210526,0.32421875,0.0,2.02578125,0.0,0.0,0.35451171875,0.0,0.0,-0.0,0.35451171875,0.35451171875,0.0,0.0,0.0,0.35451171875,perfect_foresight,False,69.74474506687146,69.74474506687146,69.74474506687146,69.74474506687146,0.0,5.0848214527832176e-14,2.5,42,winter,main,0.0,True,,,,,,,,,,,,,,,,,
2017-01-01 11:00:00+00:00,2.35,0.400390625,0.175,0.0,0.0,0.0,0.0,3.976504934210526,3.976504934210526,0.400390625,0.0,1.949609375,0.0,0.0,0.341181640625,0.0,0.0,-0.0,0.341181640625,0.341181640625,0.0,0.0,0.0,0.341181640625,perfect_foresight,False,69.74474506687146,69.74474506687146,69.74474506687146,69.74474506687146,0.0,5.0848214527832176e-14,2.5,42,winter,main,0.0,True,,,,,,,,,,,,,,,,,
2017-01-01 12:00:00+00:00,2.35,0.9794921875,0.175,0.0,0.0,0.0,0.0,3.976504934210526,3.976504934210526,0.9794921875,0.0,1.3705078125,0.0,0.0,0.2398388671875,0.0,0.0,-0.0,0.2398388671875,0.2398388671875,0.0,0.0,0.0,0.2398388671875,perfect_foresight,False,69.74474506687146,69.74474506687146,69.74474506687146,69.74474506687146,0.0,5.0848214527832176e-14,2.5,42,winter,main,0.0,True,,,,,,,,,,,,,,,,,
2017-01-01 13:00:00+00:00,2.35,1.4052734375,0.175,0.0,0.0,0.0,0.0,3.976504934210526,3.976504934210526,1.4052734375,0.0,0.9447265625,0.0,0.0,0.1653271484375,0.0,0.0,-0.0,0.1653271484375,0.1653271484375,0.0,0.0,0.0,0.1653271484375,perfect_foresight,False,69.74474506687146,69.74474506687146,69.74474506687146,69.74474506687146,0.0,5.0848214527832176e-14,2.5,42,winter,main,0.0,True,,,,,,,,,,,,,,,,,
2017-01-01 14:00:00+00:00,2.35,0.5703125,0.175,0.4679449445983396,0.0,0.4679449445983396,0.0,3.976504934210526,4.421052631578949,0.5703125,0.0,2.24763244459834,0.0,0.4679449445983396,0.3933356778047094,0.0046794494459833,0.0,-0.080018585526316,0.3980151272506929,0.3179965417243768,0.0,0.0,1.1102230246251563e-16,0.3980151272506929,perfect_foresight,False,69.74474506687146,69.74474506687146,69.74474506687146,69.74474506687146,0.0,5.0848214527832176e-14,2.5,42,winter,main,0.0,True,,,,,,,,,,,,,,,,,
2017-01-01 15:00:00+00:00,2.35,0.009765625,0.175,0.0,0.0,0.0,0.0,4.421052631578949,4.421052631578949,0.009765625,0.0,2.340234375,0.0,0.0,0.409541015625,0.0,0.0,-0.0,0.409541015625,0.409541015625,0.0,0.0,0.0,0.409541015625,perfect_foresight,False,69.74474506687146,69.74474506687146,69.74474506687146,69.74474506687146,0.0,5.0848214527832176e-14,2.5,42,winter,main,0.0,True,,,,,,,,,,,,,,,,,
2017-01-01 16:00:00+00:00,2.35,0.0,0.175,0.0,0.0,0.0,0.0,4.421052631578949,4.421052631578949,0.0,0.0,2.35,0.0,0.0,0.41125,0.0,0.0,-0.0,0.41125,0.41125,0.0,0.0,0.0,0.41125,perfect_foresight,False,69.74474506687146,69.74474506687146,69.74474506687146,69.74474506687146,0.0,5.0848214527832176e-14,2.5,42,winter,main,0.0,True,,,,,,,,,,,,,,,,,
2017-01-01 17:00:00+00:00,3.2,0.0,0.2,0.0,0.7000000000000002,0.0,0.7000000000000002,4.421052631578949,3.684210526315791,0.0,0.0,2.5,0.0,0.7000000000000002,0.5,0.007,0.0,0.1326315789473684,0.507,0.6396315789473684,0.0,0.0,0.0,0.507,perfect_foresight,False,69.74474506687146,69.74474506687146,69.74474506687146,69.74474506687146,0.0,5.0848214527832176e-14,2.5,42,winter,main,0.0,True,,,,,,,,,,,,,,,,,
2017-01-01 18:00:00+00:00,3.2,0.0,0.2,0.0,0.7000000000000002,0.0,0.7000000000000002,3.684210526315791,2.9473684210526327,0.0,0.0,2.5,0.0,0.7000000000000002,0.5,0.007,0.0,0.1326315789473684,0.507,0.6396315789473684,0.0,0.0,0.0,0.507,perfect_foresight,False,69.74474506687146,69.74474506687146,69.74474506687146,69.74474506687146,0.0,5.0848214527832176e-14,2.5,42,winter,main,0.0,True,,,,,,,,,,,,,,,,,
2017-01-01 19:00:00+00:00,3.2,0.0,0.2,0.0,0.7000000000000002,0.0,0.7000000000000002,2.9473684210526327,2.210526315789475,0.0,0.0,2.5,0.0,0.7000000000000002,0.5,0.007,0.0,0.1326315789473684,0.507,0.6396315789473684,0.0,0.0,0.0,0.507,perfect_foresight,False,69.74474506687146,69.74474506687146,69.74474506687146,69.74474506687146,0.0,5.0848214527832176e-14,2.5,42,winter,main,0.0,True,,,,,,,,,,,,,,,,,
2017-01-01 20:00:00+00:00,3.2,0.0,0.2,0.0,0.7000000000000002,0.0,0.7000000000000002,2.210526315789475,1.4736842105263168,0.0,0.0,2.5,0.0,0.7000000000000002,0.5,0.007,0.0,0.1326315789473684,0.507,0.6396315789473684,0.0,0.0,0.0,0.507,perfect_foresight,False,69.74474506687146,69.74474506687146,69.74474506687146,69.74474506687146,0.0,5.0848214527832176e-14,2.5,42,winter,main,0.0,True,,,,,,,,,,,,,,,,,
2017-01-01 21:00:00+00:00,3.2,0.0,0.2,0.0,0.7000000000000002,0.0,0.7000000000000002,1.4736842105263168,0.7368421052631587,0.0,0.0,2.5,0.0,0.7000000000000002,0.5,0.007,0.0,0.1326315789473684,0.507,0.6396315789473684,0.0,0.0,0.0,0.507,perfect_foresight,False,69.74474506687146,69.74474506687146,69.74474506687146,69.74474506687146,0.0,5.0848214527832176e-14,2.5,42,winter,main,0.0,True,,,,,,,,,,,,,,,,,
2017-01-01 22:00:00+00:00,3.2,0.0,0.16,0.0,0.7000000000000002,0.0,0.7000000000000002,0.7368421052631587,6.661338147750939e-16,0.0,0.0,2.5,0.0,0.7000000000000002,0.4,0.007,0.0,0.1326315789473684,0.407,0.5396315789473685,0.0,0.0,0.0,0.407,perfect_foresight,False,69.74474506687146,69.74474506687146,69.74474506687146,69.74474506687146,0.0,5.0848214527832176e-14,2.5,42,winter,main,0.0,True,,,,,,,,,,,,,,,,,
2017-01-01 23:00:00+00:00,2.35,0.0,0.16,0.1499999999999999,0.0,0.1499999999999999,0.0,6.661338147750939e-16,0.1425000000000005,0.0,0.0,2.5,0.0,0.1499999999999999,0.4,0.0014999999999999,0.0,-0.0256499999999999,0.4015,0.37585,0.0,0.0,0.0,0.4015,perfect_foresight,False,69.74474506687146,69.74474506687146,69.74474506687146,69.74474506687146,0.0,5.0848214527832176e-14,2.5,42,winter,main,0.0,True,,,,,,,,,,,,,,,,,
2017-01-02 00:00:00+00:00,2.1,0.0,0.16,0.3999999999999999,0.0,0.3999999999999999,0.0,0.1425000000000005,0.5225000000000004,0.0,0.0,2.5,0.0,0.3999999999999999,0.4,0.0039999999999999,0.0,-0.0683999999999999,0.404,0.3356,0.0,0.0,0.0,0.404,perfect_foresight,False,69.74474506687146,69.74474506687146,69.74474506687146,69.74474506687146,0.0,5.0848214527832176e-14,2.5,42,winter,main,0.0,True,,,,,,,,,,,,,,,,,
2017-01-02 01:00:00+00:00,2.1,0.0,0.16,0.3999999999999999,0.0,0.3999999999999999,0.0,0.5225000000000004,0.9025000000000004,0.0,0.0,2.5,0.0,0.3999999999999999,0.4,0.0039999999999999,0.0,-0.0683999999999999,0.404,0.3356,0.0,0.0,0.0,0.404,perfect_foresight,False,69.74474506687146,69.74474506687146,69.74474506687146,69.74474506687146,0.0,5.0848214527832176e-14,2.5,42,winter,main,0.0,True,,,,,,,,,,,,,,,,,
2017-01-02 02:00:00+00:00,2.1,0.0,0.16,0.3999999999999999,0.0,0.3999999999999999,0.0,0.9025000000000004,1.2825000000000002,0.0,0.0,2.5,0.0,0.3999999999999999,0.4,0.0039999999999999,0.0,-0.0683999999999999,0.404,0.3356,0.0,0.0,0.0,0.404,perfect_foresight,False,69.74474506687146,69.74474506687146,69.74474506687146,69.74474506687146,0.0,5.0848214527832176e-14,2.5,42,winter,main,0.0,True,,,,,,,,,,,,,,,,,
2017-01-02 03:00:00+00:00,2.1,0.0,0.16,0.3999999999999999,0.0,0.3999999999999999,0.0,1.2825000000000002,1.6625,0.0,0.0,2.5,0.0,0.3999999999999999,0.4,0.0039999999999999,0.0,-0.0683999999999999,0.404,0.3356,0.0,0.0,0.0,0.404,perfect_foresight,False,69.74474506687146,69.74474506687146,69.74474506687146,69.74474506687146,0.0,5.0848214527832176e-14,2.5,42,winter,main,0.0,True,,,,,,,,,,,,,,,,,
2017-01-02 04:00:00+00:00,2.1,0.0,0.16,0.3999999999999999,0.0,0.3999999999999999,0.0,1.6625,2.0425,0.0,0.0,2.5,0.0,0.3999999999999999,0.4,0.0039999999999999,0.0,-0.0683999999999999,0.404,0.3356,0.0,0.0,0.0,0.404,perfect_foresight,False,69.74474506687146,69.74474506687146,69.74474506687146,69.74474506687146,0.0,5.0848214527832176e-14,2.5,42,winter,main,0.0,True,,,,,,,,,,,,,,,,,
2017-01-02 05:00:00+00:00,2.1,0.0,0.16,0.3999999999999999,0.0,0.3999999999999999,0.0,2.0425,2.4225,0.0,0.0,2.5,0.0,0.3999999999999999,0.4,0.0039999999999999,0.0,-0.0683999999999999,0.404,0.3356,0.0,0.0,0.0,0.404,perfect_foresight,False,69.74474506687146,69.74474506687146,69.74474506687146,69.74474506687146,0.0,5.0848214527832176e-14,2.5,42,winter,main,0.0,True,,,,,,,,,,,,,,,,,
2017-01-02 06:00:00+00:00,2.5500000000000003,0.0,0.16,0.0,0.0500000000000002,0.0,0.0500000000000002,2.4225,2.3698684210526317,0.0,0.0,2.5,0.0,0.0500000000000002,0.4,0.0005,0.0,0.0094736842105263,0.4005,0.4099736842105264,0.0,0.0,0.0,0.4005,perfect_foresight,False,69.74474506687146,69.74474506687146,69.74474506687146,69.74474506687146,0.0,5.0848214527832176e-14,2.5,42,winter,main,0.0,True,,,,,,,,,,,,,,,,,
2017-01-02 07:00:00+00:00,2.5500000000000003,0.0,0.16,0.0,0.0500000000000002,0.0,0.0500000000000002,2.3698684210526317,2.3172368421052627,0.0,0.0,2.5,0.0,0.0500000000000002,0.4,0.0005,0.0,0.0094736842105263,0.4005,0.4099736842105264,0.0,0.0,0.0,0.4005,perfect_foresight,False,69.74474506687146,69.74474506687146,69.74474506687146,69.74474506687146,0.0,5.0848214527832176e-14,2.5,42,winter,main,0.0,True,,,,,,,,,,,,,,,,,
2017-01-02 08:00:00+00:00,2.5500000000000003,0.0498046875,0.175,0.0,0.0001953125000002,0.0,0.0001953125000002,2.3172368421052627,2.3170312499999994,0.0498046875,0.0,2.5,0.0,0.0001953125000002,0.4375,1.9531250000026644e-06,0.0,3.700657894738946e-05,0.437501953125,0.4375389597039474,0.0,0.0,0.0,0.437501953125,perfect_foresight,False,69.74474506687146,69.74474506687146,69.74474506687146,69.74474506687146,0.0,5.0848214527832176e-14,2.5,42,winter,main,0.0,True,,,,,,,,,,,,,,,,,
2017-01-02 09:00:00+00:00,2.1,0.1552734375,0.175,0.0,0.0,0.0,0.0,2.3170312499999994,2.3170312499999994,0.1552734375,0.0,1.9447265625,0.0,0.0,0.3403271484375,0.0,0.0,-0.0,0.3403271484375,0.3403271484375,0.0,0.0,0.0,0.3403271484375,perfect_foresight,False,69.74474506687146,69.74474506687146,69.74474506687146,69.74474506687146,0.0,5.0848214527832176e-14,2.5,42,winter,main,0.0,True,,,,,,,,,,,,,,,,,
2017-01-02 10:00:00+00:00,2.1,0.1953125,0.175,0.0,0.0,0.0,0.0,2.3170312499999994,2.3170312499999994,0.1953125,0.0,1.9046875,0.0,0.0,0.3333203125,0.0,0.0,-0.0,0.3333203125,0.3333203125,0.0,0.0,0.0,0.3333203125,perfect_foresight,False,69.74474506687146,69.74474506687146,69.74474506687146,69.74474506687146,0.0,5.0848214527832176e-14,2.5,42,winter,main,0.0,True,,,,,,,,,,,,,,,,,
2017-01-02 11:00:00+00:00,2.1,0.705078125,0.175,0.0,0.0,0.0,0.0,2.3170312499999994,2.3170312499999994,0.705078125,0.0,1.394921875,0.0,0.0,0.244111328125,0.0,0.0,-0.0,0.244111328125,0.244111328125,0.0,0.0,0.0,0.244111328125,perfect_foresight,False,69.74474506687146,69.74474506687146,69.74474506687146,69.74474506687146,0.0,5.0848214527832176e-14,2.5,42,winter,main,0.0,True,,,,,,,,,,,,,,,,,
2017-01-02 12:00:00+00:00,2.1,1.57421875,0.175,0.1527094875346301,0.0,0.1527094875346301,0.0,2.3170312499999994,2.462105263157898,1.57421875,0.0,0.6784907375346303,0.0,0.1527094875346301,0.1187358790685603,0.0015270948753463,0.0,-0.0261133223684217,0.1202629739439066,0.0941496515754848,0.0,0.0,1.1102230246251563e-16,0.1202629739439066,perfect_foresight,False,69.74474506687146,69.74474506687146,69.74474506687146,69.74474506687146,0.0,5.0848214527832176e-14,2.5,42,winter,main,0.0,True,,,,,,,,,,,,,,,,,
2017-01-02 13:00:00+00:00,2.1,0.375,0.175,0.0,0.0,0.0,0.0,2.462105263157898,2.462105263157898,0.375,0.0,1.725,0.0,0.0,0.301875,0.0,0.0,-0.0,0.301875,0.301875,0.0,0.0,0.0,0.301875,perfect_foresight,False,69.74474506687146,69.74474506687146,69.74474506687146,69.74474506687146,0.0,5.0848214527832176e-14,2.5,42,winter,main,0.0,True,,,,,,,,,,,,,,,,,
2017-01-02 14:00:00+00:00,2.1,0.0302734375,0.175,0.0,0.0,0.0,0.0,2.462105263157898,2.462105263157898,0.0302734375,0.0,2.0697265625,0.0,0.0,0.3622021484375,0.0,0.0,-0.0,0.3622021484375,0.3622021484375,0.0,0.0,0.0,0.3622021484375,perfect_foresight,False,69.74474506687146,69.74474506687146,69.74474506687146,69.74474506687146,0.0,5.0848214527832176e-14,2.5,42,winter,main,0.0,True,,,,,,,,,,,,,,,,,
2017-01-02 15:00:00+00:00,2.1,0.0,0.175,0.0,0.0,0.0,0.0,2.462105263157898,2.462105263157898,0.0,0.0,2.1,0.0,0.0,0.3675,0.0,0.0,-0.0,0.3675,0.3675,0.0,0.0,0.0,0.3675,perfect_foresight,False,69.74474506687146,69.74474506687146,69.74474506687146,69.74474506687146,0.0,5.0848214527832176e-14,2.5,42,winter,main,0.0,True,,,,,,,,,,,,,,,,,
2017-01-02 16:00:00+00:00,2.1,0.0,0.175,0.3999999999999999,0.0,0.3999999999999999,0.0,2.462105263157898,2.842105263157898,0.0,0.0,2.5,0.0,0.3999999999999999,0.4375,0.0039999999999999,0.0,-0.0683999999999999,0.4415,0.3731,0.0,0.0,0.0,0.4415,perfect_foresight,False,69.74474506687146,69.74474506687146,69.74474506687146,69.74474506687146,0.0,5.0848214527832176e-14,2.5,42,winter,main,0.0,True,,,,,,,,,,,,,,,,,
2017-01-02 17:00:00+00:00,2.95,0.0,0.2,0.0,0.4500000000000002,0.0,0.4500000000000002,2.842105263157898,2.368421052631582,0.0,0.0,2.5,0.0,0.4500000000000002,0.5,0.0045,0.0,0.0852631578947368,0.5045,0.5897631578947368,0.0,0.0,0.0,0.5045,perfect_foresight,False,69.74474506687146,69.74474506687146,69.74474506687146,69.74474506687146,0.0,5.0848214527832176e-14,2.5,42,winter,main,0.0,True,,,,,,,,,,,,,,,,,
2017-01-02 18:00:00+00:00,2.95,0.0,0.2,0.0,0.4500000000000002,0.0,0.4500000000000002,2.368421052631582,1.894736842105266,0.0,0.0,2.5,0.0,0.4500000000000002,0.5,0.0045,0.0,0.0852631578947368,0.5045,0.5897631578947368,0.0,0.0,0.0,0.5045,perfect_foresight,False,69.74474506687146,69.74474506687146,69.74474506687146,69.74474506687146,0.0,5.0848214527832176e-14,2.5,42,winter,main,0.0,True,,,,,,,,,,,,,,,,,
2017-01-02 19:00:00+00:00,2.95,0.0,0.2,0.0,0.4500000000000002,0.0,0.4500000000000002,1.894736842105266,1.42105263157895,0.0,0.0,2.5,0.0,0.4500000000000002,0.5,0.0045,0.0,0.0852631578947368,0.5045,0.5897631578947368,0.0,0.0,0.0,0.5045,perfect_foresight,False,69.74474506687146,69.74474506687146,69.74474506687146,69.74474506687146,0.0,5.0848214527832176e-14,2.5,42,winter,main,0.0,True,,,,,,,,,,,,,,,,,
2017-01-02 20:00:00+00:00,2.95,0.0,0.2,0.0,0.4500000000000002,0.0,0.4500000000000002,1.42105263157895,0.947368421052634,0.0,0.0,2.5,0.0,0.4500000000000002,0.5,0.0045,0.0,0.0852631578947368,0.5045,0.5897631578947368,0.0,0.0,0.0,0.5045,perfect_foresight,False,69.74474506687146,69.74474506687146,69.74474506687146,69.74474506687146,0.0,5.0848214527832176e-14,2.5,42,winter,main,0.0,True,,,,,,,,,,,,,,,,,
2017-01-02 21:00:00+00:00,2.95,0.0,0.2,0.0,0.4500000000000002,0.0,0.4500000000000002,0.947368421052634,0.4736842105263181,0.0,0.0,2.5,0.0,0.4500000000000002,0.5,0.0045,0.0,0.0852631578947368,0.5045,0.5897631578947369,0.0,0.0,0.0,0.5045,perfect_foresight,False,69.74474506687146,69.74474506687146,69.74474506687146,69.74474506687146,0.0,5.0848214527832176e-14,2.5,42,winter,main,0.0,True,,,,,,,,,,,,,,,,,
2017-01-02 22:00:00+00:00,2.95,0.0,0.16,0.0,0.4500000000000002,0.0,0.4500000000000002,0.4736842105263181,2.1094237467877974e-15,0.0,0.0,2.5,0.0,0.4500000000000002,0.4,0.0045,0.0,0.0852631578947368,0.4045,0.4897631578947369,0.0,0.0,0.0,0.4045,perfect_foresight,False,69.74474506687146,69.74474506687146,69.74474506687146,69.74474506687146,0.0,5.0848214527832176e-14,2.5,42,winter,main,0.0,True,,,,,,,,,,,,,,,,,
2017-01-02 23:00:00+00:00,2.1,0.0,0.16,0.3999999999999999,0.0,0.3999999999999999,0.0,2.1094237467877974e-15,0.380000000000002,0.0,0.0,2.5,0.0,0.3999999999999999,0.4,0.0039999999999999,0.0,-0.0683999999999999,0.404,0.3356,0.0,0.0,0.0,0.404,perfect_foresight,False,69.74474506687146,69.74474506687146,69.74474506687146,69.74474506687146,0.0,5.0848214527832176e-14,2.5,42,winter,main,0.0,True,,,,,,,,,,,,,,,,,
2017-01-01 00:00:00+00:00,2.35,0.0,0.16,0.1499999999999999,0.0,0.1499999999999999,0.0,4.0,4.1425,0.0,0.0,2.5,0.0,0.1499999999999999,0.4,0.0014999999999999,0.0,-0.02565,0.4015,0.37585,0.0,0.0,0.0,0.4015,deterministic,False,9.91006845727922,9.91006845727922,9.91006845727922,9.91006845727922,0.0301462999777868,6.661338147750939e-16,2.5,42,winter,main,0.0,True,2017-01-01 00:00:00+00:00,2017-01-01 00:00:00+00:00,0.0,0.0,0.0,0.0,0.0,0.0,0.0,0.0,0.0,False,1.0,9.91006845727922,9.91006845727922,0.0,False
2017-01-01 01:00:00+00:00,2.35,0.0,0.16,0.1499999999999999,0.0,0.1499999999999999,0.0,4.1425,4.285,0.0,0.0,2.5,0.0,0.1499999999999999,0.4,0.0014999999999999,0.0,-0.02565,0.4015,0.37585,0.0,0.0,0.0,0.4015,deterministic,False,9.869818457279225,9.869818457279225,9.869818457279225,9.869818457279225,0.0321975999977439,6.661338147750939e-16,2.5,42,winter,main,0.0,True,2017-01-01 01:00:00+00:00,2017-01-01 01:00:00+00:00,0.0,0.0,0.0,0.0,0.0,0.0,0.0,0.0,0.0,False,1.0,9.869818457279225,9.869818457279225,0.0,False
2017-01-01 02:00:00+00:00,2.35,0.0,0.16,0.1499999999999999,0.0,0.1499999999999999,0.0,4.285,4.4275,0.0,0.0,2.5,0.0,0.1499999999999999,0.4,0.0014999999999999,0.0,-0.02565,0.4015,0.37585,0.0,0.0,0.0,0.4015,deterministic,False,9.82956845727922,9.82956845727922,9.82956845727922,9.82956845727922,0.0440341000212356,2.458033776520097e-13,2.5,42,winter,main,0.0,True,2017-01-01 02:00:00+00:00,2017-01-01 02:00:00+00:00,0.0,0.0,0.0,0.0,0.0,0.0,0.0,0.0,0.0,False,1.0,9.82956845727922,9.82956845727922,0.0,False
2017-01-01 03:00:00+00:00,2.35,0.0,0.16,0.1499999999999999,0.0,0.1499999999999999,0.0,4.4275,4.57,0.0,0.0,2.5,0.0,0.1499999999999999,0.4,0.0014999999999999,0.0,-0.02565,0.4015,0.37585,0.0,0.0,0.0,0.4015,deterministic,False,9.78931845727922,9.78931845727922,9.78931845727922,9.78931845727922,0.0318977999268099,5.6621374255882976e-15,2.5,42,winter,main,0.0,True,2017-01-01 03:00:00+00:00,2017-01-01 03:00:00+00:00,0.0,0.0,0.0,0.0,0.0,0.0,0.0,0.0,0.0,False,1.0,9.78931845727922,9.78931845727922,0.0,False
2017-01-01 04:00:00+00:00,2.35,0.0,0.16,0.1499999999999999,0.0,0.1499999999999999,0.0,4.57,4.7125,0.0,0.0,2.5,0.0,0.1499999999999999,0.4,0.0014999999999999,0.0,-0.02565,0.4015,0.37585,0.0,0.0,0.0,0.4015,deterministic,False,9.749068457279222,9.749068457279222,9.749068457279222,9.749068457279222,0.0309868999756872,6.661338147750939e-16,2.5,42,winter,main,0.0,True,2017-01-01 04:00:00+00:00,2017-01-01 04:00:00+00:00,0.0,0.0,0.0,0.0,0.0,0.0,0.0,0.0,0.0,False,1.0,9.749068457279222,9.749068457279222,0.0,False
2017-01-01 05:00:00+00:00,2.35,0.0,0.16,0.1500488281250001,0.0,0.1499999999999999,0.0,4.7125,4.855,0.0,0.0,2.5,0.0,0.1499999999999999,0.4,0.0014999999999999,0.0,-0.02565,0.4015,0.37585,4.882812500017764e-05,0.0,0.0,0.4015,deterministic,False,9.708818457279223,9.708818457279223,9.708818457279223,9.708818457279223,0.0321542000165209,1.9317880628477724e-14,2.5,42,winter,main,0.0,True,2017-01-01 05:00:00+00:00,2017-01-01 05:00:00+00:00,0.0,4.8828125e-05,4.8828125e-05,4.8828125e-05,4.8828125e-05,4.8828125e-05,4.8828125e-05,0.0,4.8828125e-05,True,1.0,9.708818457279223,9.708818457279223,0.0,False
2017-01-01 06:00:00+00:00,2.8000000000000003,0.0,0.16,0.0,0.2858398437500002,0.0,0.2858398437500002,4.855,4.554115953947369,0.0,0.0,2.5,0.01416015625,0.2858398437500002,0.4,0.0028583984375,0.1416015625,0.0541591282894737,0.5444599609375,0.5986190892269738,0.0,0.0,0.0,0.4028583984375,deterministic,False,9.668569140872972,9.668569140872972,9.668569140872972,9.668569140872972,0.0320641000289469,1.3322676295501878e-13,2.5,42,winter,main,0.0,True,2017-01-01 06:00:00+00:00,2017-01-01 06:00:00+00:00,0.0,0.01416015625,0.01416015625,0.01416015625,0.01416015625,0.01416015625,0.01416015625,0.0,0.01416015625,True,1.0,9.668569140872972,9.668569140872972,0.0,False
2017-01-01 07:00:00+00:00,2.8000000000000003,0.0,0.16,0.0,0.1960774739583337,0.0,0.1960774739583337,4.554115953947369,4.347718612938596,0.0,0.0,2.5,0.1039225260416665,0.1960774739583337,0.4,0.0019607747395833,1.0392252604166652,0.037151521381579,1.4411860351562489,1.4783375565378276,0.0,0.0,0.0,0.4019607747395833,deterministic,False,9.61870071982034,9.61870071982034,9.61870071982034,9.61870071982034,0.03173990000505,1.0258460747536446e-13,2.5,42,winter,main,0.0,True,2017-01-01 07:00:00+00:00,2017-01-01 07:00:00+00:00,0.0,0.1039225260416666,0.1039225260416666,0.1039225260416666,0.1039225260416666,0.1039225260416666,0.1039225260416666,0.0,0.1039225260416666,True,1.0,9.61870071982034,9.61870071982034,0.0,False
2017-01-01 08:00:00+00:00,2.8000000000000003,0.0654296875,0.175,0.0,0.0,0.0,0.0,4.347718612938596,4.347718612938596,0.0654296875,0.0,2.5,0.2345703125000002,0.0,0.4375,0.0,2.3457031250000027,-0.0,2.7832031250000027,2.7832031250000027,0.0,0.0,0.0,0.4375,deterministic,False,9.570684159376263,9.570684159376263,9.570684159376263,9.570684159376263,0.0441233000019565,8.881784197001252e-16,2.5,42,winter,main,0.0,True,2017-01-01 08:00:00+00:00,2017-01-01 08:00:00+00:00,0.0,0.3493198939732143,0.3493198939732143,0.3493198939732143,0.3493198939732143,0.3493198939732143,0.3493198939732143,0.0,0.2838902064732143,True,1.0,9.570684159376263,9.570684159376263,0.0,False
2017-01-01 09:00:00+00:00,2.35,0.205078125,0.175,0.0,0.0,0.0,0.0,4.347718612938596,4.347718612938596,0.205078125,0.0,2.144921875,0.0,0.0,0.375361328125,0.0,0.0,-0.0,0.375361328125,0.375361328125,0.0,0.0,0.0,0.375361328125,deterministic,False,9.52421011966272,9.52421011966272,9.52421011966272,9.52421011966272,0.0396262999856844,8.881784197001252e-16,2.5,42,winter,main,0.0,True,2017-01-01 09:00:00+00:00,2017-01-01 09:00:00+00:00,0.0,0.6690592447916667,0.6690592447916667,0.6690592447916667,0.6690592447916667,0.6690592447916667,0.6690592447916667,0.0,0.4639811197916667,True,1.0,9.52421011966272,9.52421011966272,0.0,False
2017-01-01 10:00:00+00:00,2.35,0.32421875,0.175,0.0,0.0,0.0,0.0,4.347718612938596,4.347718612938596,0.32421875,0.0,2.02578125,0.0,0.0,0.35451171875,0.0,0.0,-0.0,0.35451171875,0.35451171875,0.0,0.0,0.0,0.35451171875,deterministic,False,9.476197831251264,9.476197831251264,9.476197831251264,9.476197831251264,0.0401854000519961,8.881784197001252e-16,2.5,42,winter,main,0.0,True,2017-01-01 10:00:00+00:00,2017-01-01 10:00:00+00:00,0.0,1.0831112816220236,1.0831112816220236,1.0831112816220236,1.0831112816220236,1.0831112816220236,1.0831112816220236,0.0,0.7588925316220236,True,1.0,9.476197831251264,9.476197831251264,0.0,False
2017-01-01 11:00:00+00:00,2.35,0.400390625,0.175,0.0,0.0,0.0,0.0,4.347718612938596,4.347718612938596,0.400390625,0.0,1.949609375,0.0,0.0,0.341181640625,0.0,0.0,-0.0,0.341181640625,0.341181640625,0.0,0.0,0.0,0.341181640625,deterministic,False,9.434061193881472,9.434061193881472,9.434061193881472,9.434061193881472,0.0409207000629976,8.881784197001252e-16,2.5,42,winter,main,0.0,True,2017-01-01 11:00:00+00:00,2017-01-01 11:00:00+00:00,0.0,1.2832903180803572,1.2832903180803572,1.2832903180803572,1.2832903180803572,1.2832903180803572,1.2832903180803572,0.0,0.8828996930803572,True,1.0,9.434061193881472,9.434061193881472,0.0,False
2017-01-01 12:00:00+00:00,2.35,0.9794921875,0.175,0.0,0.0,0.0,0.0,4.347718612938596,4.347718612938596,0.9794921875,0.0,1.3705078125,0.0,0.0,0.2398388671875,0.0,0.0,-0.0,0.2398388671875,0.2398388671875,0.0,0.0,0.0,0.2398388671875,deterministic,False,9.395242834506472,9.395242834506472,9.395242834506472,9.395242834506472,0.0414735999656841,8.881784197001252e-16,2.5,42,winter,main,0.0,True,2017-01-01 12:00:00+00:00,2017-01-01 12:00:00+00:00,0.0,1.324286179315476,1.324286179315476,1.324286179315476,1.324286179315476,1.324286179315476,1.324286179315476,0.0,0.3447939918154761,True,1.0,9.395242834506472,9.395242834506472,0.0,False
2017-01-01 13:00:00+00:00,2.35,1.4052734375,0.175,0.0,0.0,0.0,0.0,4.347718612938596,4.347718612938596,1.4052734375,0.0,0.9447265625,0.0,0.0,0.1653271484375,0.0,0.0,-0.0,0.1653271484375,0.1653271484375,0.0,0.0,0.0,0.1653271484375,deterministic,False,9.35796663007939,9.35796663007939,9.35796663007939,9.35796663007939,0.0398526999633759,8.881784197001252e-16,2.5,42,winter,main,0.0,True,2017-01-01 13:00:00+00:00,2017-01-01 13:00:00+00:00,0.0,1.023089890252976,1.023089890252976,1.023089890252976,1.023089890252976,1.023089890252976,1.023089890252976,0.0,-0.3821835472470238,True,1.0,9.35796663007939,9.35796663007939,0.0,False
2017-01-01 14:00:00+00:00,2.35,0.5703125,0.175,0.0,0.0,0.0,0.0,4.347718612938596,4.347718612938596,0.5703125,0.0,1.7796875,0.0,0.0,0.3114453125,0.0,0.0,-0.0,0.3114453125,0.3114453125,0.0,0.0,0.0,0.3114453125,deterministic,False,9.308572912631474,9.308572912631474,9.308572912631474,9.308572912631474,0.0377949000103399,8.881784197001252e-16,2.5,42,winter,main,0.0,True,2017-01-01 14:00:00+00:00,2017-01-01 14:00:00+00:00,0.0,0.6441859654017856,0.6441859654017856,0.6441859654017856,0.6441859654017856,0.6441859654017856,0.6441859654017856,0.0,0.0738734654017856,True,1.0,9.308572912631474,9.308572912631474,0.0,False
2017-01-01 15:00:00+00:00,2.35,0.009765625,0.175,0.0,0.0,0.0,0.0,4.347718612938596,4.347718612938596,0.009765625,0.0,2.340234375,0.0,0.0,0.409541015625,0.0,0.0,-0.0,0.409541015625,0.409541015625,0.0,0.0,0.0,0.409541015625,deterministic,False,9.25353547773564,9.25353547773564,9.25353547773564,9.25353547773564,0.0394043000414967,8.881784197001252e-16,2.5,42,winter,main,0.0,True,2017-01-01 15:00:00+00:00,2017-01-01 15:00:00+00:00,0.0,0.1107793898809523,0.1107793898809523,0.1107793898809523,0.1107793898809523,0.1107793898809523,0.1107793898809523,0.0,0.1010137648809523,True,1.0,9.25353547773564,9.25353547773564,0.0,False
2017-01-01 16:00:00+00:00,2.35,0.0,0.175,0.0771937038319495,0.0,0.0771937038319495,0.0,4.347718612938596,4.421052631578949,0.0,0.0,2.427193703831949,0.0,0.0771937038319495,0.4247588981705911,0.0007719370383194,0.0,-0.0132001233552634,0.4255308352089106,0.4123307118536472,0.0,0.0,-6.938893903907227e-17,0.4255308352089106,deterministic,False,9.210776281772096,9.210776281772096,9.210776281772096,9.210776281772096,0.0385653000557795,4.440892098500626e-16,2.5,42,winter,main,0.0,True,2017-01-01 16:00:00+00:00,2017-01-01 16:00:00+00:00,0.0,0.0035807291666666,0.0035807291666666,0.0035807291666666,0.0035807291666666,0.0035807291666666,0.0035807291666666,0.0,0.0035807291666666,True,1.0,9.210776281772096,9.210776281772096,0.0,False
2017-01-01 17:00:00+00:00,3.2,0.0,0.2,0.0,0.7000000000000002,0.0,0.7000000000000002,4.421052631578949,3.684210526315791,0.0,0.0,2.5,0.0,0.7000000000000002,0.5,0.007,0.0,0.1326315789473684,0.507,0.6396315789473684,0.0,0.0,0.0,0.507,deterministic,False,9.166195814059076,9.166195814059076,9.166195814059076,9.166195814059076,0.0380184999667108,2.220446049250313e-16,2.5,42,winter,main,0.0,True,2017-01-01 17:00:00+00:00,2017-01-01 17:00:00+00:00,0.0,0.0,0.0,0.0,0.0,0.0,0.0,0.0,0.0,False,1.0,9.166195814059076,9.166195814059076,0.0,False
2017-01-01 18:00:00+00:00,3.2,0.0,0.2,0.0,0.7000000000000002,0.0,0.7000000000000002,3.684210526315791,2.9473684210526327,0.0,0.0,2.5,0.0,0.7000000000000002,0.5,0.007,0.0,0.1326315789473684,0.507,0.6396315789473684,0.0,0.0,0.0,0.507,deterministic,False,9.115346377460988,9.115346377460988,9.115346377460988,9.115346377460988,0.0389474999392405,2.220446049250313e-16,2.5,42,winter,main,0.0,True,2017-01-01 18:00:00+00:00,2017-01-01 18:00:00+00:00,0.0,0.0,0.0,0.0,0.0,0.0,0.0,0.0,0.0,False,1.0,9.115346377460988,9.115346377460988,0.0,False
2017-01-01 19:00:00+00:00,3.2,0.0,0.2,0.0,0.7000000000000005,0.0,0.7000000000000005,2.9473684210526327,2.2105263157894743,0.0,0.0,2.5,0.0,0.7000000000000005,0.4999999999999999,0.007,0.0,0.1326315789473685,0.5069999999999999,0.6396315789473684,0.0,0.0,0.0,0.5069999999999999,deterministic,False,9.065714798513618,9.065714798513618,9.065714798513618,9.065714798513618,0.0392609999980777,2.220446049250313e-16,2.5,42,winter,main,0.0,True,2017-01-01 19:00:00+00:00,2017-01-01 19:00:00+00:00,0.0,0.0,0.0,0.0,0.0,0.0,0.0,0.0,0.0,False,1.0,9.065714798513618,9.065714798513618,0.0,False
2017-01-01 20:00:00+00:00,3.2,0.0,0.2,0.0,0.7000000000000003,0.0,0.7000000000000003,2.2105263157894743,1.4736842105263162,0.0,0.0,2.5,0.0,0.7000000000000003,0.5,0.007,0.0,0.1326315789473684,0.507,0.6396315789473684,0.0,0.0,0.0,0.507,deterministic,False,9.016083219566248,9.016083219566248,9.016083219566248,9.016083219566248,0.0379860999528318,2.220446049250313e-16,2.5,42,winter,main,0.0,True,2017-01-01 20:00:00+00:00,2017-01-01 20:00:00+00:00,0.0,0.0,0.0,0.0,0.0,0.0,0.0,0.0,0.0,False,1.0,9.016083219566248,9.016083219566248,0.0,False
2017-01-01 21:00:00+00:00,3.2,0.0,0.2,0.0,0.7000000000000002,0.0,0.7000000000000002,1.4736842105263162,0.7368421052631581,0.0,0.0,2.5,0.0,0.7000000000000002,0.5,0.007,0.0,0.1326315789473684,0.507,0.6396315789473684,0.0,0.0,0.0,0.507,deterministic,False,8.966451640618882,8.966451640618882,8.966451640618882,8.966451640618882,0.0309252999722957,0.0,2.5,42,winter,main,0.0,True,2017-01-01 21:00:00+00:00,2017-01-01 21:00:00+00:00,0.0,0.0,0.0,0.0,0.0,0.0,0.0,0.0,0.0,False,1.0,8.966451640618882,8.966451640618882,0.0,False
2017-01-01 22:00:00+00:00,3.2,0.0,0.16,0.0,0.7000000000000002,0.0,0.7000000000000001,0.7368421052631581,1.1102230246251563e-16,0.0,0.0,2.5,0.0,0.7000000000000001,0.4,0.007,0.0,0.1326315789473684,0.407,0.5396315789473685,0.0,1.1102230246251563e-16,0.0,0.407,deterministic,False,8.916820061671514,8.916820061671514,8.916820061671514,8.916820061671514,0.0321431000484153,6.661338147750939e-16,2.5,42,winter,main,0.0,True,2017-01-01 22:00:00+00:00,2017-01-01 22:00:00+00:00,0.0,0.0,0.0,0.0,0.0,0.0,0.0,0.0,0.0,False,1.0,8.916820061671514,8.916820061671514,0.0,False
2017-01-01 23:00:00+00:00,2.35,0.0,0.16,0.1499999999999998,0.0,0.1499999999999998,0.0,1.1102230246251563e-16,0.1424999999999999,0.0,0.0,2.5,0.0,0.1499999999999998,0.4,0.0014999999999999,0.0,-0.0256499999999999,0.4015,0.3758500000000001,0.0,0.0,8.326672684688674e-17,0.4015,deterministic,False,8.872974192442326,8.872974192442326,8.872974192442326,8.872974192442326,0.0335770000237971,1.1102230246251563e-16,2.5,42,winter,main,0.0,True,2017-01-01 23:00:00+00:00,2017-01-01 23:00:00+00:00,0.0,0.0,0.0,0.0,0.0,0.0,0.0,0.0,0.0,False,1.0,8.872974192442326,8.872974192442326,0.0,False
2017-01-02 00:00:00+00:00,2.1,0.0,0.16,0.3999999999999999,0.0,0.3999999999999999,0.0,0.1424999999999999,0.5224999999999999,0.0,0.0,2.5,0.0,0.3999999999999999,0.4,0.0039999999999999,0.0,-0.0683999999999999,0.404,0.3356,0.0,0.0,0.0,0.404,deterministic,False,8.832724192442328,8.832724192442328,8.832724192442328,8.832724192442328,0.0365907000377774,2.220446049250313e-16,2.5,42,winter,main,0.0,True,2017-01-02 00:00:00+00:00,2017-01-02 00:00:00+00:00,0.0,0.0,0.0,0.0,0.0,0.0,0.0,0.0,0.0,False,1.0,8.832724192442328,8.832724192442328,0.0,False
2017-01-02 01:00:00+00:00,2.1,0.0,0.16,0.3999999999999999,0.0,0.3999999999999999,0.0,0.5224999999999999,0.9024999999999996,0.0,0.0,2.5,0.0,0.3999999999999999,0.4,0.0039999999999999,0.0,-0.0683999999999999,0.404,0.3356,0.0,0.0,0.0,0.404,deterministic,False,8.832724192442326,8.832724192442326,8.832724192442326,8.832724192442326,0.0335135000059381,0.0,2.5,42,winter,main,0.0,True,2017-01-02 01:00:00+00:00,2017-01-02 01:00:00+00:00,0.0,0.0,0.0,0.0,0.0,0.0,0.0,0.0,0.0,False,1.0,8.832724192442326,8.832724192442326,0.0,False
2017-01-02 02:00:00+00:00,2.1,0.0,0.16,0.3999999999999999,0.0,0.3999999999999999,0.0,0.9024999999999996,1.2824999999999998,0.0,0.0,2.5,0.0,0.3999999999999999,0.4,0.0039999999999999,0.0,-0.0684,0.404,0.3356,0.0,0.0,0.0,0.404,deterministic,False,8.832724192442326,8.832724192442326,8.832724192442326,8.832724192442326,0.0367399998940527,0.0,2.5,42,winter,main,0.0,True,2017-01-02 02:00:00+00:00,2017-01-02 02:00:00+00:00,0.0,0.0,0.0,0.0,0.0,0.0,0.0,0.0,0.0,False,1.0,8.832724192442326,8.832724192442326,0.0,False
2017-01-02 03:00:00+00:00,2.1,0.0,0.16,0.3999999999999999,0.0,0.3999999999999999,0.0,1.2824999999999998,1.6624999999999996,0.0,0.0,2.5,0.0,0.3999999999999999,0.4,0.0039999999999999,0.0,-0.0683999999999999,0.404,0.3356,0.0,0.0,0.0,0.404,deterministic,False,8.832724192442328,8.832724192442328,8.832724192442328,8.832724192442328,0.0340353000210598,0.0,2.5,42,winter,main,0.0,True,2017-01-02 03:00:00+00:00,2017-01-02 03:00:00+00:00,0.0,0.0,0.0,0.0,0.0,0.0,0.0,0.0,0.0,False,1.0,8.832724192442328,8.832724192442328,0.0,False
2017-01-02 04:00:00+00:00,2.1,0.0,0.16,0.3999999999999999,0.0,0.3999999999999999,0.0,1.6624999999999996,2.0424999999999995,0.0,0.0,2.5,0.0,0.3999999999999999,0.4,0.0039999999999999,0.0,-0.0683999999999999,0.404,0.3356,0.0,0.0,0.0,0.404,deterministic,False,8.832724192442328,8.832724192442328,8.832724192442328,8.832724192442328,0.0330405998975038,0.0,2.5,42,winter,main,0.0,True,2017-01-02 04:00:00+00:00,2017-01-02 04:00:00+00:00,0.0,0.0,0.0,0.0,0.0,0.0,0.0,0.0,0.0,False,1.0,8.832724192442328,8.832724192442328,0.0,False
2017-01-02 05:00:00+00:00,2.1,0.0,0.16,0.4000488281250001,0.0,0.3999999999999999,0.0,2.0424999999999995,2.4224999999999994,0.0,0.0,2.5,0.0,0.3999999999999999,0.4,0.0039999999999999,0.0,-0.0683999999999999,0.404,0.3356,4.882812500017764e-05,0.0,0.0,0.404,deterministic,False,8.832724192442328,8.832724192442328,8.832724192442328,8.832724192442328,0.0324180999305099,0.0,2.5,42,winter,main,0.0,True,2017-01-02 05:00:00+00:00,2017-01-02 05:00:00+00:00,0.0,4.8828125e-05,4.8828125e-05,4.8828125e-05,4.8828125e-05,4.8828125e-05,4.8828125e-05,0.0,4.8828125e-05,True,1.0,8.832724192442328,8.832724192442328,0.0,False
2017-01-02 06:00:00+00:00,2.5500000000000003,0.0,0.16,0.0,0.0358398437500002,0.0,0.0358398437500002,2.4224999999999994,2.3847738486842096,0.0,0.0,2.5,0.01416015625,0.0358398437500002,0.4,0.0003583984375,0.1416015625,0.0067907072368421,0.5419599609375001,0.5487506681743423,0.0,0.0,0.0,0.4003583984375,deterministic,False,8.832724876036076,8.832724876036076,8.832724876036076,8.832724876036076,0.0299733000574633,0.0,2.5,42,winter,main,0.0,True,2017-01-02 06:00:00+00:00,2017-01-02 06:00:00+00:00,0.0,0.01416015625,0.01416015625,0.01416015625,0.01416015625,0.01416015625,0.01416015625,0.0,0.01416015625,True,1.0,8.832724876036076,8.832724876036076,0.0,False
2017-01-02 07:00:00+00:00,2.5500000000000003,0.0,0.16,0.0535737537202378,0.0,0.0,0.0,2.3847738486842096,2.3847738486842096,0.0,0.0,2.5,0.0500000000000002,0.0,0.4,0.0,0.5000000000000027,-0.0,0.9000000000000027,0.9000000000000027,0.0535737537202378,0.0,0.0,0.4,deterministic,False,8.832724876036078,8.832724876036078,8.832724876036078,8.832724876036078,0.0321141000604257,0.0,2.5,42,winter,main,0.0,True,2017-01-02 07:00:00+00:00,2017-01-02 07:00:00+00:00,0.0,0.1035737537202381,0.1035737537202381,0.1035737537202381,0.1035737537202381,0.1035737537202381,0.1035737537202381,0.0,0.1035737537202381,True,1.0,8.832724876036078,8.832724876036078,0.0,False
2017-01-02 08:00:00+00:00,2.5500000000000003,0.0498046875,0.175,0.0,0.0,0.0,0.0,2.3847738486842096,2.3847738486842096,0.0498046875,0.0,2.5,0.0001953125000002,0.0,0.4375,0.0,0.0019531250000026,-0.0,0.4394531250000026,0.4394531250000026,0.0,0.0,0.0,0.4375,deterministic,False,8.834008355853786,8.834008355853786,8.834008355853786,8.834008355853786,0.0332101000240072,8.881784197001252e-16,2.5,42,winter,main,0.0,True,2017-01-02 08:00:00+00:00,2017-01-02 08:00:00+00:00,0.0,0.3536446707589286,0.3536446707589286,0.3536446707589286,0.3536446707589286,0.3536446707589286,0.3536446707589286,0.0,0.3038399832589286,True,1.0,8.834008355853786,8.834008355853786,0.0,False
2017-01-02 09:00:00+00:00,2.1,0.1552734375,0.175,0.0,0.0,0.0,0.0,2.3847738486842096,2.3847738486842096,0.1552734375,0.0,1.9447265625,0.0,0.0,0.3403271484375,0.0,0.0,-0.0,0.3403271484375,0.3403271484375,0.0,0.0,0.0,0.3403271484375,deterministic,False,8.837536269265243,8.837536269265243,8.837536269265243,8.837536269265243,0.0396231999620795,0.0,2.5,42,winter,main,0.0,True,2017-01-02 09:00:00+00:00,2017-01-02 09:00:00+00:00,0.0,0.6747791108630952,0.6747791108630952,0.6747791108630952,0.6747791108630952,0.6747791108630952,0.6747791108630952,0.0,0.5195056733630952,True,1.0,8.837536269265243,8.837536269265243,0.0,False
2017-01-02 10:00:00+00:00,2.1,0.1953125,0.175,0.0,0.0,0.0,0.0,2.3847738486842096,2.3847738486842096,0.1953125,0.0,1.9046875,0.0,0.0,0.3333203125,0.0,0.0,-0.0,0.3333203125,0.3333203125,0.0,0.0,0.0,0.3333203125,deterministic,False,8.844307102598577,8.844307102598577,8.844307102598577,8.844307102598577,0.0426085999934002,0.0,2.5,42,winter,main,0.0,True,2017-01-02 10:00:00+00:00,2017-01-02 10:00:00+00:00,0.0,1.0505359468005953,1.0505359468005953,1.0505359468005953,1.0505359468005953,1.0505359468005953,1.0505359468005953,0.0,0.8552234468005953,True,1.0,8.844307102598577,8.844307102598577,0.0,False
2017-01-02 11:00:00+00:00,2.1,0.705078125,0.175,0.0,0.0,0.0,0.0,2.3847738486842096,2.3847738486842096,0.705078125,0.0,1.394921875,0.0,0.0,0.244111328125,0.0,0.0,-0.0,0.244111328125,0.244111328125,0.0,0.0,0.0,0.244111328125,deterministic,False,8.861140598692328,8.861140598692328,8.861140598692328,8.861140598692328,0.0399175999918952,0.0,2.5,42,winter,main,0.0,True,2017-01-02 11:00:00+00:00,2017-01-02 11:00:00+00:00,0.0,1.2465297154017856,1.2465297154017856,1.2465297154017856,1.2465297154017856,1.2465297154017856,1.2465297154017856,0.0,0.5414515904017856,True,1.0,8.861140598692328,8.861140598692328,0.0,False
2017-01-02 12:00:00+00:00,2.1,1.57421875,0.175,0.0,0.0,0.0,0.0,2.3847738486842096,2.3847738486842096,1.57421875,0.0,0.5257812500000001,0.0,0.0,0.09201171875,0.0,0.0,-0.0,0.09201171875,0.09201171875,0.0,0.0,0.0,0.09201171875,deterministic,False,8.878029026426704,8.878029026426704,8.878029026426704,8.878029026426704,0.0403722999617457,0.0,2.5,42,winter,main,0.0,True,2017-01-02 12:00:00+00:00,2017-01-02 12:00:00+00:00,0.0,1.3270763578869047,1.3270763578869047,1.3270763578869047,1.3270763578869047,1.3270763578869047,1.3270763578869047,0.0,-0.2471423921130953,True,1.0,8.878029026426704,8.878029026426704,0.0,False
2017-01-02 13:00:00+00:00,2.1,0.375,0.175,0.0778207597530018,0.0,0.0778207597530018,0.0,2.3847738486842096,2.458703570449561,0.375,0.0,1.802820759753002,0.0,0.0778207597530018,0.3154936329567753,0.00077820759753,0.0,-0.0133073499177632,0.3162718405543053,0.302964490636542,0.0,0.0,0.0,0.3162718405543053,deterministic,False,8.875577447650663,8.875577447650663,8.875577447650663,8.875577447650663,0.0426684999838471,8.881784197001252e-16,2.5,42,winter,main,0.0,True,2017-01-02 13:00:00+00:00,2017-01-02 13:00:00+00:00,0.0,1.1002383277529764,1.1002383277529764,1.1002383277529764,1.1002383277529764,1.1002383277529764,1.1002383277529764,0.0,0.7252383277529764,True,1.0,8.875577447650663,8.875577447650663,0.0,False
2017-01-02 14:00:00+00:00,2.1,0.0302734375,0.175,0.0,0.0,0.0,0.0,2.458703570449561,2.458703570449561,0.0302734375,0.0,2.0697265625,0.0,0.0,0.3622021484375,0.0,0.0,-0.0,0.3622021484375,0.3622021484375,0.0,0.0,0.0,0.3622021484375,deterministic,False,8.859697104149536,8.859697104149536,8.859697104149536,8.859697104149536,0.0394930000184103,1.3322676295501878e-15,2.5,42,winter,main,0.0,True,2017-01-02 14:00:00+00:00,2017-01-02 14:00:00+00:00,0.0,0.6796212332589285,0.6796212332589285,0.6796212332589285,0.6796212332589285,0.6796212332589285,0.6796212332589285,0.0,0.6493477957589285,True,1.0,8.859697104149536,8.859697104149536,0.0,False
2017-01-02 15:00:00+00:00,2.1,0.0,0.175,0.0,0.0,0.0,0.0,2.458703570449561,2.458703570449561,0.0,0.0,2.1,0.0,0.0,0.3675,0.0,0.0,-0.0,0.3675,0.3675,0.0,0.0,0.0,0.3675,deterministic,False,8.877010743472452,8.877010743472452,8.877010743472452,8.877010743472452,0.0375523999100551,1.3322676295501878e-15,2.5,42,winter,main,0.0,True,2017-01-02 15:00:00+00:00,2017-01-02 15:00:00+00:00,0.0,0.1114769345238095,0.1114769345238095,0.1114769345238095,0.1114769345238095,0.1114769345238095,0.1114769345238095,0.0,0.1114769345238095,True,1.0,8.877010743472452,8.877010743472452,0.0,False
2017-01-02 16:00:00+00:00,2.1,0.0,0.175,0.4035807291666677,0.0,0.3999999999999999,0.0,2.458703570449561,2.838703570449561,0.0,0.0,2.5,0.0,0.3999999999999999,0.4375,0.0039999999999999,0.0,-0.0683999999999999,0.4415,0.3731,0.0035807291666678,0.0,0.0,0.4415,deterministic,False,8.883832439435995,8.883832439435995,8.883832439435995,8.883832439435995,0.0370177999138832,1.3322676295501878e-15,2.5,42,winter,main,0.0,True,2017-01-02 16:00:00+00:00,2017-01-02 16:00:00+00:00,0.0,0.0035807291666666,0.0035807291666666,0.0035807291666666,0.0035807291666666,0.0035807291666666,0.0035807291666666,0.0,0.0035807291666666,True,1.0,8.883832439435995,8.883832439435995,0.0,False
2017-01-02 17:00:00+00:00,2.95,0.0,0.2,0.0,0.4500000000000002,0.0,0.4500000000000002,2.838703570449561,2.365019359923245,0.0,0.0,2.5,0.0,0.4500000000000002,0.5,0.0045,0.0,0.0852631578947368,0.5045,0.5897631578947368,0.0,0.0,0.0,0.5045,deterministic,False,8.910226083641735,8.910226083641735,8.910226083641735,8.910226083641735,0.0373000000836327,0.0,2.5,42,winter,main,0.0,True,2017-01-02 17:00:00+00:00,2017-01-02 17:00:00+00:00,0.0,0.0,0.0,0.0,0.0,0.0,0.0,0.0,0.0,False,1.0,8.910226083641735,8.910226083641735,0.0,False
2017-01-02 18:00:00+00:00,2.95,0.0,0.2,0.0,0.4500000000000002,0.0,0.4500000000000002,2.365019359923245,1.8913351493969293,0.0,0.0,2.5,0.0,0.4500000000000002,0.5,0.0045,0.0,0.0852631578947368,0.5045,0.5897631578947368,0.0,0.0,0.0,0.5045,deterministic,False,8.90912837236525,8.90912837236525,8.90912837236525,8.90912837236525,0.0368841000599786,0.0,2.5,42,winter,main,0.0,True,2017-01-02 18:00:00+00:00,2017-01-02 18:00:00+00:00,0.0,0.0,0.0,0.0,0.0,0.0,0.0,0.0,0.0,False,1.0,8.90912837236525,8.90912837236525,0.0,False
2017-01-02 19:00:00+00:00,2.95,0.0,0.2,0.0,0.4500000000000002,0.0,0.4500000000000002,1.8913351493969293,1.417650938870613,0.0,0.0,2.5,0.0,0.4500000000000002,0.5,0.0045,0.0,0.0852631578947368,0.5045,0.5897631578947368,0.0,0.0,0.0,0.5045,deterministic,False,8.909365214470514,8.909365214470514,8.909365214470514,8.909365214470514,0.0362531999126076,0.0,2.5,42,winter,main,0.0,True,2017-01-02 19:00:00+00:00,2017-01-02 19:00:00+00:00,0.0,0.0,0.0,0.0,0.0,0.0,0.0,0.0,0.0,False,1.0,8.909365214470514,8.909365214470514,0.0,False
2017-01-02 20:00:00+00:00,2.95,0.0,0.2,0.0,0.4500000000000002,0.0,0.4500000000000002,1.417650938870613,0.9439667283442974,0.0,0.0,2.5,0.0,0.4500000000000002,0.5,0.0045,0.0,0.0852631578947368,0.5045,0.5897631578947368,0.0,0.0,0.0,0.5045,deterministic,False,8.909602056575777,8.909602056575777,8.909602056575777,8.909602056575777,0.0349445000756531,0.0,2.5,42,winter,main,0.0,True,2017-01-02 20:00:00+00:00,2017-01-02 20:00:00+00:00,0.0,0.0,0.0,0.0,0.0,0.0,0.0,0.0,0.0,False,1.0,8.909602056575777,8.909602056575777,0.0,False
2017-01-02 21:00:00+00:00,2.95,0.0,0.2,0.0,0.4500000000000002,0.0,0.4500000000000002,0.9439667283442974,0.4702825178179814,0.0,0.0,2.5,0.0,0.4500000000000002,0.5,0.0045,0.0,0.0852631578947368,0.5045,0.5897631578947369,0.0,0.0,0.0,0.5045,deterministic,False,8.909838898681041,8.909838898681041,8.909838898681041,8.909838898681041,0.0314677000278607,0.0,2.5,42,winter,main,0.0,True,2017-01-02 21:00:00+00:00,2017-01-02 21:00:00+00:00,0.0,0.0,0.0,0.0,0.0,0.0,0.0,0.0,0.0,False,1.0,8.909838898681041,8.909838898681041,0.0,False
2017-01-02 22:00:00+00:00,2.95,0.0,0.16,0.0,0.4467683919270822,0.0,0.4467683919270822,0.4702825178179814,1.6653345369377348e-16,0.0,0.0,2.5,0.0032316080729177,0.4467683919270822,0.4,0.0044676839192708,0.0323160807291778,0.0846508532072366,0.4367837646484486,0.5214346178556852,0.0,0.0,0.0,0.4044676839192708,deterministic,False,8.910075740786304,8.910075740786304,8.910075740786304,8.910075740786304,0.0355266999686136,6.661338147750939e-16,2.5,42,winter,main,0.0,True,2017-01-02 22:00:00+00:00,2017-01-02 22:00:00+00:00,0.0,0.0,0.0,0.0,0.0,0.0,0.0,0.0,0.0,False,1.0,8.910075740786304,8.910075740786304,0.0,False
2017-01-02 23:00:00+00:00,2.1,0.0,0.16,0.3999999999999998,0.0,0.3999999999999998,0.0,1.6653345369377348e-16,0.3799999999999999,0.0,0.0,2.5,0.0,0.3999999999999998,0.4,0.0039999999999999,0.0,-0.0683999999999999,0.404,0.3356,0.0,0.0,1.1102230246251563e-16,0.404,deterministic,False,8.881104075254827,8.881104075254827,8.881104075254827,8.881104075254827,0.0321418000385165,0.0,2.5,42,winter,main,0.0,True,2017-01-02 23:00:00+00:00,2017-01-02 23:00:00+00:00,0.0,0.0,0.0,0.0,0.0,0.0,0.0,0.0,0.0,False,1.0,8.881104075254827,8.881104075254827,0.0,False
2017-01-01 00:00:00+00:00,2.35,0.0,0.16,0.1499999999999999,0.0,0.1499999999999999,0.0,4.0,4.1425,0.0,0.0,2.5,0.0,0.1499999999999999,0.4,0.0014999999999999,0.0,-0.02565,0.4015,0.37585,0.0,0.0,0.0,0.4015,stochastic,False,9.986733170086792,10.754745033443498,10.900573418589648,9.986733170086792,0.2776840999722481,7.194245199571014e-14,2.5,42,winter,main,0.0,True,2017-01-01 00:00:00+00:00,2017-01-01 00:00:00+00:00,0.0,0.0,0.0,0.0,0.0,0.0,0.0,0.0,0.0,False,12.0,9.986733170086792,10.900573418589648,0.0,False
2017-01-01 01:00:00+00:00,2.35,0.0,0.16,0.1499999999999999,0.0,0.1499999999999999,0.0,4.1425,4.285,0.0,0.0,2.5,0.0,0.1499999999999999,0.4,0.0014999999999999,0.0,-0.02565,0.4015,0.37585,0.0,0.0,0.0,0.4015,stochastic,False,10.122289220420193,10.845166865547402,10.882102057273633,10.122289220420193,0.3368829999817535,3.1308289294429414e-14,2.5,42,winter,main,0.0,True,2017-01-01 01:00:00+00:00,2017-01-01 01:00:00+00:00,0.0,0.0,0.0,0.0,0.0,0.0,0.0,0.0,0.0,False,12.0,10.122289220420193,10.882102057273633,0.0,False
2017-01-01 02:00:00+00:00,2.35,0.0,0.16,0.1499999999999999,0.0,0.1499999999999999,0.0,4.285,4.4275,0.0,0.0,2.5,0.0,0.1499999999999999,0.4,0.0014999999999999,0.0,-0.02565,0.4015,0.37585,0.0,0.0,0.0,0.4015,stochastic,False,9.952859809889778,10.723977383052098,10.791426951798185,9.952859809889778,0.3157045999541878,5.728750807065809e-14,2.5,42,winter,main,0.0,True,2017-01-01 02:00:00+00:00,2017-01-01 02:00:00+00:00,0.0,0.0,0.0,0.0,0.0,0.0,0.0,0.0,0.0,False,12.0,9.952859809889778,10.791426951798185,0.0,False
2017-01-01 03:00:00+00:00,2.35,0.0,0.16,0.1499999999999999,0.0,0.1499999999999999,0.0,4.4275,4.57,0.0,0.0,2.5,0.0,0.1499999999999999,0.4,0.0014999999999999,0.0,-0.02565,0.4015,0.37585,0.0,0.0,0.0,0.4015,stochastic,False,9.854969612304943,10.779220178053585,10.779220178053585,9.854969612304943,0.360944400075823,5.440092820663267e-15,2.5,42,winter,main,0.0,True,2017-01-01 03:00:00+00:00,2017-01-01 03:00:00+00:00,0.0,0.0,0.0,0.0,0.0,0.0,0.0,0.0,0.0,False,12.0,9.854969612304943,10.779220178053585,0.0,False
2017-01-01 04:00:00+00:00,2.35,0.0,0.16,0.1499999999999999,0.0,0.1499999999999999,0.0,4.57,4.7125,0.0,0.0,2.5,0.0,0.1499999999999999,0.4,0.0014999999999999,0.0,-0.02565,0.4015,0.37585,0.0,0.0,0.0,0.4015,stochastic,False,9.96930861634452,10.610017029286826,10.742285417896868,9.96930861634452,0.3044332000426948,3.552713678800501e-15,2.5,42,winter,main,0.0,True,2017-01-01 04:00:00+00:00,2017-01-01 04:00:00+00:00,0.0,0.0,0.0,0.0,0.0,0.0,0.0,0.0,0.0,False,12.0,9.96930861634452,10.742285417896868,0.0,False
2017-01-01 05:00:00+00:00,2.35,0.0,0.16,0.1499999999999999,0.0,0.1499999999999999,0.0,4.7125,4.855,0.0,0.0,2.5,0.0,0.1499999999999999,0.4,0.0014999999999999,0.0,-0.02565,0.4015,0.37585,0.0,0.0,0.0,0.4015,stochastic,False,9.89889134067887,10.569767029286826,10.569767029286828,9.89889134067887,0.2966357000404969,3.552713678800501e-15,2.5,42,winter,main,0.0,True,2017-01-01 05:00:00+00:00,2017-01-01 05:00:00+00:00,0.0,4.8828125e-05,0.0,0.0,0.0,0.0,0.0,0.0,4.8828125e-05,True,12.0,9.89889134067887,10.569767029286828,0.0,False
2017-01-01 06:00:00+00:00,2.8000000000000003,0.0,0.16,0.0,0.3000000000000002,0.0,0.3000000000000002,4.855,4.53921052631579,0.0,0.0,2.5,0.0,0.3000000000000002,0.4,0.003,0.0,0.0568421052631579,0.403,0.4598421052631579,0.0,0.0,0.0,0.403,stochastic,False,9.9777187845101,10.529517029286827,10.529517029286827,9.9777187845101,0.2388035000767558,2.664535259100376e-15,2.5,42,winter,main,0.0,True,2017-01-01 06:00:00+00:00,2017-01-01 06:00:00+00:00,0.0,0.01416015625,0.0,0.0,0.0,0.0,0.0,0.0,0.01416015625,True,12.0,9.9777187845101,10.529517029286827,0.0,False
2017-01-01 07:00:00+00:00,2.8000000000000003,0.0,0.16,0.0,0.3000000000000002,0.0,0.3000000000000002,4.53921052631579,4.223421052631579,0.0,0.0,2.5,0.0,0.3000000000000002,0.4,0.003,0.0,0.0568421052631579,0.403,0.4598421052631579,0.0,0.0,0.0,0.403,stochastic,False,10.061615656109334,10.671504589032203,10.671504589032203,10.061615656109334,0.3025150999892503,1.3322676295501878e-15,2.5,42,winter,main,0.0,True,2017-01-01 07:00:00+00:00,2017-01-01 07:00:00+00:00,0.0,0.1039225260416666,0.009550548735119,0.0,0.0194614955357142,0.0,0.0145786830357142,0.0063202868607309,0.1039225260416666,True,12.0,10.061615656109334,10.671504589032203,0.0,False
2017-01-01 08:00:00+00:00,2.8000000000000003,0.0654296875,0.175,0.0,0.3000000000000002,0.0,0.3000000000000002,4.223421052631579,3.907631578947369,0.0654296875,0.0,2.4345703125,0.0,0.3000000000000002,0.4260498046875,0.003,0.0,0.0568421052631579,0.4290498046875,0.4858919099506579,0.0,0.0,0.0,0.4290498046875,stochastic,False,9.909768770604297,10.55793987891707,10.611020119802488,9.909768770604297,0.4008319000713527,1.7763568394002505e-15,2.5,42,winter,main,0.0,True,2017-01-01 08:00:00+00:00,2017-01-01 08:00:00+00:00,0.0,0.3493198939732143,0.2581496465773809,0.0,0.5565011160714286,0.0,0.5565011160714286,0.1910106311659347,0.2838902064732143,True,12.0,9.909768770604297,10.611020119802488,0.0,False
2017-01-01 09:00:00+00:00,2.35,0.205078125,0.175,0.1816681016892554,0.0,0.1816681016892554,0.0,3.907631578947369,4.080216275552162,0.205078125,0.0,2.3265899766892555,0.0,0.1816681016892554,0.4071532459206197,0.0018166810168925,0.0,-0.0310652453888627,0.4089699269375122,0.3779046815486495,0.0,0.0,-5.551115123125783e-17,0.4089699269375122,stochastic,False,10.010802860804164,10.536830067033849,10.555406969902998,10.010802860804164,0.3528826999245211,3.552713678800501e-15,2.5,42,winter,main,0.0,True,2017-01-01 09:00:00+00:00,2017-01-01 09:00:00+00:00,0.0,0.6690592447916667,0.4411562965029762,0.0373883928571429,1.1761300223214286,0.0929827008928571,1.1761300223214286,0.3605399853834033,0.4639811197916667,True,12.0,10.010802860804164,10.555406969902998,0.0,False
2017-01-01 10:00:00+00:00,2.35,0.32421875,0.175,0.0,0.0,0.0,0.0,4.080216275552162,4.080216275552162,0.32421875,0.0,2.02578125,0.0,0.0,0.35451171875,0.0,0.0,-0.0,0.35451171875,0.35451171875,0.0,0.0,0.0,0.35451171875,stochastic,False,9.818134405014815,10.45968754478971,10.462090892024989,9.818134405014815,0.2855102999601513,8.881784197001252e-16,2.5,42,winter,main,0.0,True,2017-01-01 10:00:00+00:00,2017-01-01 10:00:00+00:00,0.0,1.0831112816220236,0.6918480282738094,0.0,2.2894810267857144,0.0048130580357139,1.1101422991071428,0.6075995663794751,0.7588925316220236,True,12.0,9.818134405014815,10.462090892024989,0.0,False
2017-01-01 11:00:00+00:00,2.35,0.400390625,0.175,0.048758370535713,0.0,0.048758370535713,0.0,4.080216275552162,4.126536727561089,0.400390625,0.0,1.9983677455357127,0.0,0.048758370535713,0.3497143554687498,0.0004875837053571,0.0,-0.0083376813616069,0.3502019391741069,0.3418642578124999,0.0,0.0,0.0,0.3502019391741069,stochastic,False,9.823254922656169,10.419663846628293,10.443356837650768,9.823254922656169,0.2914318999974057,3.1086244689504387e-15,2.5,42,winter,main,0.0,True,2017-01-01 11:00:00+00:00,2017-01-01 11:00:00+00:00,0.0,1.2832903180803572,0.8900030226934524,0.0094168526785716,2.014927455357143,0.0850306919642858,1.7478376116071428,0.6387835296852711,0.8828996930803572,True,12.0,9.823254922656169,10.443356837650768,0.0,False
2017-01-01 12:00:00+00:00,2.35,0.9794921875,0.175,0.1499999999999999,0.0,0.1499999999999999,0.0,4.126536727561089,4.269036727561089,0.9794921875,0.0,1.5205078125,0.0,0.1499999999999999,0.2660888671874999,0.0014999999999999,0.0,-0.02565,0.2675888671874999,0.2419388671874999,0.0,0.0,0.0,0.2675888671874999,stochastic,False,9.92891925853452,10.412000221011516,10.413602122595718,9.92891925853452,0.3163708000211045,4.440892098500626e-15,2.5,42,winter,main,0.0,True,2017-01-01 12:00:00+00:00,2017-01-01 12:00:00+00:00,0.0,1.324286179315476,0.8656994047619045,0.0,2.672154017857143,0.0244838169642855,2.389439174107143,0.8987422925188575,0.3447939918154761,True,12.0,9.92891925853452,10.413602122595718,0.0,False
2017-01-01 13:00:00+00:00,2.35,1.4052734375,0.175,0.1499999999999999,0.0,0.1499999999999999,0.0,4.269036727561089,4.4115367275610895,1.4052734375,0.0,1.0947265625,0.0,0.1499999999999999,0.1915771484374999,0.0014999999999999,0.0,-0.02565,0.1930771484374999,0.1674271484374999,0.0,0.0,0.0,0.1930771484374999,stochastic,False,9.960942051733744,10.39031872944079,10.39031872944079,9.960942051733744,0.3200095000211149,4.440892098500626e-16,2.5,42,winter,main,0.0,True,2017-01-01 13:00:00+00:00,2017-01-01 13:00:00+00:00,0.0,1.023089890252976,0.7192440941220237,0.0,1.8447265625,0.0945870535714284,1.7369559151785714,0.6841890678351489,-0.3821835472470238,True,12.0,9.960942051733744,10.39031872944079,0.0,False
2017-01-01 14:00:00+00:00,2.35,0.5703125,0.175,0.0,0.0,0.0,0.0,4.4115367275610895,4.4115367275610895,0.5703125,0.0,1.7796875,0.0,0.0,0.3114453125,0.0,0.0,-0.0,0.3114453125,0.3114453125,0.0,0.0,0.0,0.3114453125,stochastic,False,9.692256825453931,10.250668778513669,10.331105573014568,9.692256825453931,0.2819591000443324,1.199040866595169e-14,2.5,42,winter,main,0.0,True,2017-01-01 14:00:00+00:00,2017-01-01 14:00:00+00:00,0.0,0.6441859654017856,0.5288260323660714,0.1303710937499999,1.0433872767857142,0.2064034598214285,0.8544921874999999,0.2620125010073954,0.0738734654017856,True,12.0,9.692256825453931,10.331105573014568,0.0,False
2017-01-01 15:00:00+00:00,2.35,0.009765625,0.175,0.0100167410714307,0.0,0.0100167410714307,0.0,4.4115367275610895,4.421052631578949,0.009765625,0.0,2.350251116071431,0.0,0.0100167410714307,0.4112939453125003,0.0001001674107143,0.0,-0.0017128627232146,0.4113941127232146,0.40968125,0.0,0.0,-2.4286128663675302e-17,0.4113941127232146,stochastic,False,9.669427680631427,10.10910604783443,10.197845296060787,9.669427680631427,0.2294501999858766,4.440892098500626e-16,2.5,42,winter,main,0.0,True,2017-01-01 15:00:00+00:00,2017-01-01 15:00:00+00:00,0.0,0.1107793898809523,0.0134393601190476,0.0035574776785714,0.0315290178571428,0.0035574776785714,0.0265764508928571,0.008723693713504,0.1010137648809523,True,12.0,9.669427680631427,10.197845296060787,0.0,False
2017-01-01 16:00:00+00:00,2.35,0.0,0.175,0.0,0.0,0.0,0.0,4.421052631578949,4.421052631578949,0.0,0.0,2.35,0.0,0.0,0.41125,0.0,0.0,-0.0,0.41125,0.41125,0.0,0.0,0.0,0.41125,stochastic,False,9.488561064526552,10.090218228554786,10.161626442183747,9.488561064526552,0.2236092999810353,4.440892098500626e-16,2.5,42,winter,main,0.0,True,2017-01-01 16:00:00+00:00,2017-01-01 16:00:00+00:00,0.0,0.0035807291666666,0.0,0.0,0.0,0.0,0.0,0.0,0.0035807291666666,True,12.0,9.488561064526552,10.161626442183747,0.0,False
2017-01-01 17:00:00+00:00,3.2,0.0,0.2,0.0,0.7000000000000005,0.0,0.7000000000000005,4.421052631578949,3.6842105263157903,0.0,0.0,2.5,0.0,0.7000000000000005,0.4999999999999999,0.007,0.0,0.1326315789473685,0.5069999999999999,0.6396315789473684,0.0,0.0,0.0,0.5069999999999999,stochastic,False,9.340560167263863,10.171197308946192,10.171197308946194,9.340560167263863,0.2361492000054568,4.440892098500626e-16,2.5,42,winter,main,0.0,True,2017-01-01 17:00:00+00:00,2017-01-01 17:00:00+00:00,0.0,0.0,0.0,0.0,0.0,0.0,0.0,0.0,0.0,False,12.0,9.340560167263863,10.171197308946194,0.0,False
2017-01-01 18:00:00+00:00,3.2,0.0,0.2,0.0,0.7000000000000001,0.0,0.7000000000000001,3.6842105263157903,2.9473684210526323,0.0,0.0,2.5,0.0,0.7000000000000001,0.5,0.007,0.0,0.1326315789473684,0.507,0.6396315789473684,0.0,0.0,0.0,0.507,stochastic,False,9.649280055061666,10.087497718955593,10.087813357906484,9.649280055061666,0.1546026000287383,4.440892098500626e-16,2.5,42,winter,main,0.0,True,2017-01-01 18:00:00+00:00,2017-01-01 18:00:00+00:00,0.0,0.0,0.0,0.0,0.0,0.0,0.0,0.0,0.0,False,12.0,9.649280055061666,10.087813357906484,0.0,False
2017-01-01 19:00:00+00:00,3.2,0.0,0.2,0.0,0.7000000000000001,0.0,0.7000000000000001,2.9473684210526323,2.2105263157894743,0.0,0.0,2.5,0.0,0.7000000000000001,0.5,0.007,0.0,0.1326315789473684,0.507,0.6396315789473684,0.0,0.0,0.0,0.507,stochastic,False,9.76254743279096,10.070793734874291,10.077798245662985,9.76254743279096,0.1552708999952301,4.440892098500626e-16,2.5,42,winter,main,0.0,True,2017-01-01 19:00:00+00:00,2017-01-01 19:00:00+00:00,0.0,0.0,0.0,0.0,0.0,0.0,0.0,0.0,0.0,False,12.0,9.76254743279096,10.077798245662985,0.0,False
2017-01-01 20:00:00+00:00,3.2,0.0,0.2,0.0,0.7000000000000003,0.0,0.7000000000000003,2.2105263157894743,1.4736842105263162,0.0,0.0,2.5,0.0,0.7000000000000003,0.5,0.007,0.0,0.1326315789473684,0.507,0.6396315789473684,0.0,0.0,0.0,0.507,stochastic,False,9.287473356314065,9.806449544319785,9.881558826313832,9.287473356314065,0.2698895999928936,4.440892098500626e-16,2.5,42,winter,main,0.0,True,2017-01-01 20:00:00+00:00,2017-01-01 20:00:00+00:00,0.0,0.0,0.0,0.0,0.0,0.0,0.0,0.0,0.0,False,12.0,9.287473356314065,9.881558826313832,0.0,False
2017-01-01 21:00:00+00:00,3.2,0.0,0.2,0.0,0.7000000000000002,0.0,0.7000000000000002,1.4736842105263162,0.7368421052631581,0.0,0.0,2.5,0.0,0.7000000000000002,0.5,0.007,0.0,0.1326315789473684,0.507,0.6396315789473684,0.0,0.0,0.0,0.507,stochastic,False,9.3348964824797,9.798571243832235,9.915264359066612,9.3348964824797,0.2097801999188959,4.440892098500626e-16,2.5,42,winter,main,0.0,True,2017-01-01 21:00:00+00:00,2017-01-01 21:00:00+00:00,0.0,0.0,0.0,0.0,0.0,0.0,0.0,0.0,0.0,False,12.0,9.3348964824797,9.915264359066612,0.0,False
2017-01-01 22:00:00+00:00,3.2,0.0,0.16,0.0,0.7000000000000002,0.0,0.7000000000000001,0.7368421052631581,1.1102230246251563e-16,0.0,0.0,2.5,0.0,0.7000000000000001,0.4,0.007,0.0,0.1326315789473684,0.407,0.5396315789473685,0.0,1.1102230246251563e-16,0.0,0.407,stochastic,False,9.26591362339444,9.92314598450021,9.951419913984951,9.26591362339444,0.229650399996899,5.498041138034348e-15,2.5,42,winter,main,0.0,True,2017-01-01 22:00:00+00:00,2017-01-01 22:00:00+00:00,0.0,0.0,0.0,0.0,0.0,0.0,0.0,0.0,0.0,False,12.0,9.26591362339444,9.951419913984951,0.0,False
2017-01-01 23:00:00+00:00,2.35,0.0,0.16,0.1499999999999998,0.0,0.1499999999999998,0.0,1.1102230246251563e-16,0.1424999999999999,0.0,0.0,2.5,0.0,0.1499999999999998,0.4,0.0014999999999999,0.0,-0.0256499999999999,0.4015,0.3758500000000001,0.0,0.0,8.326672684688674e-17,0.4015,stochastic,False,9.335693768820182,9.847561600534542,9.88168258607817,9.335693768820182,0.2571790999500081,3.1308289294429414e-14,2.5,42,winter,main,0.0,True,2017-01-01 23:00:00+00:00,2017-01-01 23:00:00+00:00,0.0,0.0,0.0,0.0,0.0,0.0,0.0,0.0,0.0,False,12.0,9.335693768820182,9.88168258607817,0.0,False
2017-01-02 00:00:00+00:00,2.1,0.0,0.16,0.3999999999999999,0.0,0.3999999999999999,0.0,0.1424999999999999,0.5224999999999999,0.0,0.0,2.5,0.0,0.3999999999999999,0.4,0.0039999999999999,0.0,-0.0683999999999999,0.404,0.3356,0.0,0.0,0.0,0.404,stochastic,False,9.316337441053292,9.80731160053454,9.80731160053454,9.316337441053292,0.2152285000775009,4.1966430330830924e-14,2.5,42,winter,main,0.0,True,2017-01-02 00:00:00+00:00,2017-01-02 00:00:00+00:00,0.0,0.0,0.0,0.0,0.0,0.0,0.0,0.0,0.0,False,12.0,9.316337441053292,9.80731160053454,0.0,False
2017-01-02 01:00:00+00:00,2.1,0.0,0.16,0.3999999999999999,0.0,0.3999999999999999,0.0,0.5224999999999999,0.9024999999999996,0.0,0.0,2.5,0.0,0.3999999999999999,0.4,0.0039999999999999,0.0,-0.0683999999999999,0.404,0.3356,0.0,0.0,0.0,0.404,stochastic,False,9.128567294588883,9.807311600534542,9.862832673628716,9.128567294588883,0.3532303000101819,5.329070518200752e-14,2.5,42,winter,main,0.0,True,2017-01-02 01:00:00+00:00,2017-01-02 01:00:00+00:00,0.0,0.0,0.0,0.0,0.0,0.0,0.0,0.0,0.0,False,12.0,9.128567294588883,9.862832673628716,0.0,False
2017-01-02 02:00:00+00:00,2.1,0.0,0.16,0.3999999999999999,0.0,0.3999999999999999,0.0,0.9024999999999996,1.2824999999999998,0.0,0.0,2.5,0.0,0.3999999999999999,0.4,0.0039999999999999,0.0,-0.0684,0.404,0.3356,0.0,0.0,0.0,0.404,stochastic,False,9.209416843066723,9.873936888247552,9.873936888247552,9.209416843066723,0.2545174999395385,1.199040866595169e-14,2.5,42,winter,main,0.0,True,2017-01-02 02:00:00+00:00,2017-01-02 02:00:00+00:00,0.0,0.0,0.0,0.0,0.0,0.0,0.0,0.0,0.0,False,12.0,9.209416843066723,9.873936888247552,0.0,False
2017-01-02 03:00:00+00:00,2.1,0.0,0.16,0.3999999999999999,0.0,0.3999999999999999,0.0,1.2824999999999998,1.6624999999999996,0.0,0.0,2.5,0.0,0.3999999999999999,0.4,0.0039999999999999,0.0,-0.0683999999999999,0.404,0.3356,0.0,0.0,0.0,0.404,stochastic,False,9.311016730669447,9.714821441517548,9.791492837382314,9.311016730669447,0.1799801999004557,3.6637359812630166e-14,2.5,42,winter,main,0.0,True,2017-01-02 03:00:00+00:00,2017-01-02 03:00:00+00:00,0.0,0.0,0.0,0.0,0.0,0.0,0.0,0.0,0.0,False,12.0,9.311016730669447,9.791492837382314,0.0,False
2017-01-02 04:00:00+00:00,2.1,0.0,0.16,0.3999999999999999,0.0,0.3999999999999999,0.0,1.6624999999999996,2.0424999999999995,0.0,0.0,2.5,0.0,0.3999999999999999,0.4,0.0039999999999999,0.0,-0.0683999999999999,0.404,0.3356,0.0,0.0,0.0,0.404,stochastic,False,9.31250586132336,9.682009070399069,9.813674989121395,9.31250586132336,0.353006099932827,1.9539925233402755e-14,2.5,42,winter,main,0.0,True,2017-01-02 04:00:00+00:00,2017-01-02 04:00:00+00:00,0.0,0.0,0.0,0.0,0.0,0.0,0.0,0.0,0.0,False,12.0,9.31250586132336,9.813674989121395,0.0,False
2017-01-02 05:00:00+00:00,2.1,0.0,0.16,0.3999999999999999,0.0,0.3999999999999999,0.0,2.0424999999999995,2.4224999999999994,0.0,0.0,2.5,0.0,0.3999999999999999,0.4,0.0039999999999999,0.0,-0.0683999999999999,0.404,0.3356,0.0,0.0,0.0,0.404,stochastic,False,8.807324859132052,9.682009070399069,9.841948918606136,8.807324859132052,0.2795450000558048,4.440892098500626e-16,2.5,42,winter,main,0.0,True,2017-01-02 05:00:00+00:00,2017-01-02 05:00:00+00:00,0.0,4.8828125e-05,0.0,0.0,0.0,0.0,0.0,0.0,4.8828125e-05,True,12.0,8.807324859132052,9.841948918606136,0.0,False
2017-01-02 06:00:00+00:00,2.5500000000000003,0.0,0.16,0.0,0.0500000000000002,0.0,0.0500000000000002,2.4224999999999994,2.369868421052631,0.0,0.0,2.5,0.0,0.0500000000000002,0.4,0.0005,0.0,0.0094736842105263,0.4005,0.4099736842105264,0.0,0.0,0.0,0.4005,stochastic,False,8.899973705562527,9.80731160053454,9.834558744143974,8.899973705562527,0.2163383000297472,2.398081733190338e-14,2.5,42,winter,main,0.0,True,2017-01-02 06:00:00+00:00,2017-01-02 06:00:00+00:00,0.0,0.01416015625,0.0,0.0,0.0,0.0,0.0,0.0,0.01416015625,True,12.0,8.899973705562527,9.834558744143974,0.0,False
2017-01-02 07:00:00+00:00,2.5500000000000003,0.0,0.16,0.0,0.0500000000000002,0.0,0.0500000000000002,2.369868421052631,2.3172368421052623,0.0,0.0,2.5,0.0,0.0500000000000002,0.4,0.0005,0.0,0.0094736842105263,0.4005,0.4099736842105264,0.0,0.0,0.0,0.4005,stochastic,False,9.11350139278668,9.807245189260676,9.83454767559833,9.11350139278668,0.324778200010769,3.4416913763379853e-15,2.5,42,winter,main,0.0,True,2017-01-02 07:00:00+00:00,2017-01-02 07:00:00+00:00,0.0,0.1035737537202381,0.0109281994047619,0.0,0.0313895089285714,0.0,0.01806640625,0.0081910441794159,0.1035737537202381,True,12.0,9.11350139278668,9.83454767559833,0.0,False
2017-01-02 08:00:00+00:00,2.5500000000000003,0.0498046875,0.175,0.0,0.0345842633928574,0.0,0.0345842633928574,2.3172368421052623,2.280832354323307,0.0498046875,0.0,2.465611049107143,0.0,0.0345842633928574,0.43148193359375,0.0003458426339285,0.0,0.0065528078007519,0.4318277762276785,0.4383805840284305,0.0,0.0,0.0,0.4318277762276785,stochastic,False,9.317167649552506,9.68309976414876,9.813856771413016,9.317167649552506,0.3301858999766409,8.659739592076221e-15,2.5,42,winter,main,0.0,True,2017-01-02 08:00:00+00:00,2017-01-02 08:00:00+00:00,0.0,0.3536446707589286,0.2194359188988095,0.0154157366071428,0.5479910714285714,0.0660574776785714,0.4649135044642857,0.1767105825308853,0.3038399832589286,True,12.0,9.317167649552506,9.813856771413016,0.0,False
2017-01-02 09:00:00+00:00,2.1,0.1552734375,0.175,0.0,0.0,0.0,0.0,2.280832354323307,2.280832354323307,0.1552734375,0.0,1.9447265625,0.0,0.0,0.3403271484375,0.0,0.0,-0.0,0.3403271484375,0.3403271484375,0.0,0.0,0.0,0.3403271484375,stochastic,False,9.104929148859313,9.817068799285428,9.83874747208233,9.104929148859313,0.2626498000463471,1.3322676295501878e-15,2.5,42,winter,main,0.0,True,2017-01-02 09:00:00+00:00,2017-01-02 09:00:00+00:00,0.0,0.6747791108630952,0.523007347470238,0.0987025669642855,1.4573102678571428,0.0989815848214284,1.0891462053571428,0.4270071647209491,0.5195056733630952,True,12.0,9.104929148859313,9.83874747208233,0.0,False
2017-01-02 10:00:00+00:00,2.1,0.1953125,0.175,0.1908135882469359,0.0,0.1908135882469359,0.0,2.280832354323307,2.462105263157896,0.1953125,0.0,2.095501088246936,0.0,0.1908135882469359,0.3667126904432138,0.0019081358824693,0.0,-0.032629123590226,0.3686208263256831,0.3359917027354571,0.0,0.0,0.0,0.3686208263256831,stochastic,False,9.58267361602495,9.823244290503707,9.84706194468555,9.58267361602495,0.306656900094822,4.440892098500626e-16,2.5,42,winter,main,0.0,True,2017-01-02 10:00:00+00:00,2017-01-02 10:00:00+00:00,0.0,1.0505359468005953,0.3220098586309524,0.0,1.5041155133928572,0.0,0.4337332589285714,0.3884413921484877,0.8552234468005953,True,12.0,9.58267361602495,9.84706194468555,0.0,False
2017-01-02 11:00:00+00:00,2.1,0.705078125,0.175,0.0680385044642855,0.0,0.0680385044642855,0.0,2.462105263157896,2.526741842398968,0.705078125,0.0,1.4629603794642856,0.0,0.0680385044642855,0.2560180664062499,0.0006803850446428,0.0,-0.0116345842633928,0.2566984514508928,0.2450638671875,0.0,0.0,0.0,0.2566984514508928,stochastic,False,8.953864450195619,9.491456831899084,9.80601567315506,8.953864450195619,0.3046900000190362,0.0,2.5,42,winter,main,0.0,True,2017-01-02 11:00:00+00:00,2017-01-02 11:00:00+00:00,0.0,1.2465297154017856,1.20024181547619,0.1570870535714283,2.1680385044642856,0.1720145089285711,2.0335518973214284,0.7334058704268681,0.5414515904017856,True,12.0,8.953864450195619,9.80601567315506,0.0,False
2017-01-02 12:00:00+00:00,2.1,1.57421875,0.175,0.3319614955357138,0.0,0.3319614955357138,0.0,2.526741842398968,2.842105263157896,1.57421875,0.0,0.8577427455357141,0.0,0.3319614955357138,0.1501049804687499,0.0033196149553571,0.0,-0.056765415736607,0.153424595424107,0.0966591796875,0.0,0.0,1.6653345369377348e-16,0.153424595424107,stochastic,False,9.428541262253942,9.811895800781253,9.876062399631078,9.428541262253942,0.2362933999393135,4.440892098500626e-16,2.5,42,winter,main,0.0,True,2017-01-02 12:00:00+00:00,2017-01-02 12:00:00+00:00,0.0,1.3270763578869047,0.5594540550595238,0.0,1.9280831473214288,0.1891043526785714,1.248256138392857,0.5107324275718611,-0.2471423921130953,True,12.0,9.428541262253942,9.876062399631078,0.0,False
2017-01-02 13:00:00+00:00,2.1,0.375,0.175,0.2311244419642855,0.0,0.2311244419642855,0.0,2.842105263157896,3.061673483023967,0.375,0.0,1.9561244419642856,0.0,0.2311244419642855,0.3423217773437499,0.0023112444196428,0.0,-0.0395222795758928,0.3446330217633928,0.3051107421875,0.0,0.0,0.0,0.3446330217633928,stochastic,False,9.320250584207916,9.805698549101026,9.86784979207663,9.320250584207916,0.2027339999331161,4.440892098500626e-16,2.5,42,winter,main,0.0,True,2017-01-02 13:00:00+00:00,2017-01-02 13:00:00+00:00,0.0,1.1002383277529764,0.7980201357886907,0.0174386160714288,2.3311244419642856,0.1717354910714287,2.180803571428572,0.845673830694918,0.7252383277529764,True,12.0,9.320250584207916,9.86784979207663,0.0,False
2017-01-02 14:00:00+00:00,2.1,0.0302734375,0.175,0.0,0.0,0.0,0.0,3.061673483023967,3.061673483023967,0.0302734375,0.0,2.0697265625,0.0,0.0,0.3622021484375,0.0,0.0,-0.0,0.3622021484375,0.3622021484375,0.0,0.0,0.0,0.3622021484375,stochastic,False,9.313358416818414,9.66290308301883,9.822400864643296,9.313358416818414,0.1587074000854045,4.440892098500626e-16,2.5,42,winter,main,0.0,True,2017-01-02 14:00:00+00:00,2017-01-02 14:00:00+00:00,0.0,0.6796212332589285,0.4125918433779761,0.2215401785714285,1.3344029017857144,0.2878069196428571,0.4587751116071429,0.2834832834855657,0.6493477957589285,True,12.0,9.313358416818414,9.822400864643296,0.0,False
2017-01-02 15:00:00+00:00,2.1,0.0,0.175,0.0,0.0,0.0,0.0,3.061673483023967,3.061673483023967,0.0,0.0,2.1,0.0,0.0,0.3675,0.0,0.0,-0.0,0.3675,0.3675,0.0,0.0,0.0,0.3675,stochastic,False,9.236951763711035,9.85776111432757,9.8867002554951,9.236951763711035,0.2171262999763712,4.440892098500626e-16,2.5,42,winter,main,0.0,True,2017-01-02 15:00:00+00:00,2017-01-02 15:00:00+00:00,0.0,0.1114769345238095,0.0250767299107142,0.0035574776785714,0.0592912946428571,0.00390625,0.0443638392857142,0.0175822650304357,0.1114769345238095,True,12.0,9.236951763711035,9.8867002554951,0.0,False
2017-01-02 16:00:00+00:00,2.1,0.0,0.175,0.0,0.0,0.0,0.0,3.061673483023967,3.061673483023967,0.0,0.0,2.1,0.0,0.0,0.3675,0.0,0.0,-0.0,0.3675,0.3675,0.0,0.0,0.0,0.3675,stochastic,False,9.322788113568018,9.850844852114417,9.897061149184402,9.322788113568018,0.2696829999331385,4.440892098500626e-16,2.5,42,winter,main,0.0,True,2017-01-02 16:00:00+00:00,2017-01-02 16:00:00+00:00,0.0,0.0035807291666666,0.0,0.0,0.0,0.0,0.0,0.0,0.0035807291666666,True,12.0,9.322788113568018,9.897061149184402,0.0,False
2017-01-02 17:00:00+00:00,2.95,0.0,0.2,0.0,0.658589808872768,0.0,0.658589808872768,3.061673483023967,2.36842105263158,0.0,0.0,2.291410191127232,0.0,0.658589808872768,0.4582820382254464,0.0065858980887276,0.0,0.1247854374706297,0.4648679363141741,0.5896533737848038,0.0,0.0,0.0,0.4648679363141741,stochastic,False,9.165172788593798,9.805380743233814,9.874930303780689,9.165172788593798,0.1630562000209465,4.440892098500626e-16,2.5,42,winter,main,0.0,True,2017-01-02 17:00:00+00:00,2017-01-02 17:00:00+00:00,0.0,0.0,0.0,0.0,0.0,0.0,0.0,0.0,0.0,False,12.0,9.165172788593798,9.874930303780689,0.0,False
2017-01-02 18:00:00+00:00,2.95,0.0,0.2,0.0,0.4500000000000002,0.0,0.4500000000000002,2.36842105263158,1.894736842105264,0.0,0.0,2.5,0.0,0.4500000000000002,0.5,0.0045,0.0,0.0852631578947368,0.5045,0.5897631578947368,0.0,0.0,0.0,0.5045,stochastic,False,9.430422207872589,9.80447631681743,9.842815114250469,9.430422207872589,0.1958261999534443,4.440892098500626e-16,2.5,42,winter,main,0.0,True,2017-01-02 18:00:00+00:00,2017-01-02 18:00:00+00:00,0.0,0.0,0.0,0.0,0.0,0.0,0.0,0.0,0.0,False,12.0,9.430422207872589,9.842815114250469,0.0,False
2017-01-02 19:00:00+00:00,2.95,0.0,0.2,0.0,0.4500000000000002,0.0,0.4500000000000002,1.894736842105264,1.4210526315789478,0.0,0.0,2.5,0.0,0.4500000000000002,0.5,0.0045,0.0,0.0852631578947368,0.5045,0.5897631578947368,0.0,0.0,0.0,0.5045,stochastic,False,9.3927212658156,9.809290795641449,9.868342309313322,9.3927212658156,0.1646001000190153,4.440892098500626e-16,2.5,42,winter,main,0.0,True,2017-01-02 19:00:00+00:00,2017-01-02 19:00:00+00:00,0.0,0.0,0.0,0.0,0.0,0.0,0.0,0.0,0.0,False,12.0,9.3927212658156,9.868342309313322,0.0,False
2017-01-02 20:00:00+00:00,2.95,0.0,0.2,0.0,0.4500000000000002,0.0,0.4500000000000002,1.4210526315789478,0.947368421052632,0.0,0.0,2.5,0.0,0.4500000000000002,0.5,0.0045,0.0,0.0852631578947368,0.5045,0.5897631578947368,0.0,0.0,0.0,0.5045,stochastic,False,9.4189337244922,9.850956557947605,9.897131106868734,9.4189337244922,0.2087640999816358,4.440892098500626e-16,2.5,42,winter,main,0.0,True,2017-01-02 20:00:00+00:00,2017-01-02 20:00:00+00:00,0.0,0.0,0.0,0.0,0.0,0.0,0.0,0.0,0.0,False,12.0,9.4189337244922,9.897131106868734,0.0,False
2017-01-02 21:00:00+00:00,2.95,0.0,0.2,0.0,0.4500000000000002,0.0,0.4500000000000002,0.947368421052632,0.4736842105263159,0.0,0.0,2.5,0.0,0.4500000000000002,0.5,0.0045,0.0,0.0852631578947368,0.5045,0.5897631578947369,0.0,0.0,0.0,0.5045,stochastic,False,9.103324986937864,9.75954649715108,9.797580118802866,9.103324986937864,0.2719038999639451,4.440892098500626e-16,2.5,42,winter,main,0.0,True,2017-01-02 21:00:00+00:00,2017-01-02 21:00:00+00:00,0.0,0.0,0.0,0.0,0.0,0.0,0.0,0.0,0.0,False,12.0,9.103324986937864,9.797580118802866,0.0,False
2017-01-02 22:00:00+00:00,2.95,0.0,0.16,0.0,0.4500000000000002,0.0,0.45,0.4736842105263159,5.551115123125783e-17,0.0,0.0,2.5,0.0,0.45,0.4,0.0045,0.0,0.0852631578947368,0.4045,0.4897631578947369,0.0,1.6653345369377348e-16,0.0,0.4045,stochastic,False,9.218103525965793,9.851430242158129,9.882641005271967,9.218103525965793,0.1612289999611675,4.440892098500626e-16,2.5,42,winter,main,0.0,True,2017-01-02 22:00:00+00:00,2017-01-02 22:00:00+00:00,0.0,0.0,0.0,0.0,0.0,0.0,0.0,0.0,0.0,False,12.0,9.218103525965793,9.882641005271967,0.0,False
2017-01-02 23:00:00+00:00,2.1,0.0,0.16,0.3999999999999999,0.0,0.3999999999999999,0.0,5.551115123125783e-17,0.3799999999999999,0.0,0.0,2.5,0.0,0.3999999999999999,0.4,0.0039999999999999,0.0,-0.0683999999999999,0.404,0.3356,0.0,0.0,0.0,0.404,stochastic,False,9.358970659456002,9.88594050678454,9.907587642201207,9.358970659456002,0.2038587999995798,3.219646771412954e-15,2.5,42,winter,main,0.0,True,2017-01-02 23:00:00+00:00,2017-01-02 23:00:00+00:00,0.0,0.0,0.0,0.0,0.0,0.0,0.0,0.0,0.0,False,12.0,9.358970659456002,9.907587642201207,0.0,False
2017-01-01 00:00:00+00:00,2.35,0.0,0.16,0.1499999999999999,0.0,0.1499999999999999,0.0,4.0,4.1425,0.0,0.0,2.5,0.0,0.1499999999999999,0.4,0.0014999999999999,0.0,-0.02565,0.4015,0.37585,0.0,0.0,0.0,0.4015,cvar_0.5,False,9.986733170086792,10.754745033443498,10.900573418589648,10.44365329433822,0.2426117000868544,3.552713678800501e-15,2.5,42,winter,main,0.5,True,2017-01-01 00:00:00+00:00,2017-01-01 00:00:00+00:00,0.0,0.0,0.0,0.0,0.0,0.0,0.0,0.0,0.0,False,12.0,9.986733170086792,10.900573418589648,0.0,False
2017-01-01 01:00:00+00:00,2.35,0.0,0.16,0.1499999999999999,0.0,0.1499999999999999,0.0,4.1425,4.285,0.0,0.0,2.5,0.0,0.1499999999999999,0.4,0.0014999999999999,0.0,-0.02565,0.4015,0.37585,0.0,0.0,0.0,0.4015,cvar_0.5,False,10.122289220420194,10.845166865547402,10.882102057273633,10.502195638846914,0.2556510000722483,5.46229728115577e-14,2.5,42,winter,main,0.5,True,2017-01-01 01:00:00+00:00,2017-01-01 01:00:00+00:00,0.0,0.0,0.0,0.0,0.0,0.0,0.0,0.0,0.0,False,12.0,10.122289220420194,10.882102057273633,0.0,False
2017-01-01 02:00:00+00:00,2.35,0.0,0.16,0.1499999999999999,0.0,0.1499999999999999,0.0,4.285,4.4275,0.0,0.0,2.5,0.0,0.1499999999999999,0.4,0.0014999999999999,0.0,-0.02565,0.4015,0.37585,0.0,0.0,0.0,0.4015,cvar_0.5,False,9.952859809889778,10.723977383052098,10.791426951798185,10.37214338084398,0.269107099971734,8.881784197001252e-15,2.5,42,winter,main,0.5,True,2017-01-01 02:00:00+00:00,2017-01-01 02:00:00+00:00,0.0,0.0,0.0,0.0,0.0,0.0,0.0,0.0,0.0,False,12.0,9.952859809889778,10.791426951798185,0.0,False
2017-01-01 03:00:00+00:00,2.35,0.0,0.16,0.1499999999999999,0.0,0.1499999999999999,0.0,4.4275,4.57,0.0,0.0,2.5,0.0,0.1499999999999999,0.4,0.0014999999999999,0.0,-0.02565,0.4015,0.37585,0.0,0.0,0.0,0.4015,cvar_0.5,False,9.854969612304943,10.779220178053585,10.779220178053585,10.317094895179263,0.1646200000541284,4.9293902293356957e-14,2.5,42,winter,main,0.5,True,2017-01-01 03:00:00+00:00,2017-01-01 03:00:00+00:00,0.0,0.0,0.0,0.0,0.0,0.0,0.0,0.0,0.0,False,12.0,9.854969612304943,10.779220178053585,0.0,False
2017-01-01 04:00:00+00:00,2.35,0.0,0.16,0.1499999999999999,0.0,0.1499999999999999,0.0,4.57,4.7125,0.0,0.0,2.5,0.0,0.1499999999999999,0.4,0.0014999999999999,0.0,-0.02565,0.4015,0.37585,0.0,0.0,0.0,0.4015,cvar_0.5,False,9.96930861634452,10.610017029286826,10.742285417896868,10.355797017120691,0.2878605000441894,3.552713678800501e-15,2.5,42,winter,main,0.5,True,2017-01-01 04:00:00+00:00,2017-01-01 04:00:00+00:00,0.0,0.0,0.0,0.0,0.0,0.0,0.0,0.0,0.0,False,12.0,9.96930861634452,10.742285417896868,0.0,False
2017-01-01 05:00:00+00:00,2.35,0.0,0.16,0.1499999999999999,0.0,0.1499999999999999,0.0,4.7125,4.855,0.0,0.0,2.5,0.0,0.1499999999999999,0.4,0.0014999999999999,0.0,-0.02565,0.4015,0.37585,0.0,0.0,0.0,0.4015,cvar_0.5,False,9.89889134067887,10.569767029286826,10.569767029286828,10.23432918498285,0.2382507000584155,8.881784197001252e-15,2.5,42,winter,main,0.5,True,2017-01-01 05:00:00+00:00,2017-01-01 05:00:00+00:00,0.0,4.8828125e-05,0.0,0.0,0.0,0.0,0.0,0.0,4.8828125e-05,True,12.0,9.89889134067887,10.569767029286828,0.0,False
2017-01-01 06:00:00+00:00,2.8000000000000003,0.0,0.16,0.0,0.3000000000000002,0.0,0.3000000000000002,4.855,4.53921052631579,0.0,0.0,2.5,0.0,0.3000000000000002,0.4,0.003,0.0,0.0568421052631579,0.403,0.4598421052631579,0.0,0.0,0.0,0.403,cvar_0.5,False,9.977718784510104,10.529517029286826,10.529517029286826,10.253617906898464,0.2604248999850824,1.0880185641326534e-14,2.5,42,winter,main,0.5,True,2017-01-01 06:00:00+00:00,2017-01-01 06:00:00+00:00,0.0,0.01416015625,0.0,0.0,0.0,0.0,0.0,0.0,0.01416015625,True,12.0,9.977718784510104,10.529517029286826,0.0,False
2017-01-01 07:00:00+00:00,2.8000000000000003,0.0,0.16,0.0,0.3000000000000002,0.0,0.3000000000000002,4.53921052631579,4.223421052631579,0.0,0.0,2.5,0.0,0.3000000000000002,0.4,0.003,0.0,0.0568421052631579,0.403,0.4598421052631579,0.0,0.0,0.0,0.403,cvar_0.5,False,10.061615656109334,10.671504589032203,10.671504589032203,10.366560122570768,0.3561003999784589,8.260059303211166e-14,2.5,42,winter,main,0.5,True,2017-01-01 07:00:00+00:00,2017-01-01 07:00:00+00:00,0.0,0.1039225260416666,0.009550548735119,0.0,0.0194614955357142,0.0,0.0145786830357142,0.0063202868607309,0.1039225260416666,True,12.0,10.061615656109334,10.671504589032203,0.0,False
2017-01-01 08:00:00+00:00,2.8000000000000003,0.0654296875,0.175,0.0,0.3000000000000002,0.0,0.3000000000000002,4.223421052631579,3.907631578947369,0.0654296875,0.0,2.4345703125,0.0,0.3000000000000002,0.4260498046875,0.003,0.0,0.0568421052631579,0.4290498046875,0.4858919099506579,0.0,0.0,0.0,0.4290498046875,cvar_0.5,False,9.909768770604297,10.55793987891707,10.611020119802486,10.260394445203392,0.2655933999922126,1.8651746813702633e-14,2.5,42,winter,main,0.5,True,2017-01-01 08:00:00+00:00,2017-01-01 08:00:00+00:00,0.0,0.3493198939732143,0.2581496465773809,0.0,0.5565011160714286,0.0,0.5565011160714286,0.1910106311659347,0.2838902064732143,True,12.0,9.909768770604297,10.611020119802486,0.0,False
2017-01-01 09:00:00+00:00,2.35,0.205078125,0.175,0.0,0.0,0.0,0.0,3.907631578947369,3.907631578947369,0.205078125,0.0,2.144921875,0.0,0.0,0.375361328125,0.0,0.0,-0.0,0.375361328125,0.375361328125,0.0,0.0,0.0,0.375361328125,cvar_0.5,False,10.010802860804164,10.536830067033849,10.555406969902998,10.28310491535358,0.3392690999899059,3.996802888650564e-15,2.5,42,winter,main,0.5,True,2017-01-01 09:00:00+00:00,2017-01-01 09:00:00+00:00,0.0,0.6690592447916667,0.4411562965029762,0.0373883928571429,1.1761300223214286,0.0929827008928571,1.1761300223214286,0.3605399853834033,0.4639811197916667,True,12.0,10.010802860804164,10.555406969902998,0.0,False
2017-01-01 10:00:00+00:00,2.35,0.32421875,0.175,0.0,0.0,0.0,0.0,3.907631578947369,3.907631578947369,0.32421875,0.0,2.02578125,0.0,0.0,0.35451171875,0.0,0.0,-0.0,0.35451171875,0.35451171875,0.0,0.0,0.0,0.35451171875,cvar_0.5,False,9.820628825914287,10.46223089821336,10.464634245448636,10.142631535681462,0.2546438999706879,5.662137425588298e-14,2.5,42,winter,main,0.5,True,2017-01-01 10:00:00+00:00,2017-01-01 10:00:00+00:00,0.0,1.0831112816220236,0.6918480282738094,0.0,2.2894810267857144,0.0048130580357139,1.1101422991071428,0.6075995663794751,0.7588925316220236,True,12.0,9.820628825914287,10.464634245448636,0.0,False
2017-01-01 11:00:00+00:00,2.35,0.400390625,0.175,0.0,0.0,0.0,0.0,3.907631578947369,3.907631578947369,0.400390625,0.0,1.949609375,0.0,0.0,0.341181640625,0.0,0.0,-0.0,0.341181640625,0.341181640625,0.0,0.0,0.0,0.341181640625,cvar_0.5,False,9.82579827607982,10.42220720005194,10.445900191074418,10.13584923357712,0.2623584000393748,1.7763568394002505e-15,2.5,42,winter,main,0.5,True,2017-01-01 11:00:00+00:00,2017-01-01 11:00:00+00:00,0.0,1.2832903180803572,0.8900030226934524,0.0094168526785716,2.014927455357143,0.0850306919642858,1.7478376116071428,0.6387835296852711,0.8828996930803572,True,12.0,9.82579827607982,10.445900191074418,0.0,False
2017-01-01 12:00:00+00:00,2.35,0.9794921875,0.175,0.1499999999999999,0.0,0.1499999999999999,0.0,3.907631578947369,4.050131578947369,0.9794921875,0.0,1.5205078125,0.0,0.1499999999999999,0.2660888671874999,0.0014999999999999,0.0,-0.02565,0.2675888671874999,0.2419388671874999,0.0,0.0,0.0,0.2675888671874999,cvar_0.5,False,9.93214522914567,10.415226191622663,10.416828093206863,10.174486661176267,0.2923656000057235,3.552713678800501e-15,2.5,42,winter,main,0.5,True,2017-01-01 12:00:00+00:00,2017-01-01 12:00:00+00:00,0.0,1.324286179315476,0.8656994047619045,0.0,2.672154017857143,0.0244838169642855,2.389439174107143,0.8987422925188575,0.3447939918154761,True,12.0,9.93214522914567,10.416828093206863,0.0,False
2017-01-01 13:00:00+00:00,2.35,1.4052734375,0.175,0.0,0.0,0.0,0.0,4.050131578947369,4.050131578947369,1.4052734375,0.0,0.9447265625,0.0,0.0,0.1653271484375,0.0,0.0,-0.0,0.1653271484375,0.1653271484375,0.0,0.0,0.0,0.1653271484375,cvar_0.5,False,9.964168022344897,10.39354470005194,10.39354470005194,10.178856361198417,0.2554260001052171,4.9960036108132044e-14,2.5,42,winter,main,0.5,True,2017-01-01 13:00:00+00:00,2017-01-01 13:00:00+00:00,0.0,1.023089890252976,0.7192440941220237,0.0,1.8447265625,0.0945870535714284,1.7369559151785714,0.6841890678351489,-0.3821835472470238,True,12.0,9.964168022344897,10.39354470005194,0.0,False
2017-01-01 14:00:00+00:00,2.35,0.5703125,0.175,0.2404432132964022,0.0,0.2404432132964022,0.0,4.050131578947369,4.27855263157895,0.5703125,0.0,2.0201307132964024,0.0,0.2404432132964022,0.3535228748268704,0.002404432132964,0.0,-0.0411157894736847,0.3559273069598344,0.3148115174861497,0.0,0.0,0.0,0.3559273069598344,cvar_0.5,False,9.697582796065085,10.255994749124817,10.336431543625718,10.0170071698454,0.2622171000111848,4.440892098500626e-15,2.5,42,winter,main,0.5,True,2017-01-01 14:00:00+00:00,2017-01-01 14:00:00+00:00,0.0,0.6441859654017856,0.5288260323660714,0.1303710937499999,1.0433872767857142,0.2064034598214285,0.8544921874999999,0.2620125010073954,0.0738734654017856,True,12.0,9.697582796065085,10.336431543625718,0.0,False
2017-01-01 15:00:00+00:00,2.35,0.009765625,0.175,0.1499999999999977,0.0,0.1499999999999977,0.0,4.27855263157895,4.421052631578948,0.009765625,0.0,2.490234374999998,0.0,0.1499999999999977,0.4357910156249996,0.0014999999999999,0.0,-0.0256499999999995,0.4372910156249996,0.4116410156250001,0.0,0.0,0.0,0.4372910156249996,cvar_0.5,False,9.671387446256428,10.11106581345943,10.19980506168579,9.93559625397111,0.2235004999674856,2.275957200481571e-15,2.5,42,winter,main,0.5,True,2017-01-01 15:00:00+00:00,2017-01-01 15:00:00+00:00,0.0,0.1107793898809523,0.0134393601190476,0.0035574776785714,0.0315290178571428,0.0035574776785714,0.0265764508928571,0.008723693713504,0.1010137648809523,True,12.0,9.671387446256428,10.19980506168579,0.0,False
2017-01-01 16:00:00+00:00,2.35,0.0,0.175,0.0,0.0,0.0,0.0,4.421052631578948,4.421052631578948,0.0,0.0,2.35,0.0,0.0,0.41125,0.0,0.0,-0.0,0.41125,0.41125,0.0,0.0,0.0,0.41125,cvar_0.5,False,9.488561064526552,10.090218228554786,10.161626442183747,9.82509375335515,0.1823567999526858,1.7763568394002505e-15,2.5,42,winter,main,0.5,True,2017-01-01 16:00:00+00:00,2017-01-01 16:00:00+00:00,0.0,0.0035807291666666,0.0,0.0,0.0,0.0,0.0,0.0,0.0035807291666666,True,12.0,9.488561064526552,10.161626442183747,0.0,False
2017-01-01 17:00:00+00:00,3.2,0.0,0.2,0.0,0.6999999999999997,0.0,0.6999999999999997,4.421052631578948,3.6842105263157903,0.0,0.0,2.5,4.440892098500626e-16,0.6999999999999997,0.5,0.0069999999999999,4.440892098500626e-15,0.1326315789473683,0.5070000000000044,0.6396315789473728,0.0,0.0,0.0,0.507,cvar_0.5,False,9.340560167263863,10.171197308946192,10.171197308946194,9.755878738105029,0.1740341000258922,4.440892098500626e-16,2.5,42,winter,main,0.5,True,2017-01-01 17:00:00+00:00,2017-01-01 17:00:00+00:00,0.0,0.0,0.0,0.0,0.0,0.0,0.0,0.0,0.0,False,12.0,9.340560167263863,10.171197308946194,0.0,False
2017-01-01 18:00:00+00:00,3.2,0.0,0.2,0.0,0.7000000000000001,0.0,0.7000000000000001,3.6842105263157903,2.9473684210526323,0.0,0.0,2.5,0.0,0.7000000000000001,0.5,0.007,0.0,0.1326315789473684,0.507,0.6396315789473684,0.0,0.0,0.0,0.507,cvar_0.5,False,9.649280055061666,10.087497718955593,10.087813357906484,9.868546706484077,0.1883480000542476,4.440892098500626e-16,2.5,42,winter,main,0.5,True,2017-01-01 18:00:00+00:00,2017-01-01 18:00:00+00:00,0.0,0.0,0.0,0.0,0.0,0.0,0.0,0.0,0.0,False,12.0,9.649280055061666,10.087813357906484,0.0,False
2017-01-01 19:00:00+00:00,3.2,0.0,0.2,0.0,0.7000000000000001,0.0,0.7000000000000001,2.9473684210526323,2.2105263157894743,0.0,0.0,2.5,0.0,0.7000000000000001,0.5,0.007,0.0,0.1326315789473684,0.507,0.6396315789473684,0.0,0.0,0.0,0.507,cvar_0.5,False,9.76254743279096,10.070793734874291,10.077798245662985,9.920172839226971,0.1587291000178083,4.440892098500626e-16,2.5,42,winter,main,0.5,True,2017-01-01 19:00:00+00:00,2017-01-01 19:00:00+00:00,0.0,0.0,0.0,0.0,0.0,0.0,0.0,0.0,0.0,False,12.0,9.76254743279096,10.077798245662985,0.0,False
2017-01-01 20:00:00+00:00,3.2,0.0,0.2,0.0,0.7000000000000003,0.0,0.7000000000000003,2.2105263157894743,1.4736842105263162,0.0,0.0,2.5,0.0,0.7000000000000003,0.5,0.007,0.0,0.1326315789473684,0.507,0.6396315789473684,0.0,0.0,0.0,0.507,cvar_0.5,False,9.287473356314065,9.806449544319785,9.881558826313832,9.584516091313947,0.179228900000453,3.608224830031759e-15,2.5,42,winter,main,0.5,True,2017-01-01 20:00:00+00:00,2017-01-01 20:00:00+00:00,0.0,0.0,0.0,0.0,0.0,0.0,0.0,0.0,0.0,False,12.0,9.287473356314065,9.881558826313832,0.0,False
2017-01-01 21:00:00+00:00,3.2,0.0,0.2,0.0,0.7000000000000002,0.0,0.7000000000000002,1.4736842105263162,0.7368421052631581,0.0,0.0,2.5,0.0,0.7000000000000002,0.5,0.007,0.0,0.1326315789473684,0.507,0.6396315789473684,0.0,0.0,0.0,0.507,cvar_0.5,False,9.3348964824797,9.798571243832235,9.915264359066612,9.625080420773156,0.19514079997316,4.440892098500626e-16,2.5,42,winter,main,0.5,True,2017-01-01 21:00:00+00:00,2017-01-01 21:00:00+00:00,0.0,0.0,0.0,0.0,0.0,0.0,0.0,0.0,0.0,False,12.0,9.3348964824797,9.915264359066612,0.0,False
2017-01-01 22:00:00+00:00,3.2,0.0,0.16,0.0,0.7000000000000002,0.0,0.7000000000000001,0.7368421052631581,1.1102230246251563e-16,0.0,0.0,2.5,0.0,0.7000000000000001,0.4,0.007,0.0,0.1326315789473684,0.407,0.5396315789473685,0.0,1.1102230246251563e-16,0.0,0.407,cvar_0.5,False,9.26591362339444,9.92314598450021,9.951419913984951,9.608666768689696,0.2131670999806374,1.7763568394002505e-15,2.5,42,winter,main,0.5,True,2017-01-01 22:00:00+00:00,2017-01-01 22:00:00+00:00,0.0,0.0,0.0,0.0,0.0,0.0,0.0,0.0,0.0,False,12.0,9.26591362339444,9.951419913984951,0.0,False
2017-01-01 23:00:00+00:00,2.35,0.0,0.16,0.1499999999999998,0.0,0.1499999999999998,0.0,1.1102230246251563e-16,0.1424999999999999,0.0,0.0,2.5,0.0,0.1499999999999998,0.4,0.0014999999999999,0.0,-0.0256499999999999,0.4015,0.3758500000000001,0.0,0.0,8.326672684688674e-17,0.4015,cvar_0.5,False,9.335693768820182,9.847561600534542,9.881682586078169,9.608688177449174,0.2386594000272452,3.552713678800501e-15,2.5,42,winter,main,0.5,True,2017-01-01 23:00:00+00:00,2017-01-01 23:00:00+00:00,0.0,0.0,0.0,0.0,0.0,0.0,0.0,0.0,0.0,False,12.0,9.335693768820182,9.881682586078169,0.0,False
2017-01-02 00:00:00+00:00,2.1,0.0,0.16,0.3999999999999999,0.0,0.3999999999999999,0.0,0.1424999999999999,0.5224999999999999,0.0,0.0,2.5,0.0,0.3999999999999999,0.4,0.0039999999999999,0.0,-0.0683999999999999,0.404,0.3356,0.0,0.0,0.0,0.404,cvar_0.5,False,9.316337441053292,9.807311600534542,9.80731160053454,9.561824520793916,0.2812748000724241,5.3290705182007506e-15,2.5,42,winter,main,0.5,True,2017-01-02 00:00:00+00:00,2017-01-02 00:00:00+00:00,0.0,0.0,0.0,0.0,0.0,0.0,0.0,0.0,0.0,False,12.0,9.316337441053292,9.80731160053454,0.0,False
2017-01-02 01:00:00+00:00,2.1,0.0,0.16,0.3999999999999999,0.0,0.3999999999999999,0.0,0.5224999999999999,0.9024999999999996,0.0,0.0,2.5,0.0,0.3999999999999999,0.4,0.0039999999999999,0.0,-0.0683999999999999,0.404,0.3356,0.0,0.0,0.0,0.404,cvar_0.5,False,9.128567294588883,9.807311600534543,9.86283267362872,9.495699984108802,0.2432738000061363,2.2648549702353197e-14,2.5,42,winter,main,0.5,True,2017-01-02 01:00:00+00:00,2017-01-02 01:00:00+00:00,0.0,0.0,0.0,0.0,0.0,0.0,0.0,0.0,0.0,False,12.0,9.128567294588883,9.86283267362872,0.0,False
2017-01-02 02:00:00+00:00,2.1,0.0,0.16,0.3999999999999999,0.0,0.3999999999999999,0.0,0.9024999999999996,1.2824999999999998,0.0,0.0,2.5,0.0,0.3999999999999999,0.4,0.0039999999999999,0.0,-0.0684,0.404,0.3356,0.0,0.0,0.0,0.404,cvar_0.5,False,9.209416843066723,9.873936888247552,9.873936888247552,9.541676865657138,0.2816658000228926,1.3322676295501878e-15,2.5,42,winter,main,0.5,True,2017-01-02 02:00:00+00:00,2017-01-02 02:00:00+00:00,0.0,0.0,0.0,0.0,0.0,0.0,0.0,0.0,0.0,False,12.0,9.209416843066723,9.873936888247552,0.0,False
2017-01-02 03:00:00+00:00,2.1,0.0,0.16,0.3999999999999999,0.0,0.3999999999999999,0.0,1.2824999999999998,1.6624999999999996,0.0,0.0,2.5,0.0,0.3999999999999999,0.4,0.0039999999999999,0.0,-0.0683999999999999,0.404,0.3356,0.0,0.0,0.0,0.404,cvar_0.5,False,9.311016730669447,9.714821441517548,9.791492837382314,9.551254784025884,0.190205099992454,2.6867397195928788e-14,2.5,42,winter,main,0.5,True,2017-01-02 03:00:00+00:00,2017-01-02 03:00:00+00:00,0.0,0.0,0.0,0.0,0.0,0.0,0.0,0.0,0.0,False,12.0,9.311016730669447,9.791492837382314,0.0,False
2017-01-02 04:00:00+00:00,2.1,0.0,0.16,0.3999999999999999,0.0,0.3999999999999999,0.0,1.6624999999999996,2.0424999999999995,0.0,0.0,2.5,0.0,0.3999999999999999,0.4,0.0039999999999999,0.0,-0.0683999999999999,0.404,0.3356,0.0,0.0,0.0,0.404,cvar_0.5,False,9.31250586132336,9.682009070399069,9.813674989121395,9.563090425222375,0.1821474999887868,5.795364188543317e-14,2.5,42,winter,main,0.5,True,2017-01-02 04:00:00+00:00,2017-01-02 04:00:00+00:00,0.0,0.0,0.0,0.0,0.0,0.0,0.0,0.0,0.0,False,12.0,9.31250586132336,9.813674989121395,0.0,False
2017-01-02 05:00:00+00:00,2.1,0.0,0.16,0.3999999999999999,0.0,0.3999999999999999,0.0,2.0424999999999995,2.4224999999999994,0.0,0.0,2.5,0.0,0.3999999999999999,0.4,0.0039999999999999,0.0,-0.0683999999999999,0.404,0.3356,0.0,0.0,0.0,0.404,cvar_0.5,False,8.807324859132052,9.682009070399063,9.841948918606136,9.324636888869094,0.2934693999122828,1.7763568394002505e-15,2.5,42,winter,main,0.5,True,2017-01-02 05:00:00+00:00,2017-01-02 05:00:00+00:00,0.0,4.8828125e-05,0.0,0.0,0.0,0.0,0.0,0.0,4.8828125e-05,True,12.0,8.807324859132052,9.841948918606136,0.0,False
2017-01-02 06:00:00+00:00,2.5500000000000003,0.0,0.16,0.0,0.0500000000000002,0.0,0.0500000000000002,2.4224999999999994,2.369868421052631,0.0,0.0,2.5,0.0,0.0500000000000002,0.4,0.0005,0.0,0.0094736842105263,0.4005,0.4099736842105264,0.0,0.0,0.0,0.4005,cvar_0.5,False,8.899973705562527,9.80731160053454,9.834558744143974,9.36726622485325,0.2628877999959513,2.320366121466577e-14,2.5,42,winter,main,0.5,True,2017-01-02 06:00:00+00:00,2017-01-02 06:00:00+00:00,0.0,0.01416015625,0.0,0.0,0.0,0.0,0.0,0.0,0.01416015625,True,12.0,8.899973705562527,9.834558744143974,0.0,False
2017-01-02 07:00:00+00:00,2.5500000000000003,0.0,0.16,0.0,0.0500000000000002,0.0,0.0500000000000002,2.369868421052631,2.3172368421052623,0.0,0.0,2.5,0.0,0.0500000000000002,0.4,0.0005,0.0,0.0094736842105263,0.4005,0.4099736842105264,0.0,0.0,0.0,0.4005,cvar_0.5,False,9.11350139278668,9.807245189260676,9.83454767559833,9.474024534192504,0.265890400041826,5.9952043329758445e-15,2.5,42,winter,main,0.5,True,2017-01-02 07:00:00+00:00,2017-01-02 07:00:00+00:00,0.0,0.1035737537202381,0.0109281994047619,0.0,0.0313895089285714,0.0,0.01806640625,0.0081910441794159,0.1035737537202381,True,12.0,9.11350139278668,9.83454767559833,0.0,False
2017-01-02 08:00:00+00:00,2.5500000000000003,0.0498046875,0.175,0.0,0.0345842633928574,0.0,0.0345842633928574,2.3172368421052623,2.280832354323307,0.0498046875,0.0,2.465611049107143,0.0,0.0345842633928574,0.43148193359375,0.0003458426339285,0.0,0.0065528078007519,0.4318277762276785,0.4383805840284305,0.0,0.0,0.0,0.4318277762276785,cvar_0.5,False,9.317167649552506,9.68309976414876,9.813856771413016,9.56551221048276,0.3559931999770924,6.661338147750939e-15,2.5,42,winter,main,0.5,True,2017-01-02 08:00:00+00:00,2017-01-02 08:00:00+00:00,0.0,0.3536446707589286,0.2194359188988095,0.0154157366071428,0.5479910714285714,0.0660574776785714,0.4649135044642857,0.1767105825308853,0.3038399832589286,True,12.0,9.317167649552506,9.813856771413016,0.0,False
2017-01-02 09:00:00+00:00,2.1,0.1552734375,0.175,0.0,0.0,0.0,0.0,2.280832354323307,2.280832354323307,0.1552734375,0.0,1.9447265625,0.0,0.0,0.3403271484375,0.0,0.0,-0.0,0.3403271484375,0.3403271484375,0.0,0.0,0.0,0.3403271484375,cvar_0.5,False,9.104929148859313,9.817068799285428,9.83874747208233,9.471838310470822,0.2863345999503508,5.3290705182007506e-15,2.5,42,winter,main,0.5,True,2017-01-02 09:00:00+00:00,2017-01-02 09:00:00+00:00,0.0,0.6747791108630952,0.523007347470238,0.0987025669642855,1.4573102678571428,0.0989815848214284,1.0891462053571428,0.4270071647209491,0.5195056733630952,True,12.0,9.104929148859313,9.83874747208233,0.0,False
2017-01-02 10:00:00+00:00,2.1,0.1953125,0.175,0.1908135882469354,0.0,0.1908135882469354,0.0,2.280832354323307,2.462105263157896,0.1953125,0.0,2.095501088246936,0.0,0.1908135882469354,0.3667126904432137,0.0019081358824693,0.0,-0.0326291235902259,0.368620826325683,0.3359917027354571,0.0,0.0,2.775557561562892e-17,0.368620826325683,cvar_0.5,False,9.58267361602495,9.823244290503707,9.847061944685551,9.71486778035525,0.3754544999683276,5.384581669432009e-15,2.5,42,winter,main,0.5,True,2017-01-02 10:00:00+00:00,2017-01-02 10:00:00+00:00,0.0,1.0505359468005953,0.3220098586309524,0.0,1.5041155133928572,0.0,0.4337332589285714,0.3884413921484877,0.8552234468005953,True,12.0,9.58267361602495,9.847061944685551,0.0,False
2017-01-02 11:00:00+00:00,2.1,0.705078125,0.175,0.0680385044642855,0.0,0.0680385044642855,0.0,2.462105263157896,2.526741842398967,0.705078125,0.0,1.4629603794642856,0.0,0.0680385044642855,0.2560180664062499,0.0006803850446428,0.0,-0.0116345842633928,0.2566984514508928,0.2450638671875,0.0,0.0,0.0,0.2566984514508928,cvar_0.5,False,8.953864450195619,9.491456831899084,9.80601567315506,9.379940061675338,0.2545382999815047,8.881784197001252e-15,2.5,42,winter,main,0.5,True,2017-01-02 11:00:00+00:00,2017-01-02 11:00:00+00:00,0.0,1.2465297154017856,1.20024181547619,0.1570870535714283,2.1680385044642856,0.1720145089285711,2.0335518973214284,0.7334058704268681,0.5414515904017856,True,12.0,8.953864450195619,9.80601567315506,0.0,False
2017-01-02 12:00:00+00:00,2.1,1.57421875,0.175,0.0,0.0,0.0,0.0,2.526741842398967,2.526741842398967,1.57421875,0.0,0.5257812500000001,0.0,0.0,0.09201171875,0.0,0.0,-0.0,0.09201171875,0.09201171875,0.0,0.0,0.0,0.09201171875,cvar_0.5,False,9.428541262253942,9.811895800781253,9.876062399631078,9.652301830942507,0.2286283000139519,6.827871601444713e-15,2.5,42,winter,main,0.5,True,2017-01-02 12:00:00+00:00,2017-01-02 12:00:00+00:00,0.0,1.3270763578869047,0.5594540550595238,0.0,1.9280831473214288,0.1891043526785714,1.248256138392857,0.5107324275718611,-0.2471423921130953,True,12.0,9.428541262253942,9.876062399631078,0.0,False
2017-01-02 13:00:00+00:00,2.1,0.375,0.175,0.3319614955357121,0.0,0.3319614955357121,0.0,2.526741842398967,2.8421052631578934,0.375,0.0,2.0569614955357123,0.0,0.3319614955357121,0.3599682617187496,0.0033196149553571,0.0,-0.0567654157366067,0.3632878766741067,0.3065224609374999,0.0,0.0,1.1102230246251563e-16,0.3632878766741067,cvar_0.5,False,9.32177208706785,9.80722005196096,9.869371294936562,9.595571691002206,0.1931872999994084,7.827072323607354e-15,2.5,42,winter,main,0.5,True,2017-01-02 13:00:00+00:00,2017-01-02 13:00:00+00:00,0.0,1.1002383277529764,0.7980201357886907,0.0174386160714288,2.3311244419642856,0.1717354910714287,2.180803571428572,0.845673830694918,0.7252383277529764,True,12.0,9.32177208706785,9.869371294936562,0.0,False
2017-01-02 14:00:00+00:00,2.1,0.0302734375,0.175,0.0,0.0,0.0,0.0,2.8421052631578934,2.8421052631578934,0.0302734375,0.0,2.0697265625,0.0,0.0,0.3622021484375,0.0,0.0,-0.0,0.3622021484375,0.3622021484375,0.0,0.0,0.0,0.3622021484375,cvar_0.5,False,9.313468200928346,9.66301286712876,9.82251064875323,9.567989424840787,0.2106049000285565,5.3290705182007506e-15,2.5,42,winter,main,0.5,True,2017-01-02 14:00:00+00:00,2017-01-02 14:00:00+00:00,0.0,0.6796212332589285,0.4125918433779761,0.2215401785714285,1.3344029017857144,0.2878069196428571,0.4587751116071429,0.2834832834855657,0.6493477957589285,True,12.0,9.313468200928346,9.82251064875323,0.0,False
2017-01-02 15:00:00+00:00,2.1,0.0,0.175,0.0,0.0,0.0,0.0,2.8421052631578934,2.8421052631578934,0.0,0.0,2.1,0.0,0.0,0.3675,0.0,0.0,-0.0,0.3675,0.3675,0.0,0.0,0.0,0.3675,cvar_0.5,False,9.237061547820968,9.857870898437502,9.886810039605034,9.561935793713,0.1707429999951273,2.220446049250313e-15,2.5,42,winter,main,0.5,True,2017-01-02 15:00:00+00:00,2017-01-02 15:00:00+00:00,0.0,0.1114769345238095,0.0250767299107142,0.0035574776785714,0.0592912946428571,0.00390625,0.0443638392857142,0.0175822650304357,0.1114769345238095,True,12.0,9.237061547820968,9.886810039605034,0.0,False
2017-01-02 16:00:00+00:00,2.1,0.0,0.175,0.0,0.0,0.0,0.0,2.8421052631578934,2.8421052631578934,0.0,0.0,2.1,0.0,0.0,0.3675,0.0,0.0,-0.0,0.3675,0.3675,0.0,0.0,0.0,0.3675,cvar_0.5,False,9.32289789767795,9.85095463622435,9.897170933294335,9.610034415486144,0.2064705999800935,2.220446049250313e-15,2.5,42,winter,main,0.5,True,2017-01-02 16:00:00+00:00,2017-01-02 16:00:00+00:00,0.0,0.0035807291666666,0.0,0.0,0.0,0.0,0.0,0.0,0.0035807291666666,True,12.0,9.32289789767795,9.897170933294335,0.0,False
2017-01-02 17:00:00+00:00,2.95,0.0,0.2,0.0,0.449999999999998,0.0,0.449999999999998,2.8421052631578934,2.36842105263158,0.0,0.0,2.5,2.220446049250313e-15,0.449999999999998,0.5,0.0044999999999999,2.220446049250313e-14,0.0852631578947364,0.5045000000000222,0.5897631578947586,0.0,0.0,0.0,0.5045,cvar_0.5,False,9.165282572703733,9.805490527343746,9.875040087890625,9.520161330297178,0.1740999000612646,2.220446049250313e-15,2.5,42,winter,main,0.5,True,2017-01-02 17:00:00+00:00,2017-01-02 17:00:00+00:00,0.0,0.0,0.0,0.0,0.0,0.0,0.0,0.0,0.0,False,12.0,9.165282572703733,9.875040087890625,0.0,False
2017-01-02 18:00:00+00:00,2.95,0.0,0.2,0.0,0.4500000000000002,0.0,0.4500000000000002,2.36842105263158,1.894736842105264,0.0,0.0,2.5,0.0,0.4500000000000002,0.5,0.0045,0.0,0.0852631578947368,0.5045,0.5897631578947368,0.0,0.0,0.0,0.5045,cvar_0.5,False,9.430422207872589,9.80447631681743,9.842815114250469,9.636618661061528,0.1766857999609783,4.440892098500626e-16,2.5,42,winter,main,0.5,True,2017-01-02 18:00:00+00:00,2017-01-02 18:00:00+00:00,0.0,0.0,0.0,0.0,0.0,0.0,0.0,0.0,0.0,False,12.0,9.430422207872589,9.842815114250469,0.0,False
2017-01-02 19:00:00+00:00,2.95,0.0,0.2,0.0,0.4500000000000002,0.0,0.4500000000000002,1.894736842105264,1.4210526315789478,0.0,0.0,2.5,0.0,0.4500000000000002,0.5,0.0045,0.0,0.0852631578947368,0.5045,0.5897631578947368,0.0,0.0,0.0,0.5045,cvar_0.5,False,9.3927212658156,9.809290795641449,9.868342309313322,9.63053178756446,0.2152759000891819,4.440892098500626e-16,2.5,42,winter,main,0.5,True,2017-01-02 19:00:00+00:00,2017-01-02 19:00:00+00:00,0.0,0.0,0.0,0.0,0.0,0.0,0.0,0.0,0.0,False,12.0,9.3927212658156,9.868342309313322,0.0,False
2017-01-02 20:00:00+00:00,2.95,0.0,0.2,0.0,0.4500000000000002,0.0,0.4500000000000002,1.4210526315789478,0.947368421052632,0.0,0.0,2.5,0.0,0.4500000000000002,0.5,0.0045,0.0,0.0852631578947368,0.5045,0.5897631578947368,0.0,0.0,0.0,0.5045,cvar_0.5,False,9.4189337244922,9.850956557947605,9.897131106868734,9.658032415680466,0.1733727999962866,4.440892098500626e-16,2.5,42,winter,main,0.5,True,2017-01-02 20:00:00+00:00,2017-01-02 20:00:00+00:00,0.0,0.0,0.0,0.0,0.0,0.0,0.0,0.0,0.0,False,12.0,9.4189337244922,9.897131106868734,0.0,False
2017-01-02 21:00:00+00:00,2.95,0.0,0.2,0.0,0.4500000000000002,0.0,0.4500000000000002,0.947368421052632,0.4736842105263159,0.0,0.0,2.5,0.0,0.4500000000000002,0.5,0.0045,0.0,0.0852631578947368,0.5045,0.5897631578947369,0.0,0.0,0.0,0.5045,cvar_0.5,False,9.103324986937864,9.75954649715108,9.797580118802866,9.450452552870368,0.1736935001099482,1.5543122344752194e-15,2.5,42,winter,main,0.5,True,2017-01-02 21:00:00+00:00,2017-01-02 21:00:00+00:00,0.0,0.0,0.0,0.0,0.0,0.0,0.0,0.0,0.0,False,12.0,9.103324986937864,9.797580118802866,0.0,False
2017-01-02 22:00:00+00:00,2.95,0.0,0.16,0.0,0.4500000000000002,0.0,0.45,0.4736842105263159,5.551115123125783e-17,0.0,0.0,2.5,0.0,0.45,0.4,0.0045,0.0,0.0852631578947368,0.4045,0.4897631578947369,0.0,1.6653345369377348e-16,0.0,0.4045,cvar_0.5,False,9.218103525965793,9.851430242158129,9.882641005271967,9.55037226561888,0.2184919000137597,4.440892098500626e-16,2.5,42,winter,main,0.5,True,2017-01-02 22:00:00+00:00,2017-01-02 22:00:00+00:00,0.0,0.0,0.0,0.0,0.0,0.0,0.0,0.0,0.0,False,12.0,9.218103525965793,9.882641005271967,0.0,False
2017-01-02 23:00:00+00:00,2.1,0.0,0.16,0.3999999999999999,0.0,0.3999999999999999,0.0,5.551115123125783e-17,0.3799999999999999,0.0,0.0,2.5,0.0,0.3999999999999999,0.4,0.0039999999999999,0.0,-0.0683999999999999,0.404,0.3356,0.0,0.0,0.0,0.404,cvar_0.5,False,9.358970659456002,9.88594050678454,9.907587642201207,9.633279150828605,0.1697412000503391,3.6637359812630166e-14,2.5,42,winter,main,0.5,True,2017-01-02 23:00:00+00:00,2017-01-02 23:00:00+00:00,0.0,0.0,0.0,0.0,0.0,0.0,0.0,0.0,0.0,False,12.0,9.358970659456002,9.907587642201207,0.0,False
2017-07-01 00:00:00+00:00,2.35,0.0,0.16,0.1499999999999999,0.0,0.1499999999999999,0.0,4.0,4.1425,0.0,0.0,2.5,0.0,0.1499999999999999,0.4,0.0014999999999999,0.0,-0.02565,0.4015,0.37585,0.0,0.0,0.0,0.4015,perfect_foresight,False,46.03739034128285,46.03739034128285,46.03739034128285,46.03739034128285,0.2678204000694677,1.3322676295501878e-15,2.5,42,summer,main,0.0,True,,,,,,,,,,,,,,,,,
2017-07-01 01:00:00+00:00,2.35,0.0,0.16,0.1497841282894746,0.0,0.1497841282894746,0.0,4.1425,4.284794921875001,0.0,0.0,2.4997841282894746,0.0,0.1497841282894746,0.3999654605263159,0.0014978412828947,0.0,-0.0256130859375001,0.4014633018092107,0.3758502158717105,0.0,0.0,-1.3877787807814454e-16,0.4014633018092107,perfect_foresight,False,46.03739034128285,46.03739034128285,46.03739034128285,46.03739034128285,0.0,1.3322676295501878e-15,2.5,42,summer,main,0.0,True,,,,,,,,,,,,,,,,,
2017-07-01 02:00:00+00:00,2.35,0.0,0.16,0.1499999999999999,0.0,0.1499999999999999,0.0,4.284794921875001,4.427294921875001,0.0,0.0,2.5,0.0,0.1499999999999999,0.4,0.0014999999999999,0.0,-0.02565,0.4015,0.37585,0.0,0.0,0.0,0.4015,perfect_foresight,False,46.03739034128285,46.03739034128285,46.03739034128285,46.03739034128285,0.0,1.3322676295501878e-15,2.5,42,summer,main,0.0,True,,,,,,,,,,,,,,,,,
2017-07-01 03:00:00+00:00,2.35,0.0,0.16,0.1499999999999999,0.0,0.1499999999999999,0.0,4.427294921875001,4.569794921875001,0.0,0.0,2.5,0.0,0.1499999999999999,0.4,0.0014999999999999,0.0,-0.02565,0.4015,0.37585,0.0,0.0,0.0,0.4015,perfect_foresight,False,46.03739034128285,46.03739034128285,46.03739034128285,46.03739034128285,0.0,1.3322676295501878e-15,2.5,42,summer,main,0.0,True,,,,,,,,,,,,,,,,,
2017-07-01 04:00:00+00:00,2.35,0.10546875,0.16,0.2554687499999999,0.0,0.2554687499999999,0.0,4.569794921875001,4.812490234375001,0.10546875,0.0,2.5,0.0,0.2554687499999999,0.4,0.0025546874999999,0.0,-0.0436851562499999,0.4025546875,0.3588695312500001,0.0,0.0,0.0,0.4025546875,perfect_foresight,False,46.03739034128285,46.03739034128285,46.03739034128285,46.03739034128285,0.0,1.3322676295501878e-15,2.5,42,summer,main,0.0,True,,,,,,,,,,,,,,,,,
2017-07-01 05:00:00+00:00,2.35,0.25,0.16,0.3999999999999999,0.0,0.3999999999999999,0.0,4.812490234375001,5.192490234375001,0.25,0.0,2.5,0.0,0.3999999999999999,0.4,0.0039999999999999,0.0,-0.0683999999999999,0.404,0.3356,0.0,0.0,0.0,0.404,perfect_foresight,False,46.03739034128285,46.03739034128285,46.03739034128285,46.03739034128285,0.0,1.3322676295501878e-15,2.5,42,summer,main,0.0,True,,,,,,,,,,,,,,,,,
2017-07-01 06:00:00+00:00,2.8000000000000003,0.3798828125,0.16,0.0,0.0,0.0,0.0,5.192490234375001,5.192490234375001,0.3798828125,0.0,2.4201171875000003,0.0,0.0,0.38721875,0.0,0.0,-0.0,0.38721875,0.38721875,0.0,0.0,0.0,0.38721875,perfect_foresight,False,46.03739034128285,46.03739034128285,46.03739034128285,46.03739034128285,0.0,1.3322676295501878e-15,2.5,42,summer,main,0.0,True,,,,,,,,,,,,,,,,,
2017-07-01 07:00:00+00:00,2.8000000000000003,1.0400390625,0.16,0.7400390624999997,0.0,0.7400390624999997,0.0,5.192490234375001,5.89552734375,1.0400390625,0.0,2.5,0.0,0.7400390624999997,0.4,0.0074003906249999,0.0,-0.1265466796874999,0.407400390625,0.2808537109375,0.0,0.0,0.0,0.407400390625,perfect_foresight,False,46.03739034128285,46.03739034128285,46.03739034128285,46.03739034128285,0.0,1.3322676295501878e-15,2.5,42,summer,main,0.0,True,,,,,,,,,,,,,,,,,
2017-07-01 08:00:00+00:00,2.8000000000000003,1.349609375,0.175,0.0,0.0,0.0,0.0,5.89552734375,5.89552734375,1.349609375,0.0,1.4503906250000005,0.0,0.0,0.253818359375,0.0,0.0,-0.0,0.253818359375,0.253818359375,0.0,0.0,0.0,0.253818359375,perfect_foresight,False,46.03739034128285,46.03739034128285,46.03739034128285,46.03739034128285,0.0,1.3322676295501878e-15,2.5,42,summer,main,0.0,True,,,,,,,,,,,,,,,,,
2017-07-01 09:00:00+00:00,2.35,2.46484375,0.175,0.1148437499999999,0.0,0.1148437499999999,0.0,5.89552734375,6.004628906250001,2.46484375,0.0,0.0,0.0,0.1148437499999999,0.0,0.0011484374999999,0.0,-0.01963828125,0.0011484374999999,-0.01848984375,0.0,0.0,0.0,0.0011484374999999,perfect_foresight,False,46.03739034128285,46.03739034128285,46.03739034128285,46.03739034128285,0.0,1.3322676295501878e-15,2.5,42,summer,main,0.0,True,,,,,,,,,,,,,,,,,
2017-07-01 10:00:00+00:00,2.35,2.25,0.175,0.0,0.0,0.0,0.0,6.004628906250001,6.004628906250001,2.25,0.0,0.1,0.0,0.0,0.0175,0.0,0.0,-0.0,0.0175,0.0175,0.0,0.0,0.0,0.0175,perfect_foresight,False,46.03739034128285,46.03739034128285,46.03739034128285,46.03739034128285,0.0,1.3322676295501878e-15,2.5,42,summer,main,0.0,True,,,,,,,,,,,,,,,,,
2017-07-01 11:00:00+00:00,2.35,2.490234375,0.175,0.1402343749999999,0.0,0.1402343749999999,0.0,6.004628906250001,6.137851562500001,2.490234375,0.0,0.0,0.0,0.1402343749999999,0.0,0.0014023437499999,0.0,-0.023980078125,0.0014023437499999,-0.022577734375,0.0,0.0,0.0,0.0014023437499999,perfect_foresight,False,46.03739034128285,46.03739034128285,46.03739034128285,46.03739034128285,0.0,1.3322676295501878e-15,2.5,42,summer,main,0.0,True,,,,,,,,,,,,,,,,,
2017-07-01 12:00:00+00:00,2.35,3.53515625,0.175,1.18515625,0.0,1.18515625,0.0,6.137851562500001,7.263750000000001,3.53515625,0.0,0.0,0.0,1.18515625,0.0,0.0118515625,0.0,-0.20266171875,0.0118515625,-0.19081015625,0.0,0.0,0.0,0.0118515625,perfect_foresight,False,46.03739034128285,46.03739034128285,46.03739034128285,46.03739034128285,0.0,1.3322676295501878e-15,2.5,42,summer,main,0.0,True,,,,,,,,,,,,,,,,,
2017-07-01 13:00:00+00:00,2.35,3.125,0.175,0.7749999999999999,0.0,0.774999999999999,0.0,7.263750000000001,8.0,3.124999999999999,8.881784197001252e-16,0.0,0.0,0.774999999999999,0.0,0.0077499999999999,0.0,-0.1325249999999998,0.0077499999999999,-0.1247749999999998,8.881784197001252e-16,0.0,0.0,0.0077499999999999,perfect_foresight,False,46.03739034128285,46.03739034128285,46.03739034128285,46.03739034128285,0.0,1.3322676295501878e-15,2.5,42,summer,main,0.0,True,,,,,,,,,,,,,,,,,
2017-07-01 14:00:00+00:00,2.35,1.7802734375,0.175,0.0,0.0,0.0,0.0,8.0,8.0,1.7802734375,0.0,0.5697265625000001,0.0,0.0,0.0997021484375,0.0,0.0,-0.0,0.0997021484375,0.0997021484375,0.0,0.0,0.0,0.0997021484375,perfect_foresight,False,46.03739034128285,46.03739034128285,46.03739034128285,46.03739034128285,0.0,1.3322676295501878e-15,2.5,42,summer,main,0.0,True,,,,,,,,,,,,,,,,,
2017-07-01 15:00:00+00:00,2.35,1.099609375,0.175,0.0,0.0,0.0,0.0,8.0,8.0,1.099609375,0.0,1.250390625,0.0,0.0,0.218818359375,0.0,0.0,-0.0,0.218818359375,0.218818359375,0.0,0.0,0.0,0.218818359375,perfect_foresight,False,46.03739034128285,46.03739034128285,46.03739034128285,46.03739034128285,0.0,1.3322676295501878e-15,2.5,42,summer,main,0.0,True,,,,,,,,,,,,,,,,,
2017-07-01 16:00:00+00:00,2.35,0.775390625,0.175,0.0,0.0,0.0,0.0,8.0,8.0,0.775390625,0.0,1.574609375,0.0,0.0,0.275556640625,0.0,0.0,-0.0,0.275556640625,0.275556640625,0.0,0.0,0.0,0.275556640625,perfect_foresight,False,46.03739034128285,46.03739034128285,46.03739034128285,46.03739034128285,0.0,1.3322676295501878e-15,2.5,42,summer,main,0.0,True,,,,,,,,,,,,,,,,,
2017-07-01 17:00:00+00:00,3.2,0.57421875,0.2,0.0,1.0904077148437463,0.0,1.0904077148437463,8.0,6.852202405427636,0.57421875,0.0,1.535373535156254,0.0,1.0904077148437463,0.3070747070312508,0.0109040771484374,0.0,0.2066035670230256,0.3179787841796882,0.5245823512027138,0.0,0.0,0.0,0.3179787841796882,perfect_foresight,False,46.03739034128285,46.03739034128285,46.03739034128285,46.03739034128285,0.0,1.3322676295501878e-15,2.5,42,summer,main,0.0,True,,,,,,,,,,,,,,,,,
2017-07-01 18:00:00+00:00,3.2,0.0751953125,0.2,0.0,0.6248046875000002,0.0,0.6248046875000002,6.852202405427636,6.194513260690793,0.0751953125,0.0,2.5,0.0,0.6248046875000002,0.5,0.006248046875,0.0,0.1183840460526316,0.506248046875,0.6246320929276317,0.0,0.0,0.0,0.506248046875,perfect_foresight,False,46.03739034128285,46.03739034128285,46.03739034128285,46.03739034128285,0.0,1.3322676295501878e-15,2.5,42,summer,main,0.0,True,,,,,,,,,,,,,,,,,
2017-07-01 19:00:00+00:00,3.2,0.0,0.2,0.0,0.7000000000000002,0.0,0.7000000000000002,6.194513260690793,5.457671155427635,0.0,0.0,2.5,0.0,0.7000000000000002,0.5,0.007,0.0,0.1326315789473685,0.507,0.6396315789473686,0.0,0.0,0.0,0.507,perfect_foresight,False,46.03739034128285,46.03739034128285,46.03739034128285,46.03739034128285,0.0,1.3322676295501878e-15,2.5,42,summer,main,0.0,True,,,,,,,,,,,,,,,,,
2017-07-01 20:00:00+00:00,3.2,0.0,0.2,0.0,0.7000000000000002,0.0,0.7000000000000002,5.457671155427635,4.720829050164476,0.0,0.0,2.5,0.0,0.7000000000000002,0.5,0.007,0.0,0.1326315789473685,0.507,0.6396315789473686,0.0,0.0,0.0,0.507,perfect_foresight,False,46.03739034128285,46.03739034128285,46.03739034128285,46.03739034128285,0.0,1.3322676295501878e-15,2.5,42,summer,main,0.0,True,,,,,,,,,,,,,,,,,
2017-07-01 21:00:00+00:00,3.2,0.0,0.2,0.0,0.7000000000000002,0.0,0.7000000000000002,4.720829050164476,3.9839869449013183,0.0,0.0,2.5,0.0,0.7000000000000002,0.5,0.007,0.0,0.1326315789473684,0.507,0.6396315789473684,0.0,0.0,0.0,0.507,perfect_foresight,False,46.03739034128285,46.03739034128285,46.03739034128285,46.03739034128285,0.0,1.3322676295501878e-15,2.5,42,summer,main,0.0,True,,,,,,,,,,,,,,,,,
2017-07-01 22:00:00+00:00,3.2,0.0,0.16,0.0,0.7000000000000002,0.0,0.7000000000000002,3.9839869449013183,3.2471448396381604,0.0,0.0,2.5,0.0,0.7000000000000002,0.4,0.007,0.0,0.1326315789473684,0.407,0.5396315789473685,0.0,0.0,0.0,0.407,perfect_foresight,False,46.03739034128285,46.03739034128285,46.03739034128285,46.03739034128285,0.0,1.3322676295501878e-15,2.5,42,summer,main,0.0,True,,,,,,,,,,,,,,,,,
2017-07-01 23:00:00+00:00,2.35,0.0,0.16,0.1499999999999999,0.0,0.1499999999999999,0.0,3.2471448396381604,3.3896448396381604,0.0,0.0,2.5,0.0,0.1499999999999999,0.4,0.0014999999999999,0.0,-0.02565,0.4015,0.37585,0.0,0.0,0.0,0.4015,perfect_foresight,False,46.03739034128285,46.03739034128285,46.03739034128285,46.03739034128285,0.0,1.3322676295501878e-15,2.5,42,summer,main,0.0,True,,,,,,,,,,,,,,,,,
2017-07-02 00:00:00+00:00,2.35,0.0,0.16,0.1499999999999999,0.0,0.1499999999999999,0.0,3.3896448396381604,3.5321448396381605,0.0,0.0,2.5,0.0,0.1499999999999999,0.4,0.0014999999999999,0.0,-0.02565,0.4015,0.37585,0.0,0.0,0.0,0.4015,perfect_foresight,False,46.03739034128285,46.03739034128285,46.03739034128285,46.03739034128285,0.0,1.3322676295501878e-15,2.5,42,summer,main,0.0,True,,,,,,,,,,,,,,,,,
2017-07-02 01:00:00+00:00,2.35,0.0,0.16,0.1499999999999999,0.0,0.1499999999999999,0.0,3.5321448396381605,3.674644839638161,0.0,0.0,2.5,0.0,0.1499999999999999,0.4,0.0014999999999999,0.0,-0.02565,0.4015,0.37585,0.0,0.0,0.0,0.4015,perfect_foresight,False,46.03739034128285,46.03739034128285,46.03739034128285,46.03739034128285,0.0,1.3322676295501878e-15,2.5,42,summer,main,0.0,True,,,,,,,,,,,,,,,,,
2017-07-02 02:00:00+00:00,2.35,0.0,0.16,0.1499999999999999,0.0,0.1499999999999999,0.0,3.674644839638161,3.8171448396381606,0.0,0.0,2.5,0.0,0.1499999999999999,0.4,0.0014999999999999,0.0,-0.02565,0.4015,0.37585,0.0,0.0,0.0,0.4015,perfect_foresight,False,46.03739034128285,46.03739034128285,46.03739034128285,46.03739034128285,0.0,1.3322676295501878e-15,2.5,42,summer,main,0.0,True,,,,,,,,,,,,,,,,,
2017-07-02 03:00:00+00:00,2.35,0.0,0.16,0.1499999999999999,0.0,0.1499999999999999,0.0,3.8171448396381606,3.9596448396381607,0.0,0.0,2.5,0.0,0.1499999999999999,0.4,0.0014999999999999,0.0,-0.02565,0.4015,0.37585,0.0,0.0,0.0,0.4015,perfect_foresight,False,46.03739034128285,46.03739034128285,46.03739034128285,46.03739034128285,0.0,1.3322676295501878e-15,2.5,42,summer,main,0.0,True,,,,,,,,,,,,,,,,,
2017-07-02 04:00:00+00:00,2.35,0.009765625,0.16,0.1597656249999999,0.0,0.1597656249999999,0.0,3.9596448396381607,4.111422183388161,0.009765625,0.0,2.5,0.0,0.1597656249999999,0.4,0.0015976562499999,0.0,-0.027319921875,0.40159765625,0.374277734375,0.0,0.0,0.0,0.40159765625,perfect_foresight,False,46.03739034128285,46.03739034128285,46.03739034128285,46.03739034128285,0.0,1.3322676295501878e-15,2.5,42,summer,main,0.0,True,,,,,,,,,,,,,,,,,
2017-07-02 05:00:00+00:00,2.35,0.060546875,0.16,0.2105468749999999,0.0,0.2105468749999999,0.0,4.111422183388161,4.3114417146381605,0.060546875,0.0,2.5,0.0,0.2105468749999999,0.4,0.0021054687499999,0.0,-0.0360035156249999,0.40210546875,0.3661019531250001,0.0,0.0,0.0,0.40210546875,perfect_foresight,False,46.03739034128285,46.03739034128285,46.03739034128285,46.03739034128285,0.0,1.3322676295501878e-15,2.5,42,summer,main,0.0,True,,,,,,,,,,,,,,,,,
2017-07-02 06:00:00+00:00,2.8000000000000003,0.1396484375,0.16,0.0,0.1603515625000002,0.0,0.1603515625000002,4.3114417146381605,4.142650596217107,0.1396484375,0.0,2.5,0.0,0.1603515625000002,0.4,0.001603515625,0.0,0.0303824013157895,0.401603515625,0.4319859169407896,0.0,0.0,0.0,0.401603515625,perfect_foresight,False,46.03739034128285,46.03739034128285,46.03739034128285,46.03739034128285,0.0,1.3322676295501878e-15,2.5,42,summer,main,0.0,True,,,,,,,,,,,,,,,,,
2017-07-02 07:00:00+00:00,2.8000000000000003,0.4599609375,0.16,0.1599609374999997,0.0,0.1599609374999997,0.0,4.142650596217107,4.294613486842107,0.4599609375,0.0,2.5,0.0,0.1599609374999997,0.4,0.0015996093749999,0.0,-0.0273533203124999,0.401599609375,0.3742462890625,0.0,0.0,0.0,0.401599609375,perfect_foresight,False,46.03739034128285,46.03739034128285,46.03739034128285,46.03739034128285,0.0,1.3322676295501878e-15,2.5,42,summer,main,0.0,True,,,,,,,,,,,,,,,,,
2017-07-02 08:00:00+00:00,2.8000000000000003,0.560546875,0.175,0.0,0.0,0.0,0.0,4.294613486842107,4.294613486842107,0.560546875,0.0,2.2394531250000003,0.0,0.0,0.391904296875,0.0,0.0,-0.0,0.391904296875,0.391904296875,0.0,0.0,0.0,0.391904296875,perfect_foresight,False,46.03739034128285,46.03739034128285,46.03739034128285,46.03739034128285,0.0,1.3322676295501878e-15,2.5,42,summer,main,0.0,True,,,,,,,,,,,,,,,,,
2017-07-02 09:00:00+00:00,2.35,0.3095703125,0.175,0.0,0.0,0.0,0.0,4.294613486842107,4.294613486842107,0.3095703125,0.0,2.0404296875,0.0,0.0,0.3570751953125,0.0,0.0,-0.0,0.3570751953125,0.3570751953125,0.0,0.0,0.0,0.3570751953125,perfect_foresight,False,46.03739034128285,46.03739034128285,46.03739034128285,46.03739034128285,0.0,1.3322676295501878e-15,2.5,42,summer,main,0.0,True,,,,,,,,,,,,,,,,,
2017-07-02 10:00:00+00:00,2.35,0.4951171875,0.175,0.0,0.0,0.0,0.0,4.294613486842107,4.294613486842107,0.4951171875,0.0,1.8548828125,0.0,0.0,0.3246044921875,0.0,0.0,-0.0,0.3246044921875,0.3246044921875,0.0,0.0,0.0,0.3246044921875,perfect_foresight,False,46.03739034128285,46.03739034128285,46.03739034128285,46.03739034128285,0.0,1.3322676295501878e-15,2.5,42,summer,main,0.0,True,,,,,,,,,,,,,,,,,
2017-07-02 11:00:00+00:00,2.35,0.5947265625,0.175,0.0,0.0,0.0,0.0,4.294613486842107,4.294613486842107,0.5947265625,0.0,1.7552734375,0.0,0.0,0.3071728515625,0.0,0.0,-0.0,0.3071728515625,0.3071728515625,0.0,0.0,0.0,0.3071728515625,perfect_foresight,False,46.03739034128285,46.03739034128285,46.03739034128285,46.03739034128285,0.0,1.3322676295501878e-15,2.5,42,summer,main,0.0,True,,,,,,,,,,,,,,,,,
2017-07-02 12:00:00+00:00,2.35,0.515625,0.175,0.0,0.0,0.0,0.0,4.294613486842107,4.294613486842107,0.515625,0.0,1.834375,0.0,0.0,0.3210156249999999,0.0,0.0,-0.0,0.3210156249999999,0.3210156249999999,0.0,0.0,0.0,0.3210156249999999,perfect_foresight,False,46.03739034128285,46.03739034128285,46.03739034128285,46.03739034128285,0.0,1.3322676295501878e-15,2.5,42,summer,main,0.0,True,,,,,,,,,,,,,,,,,
2017-07-02 13:00:00+00:00,2.35,0.5947265625,0.175,0.0,0.0,0.0,0.0,4.294613486842107,4.294613486842107,0.5947265625,0.0,1.7552734375,0.0,0.0,0.3071728515625,0.0,0.0,-0.0,0.3071728515625,0.3071728515625,0.0,0.0,0.0,0.3071728515625,perfect_foresight,False,46.03739034128285,46.03739034128285,46.03739034128285,46.03739034128285,0.0,1.3322676295501878e-15,2.5,42,summer,main,0.0,True,,,,,,,,,,,,,,,,,
2017-07-02 14:00:00+00:00,2.35,0.2646484375,0.175,0.0,0.0,0.0,0.0,4.294613486842107,4.294613486842107,0.2646484375,0.0,2.0853515625,0.0,0.0,0.3649365234375,0.0,0.0,-0.0,0.3649365234375,0.3649365234375,0.0,0.0,0.0,0.3649365234375,perfect_foresight,False,46.03739034128285,46.03739034128285,46.03739034128285,46.03739034128285,0.0,1.3322676295501878e-15,2.5,42,summer,main,0.0,True,,,,,,,,,,,,,,,,,
2017-07-02 15:00:00+00:00,2.35,0.46484375,0.175,0.0,0.0,0.0,0.0,4.294613486842107,4.294613486842107,0.46484375,0.0,1.88515625,0.0,0.0,0.32990234375,0.0,0.0,-0.0,0.32990234375,0.32990234375,0.0,0.0,0.0,0.32990234375,perfect_foresight,False,46.03739034128285,46.03739034128285,46.03739034128285,46.03739034128285,0.0,1.3322676295501878e-15,2.5,42,summer,main,0.0,True,,,,,,,,,,,,,,,,,
2017-07-02 16:00:00+00:00,2.35,0.23046875,0.175,0.0,0.0,0.0,0.0,4.294613486842107,4.294613486842107,0.23046875,0.0,2.11953125,0.0,0.0,0.37091796875,0.0,0.0,-0.0,0.37091796875,0.37091796875,0.0,0.0,0.0,0.37091796875,perfect_foresight,False,46.03739034128285,46.03739034128285,46.03739034128285,46.03739034128285,0.0,1.3322676295501878e-15,2.5,42,summer,main,0.0,True,,,,,,,,,,,,,,,,,
2017-07-02 17:00:00+00:00,3.2,0.1044921875,0.2,0.0,0.5955078125000002,0.0,0.5955078125000002,4.294613486842107,3.6677631578947385,0.1044921875,0.0,2.5,0.0,0.5955078125000002,0.5,0.005955078125,0.0,0.1128330592105263,0.505955078125,0.6187881373355263,0.0,0.0,0.0,0.505955078125,perfect_foresight,False,46.03739034128285,46.03739034128285,46.03739034128285,46.03739034128285,0.0,1.3322676295501878e-15,2.5,42,summer,main,0.0,True,,,,,,,,,,,,,,,,,
2017-07-02 18:00:00+00:00,3.2,0.015625,0.2,0.0,0.6843750000000002,0.0,0.6843750000000002,3.6677631578947385,2.9473684210526327,0.015625,0.0,2.5,0.0,0.6843750000000002,0.5,0.00684375,0.0,0.129671052631579,0.50684375,0.636514802631579,0.0,0.0,0.0,0.50684375,perfect_foresight,False,46.03739034128285,46.03739034128285,46.03739034128285,46.03739034128285,0.0,1.3322676295501878e-15,2.5,42,summer,main,0.0,True,,,,,,,,,,,,,,,,,
2017-07-02 19:00:00+00:00,3.2,0.0,0.2,0.0,0.7000000000000002,0.0,0.7000000000000002,2.9473684210526327,2.210526315789475,0.0,0.0,2.5,0.0,0.7000000000000002,0.5,0.007,0.0,0.1326315789473684,0.507,0.6396315789473684,0.0,0.0,0.0,0.507,perfect_foresight,False,46.03739034128285,46.03739034128285,46.03739034128285,46.03739034128285,0.0,1.3322676295501878e-15,2.5,42,summer,main,0.0,True,,,,,,,,,,,,,,,,,
2017-07-02 20:00:00+00:00,3.2,0.0,0.2,0.0,0.7000000000000002,0.0,0.7000000000000002,2.210526315789475,1.4736842105263168,0.0,0.0,2.5,0.0,0.7000000000000002,0.5,0.007,0.0,0.1326315789473684,0.507,0.6396315789473684,0.0,0.0,0.0,0.507,perfect_foresight,False,46.03739034128285,46.03739034128285,46.03739034128285,46.03739034128285,0.0,1.3322676295501878e-15,2.5,42,summer,main,0.0,True,,,,,,,,,,,,,,,,,
2017-07-02 21:00:00+00:00,3.2,0.0,0.2,0.0,0.7000000000000002,0.0,0.7000000000000002,1.4736842105263168,0.7368421052631587,0.0,0.0,2.5,0.0,0.7000000000000002,0.5,0.007,0.0,0.1326315789473684,0.507,0.6396315789473684,0.0,0.0,0.0,0.507,perfect_foresight,False,46.03739034128285,46.03739034128285,46.03739034128285,46.03739034128285,0.0,1.3322676295501878e-15,2.5,42,summer,main,0.0,True,,,,,,,,,,,,,,,,,
2017-07-02 22:00:00+00:00,3.2,0.0,0.16,0.0,0.7000000000000002,0.0,0.7000000000000002,0.7368421052631587,6.661338147750939e-16,0.0,0.0,2.5,0.0,0.7000000000000002,0.4,0.007,0.0,0.1326315789473684,0.407,0.5396315789473685,0.0,0.0,0.0,0.407,perfect_foresight,False,46.03739034128285,46.03739034128285,46.03739034128285,46.03739034128285,0.0,1.3322676295501878e-15,2.5,42,summer,main,0.0,True,,,,,,,,,,,,,,,,,
2017-07-02 23:00:00+00:00,2.35,0.0,0.16,0.0,0.0,0.0,0.0,6.661338147750939e-16,6.661338147750939e-16,0.0,0.0,2.35,0.0,0.0,0.376,0.0,0.0,-0.0,0.376,0.376,0.0,0.0,0.0,0.376,perfect_foresight,False,46.03739034128285,46.03739034128285,46.03739034128285,46.03739034128285,0.0,1.3322676295501878e-15,2.5,42,summer,main,0.0,True,,,,,,,,,,,,,,,,,
2017-07-01 00:00:00+00:00,2.35,0.0,0.16,0.1499999999999999,0.0,0.1499999999999999,0.0,4.0,4.1425,0.0,0.0,2.5,0.0,0.1499999999999999,0.4,0.0014999999999999,0.0,-0.02565,0.4015,0.37585,0.0,0.0,0.0,0.4015,deterministic,False,7.980675972522552,7.980675972522552,7.980675972522552,7.980675972522552,0.1057029999792575,1.9984014443252818e-15,2.5,42,summer,main,0.0,True,2017-07-01 00:00:00+00:00,2017-07-01 00:00:00+00:00,0.0,0.0,0.0,0.0,0.0,0.0,0.0,0.0,0.0,False,1.0,7.980675972522552,7.980675972522552,0.0,False
2017-07-01 01:00:00+00:00,2.35,0.0,0.16,0.1499999999999999,0.0,0.1499999999999999,0.0,4.1425,4.285,0.0,0.0,2.5,0.0,0.1499999999999999,0.4,0.0014999999999999,0.0,-0.02565,0.4015,0.37585,0.0,0.0,0.0,0.4015,deterministic,False,7.980675972522554,7.980675972522554,7.980675972522554,7.980675972522554,0.0381619000108912,8.881784197001252e-16,2.5,42,summer,main,0.0,True,2017-07-01 01:00:00+00:00,2017-07-01 01:00:00+00:00,0.0,0.0,0.0,0.0,0.0,0.0,0.0,0.0,0.0,False,1.0,7.980675972522554,7.980675972522554,0.0,False
2017-07-01 02:00:00+00:00,2.35,0.0,0.16,0.1499999999999999,0.0,0.1499999999999999,0.0,4.285,4.4275,0.0,0.0,2.5,0.0,0.1499999999999999,0.4,0.0014999999999999,0.0,-0.02565,0.4015,0.37585,0.0,0.0,0.0,0.4015,deterministic,False,7.980675972522554,7.980675972522554,7.980675972522554,7.980675972522554,0.0384294999530538,4.440892098500626e-16,2.5,42,summer,main,0.0,True,2017-07-01 02:00:00+00:00,2017-07-01 02:00:00+00:00,0.0,0.0,0.0,0.0,0.0,0.0,0.0,0.0,0.0,False,1.0,7.980675972522554,7.980675972522554,0.0,False
2017-07-01 03:00:00+00:00,2.35,0.0,0.16,0.1499999999999999,0.0,0.1499999999999999,0.0,4.4275,4.57,0.0,0.0,2.5,0.0,0.1499999999999999,0.4,0.0014999999999999,0.0,-0.02565,0.4015,0.37585,0.0,0.0,0.0,0.4015,deterministic,False,7.980675972522555,7.980675972522555,7.980675972522555,7.980675972522555,0.0397136000683531,1.9984014443252818e-15,2.5,42,summer,main,0.0,True,2017-07-01 03:00:00+00:00,2017-07-01 03:00:00+00:00,0.0,0.0,0.0,0.0,0.0,0.0,0.0,0.0,0.0,False,1.0,7.980675972522555,7.980675972522555,0.0,False
2017-07-01 04:00:00+00:00,2.35,0.10546875,0.16,0.1720563616071428,0.0,0.1720563616071428,0.0,4.57,4.733453543526786,0.10546875,0.0,2.416587611607143,0.0,0.1720563616071428,0.3866540178571429,0.0017205636160714,0.0,-0.0294216378348214,0.3883745814732143,0.3589529436383928,0.0,0.0,0.0,0.3883745814732143,deterministic,False,7.980675972522556,7.980675972522556,7.980675972522556,7.980675972522556,0.0373947999905794,4.440892098500626e-16,2.5,42,summer,main,0.0,True,2017-07-01 04:00:00+00:00,2017-07-01 04:00:00+00:00,0.0,0.0220563616071428,0.0220563616071428,0.0220563616071428,0.0220563616071428,0.0220563616071428,0.0220563616071428,0.0,-0.0834123883928571,True,1.0,7.980675972522556,7.980675972522556,0.0,False
2017-07-01 05:00:00+00:00,2.35,0.25,0.16,0.2559105282738092,0.0,0.2559105282738092,0.0,4.733453543526786,4.976568545386905,0.25,0.0,2.3559105282738093,0.0,0.2559105282738092,0.3769456845238095,0.002559105282738,0.0,-0.0437607003348213,0.3795047898065476,0.3357440894717262,0.0,0.0,0.0,0.3795047898065476,deterministic,False,7.980773303251723,7.980773303251723,7.980773303251723,7.980773303251723,0.0328239999944344,4.440892098500626e-16,2.5,42,summer,main,0.0,True,2017-07-01 05:00:00+00:00,2017-07-01 05:00:00+00:00,0.0,0.1059105282738095,0.1059105282738095,0.1059105282738095,0.1059105282738095,0.1059105282738095,0.1059105282738095,0.0,-0.1440894717261904,True,1.0,7.980773303251723,7.980773303251723,0.0,False
2017-07-01 06:00:00+00:00,2.8000000000000003,0.3798828125,0.16,0.0,0.0364815848214288,0.0,0.0364815848214288,4.976568545386905,4.938166877153822,0.3798828125,0.0,2.3836356026785714,0.0,0.0364815848214288,0.3813816964285714,0.0003648158482142,0.0,0.0069123002819548,0.3817465122767857,0.3886588125587406,0.0,0.0,0.0,0.3817465122767857,deterministic,False,7.979008247913183,7.979008247913183,7.979008247913183,7.979008247913183,0.0374804000603035,4.440892098500626e-16,2.5,42,summer,main,0.0,True,2017-07-01 06:00:00+00:00,2017-07-01 06:00:00+00:00,0.0,0.2635184151785714,0.2635184151785714,0.2635184151785714,0.2635184151785714,0.2635184151785714,0.2635184151785714,0.0,-0.1163643973214285,True,1.0,7.979008247913183,7.979008247913183,0.0,False
2017-07-01 07:00:00+00:00,2.8000000000000003,1.0400390625,0.16,0.3808303106398805,0.0,0.3808303106398805,0.0,4.938166877153822,5.299955672261708,1.0400390625,0.0,2.1407912481398808,0.0,0.3808303106398805,0.3425265997023809,0.0038083031063988,0.0,-0.0651219831194194,0.3463349028087797,0.2812129196893602,0.0,0.0,0.0,0.3463349028087797,deterministic,False,7.974094245989428,7.974094245989428,7.974094245989428,7.974094245989428,0.0319829999934881,4.440892098500626e-16,2.5,42,summer,main,0.0,True,2017-07-01 07:00:00+00:00,2017-07-01 07:00:00+00:00,0.0,0.680830310639881,0.680830310639881,0.680830310639881,0.680830310639881,0.680830310639881,0.680830310639881,0.0,-0.359208751860119,True,1.0,7.974094245989428,7.974094245989428,0.0,False
2017-07-01 08:00:00+00:00,2.8000000000000003,1.349609375,0.175,0.0,0.0,0.0,0.0,5.299955672261708,5.299955672261708,1.349609375,0.0,1.4503906250000005,0.0,0.0,0.253818359375,0.0,0.0,-0.0,0.253818359375,0.253818359375,0.0,0.0,0.0,0.253818359375,deterministic,False,7.964519746997808,7.964519746997808,7.964519746997808,7.964519746997808,0.0337466000346466,4.440892098500626e-16,2.5,42,summer,main,0.0,True,2017-07-01 08:00:00+00:00,2017-07-01 08:00:00+00:00,0.0,1.2855236235119047,1.2855236235119047,1.2855236235119047,1.2855236235119047,1.2855236235119047,1.2855236235119047,0.0,-0.0640857514880952,True,1.0,7.964519746997808,7.964519746997808,0.0,False
2017-07-01 09:00:00+00:00,2.35,2.46484375,0.175,0.0,0.0,0.0,0.0,5.299955672261708,5.299955672261708,2.35,0.1148437499999999,0.0,0.0,0.0,0.0,0.0,0.0,-0.0,0.0,0.0,0.0,0.0,0.0,0.0,deterministic,False,7.946599336841557,7.946599336841557,7.946599336841557,7.946599336841557,0.0341970999725163,2.220446049250313e-16,2.5,42,summer,main,0.0,True,2017-07-01 09:00:00+00:00,2017-07-01 09:00:00+00:00,0.0,1.7745779854910713,1.7745779854910713,1.7745779854910713,1.7745779854910713,1.7745779854910713,1.7745779854910713,0.0,-0.6902657645089287,True,1.0,7.946599336841557,7.946599336841557,0.0,False
2017-07-01 10:00:00+00:00,2.35,2.25,0.175,0.0,0.0,0.0,0.0,5.299955672261708,5.299955672261708,2.25,0.0,0.1,0.0,0.0,0.0175,0.0,0.0,-0.0,0.0175,0.0175,0.0,0.0,0.0,0.0175,deterministic,False,7.929721081633223,7.929721081633223,7.929721081633223,7.929721081633223,0.0316699999384582,2.220446049250313e-16,2.5,42,summer,main,0.0,True,2017-07-01 10:00:00+00:00,2017-07-01 10:00:00+00:00,0.0,2.1643543061755954,2.1643543061755954,2.1643543061755954,2.1643543061755954,2.1643543061755954,2.1643543061755954,0.0,-0.0856456938244045,True,1.0,7.929721081633223,7.929721081633223,0.0,False
2017-07-01 11:00:00+00:00,2.35,2.490234375,0.175,0.0079241071428568,0.0,0.0079241071428568,0.0,5.299955672261708,5.307483574047422,2.357924107142857,0.132310267857143,0.0,0.0,0.0079241071428568,0.0,7.924107142856851e-05,0.0,-0.0013550223214285,7.924107142856851e-05,-0.0012757812499999,0.0,0.0,0.0,7.924107142856851e-05,deterministic,False,7.904867566008224,7.904867566008224,7.904867566008224,7.904867566008224,0.0334248999133706,2.220446049250313e-16,2.5,42,summer,main,0.0,True,2017-07-01 11:00:00+00:00,2017-07-01 11:00:00+00:00,0.0,2.357924107142857,2.357924107142857,2.357924107142857,2.357924107142857,2.357924107142857,2.357924107142857,0.0,-0.132310267857143,True,1.0,7.904867566008224,7.904867566008224,0.0,False
2017-07-01 12:00:00+00:00,2.35,3.53515625,0.175,0.0092936197916668,0.0,0.0092936197916668,0.0,5.307483574047422,5.316312512849506,2.359293619791667,1.175862630208333,0.0,0.0,0.0092936197916668,0.0,9.293619791666874e-05,0.0,-0.001589208984375,9.293619791666874e-05,-0.0014962727864583,0.0,0.0,0.0,9.293619791666874e-05,deterministic,False,7.892273327726974,7.892273327726974,7.892273327726974,7.892273327726974,0.032892599934712,2.220446049250313e-16,2.5,42,summer,main,0.0,True,2017-07-01 12:00:00+00:00,2017-07-01 12:00:00+00:00,0.0,2.359293619791667,2.359293619791667,2.359293619791667,2.359293619791667,2.359293619791667,2.359293619791667,0.0,-1.175862630208333,True,1.0,7.892273327726974,7.892273327726974,0.0,False
2017-07-01 13:00:00+00:00,2.35,3.125,0.175,0.0,0.0,0.0,0.0,5.316312512849506,5.316312512849506,2.35,0.7749999999999999,0.0,0.0,0.0,0.0,0.0,0.0,-0.0,0.0,0.0,0.0,0.0,0.0,0.0,deterministic,False,7.875951713143641,7.875951713143641,7.87595171314364,7.875951713143641,0.0355053999228403,2.220446049250313e-16,2.5,42,summer,main,0.0,True,2017-07-01 13:00:00+00:00,2017-07-01 13:00:00+00:00,0.0,2.3448114304315477,2.3448114304315477,2.3448114304315477,2.3448114304315477,2.3448114304315477,2.3448114304315477,0.0,-0.7801885695684527,True,1.0,7.875951713143641,7.87595171314364,0.0,False
2017-07-01 14:00:00+00:00,2.35,1.7802734375,0.175,0.0,0.0,0.0,0.0,5.316312512849506,5.316312512849506,1.7802734375,0.0,0.5697265625000001,0.0,0.0,0.0997021484375,0.0,0.0,-0.0,0.0997021484375,0.0997021484375,0.0,0.0,0.0,0.0997021484375,deterministic,False,7.845440759367599,7.845440759367599,7.845440759367598,7.845440759367599,0.0404432999202981,2.220446049250313e-16,2.5,42,summer,main,0.0,True,2017-07-01 14:00:00+00:00,2017-07-01 14:00:00+00:00,0.0,1.804375930059524,1.804375930059524,1.804375930059524,1.804375930059524,1.804375930059524,1.804375930059524,0.0,0.0241024925595239,True,1.0,7.845440759367599,7.845440759367598,0.0,False
2017-07-01 15:00:00+00:00,2.35,1.099609375,0.175,0.0,0.0,0.0,0.0,5.316312512849506,5.316312512849506,1.099609375,0.0,1.250390625,0.0,0.0,0.218818359375,0.0,0.0,-0.0,0.218818359375,0.218818359375,0.0,0.0,0.0,0.218818359375,deterministic,False,7.831521244393641,7.831521244393641,7.831521244393641,7.831521244393641,0.0348912000190466,2.220446049250313e-16,2.5,42,summer,main,0.0,True,2017-07-01 15:00:00+00:00,2017-07-01 15:00:00+00:00,0.0,1.272573707217262,1.272573707217262,1.272573707217262,1.272573707217262,1.272573707217262,1.272573707217262,0.0,0.172964332217262,True,1.0,7.831521244393641,7.831521244393641,0.0,False
2017-07-01 16:00:00+00:00,2.35,0.775390625,0.175,0.0,0.0,0.0,0.0,5.316312512849506,5.316312512849506,0.775390625,0.0,1.574609375,0.0,0.0,0.275556640625,0.0,0.0,-0.0,0.275556640625,0.275556640625,0.0,0.0,0.0,0.275556640625,deterministic,False,7.82419906014885,7.82419906014885,7.82419906014885,7.82419906014885,0.0366321000037714,2.220446049250313e-16,2.5,42,summer,main,0.0,True,2017-07-01 16:00:00+00:00,2017-07-01 16:00:00+00:00,0.0,0.7651774088541667,0.7651774088541667,0.7651774088541667,0.7651774088541667,0.7651774088541667,0.7651774088541667,0.0,-0.0102132161458332,True,1.0,7.82419906014885,7.82419906014885,0.0,False
2017-07-01 17:00:00+00:00,3.2,0.57421875,0.2,0.0,1.5911358380998872,0.0,1.5911358380998872,5.316312512849506,3.641432683270677,0.57421875,0.0,1.034645411900113,0.0,1.5911358380998872,0.2069290823800226,0.0159113583809988,0.0,0.3014783693241891,0.2228404407610215,0.5243188100852106,0.0,0.0,0.0,0.2228404407610215,deterministic,False,7.824850101815516,7.824850101815516,7.824850101815516,7.824850101815516,0.0389366000890731,2.220446049250313e-16,2.5,42,summer,main,0.0,True,2017-07-01 17:00:00+00:00,2017-07-01 17:00:00+00:00,0.0,0.3129138764880952,0.3129138764880952,0.3129138764880952,0.3129138764880952,0.3129138764880952,0.3129138764880952,0.0,-0.2613048735119048,True,1.0,7.824850101815516,7.824850101815516,0.0,False
2017-07-01 18:00:00+00:00,3.2,0.0751953125,0.2,0.0,0.6593610491071429,0.0,0.6593610491071429,3.641432683270677,2.9473684210526323,0.0751953125,0.0,2.4654436383928573,0.0,0.6593610491071429,0.4930887276785715,0.0065936104910714,0.0,0.1249315671992481,0.4996823381696429,0.624613905368891,0.0,0.0,0.0,0.4996823381696429,deterministic,False,7.823950551852656,7.823950551852656,7.823950551852656,7.823950551852656,0.0372152000200003,2.220446049250313e-16,2.5,42,summer,main,0.0,True,2017-07-01 18:00:00+00:00,2017-07-01 18:00:00+00:00,0.0,0.0406389508928571,0.0406389508928571,0.0406389508928571,0.0406389508928571,0.0406389508928571,0.0406389508928571,0.0,-0.0345563616071428,True,1.0,7.823950551852656,7.823950551852656,0.0,False
2017-07-01 19:00:00+00:00,3.2,0.0,0.2,0.0,0.7000000000000001,0.0,0.7000000000000001,2.9473684210526323,2.2105263157894743,0.0,0.0,2.5,0.0,0.7000000000000001,0.5,0.007,0.0,0.1326315789473684,0.507,0.6396315789473684,0.0,0.0,0.0,0.507,deterministic,False,7.821353945590908,7.821353945590908,7.821353945590908,7.821353945590908,0.038977300049737,2.220446049250313e-16,2.5,42,summer,main,0.0,True,2017-07-01 19:00:00+00:00,2017-07-01 19:00:00+00:00,0.0,0.0,0.0,0.0,0.0,0.0,0.0,0.0,0.0,False,1.0,7.821353945590908,7.821353945590908,0.0,False
2017-07-01 20:00:00+00:00,3.2,0.0,0.2,0.0,0.7000000000000003,0.0,0.7000000000000003,2.2105263157894743,1.4736842105263162,0.0,0.0,2.5,0.0,0.7000000000000003,0.5,0.007,0.0,0.1326315789473684,0.507,0.6396315789473684,0.0,0.0,0.0,0.507,deterministic,False,7.821552630780444,7.821552630780444,7.821552630780444,7.821552630780444,0.035552900051698,1.1102230246251563e-16,2.5,42,summer,main,0.0,True,2017-07-01 20:00:00+00:00,2017-07-01 20:00:00+00:00,0.0,0.0,0.0,0.0,0.0,0.0,0.0,0.0,0.0,False,1.0,7.821552630780444,7.821552630780444,0.0,False
2017-07-01 21:00:00+00:00,3.2,0.0,0.2,0.0,0.7000000000000002,0.0,0.7000000000000002,1.4736842105263162,0.7368421052631581,0.0,0.0,2.5,0.0,0.7000000000000002,0.5,0.007,0.0,0.1326315789473684,0.507,0.6396315789473684,0.0,0.0,0.0,0.507,deterministic,False,7.830424571367514,7.830424571367514,7.830424571367514,7.830424571367514,0.0381537999492138,4.440892098500626e-16,2.5,42,summer,main,0.0,True,2017-07-01 21:00:00+00:00,2017-07-01 21:00:00+00:00,0.0,0.0,0.0,0.0,0.0,0.0,0.0,0.0,0.0,False,1.0,7.830424571367514,7.830424571367514,0.0,False
2017-07-01 22:00:00+00:00,3.2,0.0,0.16,0.0,0.7000000000000002,0.0,0.7000000000000001,0.7368421052631581,1.1102230246251563e-16,0.0,0.0,2.5,0.0,0.7000000000000001,0.4,0.007,0.0,0.1326315789473684,0.407,0.5396315789473685,0.0,1.1102230246251563e-16,0.0,0.407,deterministic,False,7.841283297129284,7.841283297129284,7.841283297129284,7.841283297129284,0.0390393999405205,3.1086244689504387e-15,2.5,42,summer,main,0.0,True,2017-07-01 22:00:00+00:00,2017-07-01 22:00:00+00:00,0.0,0.0,0.0,0.0,0.0,0.0,0.0,0.0,0.0,False,1.0,7.841283297129284,7.841283297129284,0.0,False
2017-07-01 23:00:00+00:00,2.35,0.0,0.16,0.1499999999999998,0.0,0.1499999999999998,0.0,1.1102230246251563e-16,0.1424999999999999,0.0,0.0,2.5,0.0,0.1499999999999998,0.4,0.0014999999999999,0.0,-0.0256499999999999,0.4015,0.3758500000000001,0.0,0.0,8.326672684688674e-17,0.4015,deterministic,False,7.852142022891058,7.852142022891058,7.852142022891057,7.852142022891058,0.0383480000309646,8.881784197001252e-16,2.5,42,summer,main,0.0,True,2017-07-01 23:00:00+00:00,2017-07-01 23:00:00+00:00,0.0,0.0,0.0,0.0,0.0,0.0,0.0,0.0,0.0,False,1.0,7.852142022891058,7.852142022891057,0.0,False
2017-07-02 00:00:00+00:00,2.35,0.0,0.16,0.1499999999999999,0.0,0.1499999999999999,0.0,0.1424999999999999,0.2849999999999998,0.0,0.0,2.5,0.0,0.1499999999999999,0.4,0.0014999999999999,0.0,-0.0256499999999999,0.4015,0.37585,0.0,0.0,0.0,0.4015,deterministic,False,7.852142022891058,7.852142022891058,7.852142022891057,7.852142022891058,0.042400800040923,8.881784197001252e-16,2.5,42,summer,main,0.0,True,2017-07-02 00:00:00+00:00,2017-07-02 00:00:00+00:00,0.0,0.0,0.0,0.0,0.0,0.0,0.0,0.0,0.0,False,1.0,7.852142022891058,7.852142022891057,0.0,False
2017-07-02 01:00:00+00:00,2.35,0.0,0.16,0.1499999999999999,0.0,0.1499999999999999,0.0,0.2849999999999998,0.4274999999999997,0.0,0.0,2.5,0.0,0.1499999999999999,0.4,0.0014999999999999,0.0,-0.0256499999999999,0.4015,0.37585,0.0,0.0,0.0,0.4015,deterministic,False,7.811892022891057,7.811892022891057,7.811892022891057,7.811892022891057,0.0423947999952361,8.881784197001252e-16,2.5,42,summer,main,0.0,True,2017-07-02 01:00:00+00:00,2017-07-02 01:00:00+00:00,0.0,0.0,0.0,0.0,0.0,0.0,0.0,0.0,0.0,False,1.0,7.811892022891057,7.811892022891057,0.0,False
2017-07-02 02:00:00+00:00,2.35,0.0,0.16,0.1499999999999999,0.0,0.1499999999999999,0.0,0.4274999999999997,0.5699999999999996,0.0,0.0,2.5,0.0,0.1499999999999999,0.4,0.0014999999999999,0.0,-0.0256499999999999,0.4015,0.37585,0.0,0.0,0.0,0.4015,deterministic,False,7.771642022891057,7.771642022891057,7.771642022891057,7.771642022891057,0.0434697000309824,8.881784197001252e-16,2.5,42,summer,main,0.0,True,2017-07-02 02:00:00+00:00,2017-07-02 02:00:00+00:00,0.0,0.0,0.0,0.0,0.0,0.0,0.0,0.0,0.0,False,1.0,7.771642022891057,7.771642022891057,0.0,False
2017-07-02 03:00:00+00:00,2.35,0.0,0.16,0.1499999999999999,0.0,0.1499999999999999,0.0,0.5699999999999996,0.7124999999999995,0.0,0.0,2.5,0.0,0.1499999999999999,0.4,0.0014999999999999,0.0,-0.0256499999999999,0.4015,0.3758500000000001,0.0,0.0,0.0,0.4015,deterministic,False,7.7313920228910575,7.7313920228910575,7.7313920228910575,7.7313920228910575,0.0412239999277517,8.881784197001252e-16,2.5,42,summer,main,0.0,True,2017-07-02 03:00:00+00:00,2017-07-02 03:00:00+00:00,0.0,0.0,0.0,0.0,0.0,0.0,0.0,0.0,0.0,False,1.0,7.7313920228910575,7.7313920228910575,0.0,False
2017-07-02 04:00:00+00:00,2.35,0.009765625,0.16,0.177078683035714,0.0,0.1597656249999999,0.0,0.7124999999999995,0.8642773437499993,0.009765625,0.0,2.5,0.0,0.1597656249999999,0.4,0.0015976562499999,0.0,-0.0273199218749999,0.40159765625,0.374277734375,0.0173130580357141,0.0,0.0,0.40159765625,deterministic,False,7.691142022891057,7.691142022891057,7.691142022891057,7.691142022891057,0.0417881000321358,8.881784197001252e-16,2.5,42,summer,main,0.0,True,2017-07-02 04:00:00+00:00,2017-07-02 04:00:00+00:00,0.0,0.0270786830357142,0.0270786830357142,0.0270786830357142,0.0270786830357142,0.0270786830357142,0.0270786830357142,0.0,0.0173130580357142,True,1.0,7.691142022891057,7.691142022891057,0.0,False
2017-07-02 05:00:00+00:00,2.35,0.060546875,0.16,0.2716750372023808,0.0,0.2105468749999999,0.0,0.8642773437499993,1.0642968749999993,0.060546875,0.0,2.5,0.0,0.2105468749999999,0.4,0.0021054687499999,0.0,-0.0360035156249999,0.40210546875,0.366101953125,0.0611281622023809,0.0,0.0,0.40210546875,deterministic,False,7.650625291120225,7.650625291120225,7.650625291120225,7.650625291120225,0.0344058000482618,8.881784197001252e-16,2.5,42,summer,main,0.0,True,2017-07-02 05:00:00+00:00,2017-07-02 05:00:00+00:00,0.0,0.1216750372023809,0.1216750372023809,0.1216750372023809,0.1216750372023809,0.1216750372023809,0.1216750372023809,0.0,0.0611281622023809,True,1.0,7.650625291120225,7.650625291120225,0.0,False
2017-07-02 06:00:00+00:00,2.8000000000000003,0.1396484375,0.16,0.0,0.010811941964286,0.0,0.010811941964286,1.0642968749999993,1.0529158834586456,0.1396484375,0.0,2.5,0.1495396205357142,0.010811941964286,0.4,0.0001081194196428,1.4953962053571423,0.0020485784774436,1.895504324776785,1.8975529032542289,0.0,0.0,0.0,0.4001081194196428,deterministic,False,7.610149216901474,7.610149216901474,7.610149216901474,7.610149216901474,0.0339084999868646,4.440892098500626e-16,2.5,42,summer,main,0.0,True,2017-07-02 06:00:00+00:00,2017-07-02 06:00:00+00:00,0.0,0.2891880580357142,0.2891880580357142,0.2891880580357142,0.2891880580357142,0.2891880580357142,0.2891880580357142,0.0,0.1495396205357142,True,1.0,7.610149216901474,7.610149216901474,0.0,False
2017-07-02 07:00:00+00:00,2.8000000000000003,0.4599609375,0.16,0.4544212704613093,0.0,0.1599609374999997,0.0,1.0529158834586456,1.2048787740836453,0.4599609375,0.0,2.5,0.0,0.1599609374999997,0.4,0.0015996093749999,0.0,-0.0273533203124999,0.401599609375,0.3742462890625,0.2944603329613096,0.0,0.0,0.401599609375,deterministic,False,7.5679334369731395,7.5679334369731395,7.5679334369731395,7.5679334369731395,0.0337964999489486,8.881784197001252e-16,2.5,42,summer,main,0.0,True,2017-07-02 07:00:00+00:00,2017-07-02 07:00:00+00:00,0.0,0.7544212704613096,0.7544212704613096,0.7544212704613096,0.7544212704613096,0.7544212704613096,0.7544212704613096,0.0,0.2944603329613096,True,1.0,7.5679334369731395,7.5679334369731395,0.0,False
2017-07-02 08:00:00+00:00,2.8000000000000003,0.560546875,0.175,0.0,0.0,0.0,0.0,1.2048787740836453,1.2048787740836453,0.560546875,0.0,2.2394531250000003,0.0,0.0,0.391904296875,0.0,0.0,-0.0,0.391904296875,0.391904296875,0.0,0.0,0.0,0.391904296875,deterministic,False,7.527246311322098,7.527246311322098,7.527246311322097,7.527246311322098,0.0355356000363826,8.881784197001252e-16,2.5,42,summer,main,0.0,True,2017-07-02 08:00:00+00:00,2017-07-02 08:00:00+00:00,0.0,1.3694382440476192,1.3694382440476192,1.3694382440476192,1.3694382440476192,1.3694382440476192,1.3694382440476192,0.0,0.8088913690476192,True,1.0,7.527246311322098,7.527246311322097,0.0,False
2017-07-02 09:00:00+00:00,2.35,0.3095703125,0.175,0.0,0.0,0.0,0.0,1.2048787740836453,1.2048787740836453,0.3095703125,0.0,2.0404296875,0.0,0.0,0.3570751953125,0.0,0.0,-0.0,0.3570751953125,0.3570751953125,0.0,0.0,0.0,0.3570751953125,deterministic,False,7.474294895306473,7.474294895306473,7.474294895306473,7.474294895306473,0.0327459999825805,8.881784197001252e-16,2.5,42,summer,main,0.0,True,2017-07-02 09:00:00+00:00,2017-07-02 09:00:00+00:00,0.0,1.9163190569196429,1.9163190569196429,1.9163190569196429,1.9163190569196429,1.9163190569196429,1.9163190569196429,0.0,1.6067487444196429,True,1.0,7.474294895306473,7.474294895306473,0.0,False
2017-07-02 10:00:00+00:00,2.35,0.4951171875,0.175,0.0,0.0,0.0,0.0,1.2048787740836453,1.2048787740836453,0.4951171875,0.0,1.8548828125,0.0,0.0,0.3246044921875,0.0,0.0,-0.0,0.3246044921875,0.3246044921875,0.0,0.0,0.0,0.3246044921875,deterministic,False,7.425133111452307,7.425133111452307,7.425133111452308,7.425133111452307,0.0359650999307632,8.881784197001252e-16,2.5,42,summer,main,0.0,True,2017-07-02 10:00:00+00:00,2017-07-02 10:00:00+00:00,0.0,2.252942475818452,2.252942475818452,2.252942475818452,2.252942475818452,2.252942475818452,2.252942475818452,0.0,1.7578252883184522,True,1.0,7.425133111452307,7.425133111452308,0.0,False
2017-07-02 11:00:00+00:00,2.35,0.5947265625,0.175,0.0918387276785712,0.0,0.0918387276785712,0.0,1.2048787740836453,1.292125565378288,0.5947265625,0.0,1.8471121651785716,0.0,0.0918387276785712,0.3232446289062499,0.0009183872767857,0.0,-0.0157044224330356,0.3241630161830356,0.30845859375,0.0,0.0,0.0,0.3241630161830356,deterministic,False,7.384226617311683,7.384226617311683,7.384226617311683,7.384226617311683,0.0307984999381005,1.3322676295501878e-15,2.5,42,summer,main,0.0,True,2017-07-02 11:00:00+00:00,2017-07-02 11:00:00+00:00,0.0,2.441838727678572,2.441838727678572,2.441838727678572,2.441838727678572,2.441838727678572,2.441838727678572,0.0,1.8471121651785716,True,1.0,7.384226617311683,7.384226617311683,0.0,False
2017-07-02 12:00:00+00:00,2.35,0.515625,0.175,0.1854236421130952,0.0,0.1854236421130952,0.0,1.292125565378288,1.4682780253857284,0.515625,0.0,2.019798642113096,0.0,0.1854236421130952,0.3534647623697917,0.0018542364211309,0.0,-0.0317074428013392,0.3553189987909226,0.3236115559895833,0.0,0.0,0.0,0.3553189987909226,deterministic,False,7.351667616660641,7.351667616660641,7.351667616660641,7.351667616660641,0.0655233999714255,1.3322676295501878e-15,2.5,42,summer,main,0.0,True,2017-07-02 12:00:00+00:00,2017-07-02 12:00:00+00:00,0.0,2.535423642113096,2.535423642113096,2.535423642113096,2.535423642113096,2.535423642113096,2.535423642113096,0.0,2.019798642113096,True,1.0,7.351667616660641,7.351667616660641,0.0,False
2017-07-02 13:00:00+00:00,2.35,0.5947265625,0.175,1.7821314664900356,0.0,0.7447265624999999,0.0,1.4682780253857284,2.175768259760728,0.5947265625,0.0,2.5,0.0,0.7447265624999999,0.4375,0.0074472656249999,0.0,-0.1273482421874999,0.444947265625,0.3175990234375,1.0374049039900357,0.0,0.0,0.444947265625,deterministic,False,7.31825697212939,7.31825697212939,7.31825697212939,7.31825697212939,0.0318750999867916,4.440892098500626e-16,2.5,42,summer,main,0.0,True,2017-07-02 13:00:00+00:00,2017-07-02 13:00:00+00:00,0.0,2.4962483723958333,2.4962483723958333,2.4962483723958333,2.4962483723958333,2.4962483723958333,2.4962483723958333,0.0,1.9015218098958333,True,1.0,7.31825697212939,7.31825697212939,0.0,False
2017-07-02 14:00:00+00:00,2.35,0.2646484375,0.175,1.037404903990036,0.0,0.4146484374999999,0.0,2.175768259760728,2.569684275385728,0.2646484375,0.0,2.5,0.0,0.4146484374999999,0.4375,0.0041464843749999,0.0,-0.0709048828124999,0.441646484375,0.3707416015625,0.622756466490036,0.0,0.0,0.441646484375,deterministic,False,7.289199241009599,7.289199241009599,7.289199241009599,7.289199241009599,0.0327615999849513,1.9984014443252818e-15,2.5,42,summer,main,0.0,True,2017-07-02 14:00:00+00:00,2017-07-02 14:00:00+00:00,0.0,1.8586449032738093,1.8586449032738093,1.8586449032738093,1.8586449032738093,1.8586449032738093,1.8586449032738093,0.0,1.5939964657738095,True,1.0,7.289199241009599,7.289199241009599,0.0,False
2017-07-02 15:00:00+00:00,2.35,0.46484375,0.175,0.6227564664900358,0.0,0.6148437499999999,0.0,2.569684275385728,3.153785837885728,0.46484375,0.0,2.5,0.0,0.6148437499999999,0.4375,0.0061484374999999,0.0,-0.1051382812499999,0.4436484375,0.33851015625,0.0079127164900358,0.0,0.0,0.4436484375,deterministic,False,7.258342242311682,7.258342242311682,7.258342242311683,7.258342242311682,0.0310435000574216,1.3322676295501878e-15,2.5,42,summer,main,0.0,True,2017-07-02 15:00:00+00:00,2017-07-02 15:00:00+00:00,0.0,1.301870582217262,1.301870582217262,1.301870582217262,1.301870582217262,1.301870582217262,1.301870582217262,0.0,0.837026832217262,True,1.0,7.258342242311682,7.258342242311683,0.0,False
2017-07-02 16:00:00+00:00,2.35,0.23046875,0.175,0.9169910249255953,0.0,0.3804687499999999,0.0,3.153785837885728,3.515231150385728,0.23046875,0.0,2.5,0.0,0.3804687499999999,0.4375,0.0038046874999999,0.0,-0.0650601562499999,0.4413046875,0.37624453125,0.5365222749255953,0.0,0.0,0.4413046875,deterministic,False,7.296741558270392,7.296741558270392,7.296741558270392,7.296741558270392,0.0377521000336855,1.9984014443252818e-15,2.5,42,summer,main,0.0,True,2017-07-02 16:00:00+00:00,2017-07-02 16:00:00+00:00,0.0,0.7669910249255952,0.7669910249255952,0.7669910249255952,0.7669910249255952,0.7669910249255952,0.7669910249255952,0.0,0.5365222749255952,True,1.0,7.296741558270392,7.296741558270392,0.0,False
2017-07-02 17:00:00+00:00,3.2,0.1044921875,0.2,0.0,0.3725074404761908,0.0,0.3725074404761908,3.515231150385728,3.123118055147632,0.1044921875,0.0,2.5,0.2230003720238094,0.3725074404761908,0.5,0.0037250744047619,2.230003720238094,0.0705803571428572,2.733728794642856,2.804309151785713,0.0,0.0,0.0,0.5037250744047619,deterministic,False,12.006828474222084,12.006828474222084,12.006828474222084,12.006828474222084,0.0336281000636518,1.9984014443252818e-15,2.5,42,summer,main,0.0,True,2017-07-02 17:00:00+00:00,2017-07-02 17:00:00+00:00,0.0,0.3274925595238095,0.3274925595238095,0.3274925595238095,0.3274925595238095,0.3274925595238095,0.3274925595238095,0.0,0.2230003720238095,True,1.0,12.006828474222084,12.006828474222084,0.0,False
2017-07-02 18:00:00+00:00,3.2,0.015625,0.2,0.0,0.6583147321428573,0.0,0.6583147321428573,3.123118055147632,2.430155179207782,0.015625,0.0,2.5,0.0260602678571428,0.6583147321428573,0.5,0.0065831473214285,0.2606026785714288,0.124733317669173,0.7671858258928574,0.8919191435620304,0.0,0.0,0.0,0.5065831473214286,deterministic,False,11.968121409930498,11.968121409930498,11.968121409930498,11.968121409930498,0.0402654999634251,1.9984014443252818e-15,2.5,42,summer,main,0.0,True,2017-07-02 18:00:00+00:00,2017-07-02 18:00:00+00:00,0.0,0.0416852678571428,0.0416852678571428,0.0416852678571428,0.0416852678571428,0.0416852678571428,0.0416852678571428,0.0,0.0260602678571428,True,1.0,11.968121409930498,11.968121409930498,0.0,False
2017-07-02 19:00:00+00:00,3.2,0.0,0.2,0.0,0.7000000000000002,0.0,0.7000000000000002,2.430155179207782,1.693313073944624,0.0,0.0,2.5,0.0,0.7000000000000002,0.5,0.007,0.0,0.1326315789473684,0.507,0.6396315789473684,0.0,0.0,0.0,0.507,deterministic,False,11.92057927104906,11.92057927104906,11.92057927104906,11.92057927104906,0.0384789999807253,1.9984014443252818e-15,2.5,42,summer,main,0.0,True,2017-07-02 19:00:00+00:00,2017-07-02 19:00:00+00:00,0.0,0.0,0.0,0.0,0.0,0.0,0.0,0.0,0.0,False,1.0,11.92057927104906,11.92057927104906,0.0,False
2017-07-02 20:00:00+00:00,3.2,0.0,0.2,0.0,0.7000000000000002,0.0,0.7000000000000002,1.693313073944624,0.956470968681466,0.0,0.0,2.5,0.0,0.7000000000000002,0.5,0.007,0.0,0.1326315789473684,0.507,0.6396315789473684,0.0,0.0,0.0,0.507,deterministic,False,11.871663837935024,11.871663837935024,11.871663837935024,11.871663837935024,0.0386288999579846,1.9984014443252818e-15,2.5,42,summer,main,0.0,True,2017-07-02 20:00:00+00:00,2017-07-02 20:00:00+00:00,0.0,0.0,0.0,0.0,0.0,0.0,0.0,0.0,0.0,False,1.0,11.871663837935024,11.871663837935024,0.0,False
2017-07-02 21:00:00+00:00,3.2,0.0,0.2,0.0,0.7000000000000002,0.0,0.7000000000000002,0.956470968681466,0.2196288634183079,0.0,0.0,2.5,0.0,0.7000000000000002,0.5,0.007,0.0,0.1326315789473684,0.507,0.6396315789473684,0.0,0.0,0.0,0.507,deterministic,False,11.822032258987656,11.822032258987656,11.822032258987656,11.822032258987656,0.0390436000889167,1.9984014443252818e-15,2.5,42,summer,main,0.0,True,2017-07-02 21:00:00+00:00,2017-07-02 21:00:00+00:00,0.0,0.0,0.0,0.0,0.0,0.0,0.0,0.0,0.0,False,1.0,11.822032258987656,11.822032258987656,0.0,False
2017-07-02 22:00:00+00:00,3.2,0.0,0.16,0.0,0.2086474202473923,0.0,0.2086474202473923,0.2196288634183079,1.9428902930940242e-16,0.0,0.0,2.5,0.4913525797526077,0.2086474202473923,0.4,0.0020864742024739,4.913525797526077,0.0395331954152953,5.315612271728551,5.355145467143847,0.0,0.0,0.0,0.4020864742024739,deterministic,False,11.772400680040288,11.772400680040288,11.772400680040288,11.772400680040288,0.0409711000975221,1.9984014443252818e-15,2.5,42,summer,main,0.0,True,2017-07-02 22:00:00+00:00,2017-07-02 22:00:00+00:00,0.0,0.0,0.0,0.0,0.0,0.0,0.0,0.0,0.0,False,1.0,11.772400680040288,11.772400680040288,0.0,False
2017-07-02 23:00:00+00:00,2.35,0.0,0.16,0.1499999999999997,0.0,0.1499999999999997,0.0,1.9428902930940242e-16,0.1424999999999999,0.0,0.0,2.5,0.0,0.1499999999999997,0.4,0.0014999999999999,0.0,-0.0256499999999999,0.4015,0.3758500000000001,0.0,0.0,1.6653345369377348e-16,0.4015,deterministic,False,6.907255212896439,6.907255212896439,6.907255212896439,6.907255212896439,0.0417357999831438,4.440892098500626e-16,2.5,42,summer,main,0.0,True,2017-07-02 23:00:00+00:00,2017-07-02 23:00:00+00:00,0.0,0.0,0.0,0.0,0.0,0.0,0.0,0.0,0.0,False,1.0,6.907255212896439,6.907255212896439,0.0,False
2017-07-01 00:00:00+00:00,2.35,0.0,0.16,0.1499999999999999,0.0,0.1499999999999999,0.0,4.0,4.1425,0.0,0.0,2.5,0.0,0.1499999999999999,0.4,0.0014999999999999,0.0,-0.02565,0.4015,0.37585,0.0,0.0,0.0,0.4015,stochastic,False,7.947273421282085,9.972298007463728,9.972298007463726,7.947273421282085,0.2381424000486731,1.7763568394002505e-15,2.5,42,summer,main,0.0,True,2017-07-01 00:00:00+00:00,2017-07-01 00:00:00+00:00,0.0,0.0,0.0,0.0,0.0,0.0,0.0,0.0,0.0,False,12.0,7.947273421282085,9.972298007463726,0.0,False
2017-07-01 01:00:00+00:00,2.35,0.0,0.16,0.0,0.0,0.0,0.0,4.1425,4.1425,0.0,0.0,2.35,0.0,0.0,0.376,0.0,0.0,-0.0,0.376,0.376,0.0,0.0,0.0,0.376,stochastic,False,7.833645083774958,9.556108512137277,9.705273720935638,7.833645083774958,0.1761496000690385,1.0658141036401504e-14,2.5,42,summer,main,0.0,True,2017-07-01 01:00:00+00:00,2017-07-01 01:00:00+00:00,0.0,0.0,0.0,0.0,0.0,0.0,0.0,0.0,0.0,False,12.0,7.833645083774958,9.705273720935638,0.0,False
2017-07-01 02:00:00+00:00,2.35,0.0,0.16,0.0,0.0,0.0,0.0,4.1425,4.1425,0.0,0.0,2.35,0.0,0.0,0.376,0.0,0.0,-0.0,0.376,0.376,0.0,0.0,0.0,0.376,stochastic,False,7.787373443923266,9.80416902921108,10.24193709196859,7.787373443923266,0.1942847999744117,8.881784197001252e-16,2.5,42,summer,main,0.0,True,2017-07-01 02:00:00+00:00,2017-07-01 02:00:00+00:00,0.0,0.0,0.0,0.0,0.0,0.0,0.0,0.0,0.0,False,12.0,7.787373443923266,10.24193709196859,0.0,False
2017-07-01 03:00:00+00:00,2.35,0.0,0.16,0.0,0.0,0.0,0.0,4.1425,4.1425,0.0,0.0,2.35,0.0,0.0,0.376,0.0,0.0,-0.0,0.376,0.376,0.0,0.0,0.0,0.376,stochastic,False,7.824382916329368,8.900457127511162,9.446952031366258,7.824382916329368,0.296190100023523,4.329869796038111e-14,2.5,42,summer,main,0.0,True,2017-07-01 03:00:00+00:00,2017-07-01 03:00:00+00:00,0.0,0.0,0.0003778366815476,0.0,0.0045340401785714,0.0,0.0,0.0012531425047264,0.0,False,12.0,7.824382916329368,9.446952031366258,0.0,False
2017-07-01 04:00:00+00:00,2.35,0.10546875,0.16,0.0,0.0,0.0,0.0,4.1425,4.1425,0.10546875,0.0,2.24453125,0.0,0.0,0.359125,0.0,0.0,-0.0,0.359125,0.359125,0.0,0.0,0.0,0.359125,stochastic,False,8.40763404577157,9.973004436924962,10.270199363580684,8.40763404577157,0.2469813000643625,4.329869796038111e-14,2.5,42,summer,main,0.0,True,2017-07-01 04:00:00+00:00,2017-07-01 04:00:00+00:00,0.0,0.0220563616071428,0.02490234375,0.0,0.0740094866071428,0.0032784598214285,0.0656389508928571,0.0239419264353573,-0.0834123883928571,True,12.0,8.40763404577157,10.270199363580684,0.0,False
2017-07-01 05:00:00+00:00,2.35,0.25,0.16,0.1280130836960839,0.0,0.1280130836960839,0.0,4.1425,4.26411242951128,0.25,0.0,2.228013083696084,0.0,0.1280130836960839,0.3564820933913734,0.0012801308369608,0.0,-0.0218902373120303,0.3577622242283342,0.3358719869163039,0.0,0.0,8.326672684688674e-17,0.3577622242283342,stochastic,False,8.199927318696417,10.256684238737265,10.313926980397731,8.199927318696417,0.2854121000273153,2.5979218776228663e-14,2.5,42,summer,main,0.0,True,2017-07-01 05:00:00+00:00,2017-07-01 05:00:00+00:00,0.0,0.1059105282738095,0.1257672991071428,0.0170200892857142,0.2432338169642857,0.0230887276785714,0.2432338169642857,0.0921826556954103,-0.1440894717261904,True,12.0,8.199927318696417,10.313926980397731,0.0,False
2017-07-01 06:00:00+00:00,2.8000000000000003,0.3798828125,0.16,0.0,0.2677036830357147,0.0,0.2677036830357147,4.26411242951128,3.9823190789473695,0.3798828125,0.0,2.1524135044642856,0.0,0.2677036830357147,0.3443861607142857,0.0026770368303571,0.0,0.0507228031015038,0.3470631975446428,0.3977860006461466,0.0,0.0,0.0,0.3470631975446428,stochastic,False,7.688422292653126,9.733358083872565,10.152796776579438,7.688422292653126,0.3415277999592945,8.881784197001252e-16,2.5,42,summer,main,0.0,True,2017-07-01 06:00:00+00:00,2017-07-01 06:00:00+00:00,0.0,0.2635184151785714,0.2595738002232143,0.0322963169642857,0.4582170758928572,0.091796875,0.4582170758928572,0.129565010679347,-0.1163643973214285,True,12.0,7.688422292653126,10.152796776579438,0.0,False
2017-07-01 07:00:00+00:00,2.8000000000000003,1.0400390625,0.16,0.0,0.032212611607143,0.0,0.032212611607143,3.9823190789473695,3.948411066729324,1.0400390625,0.0,1.7277483258928572,0.0,0.032212611607143,0.2764397321428571,0.0003221261160714,0.0,0.0061034421992481,0.2767618582589286,0.2828653004581767,0.0,0.0,0.0,0.2767618582589286,stochastic,False,7.576221275780706,9.714074340456406,9.714074340456406,7.576221275780706,0.3163103999104351,8.881784197001252e-16,2.5,42,summer,main,0.0,True,2017-07-01 07:00:00+00:00,2017-07-01 07:00:00+00:00,0.0,0.680830310639881,0.7401820591517859,0.2677873883928572,0.9568219866071428,0.2677873883928572,0.9568219866071428,0.2410700007889194,-0.359208751860119,True,12.0,7.576221275780706,9.714074340456406,0.0,False
2017-07-01 08:00:00+00:00,2.8000000000000003,1.349609375,0.175,0.0,0.5516652832031251,0.0,0.5516652832031251,3.948411066729324,3.3677107686207712,1.349609375,0.0,0.898725341796875,0.0,0.5516652832031251,0.1572769348144531,0.0055166528320312,0.0,0.1045260536595394,0.1627935876464843,0.2673196413060238,0.0,0.0,0.0,0.1627935876464843,stochastic,False,7.426022945696383,8.263150093675966,8.85132688385457,7.426022945696383,0.30165170005057,6.661338147750939e-15,2.5,42,summer,main,0.0,True,2017-07-01 08:00:00+00:00,2017-07-01 08:00:00+00:00,0.0,1.2855236235119047,1.4206310453869044,0.2047293526785714,1.9150390625,0.8849051339285714,1.7132393973214284,0.4422847516547554,-0.0640857514880952,True,12.0,7.426022945696383,8.85132688385457,0.0,False
2017-07-01 09:00:00+00:00,2.35,2.46484375,0.175,0.0,0.0,0.0,0.0,3.3677107686207712,3.3677107686207712,2.35,0.1148437499999999,0.0,0.0,0.0,0.0,0.0,0.0,-0.0,0.0,0.0,0.0,0.0,0.0,0.0,stochastic,False,8.126378495601402,9.68470583736016,9.855091489209295,8.126378495601402,0.3310613000066951,1.3322676295501878e-15,2.5,42,summer,main,0.0,True,2017-07-01 09:00:00+00:00,2017-07-01 09:00:00+00:00,0.0,1.7745779854910713,1.5163399832589282,0.1629464285714283,2.3748604910714284,0.7170758928571428,2.260184151785714,0.7106312887727518,-0.6902657645089287,True,12.0,8.126378495601402,9.855091489209295,0.0,False
2017-07-01 10:00:00+00:00,2.35,2.25,0.175,0.993819754464286,0.0,0.993819754464286,0.0,3.3677107686207712,4.311839535361843,2.25,0.0,1.093819754464286,0.0,0.993819754464286,0.19141845703125,0.0099381975446428,0.0,-0.1699431780133928,0.2013566545758929,0.0314134765625,0.0,0.0,0.0,0.2013566545758929,stochastic,False,7.65258367270158,8.577352383418267,9.432234751524202,7.65258367270158,0.1955588000128045,4.440892098500626e-16,2.5,42,summer,main,0.0,True,2017-07-01 10:00:00+00:00,2017-07-01 10:00:00+00:00,0.0,2.1643543061755954,2.5856294177827386,1.0055106026785716,3.513532366071429,1.7607421875,3.343819754464286,0.6829395045124804,-0.0856456938244045,True,12.0,7.65258367270158,9.432234751524202,0.0,False
2017-07-01 11:00:00+00:00,2.35,2.490234375,0.175,1.0388310929461808,0.0,1.0388310929461808,0.0,4.311839535361843,5.298729073660715,2.490234375,0.0,0.8985967179461811,0.0,1.0388310929461808,0.1572544256405816,0.0103883109294618,0.0,-0.1776401168937969,0.1676427365700434,-0.0099973803237534,0.0,0.0,2.220446049250313e-16,0.1676427365700434,stochastic,False,7.868497444079879,9.615599729479566,9.628822482610769,7.868497444079879,0.1867898000637069,4.440892098500626e-16,2.5,42,summer,main,0.0,True,2017-07-01 11:00:00+00:00,2017-07-01 11:00:00+00:00,0.0,2.357924107142857,2.4537295386904763,1.0777064732142856,3.8646763392857135,1.2041015625,3.52490234375,0.9995981037852808,-0.132310267857143,True,12.0,7.868497444079879,9.628822482610769,0.0,False
2017-07-01 12:00:00+00:00,2.35,3.53515625,0.175,0.2779994419642859,0.0,0.2779994419642859,0.0,5.298729073660715,5.562828543526786,2.627999441964286,0.907156808035714,0.0,0.0,0.2779994419642859,0.0,0.0027799944196428,0.0,-0.0475379045758928,0.0027799944196428,-0.0447579101562499,0.0,0.0,0.0,0.0027799944196428,stochastic,False,7.707305264104275,8.367418555011799,10.061522711786388,7.707305264104275,0.2797851000213995,8.881784197001252e-16,2.5,42,summer,main,0.0,True,2017-07-01 12:00:00+00:00,2017-07-01 12:00:00+00:00,0.0,2.359293619791667,2.138387044270833,0.127999441964286,3.1530412946428577,0.83056640625,3.1530412946428577,0.9982284219525211,-1.175862630208333,True,12.0,7.707305264104275,10.061522711786388,0.0,False
2017-07-01 13:00:00+00:00,2.35,3.125,0.175,0.4325753348214278,0.0,0.4325753348214278,0.0,5.562828543526786,5.973775111607142,2.782575334821428,0.342424665178572,0.0,0.0,0.4325753348214278,0.0,0.0043257533482142,0.0,-0.0739703822544641,0.0043257533482142,-0.0696446289062498,0.0,0.0,0.0,0.0043257533482142,stochastic,False,7.681088197338647,9.819790549444903,10.301524241585415,7.681088197338647,0.2197250000899657,8.881784197001252e-16,2.5,42,summer,main,0.0,True,2017-07-01 13:00:00+00:00,2017-07-01 13:00:00+00:00,0.0,2.3448114304315477,2.5739571707589284,0.2825753348214279,3.676199776785714,0.7726004464285712,3.349609375,0.9655823795131496,-0.7801885695684527,True,12.0,7.681088197338647,10.301524241585415,0.0,False
2017-07-01 14:00:00+00:00,2.35,1.7802734375,0.175,0.3700753348214287,0.0,0.3700753348214287,0.0,5.973775111607142,6.325346679687499,1.7802734375,0.0,0.9398018973214288,0.0,0.3700753348214287,0.16446533203125,0.0037007533482142,0.0,-0.0632828822544642,0.1681660853794643,0.104883203125,0.0,0.0,0.0,0.1681660853794643,stochastic,False,7.235589079686727,7.580621085006219,9.045700865654943,7.235589079686727,0.2905752999940887,1.2656542480726783e-14,2.5,42,summer,main,0.0,True,2017-07-01 14:00:00+00:00,2017-07-01 14:00:00+00:00,0.0,1.804375930059524,1.558140345982143,0.2200753348214288,2.981794084821429,0.3968331473214286,2.464564732142857,0.95202722927416,0.0241024925595239,True,12.0,7.235589079686727,9.045700865654943,0.0,False
2017-07-01 15:00:00+00:00,2.35,1.099609375,0.175,0.0190011160714287,0.0,0.0190011160714287,0.0,6.325346679687499,6.343397739955356,1.099609375,0.0,1.2693917410714288,0.0,0.0190011160714287,0.2221435546875,0.0001900111607142,0.0,-0.0032491908482142,0.2223335658482143,0.219084375,0.0,0.0,0.0,0.2223335658482143,stochastic,False,7.775230787468756,9.573719670422395,9.67518743641534,7.775230787468756,0.2500949000241235,1.2656542480726783e-14,2.5,42,summer,main,0.0,True,2017-07-01 15:00:00+00:00,2017-07-01 15:00:00+00:00,0.0,1.272573707217262,1.3426048642113095,0.1588309151785716,2.369001116071429,0.2750418526785716,2.1452985491071432,0.7740328142370898,0.172964332217262,True,12.0,7.775230787468756,9.67518743641534,0.0,False
2017-07-01 16:00:00+00:00,2.35,0.775390625,0.175,0.0,0.0,0.0,0.0,6.343397739955356,6.343397739955356,0.775390625,0.0,1.574609375,0.0,0.0,0.275556640625,0.0,0.0,-0.0,0.275556640625,0.275556640625,0.0,0.0,0.0,0.275556640625,stochastic,False,8.317858936240343,9.67776228269037,9.731169249407294,8.317858936240343,0.1815499000949785,8.881784197001252e-16,2.5,42,summer,main,0.0,True,2017-07-01 16:00:00+00:00,2017-07-01 16:00:00+00:00,0.0,0.7651774088541667,0.6583310081845238,0.0174386160714286,1.6739676339285714,0.0174386160714286,1.2769252232142858,0.5045634571575192,-0.0102132161458332,True,12.0,8.317858936240343,9.731169249407294,0.0,False
2017-07-01 17:00:00+00:00,3.2,0.57421875,0.2,0.0,2.390778459821429,0.0,2.390778459821429,6.343397739955356,3.8267888348801673,0.57421875,0.0,0.2350027901785711,0.0,2.390778459821429,0.0470005580357142,0.0239077845982142,0.0,0.4529896029135339,0.0709083426339285,0.5238979455474625,0.0,0.0,0.0,0.0709083426339285,stochastic,False,8.671634881311352,9.815509903818388,10.08197182481554,8.671634881311352,0.1997650999110192,4.440892098500626e-16,2.5,42,summer,main,0.0,True,2017-07-01 17:00:00+00:00,2017-07-01 17:00:00+00:00,0.0,0.3129138764880952,0.4079182942708332,0.1593889508928571,0.8092215401785714,0.1951729910714285,0.60205078125,0.2033455347843694,-0.2613048735119048,True,12.0,8.671634881311352,10.08197182481554,0.0,False
2017-07-01 18:00:00+00:00,3.2,0.0751953125,0.2,0.0,0.8354493931361583,0.0,0.8354493931361583,3.8267888348801673,2.9473684210526323,0.0751953125,0.0,2.2893552943638418,0.0,0.8354493931361583,0.4578710588727683,0.0083544939313615,0.0,0.1582956744889563,0.4662255528041299,0.6245212272930862,0.0,0.0,0.0,0.4662255528041299,stochastic,False,8.323489460073425,9.809020939311171,10.077493252117318,8.323489460073425,0.2079137999098748,8.881784197001252e-16,2.5,42,summer,main,0.0,True,2017-07-01 18:00:00+00:00,2017-07-01 18:00:00+00:00,0.0,0.0406389508928571,0.0664876302083333,0.0,0.1323939732142857,0.0348772321428571,0.10888671875,0.0352513053519713,-0.0345563616071428,True,12.0,8.323489460073425,10.077493252117318,0.0,False
2017-07-01 19:00:00+00:00,3.2,0.0,0.2,0.0,0.7000000000000002,0.0,0.7000000000000002,2.9473684210526323,2.2105263157894743,0.0,0.0,2.5,0.0,0.7000000000000002,0.5,0.007,0.0,0.1326315789473684,0.507,0.6396315789473684,0.0,0.0,0.0,0.507,stochastic,False,8.064795512239302,9.648265039526242,10.07876761673793,8.064795512239302,0.3339049000060186,8.881784197001252e-16,2.5,42,summer,main,0.0,True,2017-07-01 19:00:00+00:00,2017-07-01 19:00:00+00:00,0.0,0.0,0.0010695684523809,0.0,0.0048828125,0.0,0.0048828125,0.001901226850517,0.0,False,12.0,8.064795512239302,10.07876761673793,0.0,False
2017-07-01 20:00:00+00:00,3.2,0.0,0.2,0.0,0.7000000000000002,0.0,0.7000000000000002,2.2105263157894743,1.4736842105263164,0.0,0.0,2.5,0.0,0.7000000000000002,0.5,0.007,0.0,0.1326315789473684,0.507,0.6396315789473684,0.0,0.0,0.0,0.507,stochastic,False,7.852852674084488,9.659437679699868,9.801475379733516,7.852852674084488,0.3564573000185191,1.1102230246251563e-15,2.5,42,summer,main,0.0,True,2017-07-01 20:00:00+00:00,2017-07-01 20:00:00+00:00,0.0,0.0,0.0,0.0,0.0,0.0,0.0,0.0,0.0,False,12.0,7.852852674084488,9.801475379733516,0.0,False
2017-07-01 21:00:00+00:00,3.2,0.0,0.2,0.0,0.7000000000000002,0.0,0.7000000000000002,1.4736842105263164,0.7368421052631583,0.0,0.0,2.5,0.0,0.7000000000000002,0.5,0.007,0.0,0.1326315789473684,0.507,0.6396315789473684,0.0,0.0,0.0,0.507,stochastic,False,7.878626280370324,9.413978761794493,10.01621359129346,7.878626280370324,0.2918701999587938,8.881784197001252e-16,2.5,42,summer,main,0.0,True,2017-07-01 21:00:00+00:00,2017-07-01 21:00:00+00:00,0.0,0.0,0.0,0.0,0.0,0.0,0.0,0.0,0.0,False,12.0,7.878626280370324,10.01621359129346,0.0,False
2017-07-01 22:00:00+00:00,3.2,0.0,0.16,0.0,0.7000000000000002,0.0,0.7000000000000002,0.7368421052631583,2.220446049250313e-16,0.0,0.0,2.5,0.0,0.7000000000000002,0.4,0.007,0.0,0.1326315789473684,0.407,0.5396315789473685,0.0,0.0,0.0,0.407,stochastic,False,7.355573686359757,8.764468725653566,9.917010856738113,7.355573686359757,0.2281944999704137,8.881784197001252e-16,2.5,42,summer,main,0.0,True,2017-07-01 22:00:00+00:00,2017-07-01 22:00:00+00:00,0.0,0.0,0.0,0.0,0.0,0.0,0.0,0.0,0.0,False,12.0,7.355573686359757,9.917010856738113,0.0,False
2017-07-01 23:00:00+00:00,2.35,0.0,0.16,0.1500000000000001,0.0,0.1499999999999999,0.0,2.220446049250313e-16,0.1425000000000001,0.0,0.0,2.5,0.0,0.1499999999999999,0.4,0.0014999999999999,0.0,-0.0256499999999999,0.4015,0.37585,2.220446049250313e-16,0.0,0.0,0.4015,stochastic,False,8.605717032253322,10.158378008716795,10.199857228778152,8.605717032253322,0.3178138000657782,1.5987211554602254e-14,2.5,42,summer,main,0.0,True,2017-07-01 23:00:00+00:00,2017-07-01 23:00:00+00:00,0.0,0.0,0.0,0.0,0.0,0.0,0.0,0.0,0.0,False,12.0,8.605717032253322,10.199857228778152,0.0,False
2017-07-02 00:00:00+00:00,2.35,0.0,0.16,0.1499999999999999,0.0,0.1499999999999999,0.0,0.1425000000000001,0.285,0.0,0.0,2.5,0.0,0.1499999999999999,0.4,0.0014999999999999,0.0,-0.0256499999999999,0.4015,0.37585,0.0,0.0,0.0,0.4015,stochastic,False,8.339788965612465,9.692013856985186,9.692013856985186,8.339788965612465,0.2168939000694081,4.8627768478581856e-14,2.5,42,summer,main,0.0,True,2017-07-02 00:00:00+00:00,2017-07-02 00:00:00+00:00,0.0,0.0,0.0,0.0,0.0,0.0,0.0,0.0,0.0,False,12.0,8.339788965612465,9.692013856985186,0.0,False
2017-07-02 01:00:00+00:00,2.35,0.0,0.16,0.1499999999999999,0.0,0.1499999999999999,0.0,0.285,0.4274999999999999,0.0,0.0,2.5,0.0,0.1499999999999999,0.4,0.0014999999999999,0.0,-0.0256499999999999,0.4015,0.37585,0.0,0.0,0.0,0.4015,stochastic,False,7.995324617466969,9.651763856985186,9.793801557018831,7.995324617466969,0.2389926000032574,1.7763568394002505e-15,2.5,42,summer,main,0.0,True,2017-07-02 01:00:00+00:00,2017-07-02 01:00:00+00:00,0.0,0.0,0.0,0.0,0.0,0.0,0.0,0.0,0.0,False,12.0,7.995324617466969,9.793801557018831,0.0,False
2017-07-02 02:00:00+00:00,2.35,0.0,0.16,0.1499999999999999,0.0,0.1499999999999999,0.0,0.4274999999999999,0.5699999999999998,0.0,0.0,2.5,0.0,0.1499999999999999,0.4,0.0014999999999999,0.0,-0.0256499999999999,0.4015,0.37585,0.0,0.0,0.0,0.4015,stochastic,False,7.541571680145603,8.694827451415339,8.736850844698866,7.541571680145603,0.3489699000492692,8.881784197001252e-16,2.5,42,summer,main,0.0,True,2017-07-02 02:00:00+00:00,2017-07-02 02:00:00+00:00,0.0,0.0,0.0,0.0,0.0,0.0,0.0,0.0,0.0,False,12.0,7.541571680145603,8.736850844698866,0.0,False
2017-07-02 03:00:00+00:00,2.35,0.0,0.16,0.1499999999999999,0.0,0.1499999999999999,0.0,0.5699999999999998,0.7124999999999997,0.0,0.0,2.5,0.0,0.1499999999999999,0.4,0.0014999999999999,0.0,-0.0256499999999999,0.4015,0.3758500000000001,0.0,0.0,0.0,0.4015,stochastic,False,8.175902099961771,10.037628008716796,10.079107228778152,8.175902099961771,0.2548251000698656,1.7763568394002505e-15,2.5,42,summer,main,0.0,True,2017-07-02 03:00:00+00:00,2017-07-02 03:00:00+00:00,0.0,0.0,0.0007556733630952,0.0,0.0045340401785714,0.0,0.0045340401785714,0.0016897370086668,0.0,False,12.0,8.175902099961771,10.079107228778152,0.0,False
2017-07-02 04:00:00+00:00,2.35,0.009765625,0.16,0.1531389508928571,0.0,0.1531389508928571,0.0,0.7124999999999997,0.857982003348214,0.009765625,0.0,2.493373325892857,0.0,0.1531389508928571,0.3989397321428571,0.0015313895089285,0.0,-0.0261867606026785,0.4004711216517857,0.3742843610491072,0.0,0.0,0.0,0.4004711216517857,stochastic,False,7.0967058323649495,7.724381105158042,9.618965462104326,7.0967058323649495,0.1897018000017851,8.881784197001252e-16,2.5,42,summer,main,0.0,True,2017-07-02 04:00:00+00:00,2017-07-02 04:00:00+00:00,0.0,0.0270786830357142,0.0479910714285714,0.0031389508928571,0.0788225446428571,0.0126953125,0.0788225446428571,0.0260330912685124,0.0173130580357142,True,12.0,7.0967058323649495,9.618965462104326,0.0,False
2017-07-02 05:00:00+00:00,2.35,0.060546875,0.16,0.1827845982142855,0.0,0.1827845982142855,0.0,0.857982003348214,1.0316273716517852,0.060546875,0.0,2.4722377232142856,0.0,0.1827845982142855,0.3955580357142857,0.0018278459821428,0.0,-0.0312561662946428,0.3973858816964286,0.3661297154017857,0.0,0.0,0.0,0.3973858816964286,stochastic,False,7.620862082371902,9.413044791962944,9.413044791962944,7.620862082371902,0.3642086000181734,1.3322676295501878e-15,2.5,42,summer,main,0.0,True,2017-07-02 05:00:00+00:00,2017-07-02 05:00:00+00:00,0.0,0.1216750372023809,0.1233433314732143,0.0327845982142857,0.3074776785714286,0.0505719866071428,0.3074776785714286,0.0886664400587429,0.0611281622023809,True,12.0,7.620862082371902,9.413044791962944,0.0,False
2017-07-02 06:00:00+00:00,2.8000000000000003,0.1396484375,0.16,0.0,0.2420340401785718,0.0,0.2420340401785718,1.0316273716517852,0.7768546977796043,0.1396484375,0.0,2.4183175223214284,0.0,0.2420340401785718,0.3869308035714285,0.0024203404017857,0.0,0.0458590812969925,0.3893511439732143,0.4352102252702068,0.0,0.0,0.0,0.3893511439732143,stochastic,False,7.463841699215181,8.233933477589172,9.623588723797956,7.463841699215181,0.302977200015448,1.3322676295501878e-15,2.5,42,summer,main,0.0,True,2017-07-02 06:00:00+00:00,2017-07-02 06:00:00+00:00,0.0,0.2891880580357142,0.3016531808035714,0.0579659598214284,0.48388671875,0.1030273437499999,0.4704938616071428,0.1369453902013488,0.1495396205357142,True,12.0,7.463841699215181,9.623588723797956,0.0,False
2017-07-02 07:00:00+00:00,2.8000000000000003,0.4599609375,0.16,0.0736746651785709,0.0,0.0736746651785709,0.0,0.7768546977796043,0.8468456296992466,0.4599609375,0.0,2.413713727678571,0.0,0.0736746651785709,0.3861941964285714,0.0007367466517857,0.0,-0.0125983677455356,0.3869309430803571,0.3743325753348214,0.0,0.0,0.0,0.3869309430803571,stochastic,False,7.571395958893007,9.809136054465936,9.809136054465936,7.571395958893007,0.2242377999937161,5.10702591327572e-15,2.5,42,summer,main,0.0,True,2017-07-02 07:00:00+00:00,2017-07-02 07:00:00+00:00,0.0,0.7544212704613096,0.7754196893601191,0.3736746651785714,1.1260463169642858,0.3736746651785714,0.96630859375,0.2331806823573329,0.2944603329613096,True,12.0,7.571395958893007,9.809136054465936,0.0,False
2017-07-02 08:00:00+00:00,2.8000000000000003,0.560546875,0.175,0.0,0.0113560267857146,0.0,0.0113560267857146,0.8468456296992466,0.8348919172932311,0.560546875,0.0,2.2280970982142856,0.0,0.0113560267857146,0.3899169921875,0.0001135602678571,0.0,0.0021516682330827,0.3900305524553571,0.3921822206884399,0.0,0.0,0.0,0.3900305524553571,stochastic,False,7.599367324259839,9.257493878733378,9.7788316191791,7.599367324259839,0.2862975000170991,1.3322676295501878e-15,2.5,42,summer,main,0.0,True,2017-07-02 08:00:00+00:00,2017-07-02 08:00:00+00:00,0.0,1.3694382440476192,1.1286621093750002,0.2886439732142858,1.9989536830357144,0.46875,1.7360491071428572,0.5636475071825066,0.8088913690476192,True,12.0,7.599367324259839,9.7788316191791,0.0,False
2017-07-02 09:00:00+00:00,2.35,0.3095703125,0.175,0.2950195312499999,0.0,0.2950195312499999,0.0,0.8348919172932311,1.1151604719807309,0.3095703125,0.0,2.33544921875,0.0,0.2950195312499999,0.40870361328125,0.0029501953124999,0.0,-0.0504483398437499,0.41165380859375,0.36120546875,0.0,0.0,0.0,0.41165380859375,stochastic,False,7.119015375306473,7.686500039894661,7.825996909010938,7.119015375306473,0.2671814999775961,2.664535259100376e-15,2.5,42,summer,main,0.0,True,2017-07-02 09:00:00+00:00,2017-07-02 09:00:00+00:00,0.0,1.9163190569196429,2.087832496279762,1.3221261160714288,2.64501953125,1.3776506696428572,2.5166015625,0.4160152837064293,1.6067487444196429,True,12.0,7.119015375306473,7.825996909010938,0.0,False
2017-07-02 10:00:00+00:00,2.35,0.4951171875,0.175,0.6553013392857143,0.0,0.6451171874999999,0.0,1.1151604719807309,1.7280218001057308,0.4951171875,0.0,2.5,0.0,0.6451171874999999,0.4375,0.0064511718749999,0.0,-0.1103150390624999,0.443951171875,0.3336361328125,0.0101841517857144,0.0,0.0,0.443951171875,stochastic,False,7.560706199058818,9.091195287354903,9.715898924274091,7.560706199058818,0.3302208000095561,8.881784197001252e-15,2.5,42,summer,main,0.0,True,2017-07-02 10:00:00+00:00,2017-07-02 10:00:00+00:00,0.0,2.252942475818452,2.308558872767857,0.5053013392857144,3.6021205357142856,0.5053013392857144,3.432407924107143,1.0759515799065578,1.7578252883184522,True,12.0,7.560706199058818,9.715898924274091,0.0,False
2017-07-02 11:00:00+00:00,2.35,0.5947265625,0.175,1.1826450892857143,0.0,0.7447265624999999,0.0,1.7280218001057308,2.435512034480731,0.5947265625,0.0,2.5,0.0,0.7447265624999999,0.4375,0.0074472656249999,0.0,-0.1273482421875,0.444947265625,0.3175990234375,0.4379185267857144,0.0,0.0,0.444947265625,stochastic,False,7.141136090734232,7.89255207923695,9.109889051707276,7.141136090734232,0.2741624999325722,1.3322676295501878e-15,2.5,42,summer,main,0.0,True,2017-07-02 11:00:00+00:00,2017-07-02 11:00:00+00:00,0.0,2.441838727678572,2.635021391369048,1.0326450892857144,3.948590959821429,1.2880161830357144,3.6088169642857135,0.9628982605053072,1.8471121651785716,True,12.0,7.141136090734232,9.109889051707276,0.0,False
2017-07-02 12:00:00+00:00,2.35,0.515625,0.175,1.567550223214286,0.0,0.6656249999999999,0.0,2.435512034480731,3.067855784480731,0.515625,0.0,2.5,0.0,0.6656249999999999,0.4375,0.0066562499999999,0.0,-0.1138218749999999,0.44415625,0.3303343749999999,0.901925223214286,0.0,0.0,0.44415625,stochastic,False,7.470079157336554,8.588185801063364,9.060394788975463,7.470079157336554,0.2869154999498278,8.881784197001252e-16,2.5,42,summer,main,0.0,True,2017-07-02 12:00:00+00:00,2017-07-02 12:00:00+00:00,0.0,2.535423642113096,2.8890206473214284,1.417550223214286,4.074776785714286,1.5525948660714284,3.463099888392857,0.7803780289284872,2.019798642113096,True,12.0,7.470079157336554,9.060394788975463,0.0,False
2017-07-02 13:00:00+00:00,2.35,0.5947265625,0.175,1.4695452008928571,0.0,0.7447265624999999,0.0,3.067855784480731,3.77534601885573,0.5947265625,0.0,2.5,0.0,0.7447265624999999,0.4375,0.0074472656249999,0.0,-0.1273482421874999,0.444947265625,0.3175990234375,0.7248186383928572,0.0,0.0,0.444947265625,stochastic,False,7.26789556080142,8.945384904766803,8.945384904766803,7.26789556080142,0.3371893999865278,1.1390888232654106e-12,2.5,42,summer,main,0.0,True,2017-07-02 13:00:00+00:00,2017-07-02 13:00:00+00:00,0.0,2.4962483723958333,2.712268647693453,1.3195452008928572,3.82763671875,1.3195452008928572,3.272112165178572,0.7204646224523468,1.9015218098958333,True,12.0,7.26789556080142,8.945384904766803,0.0,False
2017-07-02 14:00:00+00:00,2.35,0.2646484375,0.175,0.1499999999999999,0.0,0.1499999999999999,0.0,3.77534601885573,3.9178460188557303,0.2646484375,0.0,2.2353515625,0.0,0.1499999999999999,0.3911865234375,0.0014999999999999,0.0,-0.02565,0.3926865234375,0.3670365234375,0.0,0.0,0.0,0.3926865234375,stochastic,False,7.4936334086982415,9.08366508166232,9.119406257840671,7.4936334086982415,0.3183560000034049,8.881784197001252e-16,2.5,42,summer,main,0.0,True,2017-07-02 14:00:00+00:00,2017-07-02 14:00:00+00:00,0.0,1.8586449032738093,1.6997128441220235,0.0,2.85302734375,0.0,2.85302734375,1.1203698815384913,1.5939964657738095,True,12.0,7.4936334086982415,9.119406257840671,0.0,False
2017-07-02 15:00:00+00:00,2.35,0.46484375,0.175,0.2125053716734305,0.0,0.2125053716734305,0.0,3.9178460188557303,4.11972612194549,0.46484375,0.0,2.0976616216734305,0.0,0.2125053716734305,0.3670907837928503,0.0021250537167343,0.0,-0.0363384185561567,0.3692158375095846,0.3328774189534279,0.0,0.0,-1.3877787807814454e-16,0.3692158375095846,stochastic,False,7.361960795272497,8.924792755855254,9.498422671607363,7.361960795272497,0.4623498000437394,2.731148640577885e-14,2.5,42,summer,main,0.0,True,2017-07-02 15:00:00+00:00,2017-07-02 15:00:00+00:00,0.0,1.301870582217262,1.3334786551339286,0.2168666294642858,2.254115513392857,0.3043387276785716,2.254115513392857,0.8293135561267336,0.837026832217262,True,12.0,7.361960795272497,9.498422671607363,0.0,False
2017-07-02 16:00:00+00:00,2.35,0.23046875,0.175,0.0074064169469722,0.0,0.0074064169469722,0.0,4.11972612194549,4.126762218045114,0.23046875,0.0,2.126937666946972,0.0,0.0074064169469722,0.3722140917157201,7.406416946972248e-05,0.0,-0.0012664972979322,0.3722881558851898,0.3710216585872575,0.0,0.0,-1.6393136847980827e-16,0.3722881558851898,stochastic,False,7.578462778221875,9.31652198423047,9.607812044606831,7.578462778221875,0.3430394000606611,5.52891066263328e-14,2.5,42,summer,main,0.0,True,2017-07-02 16:00:00+00:00,2017-07-02 16:00:00+00:00,0.0,0.7669910249255952,1.0011683872767858,0.3572823660714285,1.50537109375,0.5016741071428571,1.4650530133928572,0.4117151539344923,0.5365222749255952,True,12.0,7.578462778221875,9.607812044606831,0.0,False
2017-07-02 17:00:00+00:00,3.2,0.1044921875,0.2,0.0,0.4853655133928574,0.0,0.4853655133928574,4.126762218045114,3.6158511513157903,0.1044921875,0.0,2.5,0.1101422991071428,0.4853655133928574,0.5,0.0048536551339285,1.101422991071428,0.0919639920112782,1.6062766462053566,1.6982406382166348,0.0,0.0,0.0,0.5048536551339285,stochastic,False,7.203635120556926,9.016999164047814,9.32782691620816,7.203635120556926,0.2822204000549391,1.2989609388114334e-13,2.5,42,summer,main,0.0,True,2017-07-02 17:00:00+00:00,2017-07-02 17:00:00+00:00,0.0,0.3274925595238095,0.4419061569940476,0.1512974330357143,0.7201450892857143,0.1576450892857143,0.6817103794642857,0.2057595640729704,0.2230003720238095,True,12.0,7.203635120556926,9.32782691620816,0.0,False
2017-07-02 18:00:00+00:00,3.2,0.015625,0.2,0.0,0.6350585937500001,0.0,0.6350585937500001,3.6158511513157903,2.9473684210526323,0.015625,0.0,2.5,0.04931640625,0.6350585937500001,0.5,0.0063505859375,0.4931640625,0.1203268914473684,0.9995146484375,1.1198415398848685,0.0,0.0,0.0,0.5063505859375,stochastic,False,6.960100112746264,9.11198604391839,9.155670175359052,6.960100112746264,0.5993820000439882,7.327471962526033e-14,2.5,42,summer,main,0.0,True,2017-07-02 18:00:00+00:00,2017-07-02 18:00:00+00:00,0.0,0.0416852678571428,0.0706263950892857,0.0088588169642857,0.1102120535714285,0.0254603794642857,0.1099330357142857,0.0324662198486698,0.0260602678571428,True,12.0,6.960100112746264,9.155670175359052,0.0,False
2017-07-02 19:00:00+00:00,3.2,0.0,0.2,0.0,0.7000000000000001,0.0,0.7000000000000001,2.9473684210526323,2.2105263157894743,0.0,0.0,2.5,0.0,0.7000000000000001,0.5,0.007,0.0,0.1326315789473684,0.507,0.6396315789473684,0.0,0.0,0.0,0.507,stochastic,False,7.496477981556676,9.069986300908525,9.323239364776486,7.496477981556676,0.3046562001109123,1.1768364061026661e-14,2.5,42,summer,main,0.0,True,2017-07-02 19:00:00+00:00,2017-07-02 19:00:00+00:00,0.0,0.0,0.0023425874255952,0.0,0.0250418526785714,0.0,0.0030691964285714,0.006896023988102,0.0,False,12.0,7.496477981556676,9.323239364776486,0.0,False
2017-07-02 20:00:00+00:00,3.2,0.0,0.2,0.0,0.7000000000000003,0.0,0.7000000000000003,2.2105263157894743,1.4736842105263162,0.0,0.0,2.5,0.0,0.7000000000000003,0.5,0.007,0.0,0.1326315789473684,0.507,0.6396315789473684,0.0,0.0,0.0,0.507,stochastic,False,6.903569895036869,8.61287610519218,8.957076415793308,6.903569895036869,0.3940285000717267,1.858513343222512e-13,2.5,42,summer,main,0.0,True,2017-07-02 20:00:00+00:00,2017-07-02 20:00:00+00:00,0.0,0.0,0.0,0.0,0.0,0.0,0.0,0.0,0.0,False,12.0,6.903569895036869,8.957076415793308,0.0,False
2017-07-02 21:00:00+00:00,3.2,0.0,0.2,0.0,0.7000000000000002,0.0,0.7000000000000002,1.4736842105263162,0.7368421052631581,0.0,0.0,2.5,0.0,0.7000000000000002,0.5,0.007,0.0,0.1326315789473684,0.507,0.6396315789473684,0.0,0.0,0.0,0.507,stochastic,False,6.568170840610132,7.602026422403666,8.402991130713747,6.568170840610132,0.2707783000078052,4.7441901409063e-14,2.5,42,summer,main,0.0,True,2017-07-02 21:00:00+00:00,2017-07-02 21:00:00+00:00,0.0,0.0,0.0,0.0,0.0,0.0,0.0,0.0,0.0,False,12.0,6.568170840610132,8.402991130713747,0.0,False
2017-07-02 22:00:00+00:00,3.2,0.0,0.16,0.0,0.7000000000000002,0.0,0.7000000000000001,0.7368421052631581,1.1102230246251563e-16,0.0,0.0,2.5,0.0,0.7000000000000001,0.4,0.007,0.0,0.1326315789473684,0.407,0.5396315789473685,0.0,1.1102230246251563e-16,0.0,0.407,stochastic,False,6.963050105145675,8.926653320018797,9.175788932869894,6.963050105145675,0.3322471999563277,1.3322676295501878e-14,2.5,42,summer,main,0.0,True,2017-07-02 22:00:00+00:00,2017-07-02 22:00:00+00:00,0.0,0.0,0.0,0.0,0.0,0.0,0.0,0.0,0.0,False,12.0,6.963050105145675,9.175788932869894,0.0,False
2017-07-02 23:00:00+00:00,2.35,0.0,0.16,0.1499999999999998,0.0,0.1499999999999998,0.0,1.1102230246251563e-16,0.1424999999999999,0.0,0.0,2.5,0.0,0.1499999999999998,0.4,0.0014999999999999,0.0,-0.0256499999999999,0.4015,0.3758500000000001,0.0,0.0,8.326672684688674e-17,0.4015,stochastic,False,7.53672680171007,9.175984476492744,9.175984476492744,7.53672680171007,0.3206858999328688,7.993605777301127e-15,2.5,42,summer,main,0.0,True,2017-07-02 23:00:00+00:00,2017-07-02 23:00:00+00:00,0.0,0.0,0.0,0.0,0.0,0.0,0.0,0.0,0.0,False,12.0,7.53672680171007,9.175984476492744,0.0,False
2017-07-01 00:00:00+00:00,2.35,0.0,0.16,0.1499999999999999,0.0,0.1499999999999999,0.0,4.0,4.1425,0.0,0.0,2.5,0.0,0.1499999999999999,0.4,0.0014999999999999,0.0,-0.02565,0.4015,0.37585,0.0,0.0,0.0,0.4015,cvar_0.5,False,7.947273421282085,9.972298007463728,9.972298007463726,8.959785714372906,0.2582583000184968,2.5979218776228663e-14,2.5,42,summer,main,0.5,True,2017-07-01 00:00:00+00:00,2017-07-01 00:00:00+00:00,0.0,0.0,0.0,0.0,0.0,0.0,0.0,0.0,0.0,False,12.0,7.947273421282085,9.972298007463726,0.0,False
2017-07-01 01:00:00+00:00,2.35,0.0,0.16,0.0,0.0,0.0,0.0,4.1425,4.1425,0.0,0.0,2.35,0.0,0.0,0.376,0.0,0.0,-0.0,0.376,0.376,0.0,0.0,0.0,0.376,cvar_0.5,False,7.833645083774958,9.556108512137277,9.705273720935638,8.769459402355299,0.194403399946168,1.0658141036401504e-14,2.5,42,summer,main,0.5,True,2017-07-01 01:00:00+00:00,2017-07-01 01:00:00+00:00,0.0,0.0,0.0,0.0,0.0,0.0,0.0,0.0,0.0,False,12.0,7.833645083774958,9.705273720935638,0.0,False
2017-07-01 02:00:00+00:00,2.35,0.0,0.16,0.0,0.0,0.0,0.0,4.1425,4.1425,0.0,0.0,2.35,0.0,0.0,0.376,0.0,0.0,-0.0,0.376,0.376,0.0,0.0,0.0,0.376,cvar_0.5,False,7.787373443923266,9.80416902921108,10.24193709196859,9.014655267945928,0.235966800013557,8.881784197001252e-16,2.5,42,summer,main,0.5,True,2017-07-01 02:00:00+00:00,2017-07-01 02:00:00+00:00,0.0,0.0,0.0,0.0,0.0,0.0,0.0,0.0,0.0,False,12.0,7.787373443923266,10.24193709196859,0.0,False
2017-07-01 03:00:00+00:00,2.35,0.0,0.16,0.1499999999999999,0.0,0.1499999999999999,0.0,4.1425,4.285,0.0,0.0,2.5,0.0,0.1499999999999999,0.4,0.0014999999999999,0.0,-0.02565,0.4015,0.37585,0.0,0.0,0.0,0.4015,cvar_0.5,False,7.824480572579369,8.900235877511163,9.44673078136626,8.635605676972814,0.2370950999902561,4.329869796038111e-14,2.5,42,summer,main,0.5,True,2017-07-01 03:00:00+00:00,2017-07-01 03:00:00+00:00,0.0,0.0,0.0003778366815476,0.0,0.0045340401785714,0.0,0.0,0.0012531425047264,0.0,False,12.0,7.824480572579369,9.44673078136626,0.0,False
2017-07-01 04:00:00+00:00,2.35,0.10546875,0.16,0.0,0.0,0.0,0.0,4.285,4.285,0.10546875,0.0,2.24453125,0.0,0.0,0.359125,0.0,0.0,-0.0,0.359125,0.359125,0.0,0.0,0.0,0.359125,cvar_0.5,False,8.408497757510231,9.972666593191969,10.270083681291853,9.339290719401042,0.3021788999903947,4.329869796038111e-14,2.5,42,summer,main,0.5,True,2017-07-01 04:00:00+00:00,2017-07-01 04:00:00+00:00,0.0,0.0220563616071428,0.02490234375,0.0,0.0740094866071428,0.0032784598214285,0.0656389508928571,0.0239419264353573,-0.0834123883928571,True,12.0,8.408497757510231,10.270083681291853,0.0,False
2017-07-01 05:00:00+00:00,2.35,0.25,0.16,0.1360843515037598,0.0,0.1360843515037598,0.0,4.285,4.414280133928572,0.25,0.0,2.23608435150376,0.0,0.1360843515037598,0.3577734962406015,0.0013608435150375,0.0,-0.0232704241071429,0.3591343397556392,0.3358639156484962,0.0,0.0,-1.1102230246251563e-16,0.3591343397556392,cvar_0.5,False,8.200162568040689,10.256601083617246,10.313843825277717,9.257003196659202,0.1988161000190302,3.552713678800501e-15,2.5,42,summer,main,0.5,True,2017-07-01 05:00:00+00:00,2017-07-01 05:00:00+00:00,0.0,0.1059105282738095,0.1257672991071428,0.0170200892857142,0.2432338169642857,0.0230887276785714,0.2432338169642857,0.0921826556954103,-0.1440894717261904,True,12.0,8.200162568040689,10.313843825277717,0.0,False
2017-07-01 06:00:00+00:00,2.8000000000000003,0.3798828125,0.16,0.0,0.2677036830357147,0.0,0.2677036830357147,4.414280133928572,4.132486783364662,0.3798828125,0.0,2.1524135044642856,0.0,0.2677036830357147,0.3443861607142857,0.0026770368303571,0.0,0.0507228031015037,0.3470631975446428,0.3977860006461466,0.0,0.0,0.0,0.3470631975446428,cvar_0.5,False,7.688991118656428,9.731145086123256,10.15236537374438,8.920678246200405,0.2182661000406369,3.552713678800501e-15,2.5,42,summer,main,0.5,True,2017-07-01 06:00:00+00:00,2017-07-01 06:00:00+00:00,0.0,0.2635184151785714,0.2595738002232143,0.0322963169642857,0.4582170758928572,0.091796875,0.4582170758928572,0.129565010679347,-0.1163643973214285,True,12.0,7.688991118656428,10.15236537374438,0.0,False
2017-07-01 07:00:00+00:00,2.8000000000000003,1.0400390625,0.16,0.0,0.032212611607143,0.0,0.032212611607143,4.132486783364662,4.098578771146617,1.0400390625,0.0,1.7277483258928572,0.0,0.032212611607143,0.2764397321428571,0.0003221261160714,0.0,0.0061034421992481,0.2767618582589286,0.2828653004581767,0.0,0.0,0.0,0.2767618582589286,cvar_0.5,False,7.580638379770508,9.7118613427071,9.7118613427071,8.646249861238804,0.3672878999495879,1.7763568394002505e-15,2.5,42,summer,main,0.5,True,2017-07-01 07:00:00+00:00,2017-07-01 07:00:00+00:00,0.0,0.680830310639881,0.7401820591517859,0.2677873883928572,0.9568219866071428,0.2677873883928572,0.9568219866071428,0.2410700007889194,-0.359208751860119,True,12.0,7.580638379770508,9.7118613427071,0.0,False
2017-07-01 08:00:00+00:00,2.8000000000000003,1.349609375,0.175,0.0,0.095270647321429,0.0,0.095270647321429,4.098578771146617,3.998293879229323,1.349609375,0.0,1.3551199776785712,0.0,0.095270647321429,0.2371459960937499,0.0009527064732142,0.0,0.0180512805451128,0.2380987025669642,0.2561499831120771,0.0,0.0,0.0,0.2380987025669642,cvar_0.5,False,7.44138917569648,8.251665143926715,8.832360673955336,8.136874924825907,0.326285499962978,1.7763568394002505e-15,2.5,42,summer,main,0.5,True,2017-07-01 08:00:00+00:00,2017-07-01 08:00:00+00:00,0.0,1.2855236235119047,1.4206310453869044,0.2047293526785714,1.9150390625,0.8849051339285714,1.7132393973214284,0.4422847516547554,-0.0640857514880952,True,12.0,7.44138917569648,8.832360673955336,0.0,False
2017-07-01 09:00:00+00:00,2.35,2.46484375,0.175,0.0,0.0,0.0,0.0,3.998293879229323,3.998293879229323,2.35,0.1148437499999999,0.0,0.0,0.0,0.0,0.0,0.0,-0.0,0.0,0.0,0.0,0.0,0.0,0.0,cvar_0.5,False,8.133320633900434,9.675413033624874,9.850282686524386,8.99180166021241,0.2229416000191122,3.7470027081099025e-15,2.5,42,summer,main,0.5,True,2017-07-01 09:00:00+00:00,2017-07-01 09:00:00+00:00,0.0,1.7745779854910713,1.5163399832589282,0.1629464285714283,2.3748604910714284,0.7170758928571428,2.260184151785714,0.7106312887727518,-0.6902657645089287,True,12.0,8.133320633900434,9.850282686524386,0.0,False
2017-07-01 10:00:00+00:00,2.35,2.25,0.175,0.4778459821428575,0.0,0.4778459821428575,0.0,3.998293879229323,4.452247562265038,2.25,0.0,0.5778459821428577,0.0,0.4778459821428575,0.101123046875,0.0047784598214285,0.0,-0.0817116629464286,0.1059015066964286,0.0241898437499999,0.0,0.0,0.0,0.1059015066964286,cvar_0.5,False,7.671841300018935,8.570058546592314,9.424940914698247,8.548391107358592,0.3108427000697702,1.0658141036401504e-14,2.5,42,summer,main,0.5,True,2017-07-01 10:00:00+00:00,2017-07-01 10:00:00+00:00,0.0,2.1643543061755954,2.5856294177827386,1.0055106026785716,3.513532366071429,1.7607421875,3.343819754464286,0.6829395045124804,-0.0856456938244045,True,12.0,7.671841300018935,9.424940914698247,0.0,False
2017-07-01 11:00:00+00:00,2.35,2.490234375,0.175,1.0180245535714283,0.0,1.0180245535714283,0.0,4.452247562265038,5.419370888157895,2.490234375,0.0,0.8777901785714284,0.0,1.0180245535714283,0.1536132812499999,0.0101802455357142,0.0,-0.1740821986607142,0.1637935267857142,-0.0102886718749999,0.0,0.0,0.0,0.1637935267857142,cvar_0.5,False,7.872170344633136,9.615248117021071,9.628470870152272,8.750320607392704,0.2779142999788746,1.2656542480726783e-14,2.5,42,summer,main,0.5,True,2017-07-01 11:00:00+00:00,2017-07-01 11:00:00+00:00,0.0,2.357924107142857,2.4537295386904763,1.0777064732142856,3.8646763392857135,1.2041015625,3.52490234375,0.9995981037852808,-0.132310267857143,True,12.0,7.872170344633136,9.628470870152272,0.0,False
2017-07-01 12:00:00+00:00,2.35,3.53515625,0.175,0.2779994419642859,0.0,0.2779994419642859,0.0,5.419370888157895,5.683470358023966,2.627999441964286,0.907156808035714,0.0,0.0,0.2779994419642859,0.0,0.0027799944196428,0.0,-0.0475379045758928,0.0027799944196428,-0.0447579101562499,0.0,0.0,0.0,0.0027799944196428,cvar_0.5,False,7.707244943197026,8.367358234104554,10.06146239087914,8.884353667038082,0.1918303000275045,2.664535259100376e-15,2.5,42,summer,main,0.5,True,2017-07-01 12:00:00+00:00,2017-07-01 12:00:00+00:00,0.0,2.359293619791667,2.138387044270833,0.127999441964286,3.1530412946428577,0.83056640625,3.1530412946428577,0.9982284219525211,-1.175862630208333,True,12.0,7.707244943197026,10.06146239087914,0.0,False
2017-07-01 13:00:00+00:00,2.35,3.125,0.175,0.4325753348214278,0.0,0.4325753348214278,0.0,5.683470358023966,6.094416926104322,2.782575334821428,0.342424665178572,0.0,0.0,0.4325753348214278,0.0,0.0043257533482142,0.0,-0.0739703822544641,0.0043257533482142,-0.0696446289062498,0.0,0.0,0.0,0.0043257533482142,cvar_0.5,False,7.681027876431399,9.819730228537656,10.301463920678168,8.991245898554784,0.2586887000361457,5.3290705182007506e-15,2.5,42,summer,main,0.5,True,2017-07-01 13:00:00+00:00,2017-07-01 13:00:00+00:00,0.0,2.3448114304315477,2.5739571707589284,0.2825753348214279,3.676199776785714,0.7726004464285712,3.349609375,0.9655823795131496,-0.7801885695684527,True,12.0,7.681027876431399,10.301463920678168,0.0,False
2017-07-01 14:00:00+00:00,2.35,1.7802734375,0.175,0.1145647321428571,0.0,0.1145647321428571,0.0,6.094416926104322,6.203253421640036,1.7802734375,0.0,0.6842912946428572,0.0,0.1145647321428571,0.1197509765625,0.0011456473214285,0.0,-0.0195905691964285,0.1208966238839285,0.1013060546875,0.0,0.0,0.0,0.1208966238839285,cvar_0.5,False,7.2357991741673136,7.577104983197743,9.042184763846468,8.138991969006891,0.2291542999446392,1.2656542480726783e-14,2.5,42,summer,main,0.5,True,2017-07-01 14:00:00+00:00,2017-07-01 14:00:00+00:00,0.0,1.804375930059524,1.558140345982143,0.2200753348214288,2.981794084821429,0.3968331473214286,2.464564732142857,0.95202722927416,0.0241024925595239,True,12.0,7.2357991741673136,9.042184763846468,0.0,False
2017-07-01 15:00:00+00:00,2.35,1.099609375,0.175,0.0,0.0,0.0,0.0,6.203253421640036,6.203253421640036,1.099609375,0.0,1.250390625,0.0,0.0,0.218818359375,0.0,0.0,-0.0,0.218818359375,0.218818359375,0.0,0.0,0.0,0.218818359375,cvar_0.5,False,7.775311943612288,9.573523726956555,9.674991492949498,8.725151718280893,0.251894999993965,1.2656542480726783e-14,2.5,42,summer,main,0.5,True,2017-07-01 15:00:00+00:00,2017-07-01 15:00:00+00:00,0.0,1.272573707217262,1.3426048642113095,0.1588309151785716,2.369001116071429,0.2750418526785716,2.1452985491071432,0.7740328142370898,0.172964332217262,True,12.0,7.775311943612288,9.674991492949498,0.0,False
2017-07-01 16:00:00+00:00,2.35,0.775390625,0.175,0.0,0.0,0.0,0.0,6.203253421640036,6.203253421640036,0.775390625,0.0,1.574609375,0.0,0.0,0.275556640625,0.0,0.0,-0.0,0.275556640625,0.275556640625,0.0,0.0,0.0,0.275556640625,cvar_0.5,False,8.317929008399501,9.677832354849528,9.731239321566452,9.024584164982976,0.3326779999770224,7.327471962526033e-15,2.5,42,summer,main,0.5,True,2017-07-01 16:00:00+00:00,2017-07-01 16:00:00+00:00,0.0,0.7651774088541667,0.6583310081845238,0.0174386160714286,1.6739676339285714,0.0174386160714286,1.2769252232142858,0.5045634571575192,-0.0102132161458332,True,12.0,8.317929008399501,9.731239321566452,0.0,False
2017-07-01 17:00:00+00:00,3.2,0.57421875,0.2,0.0,2.390778459821429,0.0,2.390778459821429,6.203253421640036,3.686644516564847,0.57421875,0.0,0.2350027901785711,0.0,2.390778459821429,0.0470005580357142,0.0239077845982142,0.0,0.4529896029135339,0.0709083426339285,0.5238979455474625,0.0,0.0,0.0,0.0709083426339285,cvar_0.5,False,8.67170495347051,9.815579975977546,10.082041896974696,9.376873425222602,0.2533706999383867,1.7763568394002505e-15,2.5,42,summer,main,0.5,True,2017-07-01 17:00:00+00:00,2017-07-01 17:00:00+00:00,0.0,0.3129138764880952,0.4079182942708332,0.1593889508928571,0.8092215401785714,0.1951729910714285,0.60205078125,0.2033455347843694,-0.2613048735119048,True,12.0,8.67170495347051,10.082041896974696,0.0,False
2017-07-01 18:00:00+00:00,3.2,0.0751953125,0.2,0.0,0.7023122907366042,0.0,0.7023122907366042,3.686644516564847,2.9473684210526323,0.0751953125,0.0,2.422492396763396,0.0,0.7023122907366042,0.4844984793526792,0.007023122907366,0.0,0.1330696971921986,0.4915216022600452,0.6245912994522439,0.0,0.0,0.0,0.4915216022600452,cvar_0.5,False,8.323559532232583,9.80909101147033,10.077563324276475,9.20056142825453,0.2539361000526696,7.993605777301127e-15,2.5,42,summer,main,0.5,True,2017-07-01 18:00:00+00:00,2017-07-01 18:00:00+00:00,0.0,0.0406389508928571,0.0664876302083333,0.0,0.1323939732142857,0.0348772321428571,0.10888671875,0.0352513053519713,-0.0345563616071428,True,12.0,8.323559532232583,10.077563324276475,0.0,False
2017-07-01 19:00:00+00:00,3.2,0.0,0.2,0.0,0.7000000000000002,0.0,0.7000000000000002,2.9473684210526323,2.2105263157894743,0.0,0.0,2.5,0.0,0.7000000000000002,0.5,0.007,0.0,0.1326315789473684,0.507,0.6396315789473684,0.0,0.0,0.0,0.507,cvar_0.5,False,8.064795512239304,9.648265039526242,10.07876761673793,9.071781564488616,0.3529123000334948,2.664535259100376e-15,2.5,42,summer,main,0.5,True,2017-07-01 19:00:00+00:00,2017-07-01 19:00:00+00:00,0.0,0.0,0.0010695684523809,0.0,0.0048828125,0.0,0.0048828125,0.001901226850517,0.0,False,12.0,8.064795512239304,10.07876761673793,0.0,False
2017-07-01 20:00:00+00:00,3.2,0.0,0.2,0.0,0.7000000000000002,0.0,0.7000000000000002,2.2105263157894743,1.4736842105263164,0.0,0.0,2.5,0.0,0.7000000000000002,0.5,0.007,0.0,0.1326315789473684,0.507,0.6396315789473684,0.0,0.0,0.0,0.507,cvar_0.5,False,7.852852674084488,9.659437679699868,9.801475379733516,8.827164026909003,0.3422998999012634,1.915134717478395e-15,2.5,42,summer,main,0.5,True,2017-07-01 20:00:00+00:00,2017-07-01 20:00:00+00:00,0.0,0.0,0.0,0.0,0.0,0.0,0.0,0.0,0.0,False,12.0,7.852852674084488,9.801475379733516,0.0,False
2017-07-01 21:00:00+00:00,3.2,0.0,0.2,0.0,0.7000000000000002,0.0,0.7000000000000002,1.4736842105263164,0.7368421052631583,0.0,0.0,2.5,0.0,0.7000000000000002,0.5,0.007,0.0,0.1326315789473684,0.507,0.6396315789473684,0.0,0.0,0.0,0.507,cvar_0.5,False,7.878626280370324,9.413978761794494,10.01621359129346,8.947419935831892,0.3248398000141606,3.552713678800501e-15,2.5,42,summer,main,0.5,True,2017-07-01 21:00:00+00:00,2017-07-01 21:00:00+00:00,0.0,0.0,0.0,0.0,0.0,0.0,0.0,0.0,0.0,False,12.0,7.878626280370324,10.01621359129346,0.0,False
2017-07-01 22:00:00+00:00,3.2,0.0,0.16,0.0,0.7000000000000002,0.0,0.7000000000000002,0.7368421052631583,2.220446049250313e-16,0.0,0.0,2.5,0.0,0.7000000000000002,0.4,0.007,0.0,0.1326315789473684,0.407,0.5396315789473685,0.0,0.0,0.0,0.407,cvar_0.5,False,7.355573686359757,8.764468725653568,9.917010856738113,8.636292271548935,0.2554426999995485,1.0658141036401504e-14,2.5,42,summer,main,0.5,True,2017-07-01 22:00:00+00:00,2017-07-01 22:00:00+00:00,0.0,0.0,0.0,0.0,0.0,0.0,0.0,0.0,0.0,False,12.0,7.355573686359757,9.917010856738113,0.0,False
2017-07-01 23:00:00+00:00,2.35,0.0,0.16,0.1500000000000001,0.0,0.1499999999999999,0.0,2.220446049250313e-16,0.1425000000000001,0.0,0.0,2.5,0.0,0.1499999999999999,0.4,0.0014999999999999,0.0,-0.0256499999999999,0.4015,0.37585,2.220446049250313e-16,0.0,0.0,0.4015,cvar_0.5,False,8.605717032253322,10.158378008716792,10.199857228778152,9.402787130515735,0.3667028999188915,1.7763568394002505e-15,2.5,42,summer,main,0.5,True,2017-07-01 23:00:00+00:00,2017-07-01 23:00:00+00:00,0.0,0.0,0.0,0.0,0.0,0.0,0.0,0.0,0.0,False,12.0,8.605717032253322,10.199857228778152,0.0,False
2017-07-02 00:00:00+00:00,2.35,0.0,0.16,0.1499999999999999,0.0,0.1499999999999999,0.0,0.1425000000000001,0.285,0.0,0.0,2.5,0.0,0.1499999999999999,0.4,0.0014999999999999,0.0,-0.0256499999999999,0.4015,0.37585,0.0,0.0,0.0,0.4015,cvar_0.5,False,8.339788965612467,9.692013856985186,9.692013856985186,9.015901411298827,0.412071599974297,5.773159728050814e-15,2.5,42,summer,main,0.5,True,2017-07-02 00:00:00+00:00,2017-07-02 00:00:00+00:00,0.0,0.0,0.0,0.0,0.0,0.0,0.0,0.0,0.0,False,12.0,8.339788965612467,9.692013856985186,0.0,False
2017-07-02 01:00:00+00:00,2.35,0.0,0.16,0.1499999999999999,0.0,0.1499999999999999,0.0,0.285,0.4274999999999999,0.0,0.0,2.5,0.0,0.1499999999999999,0.4,0.0014999999999999,0.0,-0.0256499999999999,0.4015,0.37585,0.0,0.0,0.0,0.4015,cvar_0.5,False,7.995324617466968,9.651763856985182,9.793801557018831,8.8945630872429,0.3716573000419885,4.0634162701280736e-14,2.5,42,summer,main,0.5,True,2017-07-02 01:00:00+00:00,2017-07-02 01:00:00+00:00,0.0,0.0,0.0,0.0,0.0,0.0,0.0,0.0,0.0,False,12.0,7.995324617466968,9.793801557018831,0.0,False
2017-07-02 02:00:00+00:00,2.35,0.0,0.16,0.1499999999999999,0.0,0.1499999999999999,0.0,0.4274999999999999,0.5699999999999998,0.0,0.0,2.5,0.0,0.1499999999999999,0.4,0.0014999999999999,0.0,-0.0256499999999999,0.4015,0.37585,0.0,0.0,0.0,0.4015,cvar_0.5,False,7.541571680145607,8.694827451415339,8.736850844698866,8.139211262422236,0.3263341999845579,2.220446049250313e-15,2.5,42,summer,main,0.5,True,2017-07-02 02:00:00+00:00,2017-07-02 02:00:00+00:00,0.0,0.0,0.0,0.0,0.0,0.0,0.0,0.0,0.0,False,12.0,7.541571680145607,8.736850844698866,0.0,False
2017-07-02 03:00:00+00:00,2.35,0.0,0.16,0.1499999999999999,0.0,0.1499999999999999,0.0,0.5699999999999998,0.7124999999999997,0.0,0.0,2.5,0.0,0.1499999999999999,0.4,0.0014999999999999,0.0,-0.0256499999999999,0.4015,0.3758500000000001,0.0,0.0,0.0,0.4015,cvar_0.5,False,8.175902099961771,10.037628008716796,10.079107228778152,9.127504664369962,0.3906828999752179,2.220446049250313e-15,2.5,42,summer,main,0.5,True,2017-07-02 03:00:00+00:00,2017-07-02 03:00:00+00:00,0.0,0.0,0.0007556733630952,0.0,0.0045340401785714,0.0,0.0045340401785714,0.0016897370086668,0.0,False,12.0,8.175902099961771,10.079107228778152,0.0,False
2017-07-02 04:00:00+00:00,2.35,0.009765625,0.16,0.1531389508928571,0.0,0.1531389508928571,0.0,0.7124999999999997,0.857982003348214,0.009765625,0.0,2.493373325892857,0.0,0.1531389508928571,0.3989397321428571,0.0015313895089285,0.0,-0.0261867606026785,0.4004711216517857,0.3742843610491072,0.0,0.0,0.0,0.4004711216517857,cvar_0.5,False,7.0967058323649495,7.724381105158042,9.618965462104326,8.357835647234637,0.2534083999926224,1.199040866595169e-14,2.5,42,summer,main,0.5,True,2017-07-02 04:00:00+00:00,2017-07-02 04:00:00+00:00,0.0,0.0270786830357142,0.0479910714285714,0.0031389508928571,0.0788225446428571,0.0126953125,0.0788225446428571,0.0260330912685124,0.0173130580357142,True,12.0,7.0967058323649495,9.618965462104326,0.0,False
2017-07-02 05:00:00+00:00,2.35,0.060546875,0.16,0.1827845982142855,0.0,0.1827845982142855,0.0,0.857982003348214,1.0316273716517852,0.060546875,0.0,2.4722377232142856,0.0,0.1827845982142855,0.3955580357142857,0.0018278459821428,0.0,-0.0312561662946428,0.3973858816964286,0.3661297154017857,0.0,0.0,0.0,0.3973858816964286,cvar_0.5,False,7.620862082371902,9.413044791962944,9.413044791962944,8.516953437167423,0.2874657000647858,6.217248937900877e-15,2.5,42,summer,main,0.5,True,2017-07-02 05:00:00+00:00,2017-07-02 05:00:00+00:00,0.0,0.1216750372023809,0.1233433314732143,0.0327845982142857,0.3074776785714286,0.0505719866071428,0.3074776785714286,0.0886664400587429,0.0611281622023809,True,12.0,7.620862082371902,9.413044791962944,0.0,False
2017-07-02 06:00:00+00:00,2.8000000000000003,0.1396484375,0.16,0.0,0.2420340401785718,0.0,0.2420340401785718,1.0316273716517852,0.7768546977796043,0.1396484375,0.0,2.4183175223214284,0.0,0.2420340401785718,0.3869308035714285,0.0024203404017857,0.0,0.0458590812969925,0.3893511439732143,0.4352102252702068,0.0,0.0,0.0,0.3893511439732143,cvar_0.5,False,7.463841699215181,8.233933477589172,9.623588723797956,8.54371521150657,0.4455414999974891,3.1086244689504387e-15,2.5,42,summer,main,0.5,True,2017-07-02 06:00:00+00:00,2017-07-02 06:00:00+00:00,0.0,0.2891880580357142,0.3016531808035714,0.0579659598214284,0.48388671875,0.1030273437499999,0.4704938616071428,0.1369453902013488,0.1495396205357142,True,12.0,7.463841699215181,9.623588723797956,0.0,False
2017-07-02 07:00:00+00:00,2.8000000000000003,0.4599609375,0.16,0.0736746651785709,0.0,0.0736746651785709,0.0,0.7768546977796043,0.8468456296992466,0.4599609375,0.0,2.413713727678571,0.0,0.0736746651785709,0.3861941964285714,0.0007367466517857,0.0,-0.0125983677455356,0.3869309430803571,0.3743325753348214,0.0,0.0,0.0,0.3869309430803571,cvar_0.5,False,7.571395958893007,9.809136054465936,9.809136054465936,8.69026600667947,0.3295804000226781,7.993605777301127e-15,2.5,42,summer,main,0.5,True,2017-07-02 07:00:00+00:00,2017-07-02 07:00:00+00:00,0.0,0.7544212704613096,0.7754196893601191,0.3736746651785714,1.1260463169642858,0.3736746651785714,0.96630859375,0.2331806823573329,0.2944603329613096,True,12.0,7.571395958893007,9.809136054465936,0.0,False
2017-07-02 08:00:00+00:00,2.8000000000000003,0.560546875,0.175,0.0,0.0113560267857146,0.0,0.0113560267857146,0.8468456296992466,0.8348919172932311,0.560546875,0.0,2.2280970982142856,0.0,0.0113560267857146,0.3899169921875,0.0001135602678571,0.0,0.0021516682330827,0.3900305524553571,0.3921822206884399,0.0,0.0,0.0,0.3900305524553571,cvar_0.5,False,7.599367324259839,9.257493878733378,9.7788316191791,8.68909947171947,0.339471900020726,3.3306690738754696e-15,2.5,42,summer,main,0.5,True,2017-07-02 08:00:00+00:00,2017-07-02 08:00:00+00:00,0.0,1.3694382440476192,1.1286621093750002,0.2886439732142858,1.9989536830357144,0.46875,1.7360491071428572,0.5636475071825066,0.8088913690476192,True,12.0,7.599367324259839,9.7788316191791,0.0,False
2017-07-02 09:00:00+00:00,2.35,0.3095703125,0.175,0.2950195312499999,0.0,0.2950195312499999,0.0,0.8348919172932311,1.1151604719807309,0.3095703125,0.0,2.33544921875,0.0,0.2950195312499999,0.40870361328125,0.0029501953124999,0.0,-0.0504483398437499,0.41165380859375,0.36120546875,0.0,0.0,0.0,0.41165380859375,cvar_0.5,False,7.119015375306473,7.686500039894661,7.825996909010938,7.472506142158705,0.3640885999193415,3.552713678800501e-15,2.5,42,summer,main,0.5,True,2017-07-02 09:00:00+00:00,2017-07-02 09:00:00+00:00,0.0,1.9163190569196429,2.087832496279762,1.3221261160714288,2.64501953125,1.3776506696428572,2.5166015625,0.4160152837064293,1.6067487444196429,True,12.0,7.119015375306473,7.825996909010938,0.0,False
2017-07-02 10:00:00+00:00,2.35,0.4951171875,0.175,0.6553013392857143,0.0,0.6451171874999999,0.0,1.1151604719807309,1.7280218001057308,0.4951171875,0.0,2.5,0.0,0.6451171874999999,0.4375,0.0064511718749999,0.0,-0.1103150390624999,0.443951171875,0.3336361328125,0.0101841517857144,0.0,0.0,0.443951171875,cvar_0.5,False,7.560706199058818,9.091195287354903,9.715898924274091,8.638302561666455,0.2811784000368789,2.3758772726978353e-14,2.5,42,summer,main,0.5,True,2017-07-02 10:00:00+00:00,2017-07-02 10:00:00+00:00,0.0,2.252942475818452,2.308558872767857,0.5053013392857144,3.6021205357142856,0.5053013392857144,3.432407924107143,1.0759515799065578,1.7578252883184522,True,12.0,7.560706199058818,9.715898924274091,0.0,False
2017-07-02 11:00:00+00:00,2.35,0.5947265625,0.175,1.1826450892857143,0.0,0.7447265624999999,0.0,1.7280218001057308,2.435512034480731,0.5947265625,0.0,2.5,0.0,0.7447265624999999,0.4375,0.0074472656249999,0.0,-0.1273482421875,0.444947265625,0.3175990234375,0.4379185267857144,0.0,0.0,0.444947265625,cvar_0.5,False,7.141136090734232,7.89255207923695,9.109889051707276,8.125512571220753,0.3593803999247029,3.996802888650564e-15,2.5,42,summer,main,0.5,True,2017-07-02 11:00:00+00:00,2017-07-02 11:00:00+00:00,0.0,2.441838727678572,2.635021391369048,1.0326450892857144,3.948590959821429,1.2880161830357144,3.6088169642857135,0.9628982605053072,1.8471121651785716,True,12.0,7.141136090734232,9.109889051707276,0.0,False
2017-07-02 12:00:00+00:00,2.35,0.515625,0.175,1.567550223214286,0.0,0.6656249999999999,0.0,2.435512034480731,3.067855784480731,0.515625,0.0,2.5,0.0,0.6656249999999999,0.4375,0.0066562499999999,0.0,-0.1138218749999999,0.44415625,0.3303343749999999,0.901925223214286,0.0,0.0,0.44415625,cvar_0.5,False,7.470078993413561,8.588185801063364,9.060393149745552,8.265236071579556,0.3219958000117913,2.664535259100376e-15,2.5,42,summer,main,0.5,True,2017-07-02 12:00:00+00:00,2017-07-02 12:00:00+00:00,0.0,2.535423642113096,2.8890206473214284,1.417550223214286,4.074776785714286,1.5525948660714284,3.463099888392857,0.7803780289284872,2.019798642113096,True,12.0,7.470078993413561,9.060393149745552,0.0,False
2017-07-02 13:00:00+00:00,2.35,0.5947265625,0.175,1.0858863724896153,0.0,0.7447265624999999,0.0,3.067855784480731,3.77534601885573,0.5947265625,0.0,2.5,0.0,0.7447265624999999,0.4375,0.0074472656249999,0.0,-0.1273482421874999,0.444947265625,0.3175990234375,0.3411598099896153,0.0,0.0,0.444947265625,cvar_0.5,False,7.268697874807548,8.940195919112648,8.940195919112648,8.104446896960098,0.4417704000370577,7.7937656328686e-14,2.5,42,summer,main,0.5,True,2017-07-02 13:00:00+00:00,2017-07-02 13:00:00+00:00,0.0,2.4962483723958333,2.712268647693453,1.3195452008928572,3.82763671875,1.3195452008928572,3.272112165178572,0.7204646224523468,1.9015218098958333,True,12.0,7.268697874807548,8.940195919112648,0.0,False
2017-07-02 14:00:00+00:00,2.35,0.2646484375,0.175,0.1499999999999999,0.0,0.1499999999999999,0.0,3.77534601885573,3.9178460188557303,0.2646484375,0.0,2.2353515625,0.0,0.1499999999999999,0.3911865234375,0.0014999999999999,0.0,-0.02565,0.3926865234375,0.3670365234375,0.0,0.0,0.0,0.3926865234375,cvar_0.5,False,7.4936334086982415,9.08366508166232,9.119406257840671,8.306519833269457,0.3600513000274077,3.552713678800501e-15,2.5,42,summer,main,0.5,True,2017-07-02 14:00:00+00:00,2017-07-02 14:00:00+00:00,0.0,1.8586449032738093,1.6997128441220235,0.0,2.85302734375,0.0,2.85302734375,1.1203698815384913,1.5939964657738095,True,12.0,7.4936334086982415,9.119406257840671,0.0,False
2017-07-02 15:00:00+00:00,2.35,0.46484375,0.175,0.2125053716734305,0.0,0.2125053716734305,0.0,3.9178460188557303,4.11972612194549,0.46484375,0.0,2.0976616216734305,0.0,0.2125053716734305,0.3670907837928503,0.0021250537167343,0.0,-0.0363384185561567,0.3692158375095846,0.3328774189534279,0.0,0.0,-1.3877787807814454e-16,0.3692158375095846,cvar_0.5,False,7.361960795272497,8.924792755855254,9.498422671607363,8.43019173343993,0.2945945999817922,3.552713678800501e-15,2.5,42,summer,main,0.5,True,2017-07-02 15:00:00+00:00,2017-07-02 15:00:00+00:00,0.0,1.301870582217262,1.3334786551339286,0.2168666294642858,2.254115513392857,0.3043387276785716,2.254115513392857,0.8293135561267336,0.837026832217262,True,12.0,7.361960795272497,9.498422671607363,0.0,False
2017-07-02 16:00:00+00:00,2.35,0.23046875,0.175,0.0074064169469722,0.0,0.0074064169469722,0.0,4.11972612194549,4.126762218045114,0.23046875,0.0,2.126937666946972,0.0,0.0074064169469722,0.3722140917157201,7.406416946972248e-05,0.0,-0.0012664972979322,0.3722881558851898,0.3710216585872575,0.0,0.0,-1.6393136847980827e-16,0.3722881558851898,cvar_0.5,False,7.578462614298885,9.31652198423047,9.607812044606836,8.59313732945286,0.4922699000453576,3.3306690738754696e-15,2.5,42,summer,main,0.5,True,2017-07-02 16:00:00+00:00,2017-07-02 16:00:00+00:00,0.0,0.7669910249255952,1.0011683872767858,0.3572823660714285,1.50537109375,0.5016741071428571,1.4650530133928572,0.4117151539344923,0.5365222749255952,True,12.0,7.578462614298885,9.607812044606836,0.0,False
2017-07-02 17:00:00+00:00,3.2,0.1044921875,0.2,0.0,0.4663351424914128,0.0,0.4663351424914128,4.126762218045114,3.635883120685732,0.1044921875,0.0,2.5,0.1291726700085873,0.4663351424914128,0.5,0.0046633514249141,1.2917267000858734,0.0883582375246887,1.7963900515107876,1.8847482890354763,0.0,0.0,0.0,0.5046633514249141,cvar_0.5,False,7.203634956633935,9.203494831806076,9.203494831806076,8.203564894220007,0.5214227000251412,6.061817714453356e-14,2.5,42,summer,main,0.5,True,2017-07-02 17:00:00+00:00,2017-07-02 17:00:00+00:00,0.0,0.3274925595238095,0.4419061569940476,0.1512974330357143,0.7201450892857143,0.1576450892857143,0.6817103794642857,0.2057595640729704,0.2230003720238095,True,12.0,7.203634956633935,9.203494831806076,0.0,False
2017-07-02 18:00:00+00:00,3.2,0.015625,0.2,0.0,0.6540889646514446,0.0,0.6540889646514446,3.635883120685732,2.9473684210526323,0.015625,0.0,2.5,0.0302860353485554,0.6540889646514446,0.5,0.0065408896465144,0.3028603534855545,0.1239326459339579,0.809401243132069,0.9333338890660268,0.0,0.0,0.0,0.5065408896465144,cvar_0.5,False,6.9102755838863725,8.977899350828345,9.089629915082812,7.999952749484592,0.4312324000056833,3.26405569239796e-14,2.5,42,summer,main,0.5,True,2017-07-02 18:00:00+00:00,2017-07-02 18:00:00+00:00,0.0,0.0416852678571428,0.0706263950892857,0.0088588169642857,0.1102120535714285,0.0254603794642857,0.1099330357142857,0.0324662198486698,0.0260602678571428,True,12.0,6.9102755838863725,9.089629915082812,0.0,False
2017-07-02 19:00:00+00:00,3.2,0.0,0.2,0.0,0.7000000000000003,0.0,0.7000000000000003,2.9473684210526323,2.2105263157894743,0.0,0.0,2.5,0.0,0.7000000000000003,0.5,0.007,0.0,0.1326315789473684,0.507,0.6396315789473684,0.0,0.0,0.0,0.507,cvar_0.5,False,7.496477739770263,9.069986300908525,9.323239364776486,8.409858552273374,0.3803684999002144,3.219646771412954e-15,2.5,42,summer,main,0.5,True,2017-07-02 19:00:00+00:00,2017-07-02 19:00:00+00:00,0.0,0.0,0.0023425874255952,0.0,0.0250418526785714,0.0,0.0030691964285714,0.006896023988102,0.0,False,12.0,7.496477739770263,9.323239364776486,0.0,False
2017-07-02 20:00:00+00:00,3.2,0.0,0.2,0.0,0.7000000000000003,0.0,0.7000000000000003,2.2105263157894743,1.4736842105263162,0.0,0.0,2.5,0.0,0.7000000000000003,0.5,0.007,0.0,0.1326315789473684,0.507,0.6396315789473684,0.0,0.0,0.0,0.507,cvar_0.5,False,6.903569895036871,8.61287610519218,8.957076415793308,7.930323155415089,0.5058576000155881,1.532107773982716e-14,2.5,42,summer,main,0.5,True,2017-07-02 20:00:00+00:00,2017-07-02 20:00:00+00:00,0.0,0.0,0.0,0.0,0.0,0.0,0.0,0.0,0.0,False,12.0,6.903569895036871,8.957076415793308,0.0,False
2017-07-02 21:00:00+00:00,3.2,0.0,0.2,0.0,0.7000000000000002,0.0,0.7000000000000002,1.4736842105263162,0.7368421052631581,0.0,0.0,2.5,0.0,0.7000000000000002,0.5,0.007,0.0,0.1326315789473684,0.507,0.6396315789473684,0.0,0.0,0.0,0.507,cvar_0.5,False,6.568170840610132,7.602026422403667,8.402991130713747,7.48558098566194,0.2895321999676525,2.664535259100376e-15,2.5,42,summer,main,0.5,True,2017-07-02 21:00:00+00:00,2017-07-02 21:00:00+00:00,0.0,0.0,0.0,0.0,0.0,0.0,0.0,0.0,0.0,False,12.0,6.568170840610132,8.402991130713747,0.0,False
2017-07-02 22:00:00+00:00,3.2,0.0,0.16,0.0,0.7000000000000002,0.0,0.7000000000000001,0.7368421052631581,1.1102230246251563e-16,0.0,0.0,2.5,0.0,0.7000000000000001,0.4,0.007,0.0,0.1326315789473684,0.407,0.5396315789473685,0.0,1.1102230246251563e-16,0.0,0.407,cvar_0.5,False,6.963050105145675,8.926653320018797,9.175788932869894,8.069419519007784,0.2796248999657109,3.885780586188048e-15,2.5,42,summer,main,0.5,True,2017-07-02 22:00:00+00:00,2017-07-02 22:00:00+00:00,0.0,0.0,0.0,0.0,0.0,0.0,0.0,0.0,0.0,False,12.0,6.963050105145675,9.175788932869894,0.0,False
2017-07-02 23:00:00+00:00,2.35,0.0,0.16,0.1499999999999998,0.0,0.1499999999999998,0.0,1.1102230246251563e-16,0.1424999999999999,0.0,0.0,2.5,0.0,0.1499999999999998,0.4,0.0014999999999999,0.0,-0.0256499999999999,0.4015,0.3758500000000001,0.0,0.0,8.326672684688674e-17,0.4015,cvar_0.5,False,7.5367271276118,9.175984476492744,9.175984476492744,8.356355802052272,0.4092374000465497,8.881784197001252e-16,2.5,42,summer,main,0.5,True,2017-07-02 23:00:00+00:00,2017-07-02 23:00:00+00:00,0.0,0.0,0.0,0.0,0.0,0.0,0.0,0.0,0.0,False,12.0,7.5367271276118,9.175984476492744,0.0,False
